/models/npu_nvme_exp/user7-stack/conda/lib/python3.11/site-packages/numpy/core/getlimits.py:549: UserWarning: The value of the smallest subnormal for <class 'numpy.float32'> type is zero.
  setattr(self, word, getattr(machar, word).flat[0])
/models/npu_nvme_exp/user7-stack/conda/lib/python3.11/site-packages/numpy/core/getlimits.py:89: UserWarning: The value of the smallest subnormal for <class 'numpy.float32'> type is zero.
  return self._float_to_str(self.smallest_subnormal)
/models/npu_nvme_exp/user7-stack/conda/lib/python3.11/site-packages/numpy/core/getlimits.py:549: UserWarning: The value of the smallest subnormal for <class 'numpy.float64'> type is zero.
  setattr(self, word, getattr(machar, word).flat[0])
/models/npu_nvme_exp/user7-stack/conda/lib/python3.11/site-packages/numpy/core/getlimits.py:89: UserWarning: The value of the smallest subnormal for <class 'numpy.float64'> type is zero.
  return self._float_to_str(self.smallest_subnormal)
None of PyTorch, TensorFlow >= 2.0, or Flax have been found. Models won't be available and only tokenizers, configuration and file/data utilities can be used.
2026-09-11 21:49:23,516 - mindformers/models/npu_nvme_exp/user7-stack/qwen3-v13-restore-003/output/log[mindformers/tools/register/template.py:84] - WARNING - The input config swap_config is empty.
2026-09-11 21:49:23,517 - mindformers/models/npu_nvme_exp/user7-stack/qwen3-v13-restore-003/output/log[mindformers/tools/register/template.py:84] - WARNING - The input config metric is empty.
2026-09-11 21:49:23,517 - mindformers/models/npu_nvme_exp/user7-stack/qwen3-v13-restore-003/output/log[mindformers/tools/register/template.py:84] - WARNING - The input config monitor_config is empty.
[WARNING] ME(278627:281473149730848,MainProcess):2026-09-11-21:49:24.370.00 [mindspore/context.py:1334] For 'context.set_context', the parameter 'device_target' will be deprecated and removed in a future version. Please use the api mindspore.set_device() instead.
[WARNING] ME(278627:281473149730848,MainProcess):2026-09-11-21:49:24.390.00 [mindspore/context.py:1334] For 'context.set_context', the parameter 'max_device_memory' will be deprecated and removed in a future version. Please use the api mindspore.runtime.set_memory() instead.
[WARNING] ME(278627:281473149730848,MainProcess):2026-09-11-21:49:24.400.00 [mindspore/context.py:1334] For 'context.set_context', the parameter 'max_call_depth' will be deprecated and removed in a future version. Please use the api mindspore.set_recursion_limit() instead.
[WARNING] ME(278627:281473149730848,MainProcess):2026-09-11-21:49:24.400.00 [mindspore/context.py:1334] For 'context.set_context', the parameter 'memory_optimize_level' will be deprecated and removed in a future version. Please use the api mindspore.runtime.set_memory() instead.
[WARNING] ME(278627:281473149730848,MainProcess):2026-09-11-21:49:24.410.00 [mindspore/context.py:1334] For 'context.set_context', the parameter 'ascend_config' will be deprecated and removed in a future version. Please use the api mindspore.device_context.ascend.op_precision.precision_mode(),
                                                       mindspore.device_context.ascend.op_precision.op_precision_mode(),
                                                       mindspore.device_context.ascend.op_precision.matmul_allow_hf32(),
                                                       mindspore.device_context.ascend.op_precision.conv_allow_hf32(),
                                                       mindspore.device_context.ascend.op_tuning.op_compile() instead.
[WARNING] ME(278627:281473149730848,MainProcess):2026-09-11-21:49:24.410.00 [mindspore/context.py:1334] For 'context.set_context', the parameter 'deterministic' will be deprecated and removed in a future version. Please use the api mindspore.set_deterministic() instead.
[WARNING] DISTRIBUTED(278627,ffff931a8020,python):2026-09-11-21:49:24.066.979 [mindspore/ccsrc/cluster/topology/compute_graph_node.cc:171] Register] Failed to connect to the meta server node url: 127.0.0.1:37839
[WARNING] DISTRIBUTED(278627,ffff931a8020,python):2026-09-11-21:49:24.067.049 [mindspore/ccsrc/cluster/topology/compute_graph_node.cc:361] ReconnectWithTimeoutWindow] Failed to register and try to reconnect to the meta server.
[WARNING] DISTRIBUTED(278627,ffff931a8020,python):2026-09-11-21:49:24.607.787 [mindspore/ccsrc/cluster/topology/compute_graph_node.cc:171] Register] Failed to connect to the meta server node url: 127.0.0.1:37839
[WARNING] DISTRIBUTED(278627,ffff931a8020,python):2026-09-11-21:49:24.607.823 [mindspore/ccsrc/cluster/topology/compute_graph_node.cc:361] ReconnectWithTimeoutWindow] Failed to register and try to reconnect to the meta server.
[WARNING] DISTRIBUTED(278627,ffff931a8020,python):2026-09-11-21:49:25.148.468 [mindspore/ccsrc/cluster/topology/compute_graph_node.cc:171] Register] Failed to connect to the meta server node url: 127.0.0.1:37839
[WARNING] DISTRIBUTED(278627,ffff931a8020,python):2026-09-11-21:49:25.148.522 [mindspore/ccsrc/cluster/topology/compute_graph_node.cc:361] ReconnectWithTimeoutWindow] Failed to register and try to reconnect to the meta server.
[WARNING] DISTRIBUTED(278627,ffff931a8020,python):2026-09-11-21:49:25.689.109 [mindspore/ccsrc/cluster/topology/compute_graph_node.cc:171] Register] Failed to connect to the meta server node url: 127.0.0.1:37839
[WARNING] DISTRIBUTED(278627,ffff931a8020,python):2026-09-11-21:49:25.689.145 [mindspore/ccsrc/cluster/topology/compute_graph_node.cc:361] ReconnectWithTimeoutWindow] Failed to register and try to reconnect to the meta server.
[WARNING] DISTRIBUTED(278627,ffff931a8020,python):2026-09-11-21:49:26.209.896 [mindspore/ccsrc/cluster/topology/cluster_context.cc:319] BuildCluster] Topology build timed out., retry(1/600).
[WARNING] DISTRIBUTED(278627,ffff931a8020,python):2026-09-11-21:49:26.709.984 [mindspore/ccsrc/cluster/topology/cluster_context.cc:319] BuildCluster] Topology build timed out., retry(2/600).
[WARNING] DISTRIBUTED(278627,ffff931a8020,python):2026-09-11-21:49:27.210.077 [mindspore/ccsrc/cluster/topology/cluster_context.cc:322] BuildCluster] Cluster is successfully initialized.
[WARNING] DISTRIBUTED(278627,ffff931a8020,python):2026-09-11-21:49:27.210.103 [mindspore/ccsrc/cluster/topology/cluster_context.cc:431] PostProcess] This node 3 rank id: 3
[WARNING] DEVICE(278627,ffff931a8020,python):2026-09-11-21:49:27.421.062 [mindspore/ccsrc/plugin/ascend/res_manager/mem_manager/ascend_memory_adapter.cc:168] Initialize] Reserved memory size for other components(3187671040) is less than recommend size(4068328960), It may lead to Out Of Memory in HCCL or other components, Please double check context key 'variable_memory_max_size'/'max_device_memory'
[WARNING] ME(278627,ffff931a8020,python):2026-09-11-21:49:28.453.487 [mindspore/ccsrc/runtime/hardware_abstract/collective/collective_manager.cc:371] CreateCommunicationGroup] This group's communicator is async created hccl_world_group
[WARNING] DEVICE(278627,fffe8b7ef1a0,python):2026-09-11-21:49:28.453.753 [mindspore/ccsrc/plugin/ascend/res_manager/collective/ascend_communication_group.cc:281] SetGlobalCommInfo] Start to SetGlobalCommInfo for hccl_world_group, master_ip:2130706433, master_port:37839, node_rank:2130706433, total_rank_size:4, local_rank_size4
[WARNING] HCCL_ADPT(278627,fffe8b7ef1a0,python):2026-09-11-21:49:28.453.816 [mindspore/ccsrc/utils/dlopen_macro.h:179] DlsymAscend] Dynamically load symbol HcclSetGlobalCommInfo failed, result = /models/npu_nvme_exp/user7-stack/conda/lib/python3.11/site-packages/mindspore/communication/../lib/plugin/ascend/libhccl_plugin.so: undefined symbol: HcclSetGlobalCommInfo
[WARNING] HCCL_ADPT(278627,fffe8b7ef1a0,python):2026-09-11-21:49:28.453.834 [mindspore/ccsrc/plugin/ascend/res_manager/hccl_adapter/hccl_adapter.cc:626] HcclSetGlobalCommInfo] Func HcclSetGlobalCommInfo is not supported in CANN package.
[WARNING] DEVICE(278627,fffe8b7ef1a0,python):2026-09-11-21:49:28.453.844 [mindspore/ccsrc/plugin/ascend/res_manager/collective/ascend_communication_group.cc:292] SetGlobalCommInfo] End to SetGlobalCommInfo for hccl_world_group
[WARNING] ME(278627,fffe8b7ef1a0,python):2026-09-11-21:49:28.454.492 [mindspore/ccsrc/runtime/hardware_abstract/collective/collective_manager.cc:1006] CreateDeviceCommunicator] Begin initialize communication group on the device side: hccl_world_group
[WARNING] DEVICE(278627,fffe8afdf1a0,python):2026-09-11-21:49:28.455.003 [mindspore/ccsrc/plugin/ascend/res_manager/collective/utils.cc:281] GetHcclBufferSize] HcclGroup hccl_world_group, ranks are [0, 1, 2, 3], default hcclBufferSize: 200 MB.
[WARNING] DEVICE(278627,fffe8afdf1a0,python):2026-09-11-21:49:28.455.045 [mindspore/ccsrc/plugin/ascend/res_manager/collective/ascend_communication_group.cc:186] InitByRootInfoConfig] Start to initialize communicator by HcclCommInitRootInfoConfig for hccl_world_group, hcclBufferSize is 200 MB, hcclDeterministic is 1
2026-09-11 21:49:28,459 - mindformers/models/npu_nvme_exp/user7-stack/qwen3-v13-restore-003/output/log[mindformers/tools/utils.py:181] - INFO - set strategy path to '/models/npu_nvme_exp/user7-stack/qwen3-v13-restore-003/output/strategy/ckpt_strategy_rank_3.ckpt'
QWEN_COMM_READY rank=3 device=3 python=/models/npu_nvme_exp/user7-stack/conda/bin/python
2026-09-11 21:49:29,121 - mindformers/models/npu_nvme_exp/user7-stack/qwen3-v13-restore-003/output/log[mindformers/tools/register/template.py:84] - WARNING - The input config swap_config is empty.
2026-09-11 21:49:29,121 - mindformers/models/npu_nvme_exp/user7-stack/qwen3-v13-restore-003/output/log[mindformers/tools/register/template.py:84] - WARNING - The input config monitor_config is empty.
2026-09-11 21:49:29,121 - mindformers/models/npu_nvme_exp/user7-stack/qwen3-v13-restore-003/output/log[mindformers/tools/register/template.py:691] - WARNING - Some configs in yaml are useless for train: ['auto_tune', 'autotune_per_step', 'eval_dataset', 'eval_dataset_task', 'filepath_prefix', 'processor']
2026-09-11 21:49:29,122 - mindformers/models/npu_nvme_exp/user7-stack/qwen3-v13-restore-003/output/log[mindformers/trainer/trainer.py:1042] - INFO - Load configs in /models/npu_nvme_exp/user7-stack/conda/lib/python3.11/site-packages/configs/general/run_general_task.yaml to build trainer.
2026-09-11 21:49:29,122 - mindformers/models/npu_nvme_exp/user7-stack/qwen3-v13-restore-003/output/log[mindformers/trainer/trainer.py:1078] - INFO - ..........Init Config..........
2026-09-11 21:49:29,122 - mindformers/models/npu_nvme_exp/user7-stack/qwen3-v13-restore-003/output/log[mindformers/core/parallel_config.py:49] - INFO - initial swap_config from dict: {'swap': False, 'layer_swap': None, 'op_swap': None, 'default_prefetch': 1}
2026-09-11 21:49:29,123 - mindformers/models/npu_nvme_exp/user7-stack/qwen3-v13-restore-003/output/log[mindformers/core/parallel_config.py:56] - INFO - initial recompute_config from dict: {'recompute': True, 'select_recompute': False, 'parallel_optimizer_comm_recompute': True, 'select_comm_recompute': False, 'mp_comm_recompute': True, 'recompute_slice_activation': False, 'select_recompute_exclude': False, 'select_comm_recompute_exclude': False}
2026-09-11 21:49:29,123 - mindformers/models/npu_nvme_exp/user7-stack/qwen3-v13-restore-003/output/log[mindformers/core/parallel_config.py:62] - INFO - initial parallel_config from dict: {'data_parallel': 1, 'model_parallel': 4, 'context_parallel': 1, 'expert_parallel': 1, 'pipeline_stage': 1, 'micro_batch_num': 1, 'seq_split_num': 1, 'use_seq_parallel': True, 'optimizer_shard': None, 'gradient_aggregation_group': 1, 'vocab_emb_dp': False, 'context_parallel_algo': 'colossalai_cp', 'ulysses_degree_in_cp': 1, 'mem_coeff': 0.1}
2026-09-11 21:49:29,125 - mindformers/models/npu_nvme_exp/user7-stack/qwen3-v13-restore-003/training/log[mindformers/tools/utils.py:165] - INFO - set output path to '/models/npu_nvme_exp/user7-stack/qwen3-v13-restore-003/training'
2026-09-11 21:49:29,126 - mindformers/models/npu_nvme_exp/user7-stack/qwen3-v13-restore-003/training/log[mindformers/tools/utils.py:181] - INFO - set strategy path to '/models/npu_nvme_exp/user7-stack/qwen3-v13-restore-003/training/strategy/ckpt_strategy_rank_3.ckpt'
2026-09-11 21:49:29,126 - mindformers/models/npu_nvme_exp/user7-stack/qwen3-v13-restore-003/training/log[mindformers/tools/utils.py:189] - INFO - set checkpoint save path to `/models/npu_nvme_exp/user7-stack/qwen3-v13-restore-003/training/checkpoint`
2026-09-11 21:49:29,136 - mindformers/models/npu_nvme_exp/user7-stack/qwen3-v13-restore-003/training/log[mindformers/trainer/base_trainer.py:113] - INFO - host_name: train06, host_ip: 11.11.10.28
2026-09-11 21:49:29,136 - mindformers/models/npu_nvme_exp/user7-stack/qwen3-v13-restore-003/training/log[mindformers/trainer/base_trainer.py:119] - INFO - Now Running Task is: text_generation, Model is: Qwen3
2026-09-11 21:49:29,136 - mindformers/models/npu_nvme_exp/user7-stack/qwen3-v13-restore-003/training/log[mindformers/trainer/base_trainer.py:149] - WARNING - Input model name is not in the supported list or unspecified.
2026-09-11 21:49:29,136 - mindformers/models/npu_nvme_exp/user7-stack/qwen3-v13-restore-003/training/log[mindformers/trainer/base_trainer.py:150] - WARNING - See the list of supported task and model name: ['common', 'glm4_9b']
2026-09-11 21:49:29,137 - mindformers/models/npu_nvme_exp/user7-stack/qwen3-v13-restore-003/training/log[mindformers/trainer/base_trainer.py:151] - WARNING - The default model config: /models/npu_nvme_exp/user7-stack/conda/lib/python3.11/site-packages/configs/general/run_general_task.yaml will now be used for the text_generation task 
2026-09-11 21:49:29,137 - mindformers/models/npu_nvme_exp/user7-stack/qwen3-v13-restore-003/training/log[mindformers/trainer/trainer.py:1148] - INFO - ..........Init Model..........
2026-09-11 21:49:29,137 - mindformers/models/npu_nvme_exp/user7-stack/qwen3-v13-restore-003/training/log[mindformers/trainer/trainer.py:1189] - INFO - ..........Init Callbacks..........
2026-09-11 21:49:29,138 - mindformers/models/npu_nvme_exp/user7-stack/qwen3-v13-restore-003/training/log[mindformers/trainer/trainer.py:328] - INFO - ==========Trainer Init Success!==========
2026-09-11 21:49:29,138 - mindformers/models/npu_nvme_exp/user7-stack/qwen3-v13-restore-003/training/log[mindformers/trainer/trainer.py:1422] - WARNING - The functionality of setting `resume_training` to a weight filename will be deprecated in future versions.
2026-09-11 21:49:29,138 - mindformers/models/npu_nvme_exp/user7-stack/qwen3-v13-restore-003/training/log[mindformers/trainer/trainer.py:1148] - INFO - ..........Init Model..........
2026-09-11 21:49:29,139 - mindformers/models/npu_nvme_exp/user7-stack/qwen3-v13-restore-003/training/log[mindformers/tools/resume_ckpt.py:54] - INFO - Specify resume checkpoint: /models/npu_nvme_exp/user7-stack/qwen3-v13-source-002/training/checkpoint/rank_3/qwen3_rank_3-8_1.safetensors
2026-09-11 21:49:29,141 - mindformers/models/npu_nvme_exp/user7-stack/qwen3-v13-restore-003/training/log[mindformers/trainer/base_trainer.py:957] - INFO - Got dataset config: dataset_strategy: [[1, 1], [1, 1], [1, 1], [1, 1], [1, 1, 1, 1]], column_names: ['input_ids', 'labels', 'loss_mask', 'position_ids', 'attention_mask'], construct_args_key: ['input_ids', 'labels', 'loss_mask', 'position_ids', 'attention_mask']
2026-09-11 21:49:29,141 - mindformers/models/npu_nvme_exp/user7-stack/qwen3-v13-restore-003/training/log[mindformers/trainer/base_trainer.py:871] - WARNING - `full_batch` will be deprecated in future interfaces, use `dataset_strategy` instead.
2026-09-11 21:49:29,141 - mindformers/models/npu_nvme_exp/user7-stack/qwen3-v13-restore-003/training/log[mindformers/trainer/base_trainer.py:316] - WARNING - The Lazy Inline compilation acceleration feature only works with using gradient_accumulation_steps > 1 when not in pipeline parallel mode (pipeline_stage = 1). Current pipeline stage=1 but gradient_accumulation_steps=1, the feature is disabled by default.
2026-09-11 21:49:29,141 - mindformers/models/npu_nvme_exp/user7-stack/qwen3-v13-restore-003/training/log[mindformers/trainer/base_trainer.py:259] - INFO - The current parallel mode is semi_auto_parallel, full batch is False, batch size per card will be changed: per_batch_size = batch_size * micro_batch_interleave_num * gradient_accumulation_steps = 1 = 1 * 1 * 1).
2026-09-11 21:49:29,142 - mindformers/models/npu_nvme_exp/user7-stack/qwen3-v13-restore-003/training/log[mindformers/trainer/base_trainer.py:265] - INFO - global_batch_size = per_batch_size * data_parallel = 1 * 1 = 1
2026-09-11 21:49:29,142 - mindformers/models/npu_nvme_exp/user7-stack/qwen3-v13-restore-003/training/log[mindformers/trainer/base_trainer.py:1057] - INFO - .........Build Dataset For Train..........
2026-09-11 21:49:29,142 - mindformers/models/npu_nvme_exp/user7-stack/qwen3-v13-restore-003/training/log[mindformers/trainer/base_trainer.py:430] - INFO - .........Build Dataset From Config..........
2026-09-11 21:49:29,142 - mindformers/models/npu_nvme_exp/user7-stack/qwen3-v13-restore-003/training/log[mindformers/trainer/base_trainer.py:1061] - INFO - Create train dataset finish, dataset size:11
2026-09-11 21:49:29,143 - mindformers/models/npu_nvme_exp/user7-stack/qwen3-v13-restore-003/training/log[mindformers/trainer/base_trainer.py:1098] - INFO - .............Start load resume context from checkpoint..................
2026-09-11 21:49:29,167 - mindformers/models/npu_nvme_exp/user7-stack/qwen3-v13-restore-003/training/log[mindformers/trainer/utils.py:390] - INFO - Detect global batch size is changed from 1 to 1, scale: 1.000000
2026-09-11 21:49:29,373 - mindformers/models/npu_nvme_exp/user7-stack/qwen3-v13-restore-003/training/log[mindformers/trainer/utils.py:417] - INFO - initial epoch: 8
2026-09-11 21:49:29,373 - mindformers/models/npu_nvme_exp/user7-stack/qwen3-v13-restore-003/training/log[mindformers/trainer/utils.py:418] - INFO - initial step: 8
2026-09-11 21:49:29,374 - mindformers/models/npu_nvme_exp/user7-stack/qwen3-v13-restore-003/training/log[mindformers/trainer/utils.py:419] - INFO - step scale: 1.000000
2026-09-11 21:49:29,374 - mindformers/models/npu_nvme_exp/user7-stack/qwen3-v13-restore-003/training/log[mindformers/trainer/base_trainer.py:1135] - INFO - dataset skip 8 steps.
2026-09-11 21:49:29,374 - mindformers/models/npu_nvme_exp/user7-stack/qwen3-v13-restore-003/training/log[mindformers/trainer/utils.py:214] - INFO - Will be Training epochs:1, sink_size:1
2026-09-11 21:49:29,375 - mindformers/models/npu_nvme_exp/user7-stack/qwen3-v13-restore-003/training/log[mindformers/trainer/utils.py:216] - INFO - Create training dataset finish, dataset size:11
2026-09-11 21:49:29,375 - mindformers/models/npu_nvme_exp/user7-stack/qwen3-v13-restore-003/training/log[mindformers/trainer/base_trainer.py:1161] - INFO - .........Build Net For Train..........
2026-09-11 21:49:29,375 - mindformers/models/npu_nvme_exp/user7-stack/qwen3-v13-restore-003/training/log[mindformers/trainer/base_trainer.py:464] - INFO - .........Build Network From Config..........
2026-09-11 21:49:29,377 - mindformers/models/npu_nvme_exp/user7-stack/qwen3-v13-restore-003/training/log[mindformers/models/model_config_utils.py:149] - WARNING - Found unsupported HuggingFace arguments in Qwen3Config:
2026-09-11 21:49:29,377 - mindformers/models/npu_nvme_exp/user7-stack/qwen3-v13-restore-003/training/log[mindformers/models/model_config_utils.py:159] - WARNING - +------------------------+---------------------------------------------+
2026-09-11 21:49:29,377 - mindformers/models/npu_nvme_exp/user7-stack/qwen3-v13-restore-003/training/log[mindformers/models/model_config_utils.py:160] - WARNING - | Argument               | Status-Info                                 |
2026-09-11 21:49:29,377 - mindformers/models/npu_nvme_exp/user7-stack/qwen3-v13-restore-003/training/log[mindformers/models/model_config_utils.py:161] - WARNING - |:-----------------------|:--------------------------------------------|
2026-09-11 21:49:29,377 - mindformers/models/npu_nvme_exp/user7-stack/qwen3-v13-restore-003/training/log[mindformers/models/model_config_utils.py:165] - WARNING - | auto_map               | Useless                                     |
2026-09-11 21:49:29,377 - mindformers/models/npu_nvme_exp/user7-stack/qwen3-v13-restore-003/training/log[mindformers/models/model_config_utils.py:165] - WARNING - | torch_dtype            | Useless, replace by compute_dtype           |
2026-09-11 21:49:29,378 - mindformers/models/npu_nvme_exp/user7-stack/qwen3-v13-restore-003/training/log[mindformers/models/model_config_utils.py:165] - WARNING - | use_cache              | Useless, enable kv_cache by default in MF   |
2026-09-11 21:49:29,378 - mindformers/models/npu_nvme_exp/user7-stack/qwen3-v13-restore-003/training/log[mindformers/models/model_config_utils.py:165] - WARNING - | transformers_version   | Useless                                     |
2026-09-11 21:49:29,378 - mindformers/models/npu_nvme_exp/user7-stack/qwen3-v13-restore-003/training/log[mindformers/models/model_config_utils.py:165] - WARNING - | max_window_layers      | Useless                                     |
2026-09-11 21:49:29,378 - mindformers/models/npu_nvme_exp/user7-stack/qwen3-v13-restore-003/training/log[mindformers/models/model_config_utils.py:165] - WARNING - | sliding_window         | Useless                                     |
2026-09-11 21:49:29,378 - mindformers/models/npu_nvme_exp/user7-stack/qwen3-v13-restore-003/training/log[mindformers/models/model_config_utils.py:165] - WARNING - | use_sliding_window     | Useless                                     |
2026-09-11 21:49:29,379 - mindformers/models/npu_nvme_exp/user7-stack/qwen3-v13-restore-003/training/log[mindformers/models/model_config_utils.py:165] - WARNING - | layer_types            | Useless                                     |
2026-09-11 21:49:29,379 - mindformers/models/npu_nvme_exp/user7-stack/qwen3-v13-restore-003/training/log[mindformers/models/model_config_utils.py:167] - WARNING - +------------------------+---------------------------------------------+
2026-09-11 21:49:29,385 - mindformers/models/npu_nvme_exp/user7-stack/qwen3-v13-restore-003/training/log[mindformers/parallel_core/transformer_config_utils.py:471] - INFO - These Keys of this model will do not need to be mapped: {'pad_token_id', 'is_sample_acceleration', 'micro_batch_num', 'model_parallel', 'optimizer_shard', '_name_or_path', 'context_parallel_algo', 'rl_config', 'moe_config', 'architectures', 'model_type', 'mindformers_version', 'context_parallel', 'quantization_config', 'use_past', 'pretrained_model_dir', 'ffn_dim_multiplier', 'eos_token_id', 'monitor_config', 'temperature', 'vocab_emb_dp', 'do_sample', 'mem_coeff', 'qkv_concat', 'quantization', 'scaling_factor', 'multiple_of', 'max_decode_length', 'use_seq_parallel', 'dataset_config', 'top_k', 'input_sliced_sig', 'type', 'data_parallel', 'bos_token_id', 'tokenizer_class', 'pipeline_stage', 'gradient_aggregation_group', 'top_p', 'is_encoder_decoder', 'ulysses_degree_in_cp', 'repetition_penalty', 'checkpoint_name_or_path', 'expert_parallel', 'return_extra_loss', 'seq_split_num'}
2026-09-11 21:49:29,386 - mindformers/models/npu_nvme_exp/user7-stack/qwen3-v13-restore-003/training/log[mindformers/parallel_core/transformer_config_utils.py:520] - INFO - The converted TransformerConfig is: 
{'batch_size': 1, 'parallel_config': None, 'pet_config': None, 'context_parallel_algo': 'colossalai_cp', 'is_dynamic': False, 'compute_dtype': mindspore.bfloat16, 'layernorm_compute_dtype': mindspore.float32, 'rotary_dtype': mindspore.float32, 'rotary_cos_format': 'rotate_half', 'bias_swiglu_fusion': False, 'mla_qkv_concat': True, 'use_contiguous_weight_layout_attention': False, 'use_interleaved_weight_layout_mlp': True, 'normalization': 'RMSNorm', 'fused_norm': True, 'add_bias_linear': False, 'add_mlp_fc1_bias_linear': None, 'add_mlp_fc2_bias_linear': None, 'gated_linear_unit': True, 'use_flash_attention': True, 'attention_pre_tokens': None, 'attention_next_tokens': None, 'rotary_seq_len_interpolation_factor': None, 'rope_scaling': None, 'use_rope_scaling': False, 'input_layout': 'BNSD', 'sparse_mode': 0, 'use_alibi_mask': False, 'use_attn_mask_compression': False, 'use_eod_attn_mask_compression': False, 'use_attention_mask': True, 'use_ring_attention': False, 'fp16_lm_cross_entropy': False, 'untie_embeddings_and_output_weights': True, 'hidden_act': 'silu', 'mask_func_type': 'attn_mask_fill', 'comp_comm_parallel': False, 'comp_comm_parallel_degree': 2, 'norm_topk_prob': True, 'use_fused_ops_topkrouter': False, 'use_shared_expert_gating': False, 'topk_method': 'greedy', 'npu_nums_per_device': 8, 'use_pad_tokens': True, 'callback_moe_droprate': False, 'moe_init_method_std': 0.01, 'first_k_dense_replace': None, 'moe_router_enable_expert_bias': False, 'moe_router_force_expert_balance': False, 'moe_router_score_function': 'softmax', 'moe_router_fusion': False, 'use_eod_reset': False, 'hidden_dropout': 0.0, 'residual_dtype': None, 'print_separate_loss': True, 'vocab_size': 151936, 'seq_length': 128, 'pad_token_id': 0, 'ignore_token_id': -100, 'max_position_embeddings': 40960, 'sandwich_norm': False, 'tie_word_embeddings': False, 'block_size': 32, 'num_blocks': 1024, 'parallel_decoding_params': None, 'pre_process': True, 'post_process': True, 'dispatch_global_max_bs': 0, 'attn_reduce_scatter': False, 'attn_allgather': False, 'attn_allreduce': True, 'ffn_reduce_scatter': False, 'ffn_allgather': False, 'ffn_allreduce': True, 'use_alltoall': False, 'use_fused_mla': False, 'quantization_config': None, 'disable_lazy_inline': True, 'data_parallel_size': 1, 'tensor_model_parallel_size': 4, 'pipeline_model_parallel_size': 1, 'virtual_pipeline_model_parallel_size': None, 'sequence_parallel': True, 'context_parallel_size': 1, 'hierarchical_context_parallel_sizes': 1, 'expert_model_parallel_size': 1, 'expert_tensor_parallel_size': None, 'micro_batch_num': 1, 'seq_split_num': 1, 'gradient_aggregation_group': 1, 'offset': 0, 'ulysses_degree_in_cp': 1, 'vocab_emb_dp': False, 'fp16': False, 'bf16': False, 'params_dtype': mindspore.float32, 'finalize_model_grads_func': None, 'grad_scale_func': None, 'grad_sync_func': None, 'param_sync_func': None, 'num_microbatches_with_partial_activation_checkpoints': None, 'cpu_offloading': False, 'cpu_offloading_num_layers': None, 'op_swap': None, 'default_prefetch': 1, 'num_layers': 36, 'mtp_num_layers': 0, 'mtp_loss_scaling_factor': None, 'hidden_size': 4096, 'num_attention_heads': 32, 'softmax_scale': None, 'num_query_groups': 8, 'ffn_hidden_size': 12288, 'kv_channels': 128, 'attention_dropout': 0.0, 'fp32_residual_connection': True, 'apply_residual_connection_post_layernorm': False, 'layernorm_epsilon': 1e-06, 'layernorm_zero_centered_gamma': False, 'add_qkv_bias': False, 'activation_func': 'gelu', 'num_moe_experts': None, 'rotary_interleaved': False, 'calculate_per_token_loss': None, 'multi_latent_attention': False, 'position_embedding_type': 'rope', 'rotary_base': 1000000, 'partial_rotary_factor': 1.0, 'qk_layernorm': False, 'init_method': <function init_method_normal.<locals>.init_ at 0xffff910ab6a0>, 'output_layer_init_method': <function scaled_init_method_normal.<locals>.init_ at 0xffff1e1339c0>, 'init_method_std': 0.02, 'init_model_with_meta_device': False, 'apply_query_key_layer_scaling': False, 'attention_softmax_in_fp32': True, 'softmax_compute_dtype': mindspore.float32, 'disable_bf16_reduced_precision_matmul': False, 'bias_activation_fusion': False, 'masked_softmax_fusion': False, 'persist_layer_norm': False, 'memory_efficient_layer_norm': False, 'bias_dropout_fusion': False, 'apply_rope_fusion': False, 'recompute': True, 'select_recompute': False, 'parallel_optimizer_comm_recompute': True, 'select_comm_recompute': False, 'mp_comm_recompute': True, 'recompute_slice_activation': False, 'select_recompute_exclude': False, 'select_comm_recompute_exclude': False, 'moe_shared_expert_intermediate_size': None, 'moe_shared_expert_overlap': False, 'moe_layer_freq': 1, 'moe_ffn_hidden_size': 12288, 'moe_router_load_balancing_type': 'sub_seq_aux_loss', 'moe_router_topk': 2, 'moe_router_num_groups': None, 'moe_router_group_topk': None, 'moe_router_pre_softmax': False, 'moe_router_topk_scaling_factor': None, 'moe_router_dtype': mindspore.float32, 'moe_router_bias_update_rate': 0.001, 'moe_grouped_gemm': False, 'moe_aux_loss_coeff': 0.0, 'moe_z_loss_coeff': None, 'moe_input_jitter_eps': None, 'group_wise_a2a': False, 'moe_token_dispatcher_type': 'alltoall', 'moe_enable_deepep': False, 'moe_per_layer_logging': False, 'moe_expert_capacity_factor': None, 'moe_pad_expert_input_to_capacity': False, 'moe_token_drop_policy': 'probs', 'moe_permute_fusion': False, 'moe_apply_probs_on_input': False, 'shared_expert_num': 0, 'cp_comm_type': 'all_gather'}
2026-09-11 21:49:29,387 - mindformers/models/npu_nvme_exp/user7-stack/qwen3-v13-restore-003/training/log[mindformers/version_control.py:103] - INFO - The Lazy Inline compilation acceleration feature has been called, and the feature is disabled by default.
2026-09-11 21:49:29,388 - mindformers/models/npu_nvme_exp/user7-stack/qwen3-v13-restore-003/training/log[mindformers/parallel_core/inference/parallel_state.py:297] - INFO - expert_model_parallel_size(1) is not equal to tensor_and_data_parallel_size(4), so we will use 4 as the MOE_tensor_parallel_size.
[WARNING] DEVICE(278627,fffe8afdf1a0,python):2026-09-11-21:49:31.538.026 [mindspore/ccsrc/plugin/ascend/res_manager/collective/ascend_communication_group.cc:201] InitByRootInfoConfig] End to initialize communicator by HcclCommInitRootInfoConfig for hccl_world_group
[WARNING] ME(278627,fffe8b7ef1a0,python):2026-09-11-21:49:31.538.267 [mindspore/ccsrc/runtime/hardware_abstract/collective/collective_manager.cc:1017] CreateDeviceCommunicator] End initialize communication group on the device side: hccl_world_group
[WARNING] ME(278627,fffe8b7ef1a0,python):2026-09-11-21:49:31.538.619 [mindspore/ccsrc/runtime/hardware_abstract/collective/collective_manager.cc:1006] CreateDeviceCommunicator] Begin initialize communication group on the device side: tp-0-1-2-3
[WARNING] DEVICE(278627,fffe8afdf1a0,python):2026-09-11-21:49:31.538.860 [mindspore/ccsrc/plugin/ascend/res_manager/collective/utils.cc:281] GetHcclBufferSize] HcclGroup tp-0-1-2-3, ranks are [0, 1, 2, 3], default hcclBufferSize: 200 MB.
[WARNING] DEVICE(278627,fffe8afdf1a0,python):2026-09-11-21:49:31.538.890 [mindspore/ccsrc/plugin/ascend/res_manager/collective/ascend_communication_group.cc:186] InitByRootInfoConfig] Start to initialize communicator by HcclCommInitRootInfoConfig for tp-0-1-2-3, hcclBufferSize is 200 MB, hcclDeterministic is 1
[WARNING] DEVICE(278627,fffe8afdf1a0,python):2026-09-11-21:49:31.778.054 [mindspore/ccsrc/plugin/ascend/res_manager/collective/ascend_communication_group.cc:201] InitByRootInfoConfig] End to initialize communicator by HcclCommInitRootInfoConfig for tp-0-1-2-3
[WARNING] ME(278627,fffe8b7ef1a0,python):2026-09-11-21:49:31.778.249 [mindspore/ccsrc/runtime/hardware_abstract/collective/collective_manager.cc:1017] CreateDeviceCommunicator] End initialize communication group on the device side: tp-0-1-2-3
[WARNING] ME(278627,fffe8b7ef1a0,python):2026-09-11-21:49:31.828.617 [mindspore/ccsrc/runtime/hardware_abstract/collective/collective_manager.cc:1006] CreateDeviceCommunicator] Begin initialize communication group on the device side: 224d137833604db324a3fc2845d4054b8fadfc1fb316eaea
[WARNING] DEVICE(278627,fffe8afdf1a0,python):2026-09-11-21:49:31.828.833 [mindspore/ccsrc/plugin/ascend/res_manager/collective/utils.cc:281] GetHcclBufferSize] HcclGroup 224d137833604db324a3fc2845d4054b8fadfc1fb316eaea, ranks are [0, 1, 2, 3], default hcclBufferSize: 200 MB.
[WARNING] DEVICE(278627,fffe8afdf1a0,python):2026-09-11-21:49:31.828.859 [mindspore/ccsrc/plugin/ascend/res_manager/collective/ascend_communication_group.cc:186] InitByRootInfoConfig] Start to initialize communicator by HcclCommInitRootInfoConfig for 224d137833604db324a3fc2845d4054b8fadfc1fb316eaea, hcclBufferSize is 200 MB, hcclDeterministic is 1
[WARNING] DEVICE(278627,fffe8afdf1a0,python):2026-09-11-21:49:32.064.912 [mindspore/ccsrc/plugin/ascend/res_manager/collective/ascend_communication_group.cc:201] InitByRootInfoConfig] End to initialize communicator by HcclCommInitRootInfoConfig for 224d137833604db324a3fc2845d4054b8fadfc1fb316eaea
[WARNING] ME(278627,fffe8b7ef1a0,python):2026-09-11-21:49:32.065.137 [mindspore/ccsrc/runtime/hardware_abstract/collective/collective_manager.cc:1017] CreateDeviceCommunicator] End initialize communication group on the device side: 224d137833604db324a3fc2845d4054b8fadfc1fb316eaea
2026-09-11 21:49:32,070 - mindformers/models/npu_nvme_exp/user7-stack/qwen3-v13-restore-003/training/log[mindformers/parallel_core/training_graph/transformer/utils.py:174] - INFO - num_layers per stage: [[36]]
2026-09-11 21:49:32,071 - mindformers/models/npu_nvme_exp/user7-stack/qwen3-v13-restore-003/training/log[mindformers/parallel_core/training_graph/transformer/utils.py:175] - INFO - Accumulated num_layers per stage: [[36]]
2026-09-11 21:49:32,071 - mindformers/models/npu_nvme_exp/user7-stack/qwen3-v13-restore-003/training/log[mindformers/parallel_core/training_graph/transformer/utils.py:177] - INFO - Pipeline id list with start_stage: [0, 0, 0, 0, 0, 0, 0, 0, 0, 0, 0, 0, 0, 0, 0, 0, 0, 0, 0, 0, 0, 0, 0, 0, 0, 0, 0, 0, 0, 0, 0, 0, 0, 0, 0, 0]
2026-09-11 21:49:32,071 - mindformers/models/npu_nvme_exp/user7-stack/qwen3-v13-restore-003/training/log[mindformers/parallel_core/training_graph/transformer/utils.py:178] - INFO - Interleave id list: [0, 0, 0, 0, 0, 0, 0, 0, 0, 0, 0, 0, 0, 0, 0, 0, 0, 0, 0, 0, 0, 0, 0, 0, 0, 0, 0, 0, 0, 0, 0, 0, 0, 0, 0, 0]
2026-09-11 21:49:32,071 - mindformers/models/npu_nvme_exp/user7-stack/qwen3-v13-restore-003/training/log[mindformers/parallel_core/training_graph/transformer/utils.py:196] - INFO - Formative layer_recompute: [[36]]
2026-09-11 21:49:32,072 - mindformers/models/npu_nvme_exp/user7-stack/qwen3-v13-restore-003/training/log[mindformers/parallel_core/training_graph/transformer/utils.py:198] - INFO - The configuration of select_recompute_exclude and select_comm_recompute_exclude have the highest priority.
2026-09-11 21:49:32,072 - mindformers/models/npu_nvme_exp/user7-stack/qwen3-v13-restore-003/training/log[mindformers/parallel_core/training_graph/transformer/utils.py:204] - INFO - Formative select_recompute: {'mlp\\.shared_experts\\.mul': [[0]], 'mlp\\.shared_experts\\.activation_func\\.silu': [[0]], 'mlp\\.mul': [[0]], 'mlp\\.activation_func\\.silu': [[0]]}
2026-09-11 21:49:32,072 - mindformers/models/npu_nvme_exp/user7-stack/qwen3-v13-restore-003/training/log[mindformers/parallel_core/training_graph/transformer/utils.py:205] - INFO - Formative select_comm_recompute: {'.*\\.norm': [[0]]}
2026-09-11 21:49:32,072 - mindformers/models/npu_nvme_exp/user7-stack/qwen3-v13-restore-003/training/log[mindformers/parallel_core/training_graph/transformer/utils.py:206] - INFO - Formative select_recompute_exclude: {}
2026-09-11 21:49:32,072 - mindformers/models/npu_nvme_exp/user7-stack/qwen3-v13-restore-003/training/log[mindformers/parallel_core/training_graph/transformer/utils.py:207] - INFO - Formative select_comm_recompute_exclude: {}
2026-09-11 21:49:32,195 - mindformers/models/npu_nvme_exp/user7-stack/qwen3-v13-restore-003/training/log[mindformers/parallel_core/training_graph/transformer/utils.py:413] - INFO - Set full recompute at layer 0
2026-09-11 21:49:32,295 - mindformers/models/npu_nvme_exp/user7-stack/qwen3-v13-restore-003/training/log[mindformers/parallel_core/training_graph/transformer/utils.py:413] - INFO - Set full recompute at layer 1
2026-09-11 21:49:32,402 - mindformers/models/npu_nvme_exp/user7-stack/qwen3-v13-restore-003/training/log[mindformers/parallel_core/training_graph/transformer/utils.py:413] - INFO - Set full recompute at layer 2
2026-09-11 21:49:32,519 - mindformers/models/npu_nvme_exp/user7-stack/qwen3-v13-restore-003/training/log[mindformers/parallel_core/training_graph/transformer/utils.py:413] - INFO - Set full recompute at layer 3
2026-09-11 21:49:32,613 - mindformers/models/npu_nvme_exp/user7-stack/qwen3-v13-restore-003/training/log[mindformers/parallel_core/training_graph/transformer/utils.py:413] - INFO - Set full recompute at layer 4
2026-09-11 21:49:32,716 - mindformers/models/npu_nvme_exp/user7-stack/qwen3-v13-restore-003/training/log[mindformers/parallel_core/training_graph/transformer/utils.py:413] - INFO - Set full recompute at layer 5
2026-09-11 21:49:32,811 - mindformers/models/npu_nvme_exp/user7-stack/qwen3-v13-restore-003/training/log[mindformers/parallel_core/training_graph/transformer/utils.py:413] - INFO - Set full recompute at layer 6
2026-09-11 21:49:32,903 - mindformers/models/npu_nvme_exp/user7-stack/qwen3-v13-restore-003/training/log[mindformers/parallel_core/training_graph/transformer/utils.py:413] - INFO - Set full recompute at layer 7
2026-09-11 21:49:32,993 - mindformers/models/npu_nvme_exp/user7-stack/qwen3-v13-restore-003/training/log[mindformers/parallel_core/training_graph/transformer/utils.py:413] - INFO - Set full recompute at layer 8
2026-09-11 21:49:33,083 - mindformers/models/npu_nvme_exp/user7-stack/qwen3-v13-restore-003/training/log[mindformers/parallel_core/training_graph/transformer/utils.py:413] - INFO - Set full recompute at layer 9
2026-09-11 21:49:33,176 - mindformers/models/npu_nvme_exp/user7-stack/qwen3-v13-restore-003/training/log[mindformers/parallel_core/training_graph/transformer/utils.py:413] - INFO - Set full recompute at layer 10
2026-09-11 21:49:33,272 - mindformers/models/npu_nvme_exp/user7-stack/qwen3-v13-restore-003/training/log[mindformers/parallel_core/training_graph/transformer/utils.py:413] - INFO - Set full recompute at layer 11
2026-09-11 21:49:33,362 - mindformers/models/npu_nvme_exp/user7-stack/qwen3-v13-restore-003/training/log[mindformers/parallel_core/training_graph/transformer/utils.py:413] - INFO - Set full recompute at layer 12
2026-09-11 21:49:33,450 - mindformers/models/npu_nvme_exp/user7-stack/qwen3-v13-restore-003/training/log[mindformers/parallel_core/training_graph/transformer/utils.py:413] - INFO - Set full recompute at layer 13
2026-09-11 21:49:33,545 - mindformers/models/npu_nvme_exp/user7-stack/qwen3-v13-restore-003/training/log[mindformers/parallel_core/training_graph/transformer/utils.py:413] - INFO - Set full recompute at layer 14
2026-09-11 21:49:33,640 - mindformers/models/npu_nvme_exp/user7-stack/qwen3-v13-restore-003/training/log[mindformers/parallel_core/training_graph/transformer/utils.py:413] - INFO - Set full recompute at layer 15
2026-09-11 21:49:33,735 - mindformers/models/npu_nvme_exp/user7-stack/qwen3-v13-restore-003/training/log[mindformers/parallel_core/training_graph/transformer/utils.py:413] - INFO - Set full recompute at layer 16
2026-09-11 21:49:33,830 - mindformers/models/npu_nvme_exp/user7-stack/qwen3-v13-restore-003/training/log[mindformers/parallel_core/training_graph/transformer/utils.py:413] - INFO - Set full recompute at layer 17
2026-09-11 21:49:33,926 - mindformers/models/npu_nvme_exp/user7-stack/qwen3-v13-restore-003/training/log[mindformers/parallel_core/training_graph/transformer/utils.py:413] - INFO - Set full recompute at layer 18
2026-09-11 21:49:34,020 - mindformers/models/npu_nvme_exp/user7-stack/qwen3-v13-restore-003/training/log[mindformers/parallel_core/training_graph/transformer/utils.py:413] - INFO - Set full recompute at layer 19
2026-09-11 21:49:34,110 - mindformers/models/npu_nvme_exp/user7-stack/qwen3-v13-restore-003/training/log[mindformers/parallel_core/training_graph/transformer/utils.py:413] - INFO - Set full recompute at layer 20
2026-09-11 21:49:34,216 - mindformers/models/npu_nvme_exp/user7-stack/qwen3-v13-restore-003/training/log[mindformers/parallel_core/training_graph/transformer/utils.py:413] - INFO - Set full recompute at layer 21
2026-09-11 21:49:34,308 - mindformers/models/npu_nvme_exp/user7-stack/qwen3-v13-restore-003/training/log[mindformers/parallel_core/training_graph/transformer/utils.py:413] - INFO - Set full recompute at layer 22
2026-09-11 21:49:34,403 - mindformers/models/npu_nvme_exp/user7-stack/qwen3-v13-restore-003/training/log[mindformers/parallel_core/training_graph/transformer/utils.py:413] - INFO - Set full recompute at layer 23
2026-09-11 21:49:34,493 - mindformers/models/npu_nvme_exp/user7-stack/qwen3-v13-restore-003/training/log[mindformers/parallel_core/training_graph/transformer/utils.py:413] - INFO - Set full recompute at layer 24
2026-09-11 21:49:34,583 - mindformers/models/npu_nvme_exp/user7-stack/qwen3-v13-restore-003/training/log[mindformers/parallel_core/training_graph/transformer/utils.py:413] - INFO - Set full recompute at layer 25
2026-09-11 21:49:34,674 - mindformers/models/npu_nvme_exp/user7-stack/qwen3-v13-restore-003/training/log[mindformers/parallel_core/training_graph/transformer/utils.py:413] - INFO - Set full recompute at layer 26
2026-09-11 21:49:34,766 - mindformers/models/npu_nvme_exp/user7-stack/qwen3-v13-restore-003/training/log[mindformers/parallel_core/training_graph/transformer/utils.py:413] - INFO - Set full recompute at layer 27
2026-09-11 21:49:35,342 - mindformers/models/npu_nvme_exp/user7-stack/qwen3-v13-restore-003/training/log[mindformers/parallel_core/training_graph/transformer/utils.py:413] - INFO - Set full recompute at layer 28
2026-09-11 21:49:35,432 - mindformers/models/npu_nvme_exp/user7-stack/qwen3-v13-restore-003/training/log[mindformers/parallel_core/training_graph/transformer/utils.py:413] - INFO - Set full recompute at layer 29
2026-09-11 21:49:35,522 - mindformers/models/npu_nvme_exp/user7-stack/qwen3-v13-restore-003/training/log[mindformers/parallel_core/training_graph/transformer/utils.py:413] - INFO - Set full recompute at layer 30
2026-09-11 21:49:35,611 - mindformers/models/npu_nvme_exp/user7-stack/qwen3-v13-restore-003/training/log[mindformers/parallel_core/training_graph/transformer/utils.py:413] - INFO - Set full recompute at layer 31
2026-09-11 21:49:35,701 - mindformers/models/npu_nvme_exp/user7-stack/qwen3-v13-restore-003/training/log[mindformers/parallel_core/training_graph/transformer/utils.py:413] - INFO - Set full recompute at layer 32
2026-09-11 21:49:35,790 - mindformers/models/npu_nvme_exp/user7-stack/qwen3-v13-restore-003/training/log[mindformers/parallel_core/training_graph/transformer/utils.py:413] - INFO - Set full recompute at layer 33
2026-09-11 21:49:35,880 - mindformers/models/npu_nvme_exp/user7-stack/qwen3-v13-restore-003/training/log[mindformers/parallel_core/training_graph/transformer/utils.py:413] - INFO - Set full recompute at layer 34
2026-09-11 21:49:35,971 - mindformers/models/npu_nvme_exp/user7-stack/qwen3-v13-restore-003/training/log[mindformers/parallel_core/training_graph/transformer/utils.py:413] - INFO - Set full recompute at layer 35
2026-09-11 21:49:36,005 - mindformers/models/npu_nvme_exp/user7-stack/qwen3-v13-restore-003/training/log[mindformers/generation/generation_config.py:242] - INFO - Loading Generate config from /models/Qwen3-8B/generation_config.json
2026-09-11 21:49:36,006 - mindformers/models/npu_nvme_exp/user7-stack/qwen3-v13-restore-003/training/log[mindformers/trainer/base_trainer.py:478] - INFO - Parameters are not initialized during model initialization.
2026-09-11 21:49:36,026 - mindformers/models/npu_nvme_exp/user7-stack/qwen3-v13-restore-003/training/log[mindformers/trainer/base_trainer.py:733] - INFO - Network Parameters: 8190 M.
2026-09-11 21:49:36,026 - mindformers/models/npu_nvme_exp/user7-stack/qwen3-v13-restore-003/training/log[mindformers/trainer/base_trainer.py:1211] - INFO - .........Build Optimizer For Train..........
2026-09-11 21:49:36,026 - mindformers/models/npu_nvme_exp/user7-stack/qwen3-v13-restore-003/training/log[mindformers/trainer/base_trainer.py:584] - INFO - .........Build Optimizer From Config..........
2026-09-11 21:49:36,027 - mindformers/models/npu_nvme_exp/user7-stack/qwen3-v13-restore-003/training/log[mindformers/trainer/base_trainer.py:629] - INFO - .........Build LR Schedule From Config..........
2026-09-11 21:49:36,027 - mindformers/models/npu_nvme_exp/user7-stack/qwen3-v13-restore-003/training/log[mindformers/core/lr/lr_schedule.py:53] - INFO - Current warmup_ratio is 0, total_steps is 32, warmup_steps will be set to 0
2026-09-11 21:49:36,028 - mindformers/models/npu_nvme_exp/user7-stack/qwen3-v13-restore-003/training/log[mindformers/trainer/base_trainer.py:667] - INFO - warmup_lr_init is not set. The default value 0.0 will be applied.
2026-09-11 21:49:36,032 - mindformers/models/npu_nvme_exp/user7-stack/qwen3-v13-restore-003/training/log[mindformers/trainer/optimizer_grouped_parameters.py:79] - WARNING - dynamic_lr_schedule will be reset and invalid when layer_scale is False.
2026-09-11 21:49:36,038 - mindformers/models/npu_nvme_exp/user7-stack/qwen3-v13-restore-003/training/log[mindformers/trainer/optimizer_grouped_parameters.py:112] - INFO - Param groups = {
  "decay": {
    "weight_decay": 0.0,
    "params": [
      "embedding.word_embeddings.weight",
      "decoder.layers.0.self_attention.linear_proj.weight",
      "decoder.layers.0.self_attention.linear_qkv.weight",
      "decoder.layers.0.mlp.linear_fc1.weight",
      "decoder.layers.0.mlp.linear_fc2.weight",
      "decoder.layers.1.self_attention.linear_proj.weight",
      "decoder.layers.1.self_attention.linear_qkv.weight",
      "decoder.layers.1.mlp.linear_fc1.weight",
      "decoder.layers.1.mlp.linear_fc2.weight",
      "decoder.layers.2.self_attention.linear_proj.weight",
      "decoder.layers.2.self_attention.linear_qkv.weight",
      "decoder.layers.2.mlp.linear_fc1.weight",
      "decoder.layers.2.mlp.linear_fc2.weight",
      "decoder.layers.3.self_attention.linear_proj.weight",
      "decoder.layers.3.self_attention.linear_qkv.weight",
      "decoder.layers.3.mlp.linear_fc1.weight",
      "decoder.layers.3.mlp.linear_fc2.weight",
      "decoder.layers.4.self_attention.linear_proj.weight",
      "decoder.layers.4.self_attention.linear_qkv.weight",
      "decoder.layers.4.mlp.linear_fc1.weight",
      "decoder.layers.4.mlp.linear_fc2.weight",
      "decoder.layers.5.self_attention.linear_proj.weight",
      "decoder.layers.5.self_attention.linear_qkv.weight",
      "decoder.layers.5.mlp.linear_fc1.weight",
      "decoder.layers.5.mlp.linear_fc2.weight",
      "decoder.layers.6.self_attention.linear_proj.weight",
      "decoder.layers.6.self_attention.linear_qkv.weight",
      "decoder.layers.6.mlp.linear_fc1.weight",
      "decoder.layers.6.mlp.linear_fc2.weight",
      "decoder.layers.7.self_attention.linear_proj.weight",
      "decoder.layers.7.self_attention.linear_qkv.weight",
      "decoder.layers.7.mlp.linear_fc1.weight",
      "decoder.layers.7.mlp.linear_fc2.weight",
      "decoder.layers.8.self_attention.linear_proj.weight",
      "decoder.layers.8.self_attention.linear_qkv.weight",
      "decoder.layers.8.mlp.linear_fc1.weight",
      "decoder.layers.8.mlp.linear_fc2.weight",
      "decoder.layers.9.self_attention.linear_proj.weight",
      "decoder.layers.9.self_attention.linear_qkv.weight",
      "decoder.layers.9.mlp.linear_fc1.weight",
      "decoder.layers.9.mlp.linear_fc2.weight",
      "decoder.layers.10.self_attention.linear_proj.weight",
      "decoder.layers.10.self_attention.linear_qkv.weight",
      "decoder.layers.10.mlp.linear_fc1.weight",
      "decoder.layers.10.mlp.linear_fc2.weight",
      "decoder.layers.11.self_attention.linear_proj.weight",
      "decoder.layers.11.self_attention.linear_qkv.weight",
      "decoder.layers.11.mlp.linear_fc1.weight",
      "decoder.layers.11.mlp.linear_fc2.weight",
      "decoder.layers.12.self_attention.linear_proj.weight",
      "decoder.layers.12.self_attention.linear_qkv.weight",
      "decoder.layers.12.mlp.linear_fc1.weight",
      "decoder.layers.12.mlp.linear_fc2.weight",
      "decoder.layers.13.self_attention.linear_proj.weight",
      "decoder.layers.13.self_attention.linear_qkv.weight",
      "decoder.layers.13.mlp.linear_fc1.weight",
      "decoder.layers.13.mlp.linear_fc2.weight",
      "decoder.layers.14.self_attention.linear_proj.weight",
      "decoder.layers.14.self_attention.linear_qkv.weight",
      "decoder.layers.14.mlp.linear_fc1.weight",
      "decoder.layers.14.mlp.linear_fc2.weight",
      "decoder.layers.15.self_attention.linear_proj.weight",
      "decoder.layers.15.self_attention.linear_qkv.weight",
      "decoder.layers.15.mlp.linear_fc1.weight",
      "decoder.layers.15.mlp.linear_fc2.weight",
      "decoder.layers.16.self_attention.linear_proj.weight",
      "decoder.layers.16.self_attention.linear_qkv.weight",
      "decoder.layers.16.mlp.linear_fc1.weight",
      "decoder.layers.16.mlp.linear_fc2.weight",
      "decoder.layers.17.self_attention.linear_proj.weight",
      "decoder.layers.17.self_attention.linear_qkv.weight",
      "decoder.layers.17.mlp.linear_fc1.weight",
      "decoder.layers.17.mlp.linear_fc2.weight",
      "decoder.layers.18.self_attention.linear_proj.weight",
      "decoder.layers.18.self_attention.linear_qkv.weight",
      "decoder.layers.18.mlp.linear_fc1.weight",
      "decoder.layers.18.mlp.linear_fc2.weight",
      "decoder.layers.19.self_attention.linear_proj.weight",
      "decoder.layers.19.self_attention.linear_qkv.weight",
      "decoder.layers.19.mlp.linear_fc1.weight",
      "decoder.layers.19.mlp.linear_fc2.weight",
      "decoder.layers.20.self_attention.linear_proj.weight",
      "decoder.layers.20.self_attention.linear_qkv.weight",
      "decoder.layers.20.mlp.linear_fc1.weight",
      "decoder.layers.20.mlp.linear_fc2.weight",
      "decoder.layers.21.self_attention.linear_proj.weight",
      "decoder.layers.21.self_attention.linear_qkv.weight",
      "decoder.layers.21.mlp.linear_fc1.weight",
      "decoder.layers.21.mlp.linear_fc2.weight",
      "decoder.layers.22.self_attention.linear_proj.weight",
      "decoder.layers.22.self_attention.linear_qkv.weight",
      "decoder.layers.22.mlp.linear_fc1.weight",
      "decoder.layers.22.mlp.linear_fc2.weight",
      "decoder.layers.23.self_attention.linear_proj.weight",
      "decoder.layers.23.self_attention.linear_qkv.weight",
      "decoder.layers.23.mlp.linear_fc1.weight",
      "decoder.layers.23.mlp.linear_fc2.weight",
      "decoder.layers.24.self_attention.linear_proj.weight",
      "decoder.layers.24.self_attention.linear_qkv.weight",
      "decoder.layers.24.mlp.linear_fc1.weight",
      "decoder.layers.24.mlp.linear_fc2.weight",
      "decoder.layers.25.self_attention.linear_proj.weight",
      "decoder.layers.25.self_attention.linear_qkv.weight",
      "decoder.layers.25.mlp.linear_fc1.weight",
      "decoder.layers.25.mlp.linear_fc2.weight",
      "decoder.layers.26.self_attention.linear_proj.weight",
      "decoder.layers.26.self_attention.linear_qkv.weight",
      "decoder.layers.26.mlp.linear_fc1.weight",
      "decoder.layers.26.mlp.linear_fc2.weight",
      "decoder.layers.27.self_attention.linear_proj.weight",
      "decoder.layers.27.self_attention.linear_qkv.weight",
      "decoder.layers.27.mlp.linear_fc1.weight",
      "decoder.layers.27.mlp.linear_fc2.weight",
      "decoder.layers.28.self_attention.linear_proj.weight",
      "decoder.layers.28.self_attention.linear_qkv.weight",
      "decoder.layers.28.mlp.linear_fc1.weight",
      "decoder.layers.28.mlp.linear_fc2.weight",
      "decoder.layers.29.self_attention.linear_proj.weight",
      "decoder.layers.29.self_attention.linear_qkv.weight",
      "decoder.layers.29.mlp.linear_fc1.weight",
      "decoder.layers.29.mlp.linear_fc2.weight",
      "decoder.layers.30.self_attention.linear_proj.weight",
      "decoder.layers.30.self_attention.linear_qkv.weight",
      "decoder.layers.30.mlp.linear_fc1.weight",
      "decoder.layers.30.mlp.linear_fc2.weight",
      "decoder.layers.31.self_attention.linear_proj.weight",
      "decoder.layers.31.self_attention.linear_qkv.weight",
      "decoder.layers.31.mlp.linear_fc1.weight",
      "decoder.layers.31.mlp.linear_fc2.weight",
      "decoder.layers.32.self_attention.linear_proj.weight",
      "decoder.layers.32.self_attention.linear_qkv.weight",
      "decoder.layers.32.mlp.linear_fc1.weight",
      "decoder.layers.32.mlp.linear_fc2.weight",
      "decoder.layers.33.self_attention.linear_proj.weight",
      "decoder.layers.33.self_attention.linear_qkv.weight",
      "decoder.layers.33.mlp.linear_fc1.weight",
      "decoder.layers.33.mlp.linear_fc2.weight",
      "decoder.layers.34.self_attention.linear_proj.weight",
      "decoder.layers.34.self_attention.linear_qkv.weight",
      "decoder.layers.34.mlp.linear_fc1.weight",
      "decoder.layers.34.mlp.linear_fc2.weight",
      "decoder.layers.35.self_attention.linear_proj.weight",
      "decoder.layers.35.self_attention.linear_qkv.weight",
      "decoder.layers.35.mlp.linear_fc1.weight",
      "decoder.layers.35.mlp.linear_fc2.weight",
      "output_layer.weight"
    ]
  },
  "no_decay": {
    "weight_decay": 0.0,
    "params": [
      "decoder.layers.0.input_layernorm.weight",
      "decoder.layers.0.self_attention.q_layernorm.weight",
      "decoder.layers.0.self_attention.k_layernorm.weight",
      "decoder.layers.0.pre_mlp_layernorm.weight",
      "decoder.layers.1.input_layernorm.weight",
      "decoder.layers.1.self_attention.q_layernorm.weight",
      "decoder.layers.1.self_attention.k_layernorm.weight",
      "decoder.layers.1.pre_mlp_layernorm.weight",
      "decoder.layers.2.input_layernorm.weight",
      "decoder.layers.2.self_attention.q_layernorm.weight",
      "decoder.layers.2.self_attention.k_layernorm.weight",
      "decoder.layers.2.pre_mlp_layernorm.weight",
      "decoder.layers.3.input_layernorm.weight",
      "decoder.layers.3.self_attention.q_layernorm.weight",
      "decoder.layers.3.self_attention.k_layernorm.weight",
      "decoder.layers.3.pre_mlp_layernorm.weight",
      "decoder.layers.4.input_layernorm.weight",
      "decoder.layers.4.self_attention.q_layernorm.weight",
      "decoder.layers.4.self_attention.k_layernorm.weight",
      "decoder.layers.4.pre_mlp_layernorm.weight",
      "decoder.layers.5.input_layernorm.weight",
      "decoder.layers.5.self_attention.q_layernorm.weight",
      "decoder.layers.5.self_attention.k_layernorm.weight",
      "decoder.layers.5.pre_mlp_layernorm.weight",
      "decoder.layers.6.input_layernorm.weight",
      "decoder.layers.6.self_attention.q_layernorm.weight",
      "decoder.layers.6.self_attention.k_layernorm.weight",
      "decoder.layers.6.pre_mlp_layernorm.weight",
      "decoder.layers.7.input_layernorm.weight",
      "decoder.layers.7.self_attention.q_layernorm.weight",
      "decoder.layers.7.self_attention.k_layernorm.weight",
      "decoder.layers.7.pre_mlp_layernorm.weight",
      "decoder.layers.8.input_layernorm.weight",
      "decoder.layers.8.self_attention.q_layernorm.weight",
      "decoder.layers.8.self_attention.k_layernorm.weight",
      "decoder.layers.8.pre_mlp_layernorm.weight",
      "decoder.layers.9.input_layernorm.weight",
      "decoder.layers.9.self_attention.q_layernorm.weight",
      "decoder.layers.9.self_attention.k_layernorm.weight",
      "decoder.layers.9.pre_mlp_layernorm.weight",
      "decoder.layers.10.input_layernorm.weight",
      "decoder.layers.10.self_attention.q_layernorm.weight",
      "decoder.layers.10.self_attention.k_layernorm.weight",
      "decoder.layers.10.pre_mlp_layernorm.weight",
      "decoder.layers.11.input_layernorm.weight",
      "decoder.layers.11.self_attention.q_layernorm.weight",
      "decoder.layers.11.self_attention.k_layernorm.weight",
      "decoder.layers.11.pre_mlp_layernorm.weight",
      "decoder.layers.12.input_layernorm.weight",
      "decoder.layers.12.self_attention.q_layernorm.weight",
      "decoder.layers.12.self_attention.k_layernorm.weight",
      "decoder.layers.12.pre_mlp_layernorm.weight",
      "decoder.layers.13.input_layernorm.weight",
      "decoder.layers.13.self_attention.q_layernorm.weight",
      "decoder.layers.13.self_attention.k_layernorm.weight",
      "decoder.layers.13.pre_mlp_layernorm.weight",
      "decoder.layers.14.input_layernorm.weight",
      "decoder.layers.14.self_attention.q_layernorm.weight",
      "decoder.layers.14.self_attention.k_layernorm.weight",
      "decoder.layers.14.pre_mlp_layernorm.weight",
      "decoder.layers.15.input_layernorm.weight",
      "decoder.layers.15.self_attention.q_layernorm.weight",
      "decoder.layers.15.self_attention.k_layernorm.weight",
      "decoder.layers.15.pre_mlp_layernorm.weight",
      "decoder.layers.16.input_layernorm.weight",
      "decoder.layers.16.self_attention.q_layernorm.weight",
      "decoder.layers.16.self_attention.k_layernorm.weight",
      "decoder.layers.16.pre_mlp_layernorm.weight",
      "decoder.layers.17.input_layernorm.weight",
      "decoder.layers.17.self_attention.q_layernorm.weight",
      "decoder.layers.17.self_attention.k_layernorm.weight",
      "decoder.layers.17.pre_mlp_layernorm.weight",
      "decoder.layers.18.input_layernorm.weight",
      "decoder.layers.18.self_attention.q_layernorm.weight",
      "decoder.layers.18.self_attention.k_layernorm.weight",
      "decoder.layers.18.pre_mlp_layernorm.weight",
      "decoder.layers.19.input_layernorm.weight",
      "decoder.layers.19.self_attention.q_layernorm.weight",
      "decoder.layers.19.self_attention.k_layernorm.weight",
      "decoder.layers.19.pre_mlp_layernorm.weight",
      "decoder.layers.20.input_layernorm.weight",
      "decoder.layers.20.self_attention.q_layernorm.weight",
      "decoder.layers.20.self_attention.k_layernorm.weight",
      "decoder.layers.20.pre_mlp_layernorm.weight",
      "decoder.layers.21.input_layernorm.weight",
      "decoder.layers.21.self_attention.q_layernorm.weight",
      "decoder.layers.21.self_attention.k_layernorm.weight",
      "decoder.layers.21.pre_mlp_layernorm.weight",
      "decoder.layers.22.input_layernorm.weight",
      "decoder.layers.22.self_attention.q_layernorm.weight",
      "decoder.layers.22.self_attention.k_layernorm.weight",
      "decoder.layers.22.pre_mlp_layernorm.weight",
      "decoder.layers.23.input_layernorm.weight",
      "decoder.layers.23.self_attention.q_layernorm.weight",
      "decoder.layers.23.self_attention.k_layernorm.weight",
      "decoder.layers.23.pre_mlp_layernorm.weight",
      "decoder.layers.24.input_layernorm.weight",
      "decoder.layers.24.self_attention.q_layernorm.weight",
      "decoder.layers.24.self_attention.k_layernorm.weight",
      "decoder.layers.24.pre_mlp_layernorm.weight",
      "decoder.layers.25.input_layernorm.weight",
      "decoder.layers.25.self_attention.q_layernorm.weight",
      "decoder.layers.25.self_attention.k_layernorm.weight",
      "decoder.layers.25.pre_mlp_layernorm.weight",
      "decoder.layers.26.input_layernorm.weight",
      "decoder.layers.26.self_attention.q_layernorm.weight",
      "decoder.layers.26.self_attention.k_layernorm.weight",
      "decoder.layers.26.pre_mlp_layernorm.weight",
      "decoder.layers.27.input_layernorm.weight",
      "decoder.layers.27.self_attention.q_layernorm.weight",
      "decoder.layers.27.self_attention.k_layernorm.weight",
      "decoder.layers.27.pre_mlp_layernorm.weight",
      "decoder.layers.28.input_layernorm.weight",
      "decoder.layers.28.self_attention.q_layernorm.weight",
      "decoder.layers.28.self_attention.k_layernorm.weight",
      "decoder.layers.28.pre_mlp_layernorm.weight",
      "decoder.layers.29.input_layernorm.weight",
      "decoder.layers.29.self_attention.q_layernorm.weight",
      "decoder.layers.29.self_attention.k_layernorm.weight",
      "decoder.layers.29.pre_mlp_layernorm.weight",
      "decoder.layers.30.input_layernorm.weight",
      "decoder.layers.30.self_attention.q_layernorm.weight",
      "decoder.layers.30.self_attention.k_layernorm.weight",
      "decoder.layers.30.pre_mlp_layernorm.weight",
      "decoder.layers.31.input_layernorm.weight",
      "decoder.layers.31.self_attention.q_layernorm.weight",
      "decoder.layers.31.self_attention.k_layernorm.weight",
      "decoder.layers.31.pre_mlp_layernorm.weight",
      "decoder.layers.32.input_layernorm.weight",
      "decoder.layers.32.self_attention.q_layernorm.weight",
      "decoder.layers.32.self_attention.k_layernorm.weight",
      "decoder.layers.32.pre_mlp_layernorm.weight",
      "decoder.layers.33.input_layernorm.weight",
      "decoder.layers.33.self_attention.q_layernorm.weight",
      "decoder.layers.33.self_attention.k_layernorm.weight",
      "decoder.layers.33.pre_mlp_layernorm.weight",
      "decoder.layers.34.input_layernorm.weight",
      "decoder.layers.34.self_attention.q_layernorm.weight",
      "decoder.layers.34.self_attention.k_layernorm.weight",
      "decoder.layers.34.pre_mlp_layernorm.weight",
      "decoder.layers.35.input_layernorm.weight",
      "decoder.layers.35.self_attention.q_layernorm.weight",
      "decoder.layers.35.self_attention.k_layernorm.weight",
      "decoder.layers.35.pre_mlp_layernorm.weight",
      "decoder.final_layernorm.weight"
    ]
  }
}
2026-09-11 21:49:36,038 - mindformers/models/npu_nvme_exp/user7-stack/qwen3-v13-restore-003/training/log[mindformers/core/optim/build_optim.py:39] - INFO - tft is not valid
2026-09-11 21:49:36,271 - mindformers/models/npu_nvme_exp/user7-stack/qwen3-v13-restore-003/training/log[mindformers/trainer/base_trainer.py:623] - INFO - Parameters are not initialized during optimizer initialization.
2026-09-11 21:49:36,271 - mindformers/models/npu_nvme_exp/user7-stack/qwen3-v13-restore-003/training/log[mindformers/trainer/base_trainer.py:1221] - INFO - .........Build Running Wrapper From Config For Train..........
2026-09-11 21:49:36,271 - mindformers/models/npu_nvme_exp/user7-stack/qwen3-v13-restore-003/training/log[mindformers/trainer/base_trainer.py:672] - INFO - .........Build Model Wrapper for Train From Config..........
2026-09-11 21:49:36,283 - mindformers/models/npu_nvme_exp/user7-stack/qwen3-v13-restore-003/training/log[mindformers/trainer/base_trainer.py:1238] - INFO - .........Build Callbacks For Train..........
2026-09-11 21:49:36,284 - mindformers/models/npu_nvme_exp/user7-stack/qwen3-v13-restore-003/training/log[mindformers/trainer/base_trainer.py:1289] - INFO - Recommend using weights in the safetensors format.
2026-09-11 21:49:36,285 - mindformers/models/npu_nvme_exp/user7-stack/qwen3-v13-restore-003/training/log[mindformers/core/callback/callback.py:1304] - INFO - Integrated_save is changed to False when using auto_parallel.
2026-09-11 21:49:36,286 - mindformers/models/npu_nvme_exp/user7-stack/qwen3-v13-restore-003/training/log[mindformers/trainer/base_trainer.py:1362] - INFO - .........Starting Init Train Model..........
2026-09-11 21:49:36,286 - mindformers/models/npu_nvme_exp/user7-stack/qwen3-v13-restore-003/training/log[mindformers/trainer/base_trainer.py:1403] - INFO - .............Start resume training from checkpoint..................
2026-09-11 21:49:36,286 - mindformers/models/npu_nvme_exp/user7-stack/qwen3-v13-restore-003/training/log[mindformers/utils/load_checkpoint_utils.py:257] - INFO - ......Start load checkpoint from safetensors......
2026-09-11 21:49:36,287 - mindformers/models/npu_nvme_exp/user7-stack/qwen3-v13-restore-003/training/log[mindformers/utils/load_checkpoint_utils.py:262] - INFO - Load checkpoint from /models/npu_nvme_exp/user7-stack/qwen3-v13-source-002/training/checkpoint.
2026-09-11 21:49:36,287 - mindformers/models/npu_nvme_exp/user7-stack/qwen3-v13-restore-003/training/log[mindformers/utils/load_checkpoint_utils.py:286] - INFO - ......Use multi checkpoint file with rank id mode......
2026-09-11 21:49:36,287 - mindformers/models/npu_nvme_exp/user7-stack/qwen3-v13-restore-003/training/log[mindformers/utils/load_checkpoint_utils.py:304] - INFO - ......auto_trans is False, will not unify or slice rank files......
2026-09-11 21:49:36,287 - mindformers/models/npu_nvme_exp/user7-stack/qwen3-v13-restore-003/training/log[mindformers/utils/load_checkpoint_utils.py:310] - INFO - ......sf_file_name=/models/npu_nvme_exp/user7-stack/qwen3-v13-source-002/training/checkpoint/rank_3/qwen3_rank_3-8_1.safetensors......
2026-09-11 21:49:36,288 - mindformers/models/npu_nvme_exp/user7-stack/qwen3-v13-restore-003/training/log[mindformers/checkpoint/utils.py:439] - INFO - .........Compiling model.........
huggingface/tokenizers: The current process just got forked, after parallelism has already been used. Disabling parallelism to avoid deadlocks...
To disable this warning, you can either:
	- Avoid using `tokenizers` before the fork if possible
	- Explicitly set the environment variable TOKENIZERS_PARALLELISM=(true | false)
[WARNING] ME(278627,ffff931a8020,python):2026-09-11-21:49:40.546.011 [mindspore/ccsrc/tools/error_handler/error_config.cc:215] operator()] Value of `MS_ENABLE_TFT` is ``
[WARNING] ME(278627,ffff931a8020,python):2026-09-11-21:49:40.546.076 [mindspore/ccsrc/tools/error_handler/error_config.cc:163] operator()] Can find `TRE` in environment var `MS_ENABLE_TFT`
[WARNING] ANALYZER(278627,ffff931a8020,python):2026-09-11-21:50:08.038.397 [mindspore/ccsrc/frontend/jit/ps/static_analysis/auto_monad.cc:1592] ClearIsolatedNodes] Some side effect nodes were eliminated by mistake. The node is:@174_2↓mindformers_parallel_core_training_graph_base_models_gpt_gpt_model_GPTModel_construct_229:loss_mask{[0]: ValueNode<FuncGraph> 6877__tuple_getitem_by_number_230, [1]: CNode_231, [2]: ValueNode<Int64Imm> 2}
[WARNING] ANALYZER(278627,ffff931a8020,python):2026-09-11-21:50:08.038.574 [mindspore/ccsrc/frontend/jit/ps/static_analysis/auto_monad.cc:1592] ClearIsolatedNodes] Some side effect nodes were eliminated by mistake. The node is:@174_2↓mindformers_parallel_core_training_graph_base_models_gpt_gpt_model_GPTModel_construct_229:rotary_pos_emb{[0]: ValueNode<FuncGraph> 6878__tuple_getitem_by_number_232, [1]: CNode_233, [2]: ValueNode<Int64Imm> 1}
[WARNING] ANALYZER(278627,ffff931a8020,python):2026-09-11-21:50:08.038.610 [mindspore/ccsrc/frontend/jit/ps/static_analysis/auto_monad.cc:1592] ClearIsolatedNodes] Some side effect nodes were eliminated by mistake. The node is:@174_2↓mindformers_parallel_core_training_graph_base_models_gpt_gpt_model_GPTModel_construct_229:labels{[0]: ValueNode<FuncGraph> 6879__tuple_getitem_by_number_234, [1]: CNode_231, [2]: ValueNode<Int64Imm> 0}
[WARNING] ANALYZER(278627,ffff931a8020,python):2026-09-11-21:50:08.046.827 [mindspore/ccsrc/frontend/jit/ps/static_analysis/auto_monad.cc:1599] ClearIsolatedNodes] Some side effect nodes were eliminated by mistake. The node is:@180_5↓mindformers_parallel_core_training_graph_base_models_gpt_gpt_model_GPTModel_construct_235:_{[0]: ValueNode<FuncGraph> 6866__tuple_getitem_by_number_236, [1]: CNode_237, [2]: ValueNode<Int64Imm> 1}
[WARNING] ANALYZER(278627,ffff931a8020,python):2026-09-11-21:50:08.047.738 [mindspore/ccsrc/frontend/jit/ps/static_analysis/auto_monad.cc:1592] ClearIsolatedNodes] Some side effect nodes were eliminated by mistake. The node is:@231_↻mindformers_parallel_core_training_graph_transformer_transformer_block_TransformerBlock_construct_238:context{[0]: ValueNode<FuncGraph> 6829__tuple_getitem_by_number_239, [1]: CNode_240, [2]: ValueNode<Int64Imm> 1}
[WARNING] ANALYZER(278627,ffff931a8020,python):2026-09-11-21:50:08.050.172 [mindspore/ccsrc/frontend/jit/ps/static_analysis/auto_monad.cc:1592] ClearIsolatedNodes] Some side effect nodes were eliminated by mistake. The node is:@234_↻mindformers_parallel_core_training_graph_transformer_transformer_block_TransformerBlock_construct_241:context{[0]: ValueNode<FuncGraph> 6648__tuple_getitem_by_number_242, [1]: CNode_243, [2]: ValueNode<Int64Imm> 1}
[WARNING] ANALYZER(278627,ffff931a8020,python):2026-09-11-21:50:08.051.938 [mindspore/ccsrc/frontend/jit/ps/static_analysis/auto_monad.cc:1592] ClearIsolatedNodes] Some side effect nodes were eliminated by mistake. The node is:@236_↻mindformers_parallel_core_training_graph_transformer_transformer_block_TransformerBlock_construct_244:context{[0]: ValueNode<FuncGraph> 6467__tuple_getitem_by_number_245, [1]: CNode_246, [2]: ValueNode<Int64Imm> 1}
[WARNING] ANALYZER(278627,ffff931a8020,python):2026-09-11-21:50:08.052.284 [mindspore/ccsrc/frontend/jit/ps/static_analysis/auto_monad.cc:1592] ClearIsolatedNodes] Some side effect nodes were eliminated by mistake. The node is:@6767_get_query_key_value_tensors_247:_{[0]: ValueNode<FuncGraph> 6787__tuple_getitem_by_number_248, [1]: CNode_249, [2]: ValueNode<Int64Imm> 1}
[WARNING] ANALYZER(278627,ffff931a8020,python):2026-09-11-21:50:08.053.134 [mindspore/ccsrc/frontend/jit/ps/static_analysis/auto_monad.cc:1592] ClearIsolatedNodes] Some side effect nodes were eliminated by mistake. The node is:@238_↻mindformers_parallel_core_training_graph_transformer_transformer_block_TransformerBlock_construct_250:context{[0]: ValueNode<FuncGraph> 6286__tuple_getitem_by_number_251, [1]: CNode_252, [2]: ValueNode<Int64Imm> 1}
[WARNING] ANALYZER(278627,ffff931a8020,python):2026-09-11-21:50:08.053.851 [mindspore/ccsrc/frontend/jit/ps/static_analysis/auto_monad.cc:1592] ClearIsolatedNodes] Some side effect nodes were eliminated by mistake. The node is:@6586_get_query_key_value_tensors_253:_{[0]: ValueNode<FuncGraph> 6606__tuple_getitem_by_number_254, [1]: CNode_255, [2]: ValueNode<Int64Imm> 1}
[WARNING] ANALYZER(278627,ffff931a8020,python):2026-09-11-21:50:08.054.967 [mindspore/ccsrc/frontend/jit/ps/static_analysis/auto_monad.cc:1592] ClearIsolatedNodes] Some side effect nodes were eliminated by mistake. The node is:@240_↻mindformers_parallel_core_training_graph_transformer_transformer_block_TransformerBlock_construct_256:context{[0]: ValueNode<FuncGraph> 6105__tuple_getitem_by_number_257, [1]: CNode_258, [2]: ValueNode<Int64Imm> 1}
[WARNING] ANALYZER(278627,ffff931a8020,python):2026-09-11-21:50:08.055.783 [mindspore/ccsrc/frontend/jit/ps/static_analysis/auto_monad.cc:1592] ClearIsolatedNodes] Some side effect nodes were eliminated by mistake. The node is:@6405_get_query_key_value_tensors_259:_{[0]: ValueNode<FuncGraph> 6425__tuple_getitem_by_number_260, [1]: CNode_261, [2]: ValueNode<Int64Imm> 1}
[WARNING] ANALYZER(278627,ffff931a8020,python):2026-09-11-21:50:08.057.059 [mindspore/ccsrc/frontend/jit/ps/static_analysis/auto_monad.cc:1592] ClearIsolatedNodes] Some side effect nodes were eliminated by mistake. The node is:@242_↻mindformers_parallel_core_training_graph_transformer_transformer_block_TransformerBlock_construct_262:context{[0]: ValueNode<FuncGraph> 5924__tuple_getitem_by_number_263, [1]: CNode_264, [2]: ValueNode<Int64Imm> 1}
[WARNING] ANALYZER(278627,ffff931a8020,python):2026-09-11-21:50:08.057.962 [mindspore/ccsrc/frontend/jit/ps/static_analysis/auto_monad.cc:1592] ClearIsolatedNodes] Some side effect nodes were eliminated by mistake. The node is:@6224_get_query_key_value_tensors_265:_{[0]: ValueNode<FuncGraph> 6244__tuple_getitem_by_number_266, [1]: CNode_267, [2]: ValueNode<Int64Imm> 1}
[WARNING] ANALYZER(278627,ffff931a8020,python):2026-09-11-21:50:08.059.337 [mindspore/ccsrc/frontend/jit/ps/static_analysis/auto_monad.cc:1592] ClearIsolatedNodes] Some side effect nodes were eliminated by mistake. The node is:@244_↻mindformers_parallel_core_training_graph_transformer_transformer_block_TransformerBlock_construct_268:context{[0]: ValueNode<FuncGraph> 5743__tuple_getitem_by_number_269, [1]: CNode_270, [2]: ValueNode<Int64Imm> 1}
[WARNING] ANALYZER(278627,ffff931a8020,python):2026-09-11-21:50:08.060.332 [mindspore/ccsrc/frontend/jit/ps/static_analysis/auto_monad.cc:1592] ClearIsolatedNodes] Some side effect nodes were eliminated by mistake. The node is:@6043_get_query_key_value_tensors_271:_{[0]: ValueNode<FuncGraph> 6063__tuple_getitem_by_number_272, [1]: CNode_273, [2]: ValueNode<Int64Imm> 1}
[WARNING] ANALYZER(278627,ffff931a8020,python):2026-09-11-21:50:08.061.819 [mindspore/ccsrc/frontend/jit/ps/static_analysis/auto_monad.cc:1592] ClearIsolatedNodes] Some side effect nodes were eliminated by mistake. The node is:@246_↻mindformers_parallel_core_training_graph_transformer_transformer_block_TransformerBlock_construct_274:context{[0]: ValueNode<FuncGraph> 5562__tuple_getitem_by_number_275, [1]: CNode_276, [2]: ValueNode<Int64Imm> 1}
[WARNING] ANALYZER(278627,ffff931a8020,python):2026-09-11-21:50:08.062.979 [mindspore/ccsrc/frontend/jit/ps/static_analysis/auto_monad.cc:1592] ClearIsolatedNodes] Some side effect nodes were eliminated by mistake. The node is:@5862_get_query_key_value_tensors_277:_{[0]: ValueNode<FuncGraph> 5882__tuple_getitem_by_number_278, [1]: CNode_279, [2]: ValueNode<Int64Imm> 1}
[WARNING] ANALYZER(278627,ffff931a8020,python):2026-09-11-21:50:08.064.509 [mindspore/ccsrc/frontend/jit/ps/static_analysis/auto_monad.cc:1592] ClearIsolatedNodes] Some side effect nodes were eliminated by mistake. The node is:@248_↻mindformers_parallel_core_training_graph_transformer_transformer_block_TransformerBlock_construct_280:context{[0]: ValueNode<FuncGraph> 5381__tuple_getitem_by_number_281, [1]: CNode_282, [2]: ValueNode<Int64Imm> 1}
[WARNING] ANALYZER(278627,ffff931a8020,python):2026-09-11-21:50:08.065.719 [mindspore/ccsrc/frontend/jit/ps/static_analysis/auto_monad.cc:1592] ClearIsolatedNodes] Some side effect nodes were eliminated by mistake. The node is:@5681_get_query_key_value_tensors_283:_{[0]: ValueNode<FuncGraph> 5701__tuple_getitem_by_number_284, [1]: CNode_285, [2]: ValueNode<Int64Imm> 1}
[WARNING] ANALYZER(278627,ffff931a8020,python):2026-09-11-21:50:08.067.338 [mindspore/ccsrc/frontend/jit/ps/static_analysis/auto_monad.cc:1592] ClearIsolatedNodes] Some side effect nodes were eliminated by mistake. The node is:@250_↻mindformers_parallel_core_training_graph_transformer_transformer_block_TransformerBlock_construct_286:context{[0]: ValueNode<FuncGraph> 5200__tuple_getitem_by_number_287, [1]: CNode_288, [2]: ValueNode<Int64Imm> 1}
[WARNING] ANALYZER(278627,ffff931a8020,python):2026-09-11-21:50:08.068.637 [mindspore/ccsrc/frontend/jit/ps/static_analysis/auto_monad.cc:1592] ClearIsolatedNodes] Some side effect nodes were eliminated by mistake. The node is:@5500_get_query_key_value_tensors_289:_{[0]: ValueNode<FuncGraph> 5520__tuple_getitem_by_number_290, [1]: CNode_291, [2]: ValueNode<Int64Imm> 1}
[WARNING] ANALYZER(278627,ffff931a8020,python):2026-09-11-21:50:08.070.309 [mindspore/ccsrc/frontend/jit/ps/static_analysis/auto_monad.cc:1592] ClearIsolatedNodes] Some side effect nodes were eliminated by mistake. The node is:@252_↻mindformers_parallel_core_training_graph_transformer_transformer_block_TransformerBlock_construct_292:context{[0]: ValueNode<FuncGraph> 5019__tuple_getitem_by_number_293, [1]: CNode_294, [2]: ValueNode<Int64Imm> 1}
[WARNING] ANALYZER(278627,ffff931a8020,python):2026-09-11-21:50:08.071.590 [mindspore/ccsrc/frontend/jit/ps/static_analysis/auto_monad.cc:1592] ClearIsolatedNodes] Some side effect nodes were eliminated by mistake. The node is:@5319_get_query_key_value_tensors_295:_{[0]: ValueNode<FuncGraph> 5339__tuple_getitem_by_number_296, [1]: CNode_297, [2]: ValueNode<Int64Imm> 1}
[WARNING] ANALYZER(278627,ffff931a8020,python):2026-09-11-21:50:08.073.266 [mindspore/ccsrc/frontend/jit/ps/static_analysis/auto_monad.cc:1592] ClearIsolatedNodes] Some side effect nodes were eliminated by mistake. The node is:@254_↻mindformers_parallel_core_training_graph_transformer_transformer_block_TransformerBlock_construct_298:context{[0]: ValueNode<FuncGraph> 4838__tuple_getitem_by_number_299, [1]: CNode_300, [2]: ValueNode<Int64Imm> 1}
[WARNING] ANALYZER(278627,ffff931a8020,python):2026-09-11-21:50:08.074.648 [mindspore/ccsrc/frontend/jit/ps/static_analysis/auto_monad.cc:1592] ClearIsolatedNodes] Some side effect nodes were eliminated by mistake. The node is:@5138_get_query_key_value_tensors_301:_{[0]: ValueNode<FuncGraph> 5158__tuple_getitem_by_number_302, [1]: CNode_303, [2]: ValueNode<Int64Imm> 1}
[WARNING] ANALYZER(278627,ffff931a8020,python):2026-09-11-21:50:08.076.445 [mindspore/ccsrc/frontend/jit/ps/static_analysis/auto_monad.cc:1592] ClearIsolatedNodes] Some side effect nodes were eliminated by mistake. The node is:@256_↻mindformers_parallel_core_training_graph_transformer_transformer_block_TransformerBlock_construct_304:context{[0]: ValueNode<FuncGraph> 4657__tuple_getitem_by_number_305, [1]: CNode_306, [2]: ValueNode<Int64Imm> 1}
[WARNING] ANALYZER(278627,ffff931a8020,python):2026-09-11-21:50:08.077.899 [mindspore/ccsrc/frontend/jit/ps/static_analysis/auto_monad.cc:1592] ClearIsolatedNodes] Some side effect nodes were eliminated by mistake. The node is:@4957_get_query_key_value_tensors_307:_{[0]: ValueNode<FuncGraph> 4977__tuple_getitem_by_number_308, [1]: CNode_309, [2]: ValueNode<Int64Imm> 1}
[WARNING] ANALYZER(278627,ffff931a8020,python):2026-09-11-21:50:08.079.756 [mindspore/ccsrc/frontend/jit/ps/static_analysis/auto_monad.cc:1592] ClearIsolatedNodes] Some side effect nodes were eliminated by mistake. The node is:@258_↻mindformers_parallel_core_training_graph_transformer_transformer_block_TransformerBlock_construct_310:context{[0]: ValueNode<FuncGraph> 4476__tuple_getitem_by_number_311, [1]: CNode_312, [2]: ValueNode<Int64Imm> 1}
[WARNING] ANALYZER(278627,ffff931a8020,python):2026-09-11-21:50:08.081.219 [mindspore/ccsrc/frontend/jit/ps/static_analysis/auto_monad.cc:1592] ClearIsolatedNodes] Some side effect nodes were eliminated by mistake. The node is:@4776_get_query_key_value_tensors_313:_{[0]: ValueNode<FuncGraph> 4796__tuple_getitem_by_number_314, [1]: CNode_315, [2]: ValueNode<Int64Imm> 1}
[WARNING] ANALYZER(278627,ffff931a8020,python):2026-09-11-21:50:08.083.059 [mindspore/ccsrc/frontend/jit/ps/static_analysis/auto_monad.cc:1592] ClearIsolatedNodes] Some side effect nodes were eliminated by mistake. The node is:@260_↻mindformers_parallel_core_training_graph_transformer_transformer_block_TransformerBlock_construct_316:context{[0]: ValueNode<FuncGraph> 4295__tuple_getitem_by_number_317, [1]: CNode_318, [2]: ValueNode<Int64Imm> 1}
[WARNING] ANALYZER(278627,ffff931a8020,python):2026-09-11-21:50:08.084.523 [mindspore/ccsrc/frontend/jit/ps/static_analysis/auto_monad.cc:1592] ClearIsolatedNodes] Some side effect nodes were eliminated by mistake. The node is:@4595_get_query_key_value_tensors_319:_{[0]: ValueNode<FuncGraph> 4615__tuple_getitem_by_number_320, [1]: CNode_321, [2]: ValueNode<Int64Imm> 1}
[WARNING] ANALYZER(278627,ffff931a8020,python):2026-09-11-21:50:08.086.379 [mindspore/ccsrc/frontend/jit/ps/static_analysis/auto_monad.cc:1592] ClearIsolatedNodes] Some side effect nodes were eliminated by mistake. The node is:@262_↻mindformers_parallel_core_training_graph_transformer_transformer_block_TransformerBlock_construct_322:context{[0]: ValueNode<FuncGraph> 4114__tuple_getitem_by_number_323, [1]: CNode_324, [2]: ValueNode<Int64Imm> 1}
[WARNING] ANALYZER(278627,ffff931a8020,python):2026-09-11-21:50:08.087.860 [mindspore/ccsrc/frontend/jit/ps/static_analysis/auto_monad.cc:1592] ClearIsolatedNodes] Some side effect nodes were eliminated by mistake. The node is:@4414_get_query_key_value_tensors_325:_{[0]: ValueNode<FuncGraph> 4434__tuple_getitem_by_number_326, [1]: CNode_327, [2]: ValueNode<Int64Imm> 1}
[WARNING] ANALYZER(278627,ffff931a8020,python):2026-09-11-21:50:08.089.778 [mindspore/ccsrc/frontend/jit/ps/static_analysis/auto_monad.cc:1592] ClearIsolatedNodes] Some side effect nodes were eliminated by mistake. The node is:@264_↻mindformers_parallel_core_training_graph_transformer_transformer_block_TransformerBlock_construct_328:context{[0]: ValueNode<FuncGraph> 3933__tuple_getitem_by_number_329, [1]: CNode_330, [2]: ValueNode<Int64Imm> 1}
[WARNING] ANALYZER(278627,ffff931a8020,python):2026-09-11-21:50:08.091.230 [mindspore/ccsrc/frontend/jit/ps/static_analysis/auto_monad.cc:1592] ClearIsolatedNodes] Some side effect nodes were eliminated by mistake. The node is:@4233_get_query_key_value_tensors_331:_{[0]: ValueNode<FuncGraph> 4253__tuple_getitem_by_number_332, [1]: CNode_333, [2]: ValueNode<Int64Imm> 1}
[WARNING] ANALYZER(278627,ffff931a8020,python):2026-09-11-21:50:08.093.190 [mindspore/ccsrc/frontend/jit/ps/static_analysis/auto_monad.cc:1592] ClearIsolatedNodes] Some side effect nodes were eliminated by mistake. The node is:@266_↻mindformers_parallel_core_training_graph_transformer_transformer_block_TransformerBlock_construct_334:context{[0]: ValueNode<FuncGraph> 3752__tuple_getitem_by_number_335, [1]: CNode_336, [2]: ValueNode<Int64Imm> 1}
[WARNING] ANALYZER(278627,ffff931a8020,python):2026-09-11-21:50:08.094.716 [mindspore/ccsrc/frontend/jit/ps/static_analysis/auto_monad.cc:1592] ClearIsolatedNodes] Some side effect nodes were eliminated by mistake. The node is:@4052_get_query_key_value_tensors_337:_{[0]: ValueNode<FuncGraph> 4072__tuple_getitem_by_number_338, [1]: CNode_339, [2]: ValueNode<Int64Imm> 1}
[WARNING] ANALYZER(278627,ffff931a8020,python):2026-09-11-21:50:08.096.881 [mindspore/ccsrc/frontend/jit/ps/static_analysis/auto_monad.cc:1592] ClearIsolatedNodes] Some side effect nodes were eliminated by mistake. The node is:@268_↻mindformers_parallel_core_training_graph_transformer_transformer_block_TransformerBlock_construct_340:context{[0]: ValueNode<FuncGraph> 3571__tuple_getitem_by_number_341, [1]: CNode_342, [2]: ValueNode<Int64Imm> 1}
[WARNING] ANALYZER(278627,ffff931a8020,python):2026-09-11-21:50:08.098.478 [mindspore/ccsrc/frontend/jit/ps/static_analysis/auto_monad.cc:1592] ClearIsolatedNodes] Some side effect nodes were eliminated by mistake. The node is:@3871_get_query_key_value_tensors_343:_{[0]: ValueNode<FuncGraph> 3891__tuple_getitem_by_number_344, [1]: CNode_345, [2]: ValueNode<Int64Imm> 1}
[WARNING] ANALYZER(278627,ffff931a8020,python):2026-09-11-21:50:08.100.465 [mindspore/ccsrc/frontend/jit/ps/static_analysis/auto_monad.cc:1592] ClearIsolatedNodes] Some side effect nodes were eliminated by mistake. The node is:@270_↻mindformers_parallel_core_training_graph_transformer_transformer_block_TransformerBlock_construct_346:context{[0]: ValueNode<FuncGraph> 3390__tuple_getitem_by_number_347, [1]: CNode_348, [2]: ValueNode<Int64Imm> 1}
[WARNING] ANALYZER(278627,ffff931a8020,python):2026-09-11-21:50:08.102.067 [mindspore/ccsrc/frontend/jit/ps/static_analysis/auto_monad.cc:1592] ClearIsolatedNodes] Some side effect nodes were eliminated by mistake. The node is:@3690_get_query_key_value_tensors_349:_{[0]: ValueNode<FuncGraph> 3710__tuple_getitem_by_number_350, [1]: CNode_351, [2]: ValueNode<Int64Imm> 1}
[WARNING] ANALYZER(278627,ffff931a8020,python):2026-09-11-21:50:08.104.047 [mindspore/ccsrc/frontend/jit/ps/static_analysis/auto_monad.cc:1592] ClearIsolatedNodes] Some side effect nodes were eliminated by mistake. The node is:@272_↻mindformers_parallel_core_training_graph_transformer_transformer_block_TransformerBlock_construct_352:context{[0]: ValueNode<FuncGraph> 3209__tuple_getitem_by_number_353, [1]: CNode_354, [2]: ValueNode<Int64Imm> 1}
[WARNING] ANALYZER(278627,ffff931a8020,python):2026-09-11-21:50:08.105.542 [mindspore/ccsrc/frontend/jit/ps/static_analysis/auto_monad.cc:1592] ClearIsolatedNodes] Some side effect nodes were eliminated by mistake. The node is:@3509_get_query_key_value_tensors_355:_{[0]: ValueNode<FuncGraph> 3529__tuple_getitem_by_number_356, [1]: CNode_357, [2]: ValueNode<Int64Imm> 1}
[WARNING] ANALYZER(278627,ffff931a8020,python):2026-09-11-21:50:08.107.469 [mindspore/ccsrc/frontend/jit/ps/static_analysis/auto_monad.cc:1592] ClearIsolatedNodes] Some side effect nodes were eliminated by mistake. The node is:@274_↻mindformers_parallel_core_training_graph_transformer_transformer_block_TransformerBlock_construct_358:context{[0]: ValueNode<FuncGraph> 3028__tuple_getitem_by_number_359, [1]: CNode_360, [2]: ValueNode<Int64Imm> 1}
[WARNING] ANALYZER(278627,ffff931a8020,python):2026-09-11-21:50:08.108.918 [mindspore/ccsrc/frontend/jit/ps/static_analysis/auto_monad.cc:1592] ClearIsolatedNodes] Some side effect nodes were eliminated by mistake. The node is:@3328_get_query_key_value_tensors_361:_{[0]: ValueNode<FuncGraph> 3348__tuple_getitem_by_number_362, [1]: CNode_363, [2]: ValueNode<Int64Imm> 1}
[WARNING] ANALYZER(278627,ffff931a8020,python):2026-09-11-21:50:08.110.775 [mindspore/ccsrc/frontend/jit/ps/static_analysis/auto_monad.cc:1592] ClearIsolatedNodes] Some side effect nodes were eliminated by mistake. The node is:@276_↻mindformers_parallel_core_training_graph_transformer_transformer_block_TransformerBlock_construct_364:context{[0]: ValueNode<FuncGraph> 2847__tuple_getitem_by_number_365, [1]: CNode_366, [2]: ValueNode<Int64Imm> 1}
[WARNING] ANALYZER(278627,ffff931a8020,python):2026-09-11-21:50:08.112.189 [mindspore/ccsrc/frontend/jit/ps/static_analysis/auto_monad.cc:1592] ClearIsolatedNodes] Some side effect nodes were eliminated by mistake. The node is:@3147_get_query_key_value_tensors_367:_{[0]: ValueNode<FuncGraph> 3167__tuple_getitem_by_number_368, [1]: CNode_369, [2]: ValueNode<Int64Imm> 1}
[WARNING] ANALYZER(278627,ffff931a8020,python):2026-09-11-21:50:08.114.084 [mindspore/ccsrc/frontend/jit/ps/static_analysis/auto_monad.cc:1592] ClearIsolatedNodes] Some side effect nodes were eliminated by mistake. The node is:@278_↻mindformers_parallel_core_training_graph_transformer_transformer_block_TransformerBlock_construct_370:context{[0]: ValueNode<FuncGraph> 2666__tuple_getitem_by_number_371, [1]: CNode_372, [2]: ValueNode<Int64Imm> 1}
[WARNING] ANALYZER(278627,ffff931a8020,python):2026-09-11-21:50:08.115.581 [mindspore/ccsrc/frontend/jit/ps/static_analysis/auto_monad.cc:1592] ClearIsolatedNodes] Some side effect nodes were eliminated by mistake. The node is:@2966_get_query_key_value_tensors_373:_{[0]: ValueNode<FuncGraph> 2986__tuple_getitem_by_number_374, [1]: CNode_375, [2]: ValueNode<Int64Imm> 1}
[WARNING] ANALYZER(278627,ffff931a8020,python):2026-09-11-21:50:08.120.908 [mindspore/ccsrc/frontend/jit/ps/static_analysis/auto_monad.cc:1592] ClearIsolatedNodes] Some side effect nodes were eliminated by mistake. The node is:@280_↻mindformers_parallel_core_training_graph_transformer_transformer_block_TransformerBlock_construct_376:context{[0]: ValueNode<FuncGraph> 2485__tuple_getitem_by_number_377, [1]: CNode_378, [2]: ValueNode<Int64Imm> 1}
[WARNING] ANALYZER(278627,ffff931a8020,python):2026-09-11-21:50:08.122.960 [mindspore/ccsrc/frontend/jit/ps/static_analysis/auto_monad.cc:1592] ClearIsolatedNodes] Some side effect nodes were eliminated by mistake. The node is:@2785_get_query_key_value_tensors_379:_{[0]: ValueNode<FuncGraph> 2805__tuple_getitem_by_number_380, [1]: CNode_381, [2]: ValueNode<Int64Imm> 1}
[WARNING] ANALYZER(278627,ffff931a8020,python):2026-09-11-21:50:08.125.640 [mindspore/ccsrc/frontend/jit/ps/static_analysis/auto_monad.cc:1592] ClearIsolatedNodes] Some side effect nodes were eliminated by mistake. The node is:@282_↻mindformers_parallel_core_training_graph_transformer_transformer_block_TransformerBlock_construct_382:context{[0]: ValueNode<FuncGraph> 2304__tuple_getitem_by_number_383, [1]: CNode_384, [2]: ValueNode<Int64Imm> 1}
[WARNING] ANALYZER(278627,ffff931a8020,python):2026-09-11-21:50:08.127.543 [mindspore/ccsrc/frontend/jit/ps/static_analysis/auto_monad.cc:1592] ClearIsolatedNodes] Some side effect nodes were eliminated by mistake. The node is:@2604_get_query_key_value_tensors_385:_{[0]: ValueNode<FuncGraph> 2624__tuple_getitem_by_number_386, [1]: CNode_387, [2]: ValueNode<Int64Imm> 1}
[WARNING] ANALYZER(278627,ffff931a8020,python):2026-09-11-21:50:08.129.970 [mindspore/ccsrc/frontend/jit/ps/static_analysis/auto_monad.cc:1592] ClearIsolatedNodes] Some side effect nodes were eliminated by mistake. The node is:@284_↻mindformers_parallel_core_training_graph_transformer_transformer_block_TransformerBlock_construct_388:context{[0]: ValueNode<FuncGraph> 2123__tuple_getitem_by_number_389, [1]: CNode_390, [2]: ValueNode<Int64Imm> 1}
[WARNING] ANALYZER(278627,ffff931a8020,python):2026-09-11-21:50:08.131.915 [mindspore/ccsrc/frontend/jit/ps/static_analysis/auto_monad.cc:1592] ClearIsolatedNodes] Some side effect nodes were eliminated by mistake. The node is:@2423_get_query_key_value_tensors_391:_{[0]: ValueNode<FuncGraph> 2443__tuple_getitem_by_number_392, [1]: CNode_393, [2]: ValueNode<Int64Imm> 1}
[WARNING] ANALYZER(278627,ffff931a8020,python):2026-09-11-21:50:08.135.928 [mindspore/ccsrc/frontend/jit/ps/static_analysis/auto_monad.cc:1592] ClearIsolatedNodes] Some side effect nodes were eliminated by mistake. The node is:@286_↻mindformers_parallel_core_training_graph_transformer_transformer_block_TransformerBlock_construct_394:context{[0]: ValueNode<FuncGraph> 1942__tuple_getitem_by_number_395, [1]: CNode_396, [2]: ValueNode<Int64Imm> 1}
[WARNING] ANALYZER(278627,ffff931a8020,python):2026-09-11-21:50:08.138.011 [mindspore/ccsrc/frontend/jit/ps/static_analysis/auto_monad.cc:1592] ClearIsolatedNodes] Some side effect nodes were eliminated by mistake. The node is:@2242_get_query_key_value_tensors_397:_{[0]: ValueNode<FuncGraph> 2262__tuple_getitem_by_number_398, [1]: CNode_399, [2]: ValueNode<Int64Imm> 1}
[WARNING] ANALYZER(278627,ffff931a8020,python):2026-09-11-21:50:08.144.015 [mindspore/ccsrc/frontend/jit/ps/static_analysis/auto_monad.cc:1592] ClearIsolatedNodes] Some side effect nodes were eliminated by mistake. The node is:@288_↻mindformers_parallel_core_training_graph_transformer_transformer_block_TransformerBlock_construct_400:context{[0]: ValueNode<FuncGraph> 1761__tuple_getitem_by_number_401, [1]: CNode_402, [2]: ValueNode<Int64Imm> 1}
[WARNING] ANALYZER(278627,ffff931a8020,python):2026-09-11-21:50:08.146.896 [mindspore/ccsrc/frontend/jit/ps/static_analysis/auto_monad.cc:1592] ClearIsolatedNodes] Some side effect nodes were eliminated by mistake. The node is:@2061_get_query_key_value_tensors_403:_{[0]: ValueNode<FuncGraph> 2081__tuple_getitem_by_number_404, [1]: CNode_405, [2]: ValueNode<Int64Imm> 1}
[WARNING] ANALYZER(278627,ffff931a8020,python):2026-09-11-21:50:08.149.920 [mindspore/ccsrc/frontend/jit/ps/static_analysis/auto_monad.cc:1592] ClearIsolatedNodes] Some side effect nodes were eliminated by mistake. The node is:@290_↻mindformers_parallel_core_training_graph_transformer_transformer_block_TransformerBlock_construct_406:context{[0]: ValueNode<FuncGraph> 1580__tuple_getitem_by_number_407, [1]: CNode_408, [2]: ValueNode<Int64Imm> 1}
[WARNING] ANALYZER(278627,ffff931a8020,python):2026-09-11-21:50:08.152.126 [mindspore/ccsrc/frontend/jit/ps/static_analysis/auto_monad.cc:1592] ClearIsolatedNodes] Some side effect nodes were eliminated by mistake. The node is:@1880_get_query_key_value_tensors_409:_{[0]: ValueNode<FuncGraph> 1900__tuple_getitem_by_number_410, [1]: CNode_411, [2]: ValueNode<Int64Imm> 1}
[WARNING] ANALYZER(278627,ffff931a8020,python):2026-09-11-21:50:08.154.806 [mindspore/ccsrc/frontend/jit/ps/static_analysis/auto_monad.cc:1592] ClearIsolatedNodes] Some side effect nodes were eliminated by mistake. The node is:@292_↻mindformers_parallel_core_training_graph_transformer_transformer_block_TransformerBlock_construct_412:context{[0]: ValueNode<FuncGraph> 1399__tuple_getitem_by_number_413, [1]: CNode_414, [2]: ValueNode<Int64Imm> 1}
[WARNING] ANALYZER(278627,ffff931a8020,python):2026-09-11-21:50:08.156.936 [mindspore/ccsrc/frontend/jit/ps/static_analysis/auto_monad.cc:1592] ClearIsolatedNodes] Some side effect nodes were eliminated by mistake. The node is:@1699_get_query_key_value_tensors_415:_{[0]: ValueNode<FuncGraph> 1719__tuple_getitem_by_number_416, [1]: CNode_417, [2]: ValueNode<Int64Imm> 1}
[WARNING] ANALYZER(278627,ffff931a8020,python):2026-09-11-21:50:08.159.750 [mindspore/ccsrc/frontend/jit/ps/static_analysis/auto_monad.cc:1592] ClearIsolatedNodes] Some side effect nodes were eliminated by mistake. The node is:@294_↻mindformers_parallel_core_training_graph_transformer_transformer_block_TransformerBlock_construct_418:context{[0]: ValueNode<FuncGraph> 1218__tuple_getitem_by_number_419, [1]: CNode_420, [2]: ValueNode<Int64Imm> 1}
[WARNING] ANALYZER(278627,ffff931a8020,python):2026-09-11-21:50:08.161.865 [mindspore/ccsrc/frontend/jit/ps/static_analysis/auto_monad.cc:1592] ClearIsolatedNodes] Some side effect nodes were eliminated by mistake. The node is:@1518_get_query_key_value_tensors_421:_{[0]: ValueNode<FuncGraph> 1538__tuple_getitem_by_number_422, [1]: CNode_423, [2]: ValueNode<Int64Imm> 1}
[WARNING] ANALYZER(278627,ffff931a8020,python):2026-09-11-21:50:08.164.568 [mindspore/ccsrc/frontend/jit/ps/static_analysis/auto_monad.cc:1592] ClearIsolatedNodes] Some side effect nodes were eliminated by mistake. The node is:@296_↻mindformers_parallel_core_training_graph_transformer_transformer_block_TransformerBlock_construct_424:context{[0]: ValueNode<FuncGraph> 1037__tuple_getitem_by_number_425, [1]: CNode_426, [2]: ValueNode<Int64Imm> 1}
[WARNING] ANALYZER(278627,ffff931a8020,python):2026-09-11-21:50:08.166.365 [mindspore/ccsrc/frontend/jit/ps/static_analysis/auto_monad.cc:1592] ClearIsolatedNodes] Some side effect nodes were eliminated by mistake. The node is:@1337_get_query_key_value_tensors_427:_{[0]: ValueNode<FuncGraph> 1357__tuple_getitem_by_number_428, [1]: CNode_429, [2]: ValueNode<Int64Imm> 1}
[WARNING] ANALYZER(278627,ffff931a8020,python):2026-09-11-21:50:08.168.777 [mindspore/ccsrc/frontend/jit/ps/static_analysis/auto_monad.cc:1592] ClearIsolatedNodes] Some side effect nodes were eliminated by mistake. The node is:@298_↻mindformers_parallel_core_training_graph_transformer_transformer_block_TransformerBlock_construct_430:context{[0]: ValueNode<FuncGraph> 856__tuple_getitem_by_number_431, [1]: CNode_432, [2]: ValueNode<Int64Imm> 1}
[WARNING] ANALYZER(278627,ffff931a8020,python):2026-09-11-21:50:08.170.614 [mindspore/ccsrc/frontend/jit/ps/static_analysis/auto_monad.cc:1592] ClearIsolatedNodes] Some side effect nodes were eliminated by mistake. The node is:@1156_get_query_key_value_tensors_433:_{[0]: ValueNode<FuncGraph> 1176__tuple_getitem_by_number_434, [1]: CNode_435, [2]: ValueNode<Int64Imm> 1}
[WARNING] ANALYZER(278627,ffff931a8020,python):2026-09-11-21:50:08.172.823 [mindspore/ccsrc/frontend/jit/ps/static_analysis/auto_monad.cc:1592] ClearIsolatedNodes] Some side effect nodes were eliminated by mistake. The node is:@300_↻mindformers_parallel_core_training_graph_transformer_transformer_block_TransformerBlock_construct_436:context{[0]: ValueNode<FuncGraph> 675__tuple_getitem_by_number_437, [1]: CNode_438, [2]: ValueNode<Int64Imm> 1}
[WARNING] ANALYZER(278627,ffff931a8020,python):2026-09-11-21:50:08.174.464 [mindspore/ccsrc/frontend/jit/ps/static_analysis/auto_monad.cc:1592] ClearIsolatedNodes] Some side effect nodes were eliminated by mistake. The node is:@975_get_query_key_value_tensors_439:_{[0]: ValueNode<FuncGraph> 995__tuple_getitem_by_number_440, [1]: CNode_441, [2]: ValueNode<Int64Imm> 1}
[WARNING] ANALYZER(278627,ffff931a8020,python):2026-09-11-21:50:08.176.618 [mindspore/ccsrc/frontend/jit/ps/static_analysis/auto_monad.cc:1592] ClearIsolatedNodes] Some side effect nodes were eliminated by mistake. The node is:@302_↻mindformers_parallel_core_training_graph_transformer_transformer_block_TransformerBlock_construct_442:context{[0]: ValueNode<FuncGraph> 494__tuple_getitem_by_number_443, [1]: CNode_444, [2]: ValueNode<Int64Imm> 1}
[WARNING] ANALYZER(278627,ffff931a8020,python):2026-09-11-21:50:08.178.261 [mindspore/ccsrc/frontend/jit/ps/static_analysis/auto_monad.cc:1592] ClearIsolatedNodes] Some side effect nodes were eliminated by mistake. The node is:@794_get_query_key_value_tensors_445:_{[0]: ValueNode<FuncGraph> 814__tuple_getitem_by_number_446, [1]: CNode_447, [2]: ValueNode<Int64Imm> 1}
[WARNING] ANALYZER(278627,ffff931a8020,python):2026-09-11-21:50:08.182.098 [mindspore/ccsrc/frontend/jit/ps/static_analysis/auto_monad.cc:1592] ClearIsolatedNodes] Some side effect nodes were eliminated by mistake. The node is:@613_get_query_key_value_tensors_448:_{[0]: ValueNode<FuncGraph> 633__tuple_getitem_by_number_449, [1]: CNode_450, [2]: ValueNode<Int64Imm> 1}
[WARNING] ANALYZER(278627,ffff931a8020,python):2026-09-11-21:50:08.185.697 [mindspore/ccsrc/frontend/jit/ps/static_analysis/auto_monad.cc:1592] ClearIsolatedNodes] Some side effect nodes were eliminated by mistake. The node is:@427_get_query_key_value_tensors_451:_{[0]: ValueNode<FuncGraph> 447__tuple_getitem_by_number_452, [1]: CNode_453, [2]: ValueNode<Int64Imm> 1}
[WARNING] PARALLEL(278627,ffff931a8020,python):2026-09-11-21:50:17.757.711 [mindspore/ccsrc/frontend/parallel/pipeline_transformer/pipeline_transformer.cc:259] MainGraph] Pipeline Parallel with no 'lazy_inline' is deprecated, '@lazy_inline' should be enabled
[WARNING] PARALLEL(278627,ffff931a8020,python):2026-09-11-21:50:19.125.123 [mindspore/ccsrc/frontend/parallel/ops_info/reduce_method_info.cc:353] CheckStrategy] ArgMaxWithValueInfo55 CheckStrategy for ArgMaxWithValueInfo, the strategy corresponding to axis is not one, real strategy is  4, the output index may be not compatible with the stand alone Primitive
[WARNING] PARALLEL(278627,ffff931a8020,python):2026-09-11-21:50:19.128.073 [mindspore/ccsrc/frontend/parallel/ops_info/self_define_shard_info.cc:104] CheckInputLayout] Use self define shard for SelfDefineShardInfo2828. User needs to ensure the accuracy and correctness of input/output layout, and framework will only do basic check.
[WARNING] PARALLEL(278627,ffff931a8020,python):2026-09-11-21:50:19.128.748 [mindspore/ccsrc/frontend/parallel/ops_info/self_define_shard_info.cc:104] CheckInputLayout] Use self define shard for SelfDefineShardInfo3333. User needs to ensure the accuracy and correctness of input/output layout, and framework will only do basic check.
[WARNING] PARALLEL(278627,ffff931a8020,python):2026-09-11-21:50:19.128.951 [mindspore/ccsrc/frontend/parallel/ops_info/self_define_shard_info.cc:104] CheckInputLayout] Use self define shard for SelfDefineShardInfo3434. User needs to ensure the accuracy and correctness of input/output layout, and framework will only do basic check.
[WARNING] PARALLEL(278627,ffff931a8020,python):2026-09-11-21:50:19.129.564 [mindspore/ccsrc/frontend/parallel/ops_info/self_define_shard_info.cc:104] CheckInputLayout] Use self define shard for SelfDefineShardInfo3838. User needs to ensure the accuracy and correctness of input/output layout, and framework will only do basic check.
[WARNING] PARALLEL(278627,ffff931a8020,python):2026-09-11-21:50:19.130.162 [mindspore/ccsrc/frontend/parallel/ops_info/self_define_shard_info.cc:104] CheckInputLayout] Use self define shard for SelfDefineShardInfo4242. User needs to ensure the accuracy and correctness of input/output layout, and framework will only do basic check.
[WARNING] PARALLEL(278627,ffff931a8020,python):2026-09-11-21:50:19.130.342 [mindspore/ccsrc/frontend/parallel/ops_info/self_define_shard_info.cc:104] CheckInputLayout] Use self define shard for SelfDefineShardInfo4343. User needs to ensure the accuracy and correctness of input/output layout, and framework will only do basic check.
[WARNING] PARALLEL(278627,ffff931a8020,python):2026-09-11-21:50:19.133.341 [mindspore/ccsrc/frontend/parallel/ops_info/self_define_shard_info.cc:104] CheckInputLayout] Use self define shard for SelfDefineShardInfo6868. User needs to ensure the accuracy and correctness of input/output layout, and framework will only do basic check.
[WARNING] PARALLEL(278627,ffff931a8020,python):2026-09-11-21:50:19.133.961 [mindspore/ccsrc/frontend/parallel/ops_info/self_define_shard_info.cc:104] CheckInputLayout] Use self define shard for SelfDefineShardInfo7373. User needs to ensure the accuracy and correctness of input/output layout, and framework will only do basic check.
[WARNING] PARALLEL(278627,ffff931a8020,python):2026-09-11-21:50:19.134.140 [mindspore/ccsrc/frontend/parallel/ops_info/self_define_shard_info.cc:104] CheckInputLayout] Use self define shard for SelfDefineShardInfo7474. User needs to ensure the accuracy and correctness of input/output layout, and framework will only do basic check.
[WARNING] PARALLEL(278627,ffff931a8020,python):2026-09-11-21:50:19.134.690 [mindspore/ccsrc/frontend/parallel/ops_info/self_define_shard_info.cc:104] CheckInputLayout] Use self define shard for SelfDefineShardInfo7878. User needs to ensure the accuracy and correctness of input/output layout, and framework will only do basic check.
[WARNING] PARALLEL(278627,ffff931a8020,python):2026-09-11-21:50:19.135.196 [mindspore/ccsrc/frontend/parallel/ops_info/self_define_shard_info.cc:104] CheckInputLayout] Use self define shard for SelfDefineShardInfo8282. User needs to ensure the accuracy and correctness of input/output layout, and framework will only do basic check.
[WARNING] PARALLEL(278627,ffff931a8020,python):2026-09-11-21:50:19.135.357 [mindspore/ccsrc/frontend/parallel/ops_info/self_define_shard_info.cc:104] CheckInputLayout] Use self define shard for SelfDefineShardInfo8383. User needs to ensure the accuracy and correctness of input/output layout, and framework will only do basic check.
[WARNING] PARALLEL(278627,ffff931a8020,python):2026-09-11-21:50:19.138.006 [mindspore/ccsrc/frontend/parallel/ops_info/self_define_shard_info.cc:104] CheckInputLayout] Use self define shard for SelfDefineShardInfo108108. User needs to ensure the accuracy and correctness of input/output layout, and framework will only do basic check.
[WARNING] PARALLEL(278627,ffff931a8020,python):2026-09-11-21:50:19.138.582 [mindspore/ccsrc/frontend/parallel/ops_info/self_define_shard_info.cc:104] CheckInputLayout] Use self define shard for SelfDefineShardInfo113113. User needs to ensure the accuracy and correctness of input/output layout, and framework will only do basic check.
[WARNING] PARALLEL(278627,ffff931a8020,python):2026-09-11-21:50:19.138.758 [mindspore/ccsrc/frontend/parallel/ops_info/self_define_shard_info.cc:104] CheckInputLayout] Use self define shard for SelfDefineShardInfo114114. User needs to ensure the accuracy and correctness of input/output layout, and framework will only do basic check.
[WARNING] PARALLEL(278627,ffff931a8020,python):2026-09-11-21:50:19.139.233 [mindspore/ccsrc/frontend/parallel/ops_info/self_define_shard_info.cc:104] CheckInputLayout] Use self define shard for SelfDefineShardInfo118118. User needs to ensure the accuracy and correctness of input/output layout, and framework will only do basic check.
[WARNING] PARALLEL(278627,ffff931a8020,python):2026-09-11-21:50:19.139.706 [mindspore/ccsrc/frontend/parallel/ops_info/self_define_shard_info.cc:104] CheckInputLayout] Use self define shard for SelfDefineShardInfo122122. User needs to ensure the accuracy and correctness of input/output layout, and framework will only do basic check.
[WARNING] PARALLEL(278627,ffff931a8020,python):2026-09-11-21:50:19.139.881 [mindspore/ccsrc/frontend/parallel/ops_info/self_define_shard_info.cc:104] CheckInputLayout] Use self define shard for SelfDefineShardInfo123123. User needs to ensure the accuracy and correctness of input/output layout, and framework will only do basic check.
[WARNING] PARALLEL(278627,ffff931a8020,python):2026-09-11-21:50:19.142.381 [mindspore/ccsrc/frontend/parallel/ops_info/self_define_shard_info.cc:104] CheckInputLayout] Use self define shard for SelfDefineShardInfo148148. User needs to ensure the accuracy and correctness of input/output layout, and framework will only do basic check.
[WARNING] PARALLEL(278627,ffff931a8020,python):2026-09-11-21:50:19.142.900 [mindspore/ccsrc/frontend/parallel/ops_info/self_define_shard_info.cc:104] CheckInputLayout] Use self define shard for SelfDefineShardInfo153153. User needs to ensure the accuracy and correctness of input/output layout, and framework will only do basic check.
[WARNING] PARALLEL(278627,ffff931a8020,python):2026-09-11-21:50:19.143.067 [mindspore/ccsrc/frontend/parallel/ops_info/self_define_shard_info.cc:104] CheckInputLayout] Use self define shard for SelfDefineShardInfo154154. User needs to ensure the accuracy and correctness of input/output layout, and framework will only do basic check.
[WARNING] PARALLEL(278627,ffff931a8020,python):2026-09-11-21:50:19.143.513 [mindspore/ccsrc/frontend/parallel/ops_info/self_define_shard_info.cc:104] CheckInputLayout] Use self define shard for SelfDefineShardInfo158158. User needs to ensure the accuracy and correctness of input/output layout, and framework will only do basic check.
[WARNING] PARALLEL(278627,ffff931a8020,python):2026-09-11-21:50:19.143.974 [mindspore/ccsrc/frontend/parallel/ops_info/self_define_shard_info.cc:104] CheckInputLayout] Use self define shard for SelfDefineShardInfo162162. User needs to ensure the accuracy and correctness of input/output layout, and framework will only do basic check.
[WARNING] PARALLEL(278627,ffff931a8020,python):2026-09-11-21:50:19.144.123 [mindspore/ccsrc/frontend/parallel/ops_info/self_define_shard_info.cc:104] CheckInputLayout] Use self define shard for SelfDefineShardInfo163163. User needs to ensure the accuracy and correctness of input/output layout, and framework will only do basic check.
[WARNING] PARALLEL(278627,ffff931a8020,python):2026-09-11-21:50:19.146.572 [mindspore/ccsrc/frontend/parallel/ops_info/self_define_shard_info.cc:104] CheckInputLayout] Use self define shard for SelfDefineShardInfo188188. User needs to ensure the accuracy and correctness of input/output layout, and framework will only do basic check.
[WARNING] PARALLEL(278627,ffff931a8020,python):2026-09-11-21:50:19.147.120 [mindspore/ccsrc/frontend/parallel/ops_info/self_define_shard_info.cc:104] CheckInputLayout] Use self define shard for SelfDefineShardInfo193193. User needs to ensure the accuracy and correctness of input/output layout, and framework will only do basic check.
[WARNING] PARALLEL(278627,ffff931a8020,python):2026-09-11-21:50:19.147.285 [mindspore/ccsrc/frontend/parallel/ops_info/self_define_shard_info.cc:104] CheckInputLayout] Use self define shard for SelfDefineShardInfo194194. User needs to ensure the accuracy and correctness of input/output layout, and framework will only do basic check.
[WARNING] PARALLEL(278627,ffff931a8020,python):2026-09-11-21:50:19.147.754 [mindspore/ccsrc/frontend/parallel/ops_info/self_define_shard_info.cc:104] CheckInputLayout] Use self define shard for SelfDefineShardInfo198198. User needs to ensure the accuracy and correctness of input/output layout, and framework will only do basic check.
[WARNING] PARALLEL(278627,ffff931a8020,python):2026-09-11-21:50:19.148.200 [mindspore/ccsrc/frontend/parallel/ops_info/self_define_shard_info.cc:104] CheckInputLayout] Use self define shard for SelfDefineShardInfo202202. User needs to ensure the accuracy and correctness of input/output layout, and framework will only do basic check.
[WARNING] PARALLEL(278627,ffff931a8020,python):2026-09-11-21:50:19.148.350 [mindspore/ccsrc/frontend/parallel/ops_info/self_define_shard_info.cc:104] CheckInputLayout] Use self define shard for SelfDefineShardInfo203203. User needs to ensure the accuracy and correctness of input/output layout, and framework will only do basic check.
[WARNING] PARALLEL(278627,ffff931a8020,python):2026-09-11-21:50:19.150.844 [mindspore/ccsrc/frontend/parallel/ops_info/self_define_shard_info.cc:104] CheckInputLayout] Use self define shard for SelfDefineShardInfo228228. User needs to ensure the accuracy and correctness of input/output layout, and framework will only do basic check.
[WARNING] PARALLEL(278627,ffff931a8020,python):2026-09-11-21:50:19.151.387 [mindspore/ccsrc/frontend/parallel/ops_info/self_define_shard_info.cc:104] CheckInputLayout] Use self define shard for SelfDefineShardInfo233233. User needs to ensure the accuracy and correctness of input/output layout, and framework will only do basic check.
[WARNING] PARALLEL(278627,ffff931a8020,python):2026-09-11-21:50:19.151.572 [mindspore/ccsrc/frontend/parallel/ops_info/self_define_shard_info.cc:104] CheckInputLayout] Use self define shard for SelfDefineShardInfo234234. User needs to ensure the accuracy and correctness of input/output layout, and framework will only do basic check.
[WARNING] PARALLEL(278627,ffff931a8020,python):2026-09-11-21:50:19.152.020 [mindspore/ccsrc/frontend/parallel/ops_info/self_define_shard_info.cc:104] CheckInputLayout] Use self define shard for SelfDefineShardInfo238238. User needs to ensure the accuracy and correctness of input/output layout, and framework will only do basic check.
[WARNING] PARALLEL(278627,ffff931a8020,python):2026-09-11-21:50:19.152.488 [mindspore/ccsrc/frontend/parallel/ops_info/self_define_shard_info.cc:104] CheckInputLayout] Use self define shard for SelfDefineShardInfo242242. User needs to ensure the accuracy and correctness of input/output layout, and framework will only do basic check.
[WARNING] PARALLEL(278627,ffff931a8020,python):2026-09-11-21:50:19.152.656 [mindspore/ccsrc/frontend/parallel/ops_info/self_define_shard_info.cc:104] CheckInputLayout] Use self define shard for SelfDefineShardInfo243243. User needs to ensure the accuracy and correctness of input/output layout, and framework will only do basic check.
[WARNING] PARALLEL(278627,ffff931a8020,python):2026-09-11-21:50:19.155.192 [mindspore/ccsrc/frontend/parallel/ops_info/self_define_shard_info.cc:104] CheckInputLayout] Use self define shard for SelfDefineShardInfo268268. User needs to ensure the accuracy and correctness of input/output layout, and framework will only do basic check.
[WARNING] PARALLEL(278627,ffff931a8020,python):2026-09-11-21:50:19.155.702 [mindspore/ccsrc/frontend/parallel/ops_info/self_define_shard_info.cc:104] CheckInputLayout] Use self define shard for SelfDefineShardInfo273273. User needs to ensure the accuracy and correctness of input/output layout, and framework will only do basic check.
[WARNING] PARALLEL(278627,ffff931a8020,python):2026-09-11-21:50:19.155.887 [mindspore/ccsrc/frontend/parallel/ops_info/self_define_shard_info.cc:104] CheckInputLayout] Use self define shard for SelfDefineShardInfo274274. User needs to ensure the accuracy and correctness of input/output layout, and framework will only do basic check.
[WARNING] PARALLEL(278627,ffff931a8020,python):2026-09-11-21:50:19.156.346 [mindspore/ccsrc/frontend/parallel/ops_info/self_define_shard_info.cc:104] CheckInputLayout] Use self define shard for SelfDefineShardInfo278278. User needs to ensure the accuracy and correctness of input/output layout, and framework will only do basic check.
[WARNING] PARALLEL(278627,ffff931a8020,python):2026-09-11-21:50:19.156.815 [mindspore/ccsrc/frontend/parallel/ops_info/self_define_shard_info.cc:104] CheckInputLayout] Use self define shard for SelfDefineShardInfo282282. User needs to ensure the accuracy and correctness of input/output layout, and framework will only do basic check.
[WARNING] PARALLEL(278627,ffff931a8020,python):2026-09-11-21:50:19.156.994 [mindspore/ccsrc/frontend/parallel/ops_info/self_define_shard_info.cc:104] CheckInputLayout] Use self define shard for SelfDefineShardInfo283283. User needs to ensure the accuracy and correctness of input/output layout, and framework will only do basic check.
[WARNING] PARALLEL(278627,ffff931a8020,python):2026-09-11-21:50:19.159.522 [mindspore/ccsrc/frontend/parallel/ops_info/self_define_shard_info.cc:104] CheckInputLayout] Use self define shard for SelfDefineShardInfo308308. User needs to ensure the accuracy and correctness of input/output layout, and framework will only do basic check.
[WARNING] PARALLEL(278627,ffff931a8020,python):2026-09-11-21:50:19.160.047 [mindspore/ccsrc/frontend/parallel/ops_info/self_define_shard_info.cc:104] CheckInputLayout] Use self define shard for SelfDefineShardInfo313313. User needs to ensure the accuracy and correctness of input/output layout, and framework will only do basic check.
[WARNING] PARALLEL(278627,ffff931a8020,python):2026-09-11-21:50:19.160.224 [mindspore/ccsrc/frontend/parallel/ops_info/self_define_shard_info.cc:104] CheckInputLayout] Use self define shard for SelfDefineShardInfo314314. User needs to ensure the accuracy and correctness of input/output layout, and framework will only do basic check.
[WARNING] PARALLEL(278627,ffff931a8020,python):2026-09-11-21:50:19.160.675 [mindspore/ccsrc/frontend/parallel/ops_info/self_define_shard_info.cc:104] CheckInputLayout] Use self define shard for SelfDefineShardInfo318318. User needs to ensure the accuracy and correctness of input/output layout, and framework will only do basic check.
[WARNING] PARALLEL(278627,ffff931a8020,python):2026-09-11-21:50:19.161.137 [mindspore/ccsrc/frontend/parallel/ops_info/self_define_shard_info.cc:104] CheckInputLayout] Use self define shard for SelfDefineShardInfo322322. User needs to ensure the accuracy and correctness of input/output layout, and framework will only do basic check.
[WARNING] PARALLEL(278627,ffff931a8020,python):2026-09-11-21:50:19.161.294 [mindspore/ccsrc/frontend/parallel/ops_info/self_define_shard_info.cc:104] CheckInputLayout] Use self define shard for SelfDefineShardInfo323323. User needs to ensure the accuracy and correctness of input/output layout, and framework will only do basic check.
[WARNING] PARALLEL(278627,ffff931a8020,python):2026-09-11-21:50:19.163.830 [mindspore/ccsrc/frontend/parallel/ops_info/self_define_shard_info.cc:104] CheckInputLayout] Use self define shard for SelfDefineShardInfo348348. User needs to ensure the accuracy and correctness of input/output layout, and framework will only do basic check.
[WARNING] PARALLEL(278627,ffff931a8020,python):2026-09-11-21:50:19.164.350 [mindspore/ccsrc/frontend/parallel/ops_info/self_define_shard_info.cc:104] CheckInputLayout] Use self define shard for SelfDefineShardInfo353353. User needs to ensure the accuracy and correctness of input/output layout, and framework will only do basic check.
[WARNING] PARALLEL(278627,ffff931a8020,python):2026-09-11-21:50:19.164.516 [mindspore/ccsrc/frontend/parallel/ops_info/self_define_shard_info.cc:104] CheckInputLayout] Use self define shard for SelfDefineShardInfo354354. User needs to ensure the accuracy and correctness of input/output layout, and framework will only do basic check.
[WARNING] PARALLEL(278627,ffff931a8020,python):2026-09-11-21:50:19.164.963 [mindspore/ccsrc/frontend/parallel/ops_info/self_define_shard_info.cc:104] CheckInputLayout] Use self define shard for SelfDefineShardInfo358358. User needs to ensure the accuracy and correctness of input/output layout, and framework will only do basic check.
[WARNING] PARALLEL(278627,ffff931a8020,python):2026-09-11-21:50:19.165.432 [mindspore/ccsrc/frontend/parallel/ops_info/self_define_shard_info.cc:104] CheckInputLayout] Use self define shard for SelfDefineShardInfo362362. User needs to ensure the accuracy and correctness of input/output layout, and framework will only do basic check.
[WARNING] PARALLEL(278627,ffff931a8020,python):2026-09-11-21:50:19.165.594 [mindspore/ccsrc/frontend/parallel/ops_info/self_define_shard_info.cc:104] CheckInputLayout] Use self define shard for SelfDefineShardInfo363363. User needs to ensure the accuracy and correctness of input/output layout, and framework will only do basic check.
[WARNING] PARALLEL(278627,ffff931a8020,python):2026-09-11-21:50:19.168.041 [mindspore/ccsrc/frontend/parallel/ops_info/self_define_shard_info.cc:104] CheckInputLayout] Use self define shard for SelfDefineShardInfo388388. User needs to ensure the accuracy and correctness of input/output layout, and framework will only do basic check.
[WARNING] PARALLEL(278627,ffff931a8020,python):2026-09-11-21:50:19.168.559 [mindspore/ccsrc/frontend/parallel/ops_info/self_define_shard_info.cc:104] CheckInputLayout] Use self define shard for SelfDefineShardInfo393393. User needs to ensure the accuracy and correctness of input/output layout, and framework will only do basic check.
[WARNING] PARALLEL(278627,ffff931a8020,python):2026-09-11-21:50:19.168.736 [mindspore/ccsrc/frontend/parallel/ops_info/self_define_shard_info.cc:104] CheckInputLayout] Use self define shard for SelfDefineShardInfo394394. User needs to ensure the accuracy and correctness of input/output layout, and framework will only do basic check.
[WARNING] PARALLEL(278627,ffff931a8020,python):2026-09-11-21:50:19.169.173 [mindspore/ccsrc/frontend/parallel/ops_info/self_define_shard_info.cc:104] CheckInputLayout] Use self define shard for SelfDefineShardInfo398398. User needs to ensure the accuracy and correctness of input/output layout, and framework will only do basic check.
[WARNING] PARALLEL(278627,ffff931a8020,python):2026-09-11-21:50:19.169.624 [mindspore/ccsrc/frontend/parallel/ops_info/self_define_shard_info.cc:104] CheckInputLayout] Use self define shard for SelfDefineShardInfo402402. User needs to ensure the accuracy and correctness of input/output layout, and framework will only do basic check.
[WARNING] PARALLEL(278627,ffff931a8020,python):2026-09-11-21:50:19.169.777 [mindspore/ccsrc/frontend/parallel/ops_info/self_define_shard_info.cc:104] CheckInputLayout] Use self define shard for SelfDefineShardInfo403403. User needs to ensure the accuracy and correctness of input/output layout, and framework will only do basic check.
[WARNING] PARALLEL(278627,ffff931a8020,python):2026-09-11-21:50:19.172.248 [mindspore/ccsrc/frontend/parallel/ops_info/self_define_shard_info.cc:104] CheckInputLayout] Use self define shard for SelfDefineShardInfo428428. User needs to ensure the accuracy and correctness of input/output layout, and framework will only do basic check.
[WARNING] PARALLEL(278627,ffff931a8020,python):2026-09-11-21:50:19.172.766 [mindspore/ccsrc/frontend/parallel/ops_info/self_define_shard_info.cc:104] CheckInputLayout] Use self define shard for SelfDefineShardInfo433433. User needs to ensure the accuracy and correctness of input/output layout, and framework will only do basic check.
[WARNING] PARALLEL(278627,ffff931a8020,python):2026-09-11-21:50:19.172.951 [mindspore/ccsrc/frontend/parallel/ops_info/self_define_shard_info.cc:104] CheckInputLayout] Use self define shard for SelfDefineShardInfo434434. User needs to ensure the accuracy and correctness of input/output layout, and framework will only do basic check.
[WARNING] PARALLEL(278627,ffff931a8020,python):2026-09-11-21:50:19.173.390 [mindspore/ccsrc/frontend/parallel/ops_info/self_define_shard_info.cc:104] CheckInputLayout] Use self define shard for SelfDefineShardInfo438438. User needs to ensure the accuracy and correctness of input/output layout, and framework will only do basic check.
[WARNING] PARALLEL(278627,ffff931a8020,python):2026-09-11-21:50:19.173.841 [mindspore/ccsrc/frontend/parallel/ops_info/self_define_shard_info.cc:104] CheckInputLayout] Use self define shard for SelfDefineShardInfo442442. User needs to ensure the accuracy and correctness of input/output layout, and framework will only do basic check.
[WARNING] PARALLEL(278627,ffff931a8020,python):2026-09-11-21:50:19.174.005 [mindspore/ccsrc/frontend/parallel/ops_info/self_define_shard_info.cc:104] CheckInputLayout] Use self define shard for SelfDefineShardInfo443443. User needs to ensure the accuracy and correctness of input/output layout, and framework will only do basic check.
[WARNING] PARALLEL(278627,ffff931a8020,python):2026-09-11-21:50:19.176.549 [mindspore/ccsrc/frontend/parallel/ops_info/self_define_shard_info.cc:104] CheckInputLayout] Use self define shard for SelfDefineShardInfo468468. User needs to ensure the accuracy and correctness of input/output layout, and framework will only do basic check.
[WARNING] PARALLEL(278627,ffff931a8020,python):2026-09-11-21:50:19.177.076 [mindspore/ccsrc/frontend/parallel/ops_info/self_define_shard_info.cc:104] CheckInputLayout] Use self define shard for SelfDefineShardInfo473473. User needs to ensure the accuracy and correctness of input/output layout, and framework will only do basic check.
[WARNING] PARALLEL(278627,ffff931a8020,python):2026-09-11-21:50:19.177.244 [mindspore/ccsrc/frontend/parallel/ops_info/self_define_shard_info.cc:104] CheckInputLayout] Use self define shard for SelfDefineShardInfo474474. User needs to ensure the accuracy and correctness of input/output layout, and framework will only do basic check.
[WARNING] PARALLEL(278627,ffff931a8020,python):2026-09-11-21:50:19.177.677 [mindspore/ccsrc/frontend/parallel/ops_info/self_define_shard_info.cc:104] CheckInputLayout] Use self define shard for SelfDefineShardInfo478478. User needs to ensure the accuracy and correctness of input/output layout, and framework will only do basic check.
[WARNING] PARALLEL(278627,ffff931a8020,python):2026-09-11-21:50:19.178.123 [mindspore/ccsrc/frontend/parallel/ops_info/self_define_shard_info.cc:104] CheckInputLayout] Use self define shard for SelfDefineShardInfo482482. User needs to ensure the accuracy and correctness of input/output layout, and framework will only do basic check.
[WARNING] PARALLEL(278627,ffff931a8020,python):2026-09-11-21:50:19.178.271 [mindspore/ccsrc/frontend/parallel/ops_info/self_define_shard_info.cc:104] CheckInputLayout] Use self define shard for SelfDefineShardInfo483483. User needs to ensure the accuracy and correctness of input/output layout, and framework will only do basic check.
[WARNING] PARALLEL(278627,ffff931a8020,python):2026-09-11-21:50:19.181.031 [mindspore/ccsrc/frontend/parallel/ops_info/self_define_shard_info.cc:104] CheckInputLayout] Use self define shard for SelfDefineShardInfo508508. User needs to ensure the accuracy and correctness of input/output layout, and framework will only do basic check.
[WARNING] PARALLEL(278627,ffff931a8020,python):2026-09-11-21:50:19.181.677 [mindspore/ccsrc/frontend/parallel/ops_info/self_define_shard_info.cc:104] CheckInputLayout] Use self define shard for SelfDefineShardInfo513513. User needs to ensure the accuracy and correctness of input/output layout, and framework will only do basic check.
[WARNING] PARALLEL(278627,ffff931a8020,python):2026-09-11-21:50:19.181.876 [mindspore/ccsrc/frontend/parallel/ops_info/self_define_shard_info.cc:104] CheckInputLayout] Use self define shard for SelfDefineShardInfo514514. User needs to ensure the accuracy and correctness of input/output layout, and framework will only do basic check.
[WARNING] PARALLEL(278627,ffff931a8020,python):2026-09-11-21:50:19.182.352 [mindspore/ccsrc/frontend/parallel/ops_info/self_define_shard_info.cc:104] CheckInputLayout] Use self define shard for SelfDefineShardInfo518518. User needs to ensure the accuracy and correctness of input/output layout, and framework will only do basic check.
[WARNING] PARALLEL(278627,ffff931a8020,python):2026-09-11-21:50:19.182.800 [mindspore/ccsrc/frontend/parallel/ops_info/self_define_shard_info.cc:104] CheckInputLayout] Use self define shard for SelfDefineShardInfo522522. User needs to ensure the accuracy and correctness of input/output layout, and framework will only do basic check.
[WARNING] PARALLEL(278627,ffff931a8020,python):2026-09-11-21:50:19.182.964 [mindspore/ccsrc/frontend/parallel/ops_info/self_define_shard_info.cc:104] CheckInputLayout] Use self define shard for SelfDefineShardInfo523523. User needs to ensure the accuracy and correctness of input/output layout, and framework will only do basic check.
[WARNING] PARALLEL(278627,ffff931a8020,python):2026-09-11-21:50:19.185.816 [mindspore/ccsrc/frontend/parallel/ops_info/self_define_shard_info.cc:104] CheckInputLayout] Use self define shard for SelfDefineShardInfo548548. User needs to ensure the accuracy and correctness of input/output layout, and framework will only do basic check.
[WARNING] PARALLEL(278627,ffff931a8020,python):2026-09-11-21:50:19.186.436 [mindspore/ccsrc/frontend/parallel/ops_info/self_define_shard_info.cc:104] CheckInputLayout] Use self define shard for SelfDefineShardInfo553553. User needs to ensure the accuracy and correctness of input/output layout, and framework will only do basic check.
[WARNING] PARALLEL(278627,ffff931a8020,python):2026-09-11-21:50:19.186.608 [mindspore/ccsrc/frontend/parallel/ops_info/self_define_shard_info.cc:104] CheckInputLayout] Use self define shard for SelfDefineShardInfo554554. User needs to ensure the accuracy and correctness of input/output layout, and framework will only do basic check.
[WARNING] PARALLEL(278627,ffff931a8020,python):2026-09-11-21:50:19.187.088 [mindspore/ccsrc/frontend/parallel/ops_info/self_define_shard_info.cc:104] CheckInputLayout] Use self define shard for SelfDefineShardInfo558558. User needs to ensure the accuracy and correctness of input/output layout, and framework will only do basic check.
[WARNING] PARALLEL(278627,ffff931a8020,python):2026-09-11-21:50:19.187.550 [mindspore/ccsrc/frontend/parallel/ops_info/self_define_shard_info.cc:104] CheckInputLayout] Use self define shard for SelfDefineShardInfo562562. User needs to ensure the accuracy and correctness of input/output layout, and framework will only do basic check.
[WARNING] PARALLEL(278627,ffff931a8020,python):2026-09-11-21:50:19.187.702 [mindspore/ccsrc/frontend/parallel/ops_info/self_define_shard_info.cc:104] CheckInputLayout] Use self define shard for SelfDefineShardInfo563563. User needs to ensure the accuracy and correctness of input/output layout, and framework will only do basic check.
[WARNING] PARALLEL(278627,ffff931a8020,python):2026-09-11-21:50:19.190.614 [mindspore/ccsrc/frontend/parallel/ops_info/self_define_shard_info.cc:104] CheckInputLayout] Use self define shard for SelfDefineShardInfo588588. User needs to ensure the accuracy and correctness of input/output layout, and framework will only do basic check.
[WARNING] PARALLEL(278627,ffff931a8020,python):2026-09-11-21:50:19.191.261 [mindspore/ccsrc/frontend/parallel/ops_info/self_define_shard_info.cc:104] CheckInputLayout] Use self define shard for SelfDefineShardInfo593593. User needs to ensure the accuracy and correctness of input/output layout, and framework will only do basic check.
[WARNING] PARALLEL(278627,ffff931a8020,python):2026-09-11-21:50:19.191.472 [mindspore/ccsrc/frontend/parallel/ops_info/self_define_shard_info.cc:104] CheckInputLayout] Use self define shard for SelfDefineShardInfo594594. User needs to ensure the accuracy and correctness of input/output layout, and framework will only do basic check.
[WARNING] PARALLEL(278627,ffff931a8020,python):2026-09-11-21:50:19.191.945 [mindspore/ccsrc/frontend/parallel/ops_info/self_define_shard_info.cc:104] CheckInputLayout] Use self define shard for SelfDefineShardInfo598598. User needs to ensure the accuracy and correctness of input/output layout, and framework will only do basic check.
[WARNING] PARALLEL(278627,ffff931a8020,python):2026-09-11-21:50:19.192.402 [mindspore/ccsrc/frontend/parallel/ops_info/self_define_shard_info.cc:104] CheckInputLayout] Use self define shard for SelfDefineShardInfo602602. User needs to ensure the accuracy and correctness of input/output layout, and framework will only do basic check.
[WARNING] PARALLEL(278627,ffff931a8020,python):2026-09-11-21:50:19.192.565 [mindspore/ccsrc/frontend/parallel/ops_info/self_define_shard_info.cc:104] CheckInputLayout] Use self define shard for SelfDefineShardInfo603603. User needs to ensure the accuracy and correctness of input/output layout, and framework will only do basic check.
[WARNING] PARALLEL(278627,ffff931a8020,python):2026-09-11-21:50:19.195.387 [mindspore/ccsrc/frontend/parallel/ops_info/self_define_shard_info.cc:104] CheckInputLayout] Use self define shard for SelfDefineShardInfo628628. User needs to ensure the accuracy and correctness of input/output layout, and framework will only do basic check.
[WARNING] PARALLEL(278627,ffff931a8020,python):2026-09-11-21:50:19.196.008 [mindspore/ccsrc/frontend/parallel/ops_info/self_define_shard_info.cc:104] CheckInputLayout] Use self define shard for SelfDefineShardInfo633633. User needs to ensure the accuracy and correctness of input/output layout, and framework will only do basic check.
[WARNING] PARALLEL(278627,ffff931a8020,python):2026-09-11-21:50:19.196.206 [mindspore/ccsrc/frontend/parallel/ops_info/self_define_shard_info.cc:104] CheckInputLayout] Use self define shard for SelfDefineShardInfo634634. User needs to ensure the accuracy and correctness of input/output layout, and framework will only do basic check.
[WARNING] PARALLEL(278627,ffff931a8020,python):2026-09-11-21:50:19.196.694 [mindspore/ccsrc/frontend/parallel/ops_info/self_define_shard_info.cc:104] CheckInputLayout] Use self define shard for SelfDefineShardInfo638638. User needs to ensure the accuracy and correctness of input/output layout, and framework will only do basic check.
[WARNING] PARALLEL(278627,ffff931a8020,python):2026-09-11-21:50:19.197.157 [mindspore/ccsrc/frontend/parallel/ops_info/self_define_shard_info.cc:104] CheckInputLayout] Use self define shard for SelfDefineShardInfo642642. User needs to ensure the accuracy and correctness of input/output layout, and framework will only do basic check.
[WARNING] PARALLEL(278627,ffff931a8020,python):2026-09-11-21:50:19.197.309 [mindspore/ccsrc/frontend/parallel/ops_info/self_define_shard_info.cc:104] CheckInputLayout] Use self define shard for SelfDefineShardInfo643643. User needs to ensure the accuracy and correctness of input/output layout, and framework will only do basic check.
[WARNING] PARALLEL(278627,ffff931a8020,python):2026-09-11-21:50:19.200.096 [mindspore/ccsrc/frontend/parallel/ops_info/self_define_shard_info.cc:104] CheckInputLayout] Use self define shard for SelfDefineShardInfo668668. User needs to ensure the accuracy and correctness of input/output layout, and framework will only do basic check.
[WARNING] PARALLEL(278627,ffff931a8020,python):2026-09-11-21:50:19.200.719 [mindspore/ccsrc/frontend/parallel/ops_info/self_define_shard_info.cc:104] CheckInputLayout] Use self define shard for SelfDefineShardInfo673673. User needs to ensure the accuracy and correctness of input/output layout, and framework will only do basic check.
[WARNING] PARALLEL(278627,ffff931a8020,python):2026-09-11-21:50:19.200.910 [mindspore/ccsrc/frontend/parallel/ops_info/self_define_shard_info.cc:104] CheckInputLayout] Use self define shard for SelfDefineShardInfo674674. User needs to ensure the accuracy and correctness of input/output layout, and framework will only do basic check.
[WARNING] PARALLEL(278627,ffff931a8020,python):2026-09-11-21:50:19.201.403 [mindspore/ccsrc/frontend/parallel/ops_info/self_define_shard_info.cc:104] CheckInputLayout] Use self define shard for SelfDefineShardInfo678678. User needs to ensure the accuracy and correctness of input/output layout, and framework will only do basic check.
[WARNING] PARALLEL(278627,ffff931a8020,python):2026-09-11-21:50:19.201.854 [mindspore/ccsrc/frontend/parallel/ops_info/self_define_shard_info.cc:104] CheckInputLayout] Use self define shard for SelfDefineShardInfo682682. User needs to ensure the accuracy and correctness of input/output layout, and framework will only do basic check.
[WARNING] PARALLEL(278627,ffff931a8020,python):2026-09-11-21:50:19.202.006 [mindspore/ccsrc/frontend/parallel/ops_info/self_define_shard_info.cc:104] CheckInputLayout] Use self define shard for SelfDefineShardInfo683683. User needs to ensure the accuracy and correctness of input/output layout, and framework will only do basic check.
[WARNING] PARALLEL(278627,ffff931a8020,python):2026-09-11-21:50:19.204.823 [mindspore/ccsrc/frontend/parallel/ops_info/self_define_shard_info.cc:104] CheckInputLayout] Use self define shard for SelfDefineShardInfo708708. User needs to ensure the accuracy and correctness of input/output layout, and framework will only do basic check.
[WARNING] PARALLEL(278627,ffff931a8020,python):2026-09-11-21:50:19.205.485 [mindspore/ccsrc/frontend/parallel/ops_info/self_define_shard_info.cc:104] CheckInputLayout] Use self define shard for SelfDefineShardInfo713713. User needs to ensure the accuracy and correctness of input/output layout, and framework will only do basic check.
[WARNING] PARALLEL(278627,ffff931a8020,python):2026-09-11-21:50:19.205.671 [mindspore/ccsrc/frontend/parallel/ops_info/self_define_shard_info.cc:104] CheckInputLayout] Use self define shard for SelfDefineShardInfo714714. User needs to ensure the accuracy and correctness of input/output layout, and framework will only do basic check.
[WARNING] PARALLEL(278627,ffff931a8020,python):2026-09-11-21:50:19.206.145 [mindspore/ccsrc/frontend/parallel/ops_info/self_define_shard_info.cc:104] CheckInputLayout] Use self define shard for SelfDefineShardInfo718718. User needs to ensure the accuracy and correctness of input/output layout, and framework will only do basic check.
[WARNING] PARALLEL(278627,ffff931a8020,python):2026-09-11-21:50:19.206.589 [mindspore/ccsrc/frontend/parallel/ops_info/self_define_shard_info.cc:104] CheckInputLayout] Use self define shard for SelfDefineShardInfo722722. User needs to ensure the accuracy and correctness of input/output layout, and framework will only do basic check.
[WARNING] PARALLEL(278627,ffff931a8020,python):2026-09-11-21:50:19.206.737 [mindspore/ccsrc/frontend/parallel/ops_info/self_define_shard_info.cc:104] CheckInputLayout] Use self define shard for SelfDefineShardInfo723723. User needs to ensure the accuracy and correctness of input/output layout, and framework will only do basic check.
[WARNING] PARALLEL(278627,ffff931a8020,python):2026-09-11-21:50:19.209.625 [mindspore/ccsrc/frontend/parallel/ops_info/self_define_shard_info.cc:104] CheckInputLayout] Use self define shard for SelfDefineShardInfo748748. User needs to ensure the accuracy and correctness of input/output layout, and framework will only do basic check.
[WARNING] PARALLEL(278627,ffff931a8020,python):2026-09-11-21:50:19.210.223 [mindspore/ccsrc/frontend/parallel/ops_info/self_define_shard_info.cc:104] CheckInputLayout] Use self define shard for SelfDefineShardInfo753753. User needs to ensure the accuracy and correctness of input/output layout, and framework will only do basic check.
[WARNING] PARALLEL(278627,ffff931a8020,python):2026-09-11-21:50:19.210.392 [mindspore/ccsrc/frontend/parallel/ops_info/self_define_shard_info.cc:104] CheckInputLayout] Use self define shard for SelfDefineShardInfo754754. User needs to ensure the accuracy and correctness of input/output layout, and framework will only do basic check.
[WARNING] PARALLEL(278627,ffff931a8020,python):2026-09-11-21:50:19.210.865 [mindspore/ccsrc/frontend/parallel/ops_info/self_define_shard_info.cc:104] CheckInputLayout] Use self define shard for SelfDefineShardInfo758758. User needs to ensure the accuracy and correctness of input/output layout, and framework will only do basic check.
[WARNING] PARALLEL(278627,ffff931a8020,python):2026-09-11-21:50:19.211.328 [mindspore/ccsrc/frontend/parallel/ops_info/self_define_shard_info.cc:104] CheckInputLayout] Use self define shard for SelfDefineShardInfo762762. User needs to ensure the accuracy and correctness of input/output layout, and framework will only do basic check.
[WARNING] PARALLEL(278627,ffff931a8020,python):2026-09-11-21:50:19.211.478 [mindspore/ccsrc/frontend/parallel/ops_info/self_define_shard_info.cc:104] CheckInputLayout] Use self define shard for SelfDefineShardInfo763763. User needs to ensure the accuracy and correctness of input/output layout, and framework will only do basic check.
[WARNING] PARALLEL(278627,ffff931a8020,python):2026-09-11-21:50:19.214.337 [mindspore/ccsrc/frontend/parallel/ops_info/self_define_shard_info.cc:104] CheckInputLayout] Use self define shard for SelfDefineShardInfo788788. User needs to ensure the accuracy and correctness of input/output layout, and framework will only do basic check.
[WARNING] PARALLEL(278627,ffff931a8020,python):2026-09-11-21:50:19.214.968 [mindspore/ccsrc/frontend/parallel/ops_info/self_define_shard_info.cc:104] CheckInputLayout] Use self define shard for SelfDefineShardInfo793793. User needs to ensure the accuracy and correctness of input/output layout, and framework will only do basic check.
[WARNING] PARALLEL(278627,ffff931a8020,python):2026-09-11-21:50:19.215.152 [mindspore/ccsrc/frontend/parallel/ops_info/self_define_shard_info.cc:104] CheckInputLayout] Use self define shard for SelfDefineShardInfo794794. User needs to ensure the accuracy and correctness of input/output layout, and framework will only do basic check.
[WARNING] PARALLEL(278627,ffff931a8020,python):2026-09-11-21:50:19.215.634 [mindspore/ccsrc/frontend/parallel/ops_info/self_define_shard_info.cc:104] CheckInputLayout] Use self define shard for SelfDefineShardInfo798798. User needs to ensure the accuracy and correctness of input/output layout, and framework will only do basic check.
[WARNING] PARALLEL(278627,ffff931a8020,python):2026-09-11-21:50:19.216.090 [mindspore/ccsrc/frontend/parallel/ops_info/self_define_shard_info.cc:104] CheckInputLayout] Use self define shard for SelfDefineShardInfo802802. User needs to ensure the accuracy and correctness of input/output layout, and framework will only do basic check.
[WARNING] PARALLEL(278627,ffff931a8020,python):2026-09-11-21:50:19.216.250 [mindspore/ccsrc/frontend/parallel/ops_info/self_define_shard_info.cc:104] CheckInputLayout] Use self define shard for SelfDefineShardInfo803803. User needs to ensure the accuracy and correctness of input/output layout, and framework will only do basic check.
[WARNING] PARALLEL(278627,ffff931a8020,python):2026-09-11-21:50:19.219.065 [mindspore/ccsrc/frontend/parallel/ops_info/self_define_shard_info.cc:104] CheckInputLayout] Use self define shard for SelfDefineShardInfo828828. User needs to ensure the accuracy and correctness of input/output layout, and framework will only do basic check.
[WARNING] PARALLEL(278627,ffff931a8020,python):2026-09-11-21:50:19.219.679 [mindspore/ccsrc/frontend/parallel/ops_info/self_define_shard_info.cc:104] CheckInputLayout] Use self define shard for SelfDefineShardInfo833833. User needs to ensure the accuracy and correctness of input/output layout, and framework will only do basic check.
[WARNING] PARALLEL(278627,ffff931a8020,python):2026-09-11-21:50:19.219.873 [mindspore/ccsrc/frontend/parallel/ops_info/self_define_shard_info.cc:104] CheckInputLayout] Use self define shard for SelfDefineShardInfo834834. User needs to ensure the accuracy and correctness of input/output layout, and framework will only do basic check.
[WARNING] PARALLEL(278627,ffff931a8020,python):2026-09-11-21:50:19.220.350 [mindspore/ccsrc/frontend/parallel/ops_info/self_define_shard_info.cc:104] CheckInputLayout] Use self define shard for SelfDefineShardInfo838838. User needs to ensure the accuracy and correctness of input/output layout, and framework will only do basic check.
[WARNING] PARALLEL(278627,ffff931a8020,python):2026-09-11-21:50:19.220.810 [mindspore/ccsrc/frontend/parallel/ops_info/self_define_shard_info.cc:104] CheckInputLayout] Use self define shard for SelfDefineShardInfo842842. User needs to ensure the accuracy and correctness of input/output layout, and framework will only do basic check.
[WARNING] PARALLEL(278627,ffff931a8020,python):2026-09-11-21:50:19.220.973 [mindspore/ccsrc/frontend/parallel/ops_info/self_define_shard_info.cc:104] CheckInputLayout] Use self define shard for SelfDefineShardInfo843843. User needs to ensure the accuracy and correctness of input/output layout, and framework will only do basic check.
[WARNING] PARALLEL(278627,ffff931a8020,python):2026-09-11-21:50:19.223.774 [mindspore/ccsrc/frontend/parallel/ops_info/self_define_shard_info.cc:104] CheckInputLayout] Use self define shard for SelfDefineShardInfo868868. User needs to ensure the accuracy and correctness of input/output layout, and framework will only do basic check.
[WARNING] PARALLEL(278627,ffff931a8020,python):2026-09-11-21:50:19.224.381 [mindspore/ccsrc/frontend/parallel/ops_info/self_define_shard_info.cc:104] CheckInputLayout] Use self define shard for SelfDefineShardInfo873873. User needs to ensure the accuracy and correctness of input/output layout, and framework will only do basic check.
[WARNING] PARALLEL(278627,ffff931a8020,python):2026-09-11-21:50:19.224.586 [mindspore/ccsrc/frontend/parallel/ops_info/self_define_shard_info.cc:104] CheckInputLayout] Use self define shard for SelfDefineShardInfo874874. User needs to ensure the accuracy and correctness of input/output layout, and framework will only do basic check.
[WARNING] PARALLEL(278627,ffff931a8020,python):2026-09-11-21:50:19.225.065 [mindspore/ccsrc/frontend/parallel/ops_info/self_define_shard_info.cc:104] CheckInputLayout] Use self define shard for SelfDefineShardInfo878878. User needs to ensure the accuracy and correctness of input/output layout, and framework will only do basic check.
[WARNING] PARALLEL(278627,ffff931a8020,python):2026-09-11-21:50:19.225.511 [mindspore/ccsrc/frontend/parallel/ops_info/self_define_shard_info.cc:104] CheckInputLayout] Use self define shard for SelfDefineShardInfo882882. User needs to ensure the accuracy and correctness of input/output layout, and framework will only do basic check.
[WARNING] PARALLEL(278627,ffff931a8020,python):2026-09-11-21:50:19.225.664 [mindspore/ccsrc/frontend/parallel/ops_info/self_define_shard_info.cc:104] CheckInputLayout] Use self define shard for SelfDefineShardInfo883883. User needs to ensure the accuracy and correctness of input/output layout, and framework will only do basic check.
[WARNING] PARALLEL(278627,ffff931a8020,python):2026-09-11-21:50:19.228.506 [mindspore/ccsrc/frontend/parallel/ops_info/self_define_shard_info.cc:104] CheckInputLayout] Use self define shard for SelfDefineShardInfo908908. User needs to ensure the accuracy and correctness of input/output layout, and framework will only do basic check.
[WARNING] PARALLEL(278627,ffff931a8020,python):2026-09-11-21:50:19.229.142 [mindspore/ccsrc/frontend/parallel/ops_info/self_define_shard_info.cc:104] CheckInputLayout] Use self define shard for SelfDefineShardInfo913913. User needs to ensure the accuracy and correctness of input/output layout, and framework will only do basic check.
[WARNING] PARALLEL(278627,ffff931a8020,python):2026-09-11-21:50:19.229.355 [mindspore/ccsrc/frontend/parallel/ops_info/self_define_shard_info.cc:104] CheckInputLayout] Use self define shard for SelfDefineShardInfo914914. User needs to ensure the accuracy and correctness of input/output layout, and framework will only do basic check.
[WARNING] PARALLEL(278627,ffff931a8020,python):2026-09-11-21:50:19.229.839 [mindspore/ccsrc/frontend/parallel/ops_info/self_define_shard_info.cc:104] CheckInputLayout] Use self define shard for SelfDefineShardInfo918918. User needs to ensure the accuracy and correctness of input/output layout, and framework will only do basic check.
[WARNING] PARALLEL(278627,ffff931a8020,python):2026-09-11-21:50:19.230.290 [mindspore/ccsrc/frontend/parallel/ops_info/self_define_shard_info.cc:104] CheckInputLayout] Use self define shard for SelfDefineShardInfo922922. User needs to ensure the accuracy and correctness of input/output layout, and framework will only do basic check.
[WARNING] PARALLEL(278627,ffff931a8020,python):2026-09-11-21:50:19.230.441 [mindspore/ccsrc/frontend/parallel/ops_info/self_define_shard_info.cc:104] CheckInputLayout] Use self define shard for SelfDefineShardInfo923923. User needs to ensure the accuracy and correctness of input/output layout, and framework will only do basic check.
[WARNING] PARALLEL(278627,ffff931a8020,python):2026-09-11-21:50:19.233.485 [mindspore/ccsrc/frontend/parallel/ops_info/self_define_shard_info.cc:104] CheckInputLayout] Use self define shard for SelfDefineShardInfo948948. User needs to ensure the accuracy and correctness of input/output layout, and framework will only do basic check.
[WARNING] PARALLEL(278627,ffff931a8020,python):2026-09-11-21:50:19.234.249 [mindspore/ccsrc/frontend/parallel/ops_info/self_define_shard_info.cc:104] CheckInputLayout] Use self define shard for SelfDefineShardInfo953953. User needs to ensure the accuracy and correctness of input/output layout, and framework will only do basic check.
[WARNING] PARALLEL(278627,ffff931a8020,python):2026-09-11-21:50:19.234.501 [mindspore/ccsrc/frontend/parallel/ops_info/self_define_shard_info.cc:104] CheckInputLayout] Use self define shard for SelfDefineShardInfo954954. User needs to ensure the accuracy and correctness of input/output layout, and framework will only do basic check.
[WARNING] PARALLEL(278627,ffff931a8020,python):2026-09-11-21:50:19.235.069 [mindspore/ccsrc/frontend/parallel/ops_info/self_define_shard_info.cc:104] CheckInputLayout] Use self define shard for SelfDefineShardInfo958958. User needs to ensure the accuracy and correctness of input/output layout, and framework will only do basic check.
[WARNING] PARALLEL(278627,ffff931a8020,python):2026-09-11-21:50:19.235.522 [mindspore/ccsrc/frontend/parallel/ops_info/self_define_shard_info.cc:104] CheckInputLayout] Use self define shard for SelfDefineShardInfo962962. User needs to ensure the accuracy and correctness of input/output layout, and framework will only do basic check.
[WARNING] PARALLEL(278627,ffff931a8020,python):2026-09-11-21:50:19.235.676 [mindspore/ccsrc/frontend/parallel/ops_info/self_define_shard_info.cc:104] CheckInputLayout] Use self define shard for SelfDefineShardInfo963963. User needs to ensure the accuracy and correctness of input/output layout, and framework will only do basic check.
[WARNING] PARALLEL(278627,ffff931a8020,python):2026-09-11-21:50:19.238.594 [mindspore/ccsrc/frontend/parallel/ops_info/self_define_shard_info.cc:104] CheckInputLayout] Use self define shard for SelfDefineShardInfo988988. User needs to ensure the accuracy and correctness of input/output layout, and framework will only do basic check.
[WARNING] PARALLEL(278627,ffff931a8020,python):2026-09-11-21:50:19.239.293 [mindspore/ccsrc/frontend/parallel/ops_info/self_define_shard_info.cc:104] CheckInputLayout] Use self define shard for SelfDefineShardInfo993993. User needs to ensure the accuracy and correctness of input/output layout, and framework will only do basic check.
[WARNING] PARALLEL(278627,ffff931a8020,python):2026-09-11-21:50:19.239.515 [mindspore/ccsrc/frontend/parallel/ops_info/self_define_shard_info.cc:104] CheckInputLayout] Use self define shard for SelfDefineShardInfo994994. User needs to ensure the accuracy and correctness of input/output layout, and framework will only do basic check.
[WARNING] PARALLEL(278627,ffff931a8020,python):2026-09-11-21:50:19.240.039 [mindspore/ccsrc/frontend/parallel/ops_info/self_define_shard_info.cc:104] CheckInputLayout] Use self define shard for SelfDefineShardInfo998998. User needs to ensure the accuracy and correctness of input/output layout, and framework will only do basic check.
[WARNING] PARALLEL(278627,ffff931a8020,python):2026-09-11-21:50:19.240.494 [mindspore/ccsrc/frontend/parallel/ops_info/self_define_shard_info.cc:104] CheckInputLayout] Use self define shard for SelfDefineShardInfo10021002. User needs to ensure the accuracy and correctness of input/output layout, and framework will only do basic check.
[WARNING] PARALLEL(278627,ffff931a8020,python):2026-09-11-21:50:19.240.662 [mindspore/ccsrc/frontend/parallel/ops_info/self_define_shard_info.cc:104] CheckInputLayout] Use self define shard for SelfDefineShardInfo10031003. User needs to ensure the accuracy and correctness of input/output layout, and framework will only do basic check.
[WARNING] PARALLEL(278627,ffff931a8020,python):2026-09-11-21:50:19.243.339 [mindspore/ccsrc/frontend/parallel/ops_info/self_define_shard_info.cc:104] CheckInputLayout] Use self define shard for SelfDefineShardInfo10281028. User needs to ensure the accuracy and correctness of input/output layout, and framework will only do basic check.
[WARNING] PARALLEL(278627,ffff931a8020,python):2026-09-11-21:50:19.243.905 [mindspore/ccsrc/frontend/parallel/ops_info/self_define_shard_info.cc:104] CheckInputLayout] Use self define shard for SelfDefineShardInfo10331033. User needs to ensure the accuracy and correctness of input/output layout, and framework will only do basic check.
[WARNING] PARALLEL(278627,ffff931a8020,python):2026-09-11-21:50:19.244.100 [mindspore/ccsrc/frontend/parallel/ops_info/self_define_shard_info.cc:104] CheckInputLayout] Use self define shard for SelfDefineShardInfo10341034. User needs to ensure the accuracy and correctness of input/output layout, and framework will only do basic check.
[WARNING] PARALLEL(278627,ffff931a8020,python):2026-09-11-21:50:19.244.572 [mindspore/ccsrc/frontend/parallel/ops_info/self_define_shard_info.cc:104] CheckInputLayout] Use self define shard for SelfDefineShardInfo10381038. User needs to ensure the accuracy and correctness of input/output layout, and framework will only do basic check.
[WARNING] PARALLEL(278627,ffff931a8020,python):2026-09-11-21:50:19.245.029 [mindspore/ccsrc/frontend/parallel/ops_info/self_define_shard_info.cc:104] CheckInputLayout] Use self define shard for SelfDefineShardInfo10421042. User needs to ensure the accuracy and correctness of input/output layout, and framework will only do basic check.
[WARNING] PARALLEL(278627,ffff931a8020,python):2026-09-11-21:50:19.245.181 [mindspore/ccsrc/frontend/parallel/ops_info/self_define_shard_info.cc:104] CheckInputLayout] Use self define shard for SelfDefineShardInfo10431043. User needs to ensure the accuracy and correctness of input/output layout, and framework will only do basic check.
[WARNING] PARALLEL(278627,ffff931a8020,python):2026-09-11-21:50:19.247.619 [mindspore/ccsrc/frontend/parallel/ops_info/self_define_shard_info.cc:104] CheckInputLayout] Use self define shard for SelfDefineShardInfo10681068. User needs to ensure the accuracy and correctness of input/output layout, and framework will only do basic check.
[WARNING] PARALLEL(278627,ffff931a8020,python):2026-09-11-21:50:19.248.152 [mindspore/ccsrc/frontend/parallel/ops_info/self_define_shard_info.cc:104] CheckInputLayout] Use self define shard for SelfDefineShardInfo10731073. User needs to ensure the accuracy and correctness of input/output layout, and framework will only do basic check.
[WARNING] PARALLEL(278627,ffff931a8020,python):2026-09-11-21:50:19.248.361 [mindspore/ccsrc/frontend/parallel/ops_info/self_define_shard_info.cc:104] CheckInputLayout] Use self define shard for SelfDefineShardInfo10741074. User needs to ensure the accuracy and correctness of input/output layout, and framework will only do basic check.
[WARNING] PARALLEL(278627,ffff931a8020,python):2026-09-11-21:50:19.248.822 [mindspore/ccsrc/frontend/parallel/ops_info/self_define_shard_info.cc:104] CheckInputLayout] Use self define shard for SelfDefineShardInfo10781078. User needs to ensure the accuracy and correctness of input/output layout, and framework will only do basic check.
[WARNING] PARALLEL(278627,ffff931a8020,python):2026-09-11-21:50:19.249.281 [mindspore/ccsrc/frontend/parallel/ops_info/self_define_shard_info.cc:104] CheckInputLayout] Use self define shard for SelfDefineShardInfo10821082. User needs to ensure the accuracy and correctness of input/output layout, and framework will only do basic check.
[WARNING] PARALLEL(278627,ffff931a8020,python):2026-09-11-21:50:19.249.432 [mindspore/ccsrc/frontend/parallel/ops_info/self_define_shard_info.cc:104] CheckInputLayout] Use self define shard for SelfDefineShardInfo10831083. User needs to ensure the accuracy and correctness of input/output layout, and framework will only do basic check.
[WARNING] PARALLEL(278627,ffff931a8020,python):2026-09-11-21:50:19.251.817 [mindspore/ccsrc/frontend/parallel/ops_info/self_define_shard_info.cc:104] CheckInputLayout] Use self define shard for SelfDefineShardInfo11081108. User needs to ensure the accuracy and correctness of input/output layout, and framework will only do basic check.
[WARNING] PARALLEL(278627,ffff931a8020,python):2026-09-11-21:50:19.252.386 [mindspore/ccsrc/frontend/parallel/ops_info/self_define_shard_info.cc:104] CheckInputLayout] Use self define shard for SelfDefineShardInfo11131113. User needs to ensure the accuracy and correctness of input/output layout, and framework will only do basic check.
[WARNING] PARALLEL(278627,ffff931a8020,python):2026-09-11-21:50:19.252.614 [mindspore/ccsrc/frontend/parallel/ops_info/self_define_shard_info.cc:104] CheckInputLayout] Use self define shard for SelfDefineShardInfo11141114. User needs to ensure the accuracy and correctness of input/output layout, and framework will only do basic check.
[WARNING] PARALLEL(278627,ffff931a8020,python):2026-09-11-21:50:19.253.079 [mindspore/ccsrc/frontend/parallel/ops_info/self_define_shard_info.cc:104] CheckInputLayout] Use self define shard for SelfDefineShardInfo11181118. User needs to ensure the accuracy and correctness of input/output layout, and framework will only do basic check.
[WARNING] PARALLEL(278627,ffff931a8020,python):2026-09-11-21:50:19.253.519 [mindspore/ccsrc/frontend/parallel/ops_info/self_define_shard_info.cc:104] CheckInputLayout] Use self define shard for SelfDefineShardInfo11221122. User needs to ensure the accuracy and correctness of input/output layout, and framework will only do basic check.
[WARNING] PARALLEL(278627,ffff931a8020,python):2026-09-11-21:50:19.253.667 [mindspore/ccsrc/frontend/parallel/ops_info/self_define_shard_info.cc:104] CheckInputLayout] Use self define shard for SelfDefineShardInfo11231123. User needs to ensure the accuracy and correctness of input/output layout, and framework will only do basic check.
[WARNING] PARALLEL(278627,ffff931a8020,python):2026-09-11-21:50:19.256.133 [mindspore/ccsrc/frontend/parallel/ops_info/self_define_shard_info.cc:104] CheckInputLayout] Use self define shard for SelfDefineShardInfo11481148. User needs to ensure the accuracy and correctness of input/output layout, and framework will only do basic check.
[WARNING] PARALLEL(278627,ffff931a8020,python):2026-09-11-21:50:19.256.706 [mindspore/ccsrc/frontend/parallel/ops_info/self_define_shard_info.cc:104] CheckInputLayout] Use self define shard for SelfDefineShardInfo11531153. User needs to ensure the accuracy and correctness of input/output layout, and framework will only do basic check.
[WARNING] PARALLEL(278627,ffff931a8020,python):2026-09-11-21:50:19.256.890 [mindspore/ccsrc/frontend/parallel/ops_info/self_define_shard_info.cc:104] CheckInputLayout] Use self define shard for SelfDefineShardInfo11541154. User needs to ensure the accuracy and correctness of input/output layout, and framework will only do basic check.
[WARNING] PARALLEL(278627,ffff931a8020,python):2026-09-11-21:50:19.257.344 [mindspore/ccsrc/frontend/parallel/ops_info/self_define_shard_info.cc:104] CheckInputLayout] Use self define shard for SelfDefineShardInfo11581158. User needs to ensure the accuracy and correctness of input/output layout, and framework will only do basic check.
[WARNING] PARALLEL(278627,ffff931a8020,python):2026-09-11-21:50:19.257.784 [mindspore/ccsrc/frontend/parallel/ops_info/self_define_shard_info.cc:104] CheckInputLayout] Use self define shard for SelfDefineShardInfo11621162. User needs to ensure the accuracy and correctness of input/output layout, and framework will only do basic check.
[WARNING] PARALLEL(278627,ffff931a8020,python):2026-09-11-21:50:19.257.932 [mindspore/ccsrc/frontend/parallel/ops_info/self_define_shard_info.cc:104] CheckInputLayout] Use self define shard for SelfDefineShardInfo11631163. User needs to ensure the accuracy and correctness of input/output layout, and framework will only do basic check.
[WARNING] PARALLEL(278627,ffff931a8020,python):2026-09-11-21:50:19.260.489 [mindspore/ccsrc/frontend/parallel/ops_info/self_define_shard_info.cc:104] CheckInputLayout] Use self define shard for SelfDefineShardInfo11881188. User needs to ensure the accuracy and correctness of input/output layout, and framework will only do basic check.
[WARNING] PARALLEL(278627,ffff931a8020,python):2026-09-11-21:50:19.261.091 [mindspore/ccsrc/frontend/parallel/ops_info/self_define_shard_info.cc:104] CheckInputLayout] Use self define shard for SelfDefineShardInfo11931193. User needs to ensure the accuracy and correctness of input/output layout, and framework will only do basic check.
[WARNING] PARALLEL(278627,ffff931a8020,python):2026-09-11-21:50:19.261.275 [mindspore/ccsrc/frontend/parallel/ops_info/self_define_shard_info.cc:104] CheckInputLayout] Use self define shard for SelfDefineShardInfo11941194. User needs to ensure the accuracy and correctness of input/output layout, and framework will only do basic check.
[WARNING] PARALLEL(278627,ffff931a8020,python):2026-09-11-21:50:19.261.744 [mindspore/ccsrc/frontend/parallel/ops_info/self_define_shard_info.cc:104] CheckInputLayout] Use self define shard for SelfDefineShardInfo11981198. User needs to ensure the accuracy and correctness of input/output layout, and framework will only do basic check.
[WARNING] PARALLEL(278627,ffff931a8020,python):2026-09-11-21:50:19.262.192 [mindspore/ccsrc/frontend/parallel/ops_info/self_define_shard_info.cc:104] CheckInputLayout] Use self define shard for SelfDefineShardInfo12021202. User needs to ensure the accuracy and correctness of input/output layout, and framework will only do basic check.
[WARNING] PARALLEL(278627,ffff931a8020,python):2026-09-11-21:50:19.262.343 [mindspore/ccsrc/frontend/parallel/ops_info/self_define_shard_info.cc:104] CheckInputLayout] Use self define shard for SelfDefineShardInfo12031203. User needs to ensure the accuracy and correctness of input/output layout, and framework will only do basic check.
[WARNING] PARALLEL(278627,ffff931a8020,python):2026-09-11-21:50:19.264.836 [mindspore/ccsrc/frontend/parallel/ops_info/self_define_shard_info.cc:104] CheckInputLayout] Use self define shard for SelfDefineShardInfo12281228. User needs to ensure the accuracy and correctness of input/output layout, and framework will only do basic check.
[WARNING] PARALLEL(278627,ffff931a8020,python):2026-09-11-21:50:19.265.402 [mindspore/ccsrc/frontend/parallel/ops_info/self_define_shard_info.cc:104] CheckInputLayout] Use self define shard for SelfDefineShardInfo12331233. User needs to ensure the accuracy and correctness of input/output layout, and framework will only do basic check.
[WARNING] PARALLEL(278627,ffff931a8020,python):2026-09-11-21:50:19.265.573 [mindspore/ccsrc/frontend/parallel/ops_info/self_define_shard_info.cc:104] CheckInputLayout] Use self define shard for SelfDefineShardInfo12341234. User needs to ensure the accuracy and correctness of input/output layout, and framework will only do basic check.
[WARNING] PARALLEL(278627,ffff931a8020,python):2026-09-11-21:50:19.266.042 [mindspore/ccsrc/frontend/parallel/ops_info/self_define_shard_info.cc:104] CheckInputLayout] Use self define shard for SelfDefineShardInfo12381238. User needs to ensure the accuracy and correctness of input/output layout, and framework will only do basic check.
[WARNING] PARALLEL(278627,ffff931a8020,python):2026-09-11-21:50:19.266.499 [mindspore/ccsrc/frontend/parallel/ops_info/self_define_shard_info.cc:104] CheckInputLayout] Use self define shard for SelfDefineShardInfo12421242. User needs to ensure the accuracy and correctness of input/output layout, and framework will only do basic check.
[WARNING] PARALLEL(278627,ffff931a8020,python):2026-09-11-21:50:19.266.653 [mindspore/ccsrc/frontend/parallel/ops_info/self_define_shard_info.cc:104] CheckInputLayout] Use self define shard for SelfDefineShardInfo12431243. User needs to ensure the accuracy and correctness of input/output layout, and framework will only do basic check.
[WARNING] PARALLEL(278627,ffff931a8020,python):2026-09-11-21:50:19.269.223 [mindspore/ccsrc/frontend/parallel/ops_info/self_define_shard_info.cc:104] CheckInputLayout] Use self define shard for SelfDefineShardInfo12681268. User needs to ensure the accuracy and correctness of input/output layout, and framework will only do basic check.
[WARNING] PARALLEL(278627,ffff931a8020,python):2026-09-11-21:50:19.269.839 [mindspore/ccsrc/frontend/parallel/ops_info/self_define_shard_info.cc:104] CheckInputLayout] Use self define shard for SelfDefineShardInfo12731273. User needs to ensure the accuracy and correctness of input/output layout, and framework will only do basic check.
[WARNING] PARALLEL(278627,ffff931a8020,python):2026-09-11-21:50:19.270.037 [mindspore/ccsrc/frontend/parallel/ops_info/self_define_shard_info.cc:104] CheckInputLayout] Use self define shard for SelfDefineShardInfo12741274. User needs to ensure the accuracy and correctness of input/output layout, and framework will only do basic check.
[WARNING] PARALLEL(278627,ffff931a8020,python):2026-09-11-21:50:19.270.508 [mindspore/ccsrc/frontend/parallel/ops_info/self_define_shard_info.cc:104] CheckInputLayout] Use self define shard for SelfDefineShardInfo12781278. User needs to ensure the accuracy and correctness of input/output layout, and framework will only do basic check.
[WARNING] PARALLEL(278627,ffff931a8020,python):2026-09-11-21:50:19.270.985 [mindspore/ccsrc/frontend/parallel/ops_info/self_define_shard_info.cc:104] CheckInputLayout] Use self define shard for SelfDefineShardInfo12821282. User needs to ensure the accuracy and correctness of input/output layout, and framework will only do basic check.
[WARNING] PARALLEL(278627,ffff931a8020,python):2026-09-11-21:50:19.271.138 [mindspore/ccsrc/frontend/parallel/ops_info/self_define_shard_info.cc:104] CheckInputLayout] Use self define shard for SelfDefineShardInfo12831283. User needs to ensure the accuracy and correctness of input/output layout, and framework will only do basic check.
[WARNING] PARALLEL(278627,ffff931a8020,python):2026-09-11-21:50:19.273.693 [mindspore/ccsrc/frontend/parallel/ops_info/self_define_shard_info.cc:104] CheckInputLayout] Use self define shard for SelfDefineShardInfo13081308. User needs to ensure the accuracy and correctness of input/output layout, and framework will only do basic check.
[WARNING] PARALLEL(278627,ffff931a8020,python):2026-09-11-21:50:19.274.289 [mindspore/ccsrc/frontend/parallel/ops_info/self_define_shard_info.cc:104] CheckInputLayout] Use self define shard for SelfDefineShardInfo13131313. User needs to ensure the accuracy and correctness of input/output layout, and framework will only do basic check.
[WARNING] PARALLEL(278627,ffff931a8020,python):2026-09-11-21:50:19.274.483 [mindspore/ccsrc/frontend/parallel/ops_info/self_define_shard_info.cc:104] CheckInputLayout] Use self define shard for SelfDefineShardInfo13141314. User needs to ensure the accuracy and correctness of input/output layout, and framework will only do basic check.
[WARNING] PARALLEL(278627,ffff931a8020,python):2026-09-11-21:50:19.274.978 [mindspore/ccsrc/frontend/parallel/ops_info/self_define_shard_info.cc:104] CheckInputLayout] Use self define shard for SelfDefineShardInfo13181318. User needs to ensure the accuracy and correctness of input/output layout, and framework will only do basic check.
[WARNING] PARALLEL(278627,ffff931a8020,python):2026-09-11-21:50:19.275.454 [mindspore/ccsrc/frontend/parallel/ops_info/self_define_shard_info.cc:104] CheckInputLayout] Use self define shard for SelfDefineShardInfo13221322. User needs to ensure the accuracy and correctness of input/output layout, and framework will only do basic check.
[WARNING] PARALLEL(278627,ffff931a8020,python):2026-09-11-21:50:19.275.605 [mindspore/ccsrc/frontend/parallel/ops_info/self_define_shard_info.cc:104] CheckInputLayout] Use self define shard for SelfDefineShardInfo13231323. User needs to ensure the accuracy and correctness of input/output layout, and framework will only do basic check.
[WARNING] PARALLEL(278627,ffff931a8020,python):2026-09-11-21:50:19.278.166 [mindspore/ccsrc/frontend/parallel/ops_info/self_define_shard_info.cc:104] CheckInputLayout] Use self define shard for SelfDefineShardInfo13481348. User needs to ensure the accuracy and correctness of input/output layout, and framework will only do basic check.
[WARNING] PARALLEL(278627,ffff931a8020,python):2026-09-11-21:50:19.278.751 [mindspore/ccsrc/frontend/parallel/ops_info/self_define_shard_info.cc:104] CheckInputLayout] Use self define shard for SelfDefineShardInfo13531353. User needs to ensure the accuracy and correctness of input/output layout, and framework will only do basic check.
[WARNING] PARALLEL(278627,ffff931a8020,python):2026-09-11-21:50:19.278.942 [mindspore/ccsrc/frontend/parallel/ops_info/self_define_shard_info.cc:104] CheckInputLayout] Use self define shard for SelfDefineShardInfo13541354. User needs to ensure the accuracy and correctness of input/output layout, and framework will only do basic check.
[WARNING] PARALLEL(278627,ffff931a8020,python):2026-09-11-21:50:19.279.415 [mindspore/ccsrc/frontend/parallel/ops_info/self_define_shard_info.cc:104] CheckInputLayout] Use self define shard for SelfDefineShardInfo13581358. User needs to ensure the accuracy and correctness of input/output layout, and framework will only do basic check.
[WARNING] PARALLEL(278627,ffff931a8020,python):2026-09-11-21:50:19.279.893 [mindspore/ccsrc/frontend/parallel/ops_info/self_define_shard_info.cc:104] CheckInputLayout] Use self define shard for SelfDefineShardInfo13621362. User needs to ensure the accuracy and correctness of input/output layout, and framework will only do basic check.
[WARNING] PARALLEL(278627,ffff931a8020,python):2026-09-11-21:50:19.280.052 [mindspore/ccsrc/frontend/parallel/ops_info/self_define_shard_info.cc:104] CheckInputLayout] Use self define shard for SelfDefineShardInfo13631363. User needs to ensure the accuracy and correctness of input/output layout, and framework will only do basic check.
[WARNING] PARALLEL(278627,ffff931a8020,python):2026-09-11-21:50:19.282.584 [mindspore/ccsrc/frontend/parallel/ops_info/self_define_shard_info.cc:104] CheckInputLayout] Use self define shard for SelfDefineShardInfo13881388. User needs to ensure the accuracy and correctness of input/output layout, and framework will only do basic check.
[WARNING] PARALLEL(278627,ffff931a8020,python):2026-09-11-21:50:19.283.137 [mindspore/ccsrc/frontend/parallel/ops_info/self_define_shard_info.cc:104] CheckInputLayout] Use self define shard for SelfDefineShardInfo13931393. User needs to ensure the accuracy and correctness of input/output layout, and framework will only do basic check.
[WARNING] PARALLEL(278627,ffff931a8020,python):2026-09-11-21:50:19.283.298 [mindspore/ccsrc/frontend/parallel/ops_info/self_define_shard_info.cc:104] CheckInputLayout] Use self define shard for SelfDefineShardInfo13941394. User needs to ensure the accuracy and correctness of input/output layout, and framework will only do basic check.
[WARNING] PARALLEL(278627,ffff931a8020,python):2026-09-11-21:50:19.283.780 [mindspore/ccsrc/frontend/parallel/ops_info/self_define_shard_info.cc:104] CheckInputLayout] Use self define shard for SelfDefineShardInfo13981398. User needs to ensure the accuracy and correctness of input/output layout, and framework will only do basic check.
[WARNING] PARALLEL(278627,ffff931a8020,python):2026-09-11-21:50:19.284.255 [mindspore/ccsrc/frontend/parallel/ops_info/self_define_shard_info.cc:104] CheckInputLayout] Use self define shard for SelfDefineShardInfo14021402. User needs to ensure the accuracy and correctness of input/output layout, and framework will only do basic check.
[WARNING] PARALLEL(278627,ffff931a8020,python):2026-09-11-21:50:19.284.410 [mindspore/ccsrc/frontend/parallel/ops_info/self_define_shard_info.cc:104] CheckInputLayout] Use self define shard for SelfDefineShardInfo14031403. User needs to ensure the accuracy and correctness of input/output layout, and framework will only do basic check.
[WARNING] PARALLEL(278627,ffff931a8020,python):2026-09-11-21:50:19.286.993 [mindspore/ccsrc/frontend/parallel/ops_info/self_define_shard_info.cc:104] CheckInputLayout] Use self define shard for SelfDefineShardInfo14281428. User needs to ensure the accuracy and correctness of input/output layout, and framework will only do basic check.
[WARNING] PARALLEL(278627,ffff931a8020,python):2026-09-11-21:50:19.287.556 [mindspore/ccsrc/frontend/parallel/ops_info/self_define_shard_info.cc:104] CheckInputLayout] Use self define shard for SelfDefineShardInfo14331433. User needs to ensure the accuracy and correctness of input/output layout, and framework will only do basic check.
[WARNING] PARALLEL(278627,ffff931a8020,python):2026-09-11-21:50:19.287.744 [mindspore/ccsrc/frontend/parallel/ops_info/self_define_shard_info.cc:104] CheckInputLayout] Use self define shard for SelfDefineShardInfo14341434. User needs to ensure the accuracy and correctness of input/output layout, and framework will only do basic check.
[WARNING] PARALLEL(278627,ffff931a8020,python):2026-09-11-21:50:19.288.222 [mindspore/ccsrc/frontend/parallel/ops_info/self_define_shard_info.cc:104] CheckInputLayout] Use self define shard for SelfDefineShardInfo14381438. User needs to ensure the accuracy and correctness of input/output layout, and framework will only do basic check.
[WARNING] PARALLEL(278627,ffff931a8020,python):2026-09-11-21:50:19.288.721 [mindspore/ccsrc/frontend/parallel/ops_info/self_define_shard_info.cc:104] CheckInputLayout] Use self define shard for SelfDefineShardInfo14421442. User needs to ensure the accuracy and correctness of input/output layout, and framework will only do basic check.
[WARNING] PARALLEL(278627,ffff931a8020,python):2026-09-11-21:50:19.289.226 [mindspore/ccsrc/frontend/parallel/ops_info/self_define_shard_info.cc:104] CheckInputLayout] Use self define shard for SelfDefineShardInfo14461446. User needs to ensure the accuracy and correctness of input/output layout, and framework will only do basic check.
[WARNING] PARALLEL(278627,ffff931a8020,python):2026-09-11-21:50:19.291.592 [mindspore/ccsrc/frontend/parallel/ops_info/self_define_shard_info.cc:104] CheckInputLayout] Use self define shard for SelfDefineShardInfo14661466. User needs to ensure the accuracy and correctness of input/output layout, and framework will only do basic check.
[WARNING] PARALLEL(278627,ffff931a8020,python):2026-09-11-21:50:19.291.756 [mindspore/ccsrc/frontend/parallel/ops_info/self_define_shard_info.cc:104] CheckInputLayout] Use self define shard for SelfDefineShardInfo14671467. User needs to ensure the accuracy and correctness of input/output layout, and framework will only do basic check.
[WARNING] PARALLEL(278627,ffff931a8020,python):2026-09-11-21:50:19.292.005 [mindspore/ccsrc/frontend/parallel/ops_info/self_define_shard_info.cc:104] CheckInputLayout] Use self define shard for SelfDefineShardInfo14681468. User needs to ensure the accuracy and correctness of input/output layout, and framework will only do basic check.
[WARNING] PARALLEL(278627,ffff931a8020,python):2026-09-11-21:50:19.292.239 [mindspore/ccsrc/frontend/parallel/ops_info/self_define_shard_info.cc:104] CheckInputLayout] Use self define shard for SelfDefineShardInfo14691469. User needs to ensure the accuracy and correctness of input/output layout, and framework will only do basic check.
[WARNING] PARALLEL(278627,ffff931a8020,python):2026-09-11-21:50:19.292.493 [mindspore/ccsrc/frontend/parallel/ops_info/self_define_shard_info.cc:104] CheckInputLayout] Use self define shard for SelfDefineShardInfo14701470. User needs to ensure the accuracy and correctness of input/output layout, and framework will only do basic check.
[WARNING] PARALLEL(278627,ffff931a8020,python):2026-09-11-21:50:19.292.741 [mindspore/ccsrc/frontend/parallel/ops_info/self_define_shard_info.cc:104] CheckInputLayout] Use self define shard for SelfDefineShardInfo14711471. User needs to ensure the accuracy and correctness of input/output layout, and framework will only do basic check.
[WARNING] PARALLEL(278627,ffff931a8020,python):2026-09-11-21:50:19.293.012 [mindspore/ccsrc/frontend/parallel/ops_info/self_define_shard_info.cc:104] CheckInputLayout] Use self define shard for SelfDefineShardInfo14721472. User needs to ensure the accuracy and correctness of input/output layout, and framework will only do basic check.
[WARNING] PARALLEL(278627,ffff931a8020,python):2026-09-11-21:50:19.293.222 [mindspore/ccsrc/frontend/parallel/ops_info/self_define_shard_info.cc:104] CheckInputLayout] Use self define shard for SelfDefineShardInfo14731473. User needs to ensure the accuracy and correctness of input/output layout, and framework will only do basic check.
[WARNING] PARALLEL(278627,ffff931a8020,python):2026-09-11-21:50:19.293.489 [mindspore/ccsrc/frontend/parallel/ops_info/self_define_shard_info.cc:104] CheckInputLayout] Use self define shard for SelfDefineShardInfo14741474. User needs to ensure the accuracy and correctness of input/output layout, and framework will only do basic check.
[WARNING] PARALLEL(278627,ffff931a8020,python):2026-09-11-21:50:19.293.717 [mindspore/ccsrc/frontend/parallel/ops_info/self_define_shard_info.cc:104] CheckInputLayout] Use self define shard for SelfDefineShardInfo14751475. User needs to ensure the accuracy and correctness of input/output layout, and framework will only do basic check.
[WARNING] PARALLEL(278627,ffff931a8020,python):2026-09-11-21:50:19.293.988 [mindspore/ccsrc/frontend/parallel/ops_info/self_define_shard_info.cc:104] CheckInputLayout] Use self define shard for SelfDefineShardInfo14761476. User needs to ensure the accuracy and correctness of input/output layout, and framework will only do basic check.
[WARNING] PARALLEL(278627,ffff931a8020,python):2026-09-11-21:50:19.294.191 [mindspore/ccsrc/frontend/parallel/ops_info/self_define_shard_info.cc:104] CheckInputLayout] Use self define shard for SelfDefineShardInfo14771477. User needs to ensure the accuracy and correctness of input/output layout, and framework will only do basic check.
[WARNING] PARALLEL(278627,ffff931a8020,python):2026-09-11-21:50:19.294.438 [mindspore/ccsrc/frontend/parallel/ops_info/self_define_shard_info.cc:104] CheckInputLayout] Use self define shard for SelfDefineShardInfo14781478. User needs to ensure the accuracy and correctness of input/output layout, and framework will only do basic check.
[WARNING] PARALLEL(278627,ffff931a8020,python):2026-09-11-21:50:19.294.636 [mindspore/ccsrc/frontend/parallel/ops_info/self_define_shard_info.cc:104] CheckInputLayout] Use self define shard for SelfDefineShardInfo14791479. User needs to ensure the accuracy and correctness of input/output layout, and framework will only do basic check.
[WARNING] PARALLEL(278627,ffff931a8020,python):2026-09-11-21:50:19.294.913 [mindspore/ccsrc/frontend/parallel/ops_info/self_define_shard_info.cc:104] CheckInputLayout] Use self define shard for SelfDefineShardInfo14801480. User needs to ensure the accuracy and correctness of input/output layout, and framework will only do basic check.
[WARNING] PARALLEL(278627,ffff931a8020,python):2026-09-11-21:50:19.295.109 [mindspore/ccsrc/frontend/parallel/ops_info/self_define_shard_info.cc:104] CheckInputLayout] Use self define shard for SelfDefineShardInfo14811481. User needs to ensure the accuracy and correctness of input/output layout, and framework will only do basic check.
[WARNING] PARALLEL(278627,ffff931a8020,python):2026-09-11-21:50:19.295.370 [mindspore/ccsrc/frontend/parallel/ops_info/self_define_shard_info.cc:104] CheckInputLayout] Use self define shard for SelfDefineShardInfo14821482. User needs to ensure the accuracy and correctness of input/output layout, and framework will only do basic check.
[WARNING] PARALLEL(278627,ffff931a8020,python):2026-09-11-21:50:19.295.594 [mindspore/ccsrc/frontend/parallel/ops_info/self_define_shard_info.cc:104] CheckInputLayout] Use self define shard for SelfDefineShardInfo14831483. User needs to ensure the accuracy and correctness of input/output layout, and framework will only do basic check.
[WARNING] PARALLEL(278627,ffff931a8020,python):2026-09-11-21:50:19.295.868 [mindspore/ccsrc/frontend/parallel/ops_info/self_define_shard_info.cc:104] CheckInputLayout] Use self define shard for SelfDefineShardInfo14841484. User needs to ensure the accuracy and correctness of input/output layout, and framework will only do basic check.
[WARNING] PARALLEL(278627,ffff931a8020,python):2026-09-11-21:50:19.296.078 [mindspore/ccsrc/frontend/parallel/ops_info/self_define_shard_info.cc:104] CheckInputLayout] Use self define shard for SelfDefineShardInfo14851485. User needs to ensure the accuracy and correctness of input/output layout, and framework will only do basic check.
[WARNING] PARALLEL(278627,ffff931a8020,python):2026-09-11-21:50:19.296.332 [mindspore/ccsrc/frontend/parallel/ops_info/self_define_shard_info.cc:104] CheckInputLayout] Use self define shard for SelfDefineShardInfo14861486. User needs to ensure the accuracy and correctness of input/output layout, and framework will only do basic check.
[WARNING] PARALLEL(278627,ffff931a8020,python):2026-09-11-21:50:19.296.550 [mindspore/ccsrc/frontend/parallel/ops_info/self_define_shard_info.cc:104] CheckInputLayout] Use self define shard for SelfDefineShardInfo14871487. User needs to ensure the accuracy and correctness of input/output layout, and framework will only do basic check.
[WARNING] PARALLEL(278627,ffff931a8020,python):2026-09-11-21:50:19.296.851 [mindspore/ccsrc/frontend/parallel/ops_info/self_define_shard_info.cc:104] CheckInputLayout] Use self define shard for SelfDefineShardInfo14881488. User needs to ensure the accuracy and correctness of input/output layout, and framework will only do basic check.
[WARNING] PARALLEL(278627,ffff931a8020,python):2026-09-11-21:50:19.297.053 [mindspore/ccsrc/frontend/parallel/ops_info/self_define_shard_info.cc:104] CheckInputLayout] Use self define shard for SelfDefineShardInfo14891489. User needs to ensure the accuracy and correctness of input/output layout, and framework will only do basic check.
[WARNING] PARALLEL(278627,ffff931a8020,python):2026-09-11-21:50:19.297.301 [mindspore/ccsrc/frontend/parallel/ops_info/self_define_shard_info.cc:104] CheckInputLayout] Use self define shard for SelfDefineShardInfo14901490. User needs to ensure the accuracy and correctness of input/output layout, and framework will only do basic check.
[WARNING] PARALLEL(278627,ffff931a8020,python):2026-09-11-21:50:19.297.505 [mindspore/ccsrc/frontend/parallel/ops_info/self_define_shard_info.cc:104] CheckInputLayout] Use self define shard for SelfDefineShardInfo14911491. User needs to ensure the accuracy and correctness of input/output layout, and framework will only do basic check.
[WARNING] PARALLEL(278627,ffff931a8020,python):2026-09-11-21:50:19.297.754 [mindspore/ccsrc/frontend/parallel/ops_info/self_define_shard_info.cc:104] CheckInputLayout] Use self define shard for SelfDefineShardInfo14921492. User needs to ensure the accuracy and correctness of input/output layout, and framework will only do basic check.
[WARNING] PARALLEL(278627,ffff931a8020,python):2026-09-11-21:50:19.297.955 [mindspore/ccsrc/frontend/parallel/ops_info/self_define_shard_info.cc:104] CheckInputLayout] Use self define shard for SelfDefineShardInfo14931493. User needs to ensure the accuracy and correctness of input/output layout, and framework will only do basic check.
[WARNING] PARALLEL(278627,ffff931a8020,python):2026-09-11-21:50:19.298.212 [mindspore/ccsrc/frontend/parallel/ops_info/self_define_shard_info.cc:104] CheckInputLayout] Use self define shard for SelfDefineShardInfo14941494. User needs to ensure the accuracy and correctness of input/output layout, and framework will only do basic check.
[WARNING] PARALLEL(278627,ffff931a8020,python):2026-09-11-21:50:19.298.412 [mindspore/ccsrc/frontend/parallel/ops_info/self_define_shard_info.cc:104] CheckInputLayout] Use self define shard for SelfDefineShardInfo14951495. User needs to ensure the accuracy and correctness of input/output layout, and framework will only do basic check.
[WARNING] PARALLEL(278627,ffff931a8020,python):2026-09-11-21:50:19.298.661 [mindspore/ccsrc/frontend/parallel/ops_info/self_define_shard_info.cc:104] CheckInputLayout] Use self define shard for SelfDefineShardInfo14961496. User needs to ensure the accuracy and correctness of input/output layout, and framework will only do basic check.
[WARNING] PARALLEL(278627,ffff931a8020,python):2026-09-11-21:50:19.298.885 [mindspore/ccsrc/frontend/parallel/ops_info/self_define_shard_info.cc:104] CheckInputLayout] Use self define shard for SelfDefineShardInfo14971497. User needs to ensure the accuracy and correctness of input/output layout, and framework will only do basic check.
[WARNING] PARALLEL(278627,ffff931a8020,python):2026-09-11-21:50:19.299.134 [mindspore/ccsrc/frontend/parallel/ops_info/self_define_shard_info.cc:104] CheckInputLayout] Use self define shard for SelfDefineShardInfo14981498. User needs to ensure the accuracy and correctness of input/output layout, and framework will only do basic check.
[WARNING] PARALLEL(278627,ffff931a8020,python):2026-09-11-21:50:19.299.334 [mindspore/ccsrc/frontend/parallel/ops_info/self_define_shard_info.cc:104] CheckInputLayout] Use self define shard for SelfDefineShardInfo14991499. User needs to ensure the accuracy and correctness of input/output layout, and framework will only do basic check.
[WARNING] PARALLEL(278627,ffff931a8020,python):2026-09-11-21:50:19.299.579 [mindspore/ccsrc/frontend/parallel/ops_info/self_define_shard_info.cc:104] CheckInputLayout] Use self define shard for SelfDefineShardInfo15001500. User needs to ensure the accuracy and correctness of input/output layout, and framework will only do basic check.
[WARNING] PARALLEL(278627,ffff931a8020,python):2026-09-11-21:50:19.299.803 [mindspore/ccsrc/frontend/parallel/ops_info/self_define_shard_info.cc:104] CheckInputLayout] Use self define shard for SelfDefineShardInfo15011501. User needs to ensure the accuracy and correctness of input/output layout, and framework will only do basic check.
[WARNING] PARALLEL(278627,ffff931a8020,python):2026-09-11-21:50:19.300.053 [mindspore/ccsrc/frontend/parallel/ops_info/self_define_shard_info.cc:104] CheckInputLayout] Use self define shard for SelfDefineShardInfo15021502. User needs to ensure the accuracy and correctness of input/output layout, and framework will only do basic check.
[WARNING] PARALLEL(278627,ffff931a8020,python):2026-09-11-21:50:19.300.268 [mindspore/ccsrc/frontend/parallel/ops_info/self_define_shard_info.cc:104] CheckInputLayout] Use self define shard for SelfDefineShardInfo15031503. User needs to ensure the accuracy and correctness of input/output layout, and framework will only do basic check.
[WARNING] PARALLEL(278627,ffff931a8020,python):2026-09-11-21:50:19.300.520 [mindspore/ccsrc/frontend/parallel/ops_info/self_define_shard_info.cc:104] CheckInputLayout] Use self define shard for SelfDefineShardInfo15041504. User needs to ensure the accuracy and correctness of input/output layout, and framework will only do basic check.
[WARNING] PARALLEL(278627,ffff931a8020,python):2026-09-11-21:50:19.300.749 [mindspore/ccsrc/frontend/parallel/ops_info/self_define_shard_info.cc:104] CheckInputLayout] Use self define shard for SelfDefineShardInfo15051505. User needs to ensure the accuracy and correctness of input/output layout, and framework will only do basic check.
[WARNING] PARALLEL(278627,ffff931a8020,python):2026-09-11-21:50:19.301.019 [mindspore/ccsrc/frontend/parallel/ops_info/self_define_shard_info.cc:104] CheckInputLayout] Use self define shard for SelfDefineShardInfo15061506. User needs to ensure the accuracy and correctness of input/output layout, and framework will only do basic check.
[WARNING] PARALLEL(278627,ffff931a8020,python):2026-09-11-21:50:19.301.234 [mindspore/ccsrc/frontend/parallel/ops_info/self_define_shard_info.cc:104] CheckInputLayout] Use self define shard for SelfDefineShardInfo15071507. User needs to ensure the accuracy and correctness of input/output layout, and framework will only do basic check.
[WARNING] PARALLEL(278627,ffff931a8020,python):2026-09-11-21:50:19.301.503 [mindspore/ccsrc/frontend/parallel/ops_info/self_define_shard_info.cc:104] CheckInputLayout] Use self define shard for SelfDefineShardInfo15081508. User needs to ensure the accuracy and correctness of input/output layout, and framework will only do basic check.
[WARNING] PARALLEL(278627,ffff931a8020,python):2026-09-11-21:50:19.301.709 [mindspore/ccsrc/frontend/parallel/ops_info/self_define_shard_info.cc:104] CheckInputLayout] Use self define shard for SelfDefineShardInfo15091509. User needs to ensure the accuracy and correctness of input/output layout, and framework will only do basic check.
[WARNING] PARALLEL(278627,ffff931a8020,python):2026-09-11-21:50:19.301.997 [mindspore/ccsrc/frontend/parallel/ops_info/self_define_shard_info.cc:104] CheckInputLayout] Use self define shard for SelfDefineShardInfo15101510. User needs to ensure the accuracy and correctness of input/output layout, and framework will only do basic check.
[WARNING] PARALLEL(278627,ffff931a8020,python):2026-09-11-21:50:19.302.287 [mindspore/ccsrc/frontend/parallel/ops_info/self_define_shard_info.cc:104] CheckInputLayout] Use self define shard for SelfDefineShardInfo15111511. User needs to ensure the accuracy and correctness of input/output layout, and framework will only do basic check.
[WARNING] PARALLEL(278627,ffff931a8020,python):2026-09-11-21:50:19.302.620 [mindspore/ccsrc/frontend/parallel/ops_info/self_define_shard_info.cc:104] CheckInputLayout] Use self define shard for SelfDefineShardInfo15121512. User needs to ensure the accuracy and correctness of input/output layout, and framework will only do basic check.
[WARNING] PARALLEL(278627,ffff931a8020,python):2026-09-11-21:50:19.302.882 [mindspore/ccsrc/frontend/parallel/ops_info/self_define_shard_info.cc:104] CheckInputLayout] Use self define shard for SelfDefineShardInfo15131513. User needs to ensure the accuracy and correctness of input/output layout, and framework will only do basic check.
[WARNING] PARALLEL(278627,ffff931a8020,python):2026-09-11-21:50:19.303.166 [mindspore/ccsrc/frontend/parallel/ops_info/self_define_shard_info.cc:104] CheckInputLayout] Use self define shard for SelfDefineShardInfo15141514. User needs to ensure the accuracy and correctness of input/output layout, and framework will only do basic check.
[WARNING] PARALLEL(278627,ffff931a8020,python):2026-09-11-21:50:19.303.446 [mindspore/ccsrc/frontend/parallel/ops_info/self_define_shard_info.cc:104] CheckInputLayout] Use self define shard for SelfDefineShardInfo15151515. User needs to ensure the accuracy and correctness of input/output layout, and framework will only do basic check.
[WARNING] PARALLEL(278627,ffff931a8020,python):2026-09-11-21:50:19.303.765 [mindspore/ccsrc/frontend/parallel/ops_info/self_define_shard_info.cc:104] CheckInputLayout] Use self define shard for SelfDefineShardInfo15161516. User needs to ensure the accuracy and correctness of input/output layout, and framework will only do basic check.
[WARNING] PARALLEL(278627,ffff931a8020,python):2026-09-11-21:50:19.304.094 [mindspore/ccsrc/frontend/parallel/ops_info/self_define_shard_info.cc:104] CheckInputLayout] Use self define shard for SelfDefineShardInfo15171517. User needs to ensure the accuracy and correctness of input/output layout, and framework will only do basic check.
[WARNING] PARALLEL(278627,ffff931a8020,python):2026-09-11-21:50:19.304.435 [mindspore/ccsrc/frontend/parallel/ops_info/self_define_shard_info.cc:104] CheckInputLayout] Use self define shard for SelfDefineShardInfo15181518. User needs to ensure the accuracy and correctness of input/output layout, and framework will only do basic check.
[WARNING] PARALLEL(278627,ffff931a8020,python):2026-09-11-21:50:19.304.769 [mindspore/ccsrc/frontend/parallel/ops_info/self_define_shard_info.cc:104] CheckInputLayout] Use self define shard for SelfDefineShardInfo15191519. User needs to ensure the accuracy and correctness of input/output layout, and framework will only do basic check.
[WARNING] PARALLEL(278627,ffff931a8020,python):2026-09-11-21:50:19.305.153 [mindspore/ccsrc/frontend/parallel/ops_info/self_define_shard_info.cc:104] CheckInputLayout] Use self define shard for SelfDefineShardInfo15201520. User needs to ensure the accuracy and correctness of input/output layout, and framework will only do basic check.
[WARNING] PARALLEL(278627,ffff931a8020,python):2026-09-11-21:50:19.305.461 [mindspore/ccsrc/frontend/parallel/ops_info/self_define_shard_info.cc:104] CheckInputLayout] Use self define shard for SelfDefineShardInfo15211521. User needs to ensure the accuracy and correctness of input/output layout, and framework will only do basic check.
[WARNING] PARALLEL(278627,ffff931a8020,python):2026-09-11-21:50:19.305.802 [mindspore/ccsrc/frontend/parallel/ops_info/self_define_shard_info.cc:104] CheckInputLayout] Use self define shard for SelfDefineShardInfo15221522. User needs to ensure the accuracy and correctness of input/output layout, and framework will only do basic check.
[WARNING] PARALLEL(278627,ffff931a8020,python):2026-09-11-21:50:19.306.156 [mindspore/ccsrc/frontend/parallel/ops_info/self_define_shard_info.cc:104] CheckInputLayout] Use self define shard for SelfDefineShardInfo15231523. User needs to ensure the accuracy and correctness of input/output layout, and framework will only do basic check.
[WARNING] PARALLEL(278627,ffff931a8020,python):2026-09-11-21:50:19.306.459 [mindspore/ccsrc/frontend/parallel/ops_info/self_define_shard_info.cc:104] CheckInputLayout] Use self define shard for SelfDefineShardInfo15241524. User needs to ensure the accuracy and correctness of input/output layout, and framework will only do basic check.
[WARNING] PARALLEL(278627,ffff931a8020,python):2026-09-11-21:50:19.306.782 [mindspore/ccsrc/frontend/parallel/ops_info/self_define_shard_info.cc:104] CheckInputLayout] Use self define shard for SelfDefineShardInfo15251525. User needs to ensure the accuracy and correctness of input/output layout, and framework will only do basic check.
[WARNING] PARALLEL(278627,ffff931a8020,python):2026-09-11-21:50:19.307.113 [mindspore/ccsrc/frontend/parallel/ops_info/self_define_shard_info.cc:104] CheckInputLayout] Use self define shard for SelfDefineShardInfo15261526. User needs to ensure the accuracy and correctness of input/output layout, and framework will only do basic check.
[WARNING] PARALLEL(278627,ffff931a8020,python):2026-09-11-21:50:19.307.440 [mindspore/ccsrc/frontend/parallel/ops_info/self_define_shard_info.cc:104] CheckInputLayout] Use self define shard for SelfDefineShardInfo15271527. User needs to ensure the accuracy and correctness of input/output layout, and framework will only do basic check.
[WARNING] PARALLEL(278627,ffff931a8020,python):2026-09-11-21:50:19.307.764 [mindspore/ccsrc/frontend/parallel/ops_info/self_define_shard_info.cc:104] CheckInputLayout] Use self define shard for SelfDefineShardInfo15281528. User needs to ensure the accuracy and correctness of input/output layout, and framework will only do basic check.
[WARNING] PARALLEL(278627,ffff931a8020,python):2026-09-11-21:50:19.308.102 [mindspore/ccsrc/frontend/parallel/ops_info/self_define_shard_info.cc:104] CheckInputLayout] Use self define shard for SelfDefineShardInfo15291529. User needs to ensure the accuracy and correctness of input/output layout, and framework will only do basic check.
[WARNING] PARALLEL(278627,ffff931a8020,python):2026-09-11-21:50:19.308.440 [mindspore/ccsrc/frontend/parallel/ops_info/self_define_shard_info.cc:104] CheckInputLayout] Use self define shard for SelfDefineShardInfo15301530. User needs to ensure the accuracy and correctness of input/output layout, and framework will only do basic check.
[WARNING] PARALLEL(278627,ffff931a8020,python):2026-09-11-21:50:19.308.795 [mindspore/ccsrc/frontend/parallel/ops_info/self_define_shard_info.cc:104] CheckInputLayout] Use self define shard for SelfDefineShardInfo15311531. User needs to ensure the accuracy and correctness of input/output layout, and framework will only do basic check.
[WARNING] PARALLEL(278627,ffff931a8020,python):2026-09-11-21:50:19.309.162 [mindspore/ccsrc/frontend/parallel/ops_info/self_define_shard_info.cc:104] CheckInputLayout] Use self define shard for SelfDefineShardInfo15321532. User needs to ensure the accuracy and correctness of input/output layout, and framework will only do basic check.
[WARNING] PARALLEL(278627,ffff931a8020,python):2026-09-11-21:50:19.309.487 [mindspore/ccsrc/frontend/parallel/ops_info/self_define_shard_info.cc:104] CheckInputLayout] Use self define shard for SelfDefineShardInfo15331533. User needs to ensure the accuracy and correctness of input/output layout, and framework will only do basic check.
[WARNING] PARALLEL(278627,ffff931a8020,python):2026-09-11-21:50:19.309.840 [mindspore/ccsrc/frontend/parallel/ops_info/self_define_shard_info.cc:104] CheckInputLayout] Use self define shard for SelfDefineShardInfo15341534. User needs to ensure the accuracy and correctness of input/output layout, and framework will only do basic check.
[WARNING] PARALLEL(278627,ffff931a8020,python):2026-09-11-21:50:19.310.183 [mindspore/ccsrc/frontend/parallel/ops_info/self_define_shard_info.cc:104] CheckInputLayout] Use self define shard for SelfDefineShardInfo15351535. User needs to ensure the accuracy and correctness of input/output layout, and framework will only do basic check.
[WARNING] PARALLEL(278627,ffff931a8020,python):2026-09-11-21:50:19.310.554 [mindspore/ccsrc/frontend/parallel/ops_info/self_define_shard_info.cc:104] CheckInputLayout] Use self define shard for SelfDefineShardInfo15361536. User needs to ensure the accuracy and correctness of input/output layout, and framework will only do basic check.
[WARNING] PARALLEL(278627,ffff931a8020,python):2026-09-11-21:50:19.310.869 [mindspore/ccsrc/frontend/parallel/ops_info/self_define_shard_info.cc:104] CheckInputLayout] Use self define shard for SelfDefineShardInfo15371537. User needs to ensure the accuracy and correctness of input/output layout, and framework will only do basic check.
[WARNING] PARALLEL(278627,ffff931a8020,python):2026-09-11-21:50:19.311.258 [mindspore/ccsrc/frontend/parallel/ops_info/self_define_shard_info.cc:104] CheckInputLayout] Use self define shard for SelfDefineShardInfo15381538. User needs to ensure the accuracy and correctness of input/output layout, and framework will only do basic check.
[WARNING] PARALLEL(278627,ffff931a8020,python):2026-09-11-21:50:19.311.568 [mindspore/ccsrc/frontend/parallel/ops_info/self_define_shard_info.cc:104] CheckInputLayout] Use self define shard for SelfDefineShardInfo15391539. User needs to ensure the accuracy and correctness of input/output layout, and framework will only do basic check.
[WARNING] PARALLEL(278627,ffff931a8020,python):2026-09-11-21:50:19.311.928 [mindspore/ccsrc/frontend/parallel/ops_info/self_define_shard_info.cc:104] CheckInputLayout] Use self define shard for SelfDefineShardInfo15401540. User needs to ensure the accuracy and correctness of input/output layout, and framework will only do basic check.
[WARNING] PARALLEL(278627,ffff931a8020,python):2026-09-11-21:50:19.312.238 [mindspore/ccsrc/frontend/parallel/ops_info/self_define_shard_info.cc:104] CheckInputLayout] Use self define shard for SelfDefineShardInfo15411541. User needs to ensure the accuracy and correctness of input/output layout, and framework will only do basic check.
[WARNING] PARALLEL(278627,ffff931a8020,python):2026-09-11-21:50:19.312.622 [mindspore/ccsrc/frontend/parallel/ops_info/self_define_shard_info.cc:104] CheckInputLayout] Use self define shard for SelfDefineShardInfo15421542. User needs to ensure the accuracy and correctness of input/output layout, and framework will only do basic check.
[WARNING] PARALLEL(278627,ffff931a8020,python):2026-09-11-21:50:19.312.968 [mindspore/ccsrc/frontend/parallel/ops_info/self_define_shard_info.cc:104] CheckInputLayout] Use self define shard for SelfDefineShardInfo15431543. User needs to ensure the accuracy and correctness of input/output layout, and framework will only do basic check.
[WARNING] PARALLEL(278627,ffff931a8020,python):2026-09-11-21:50:19.313.302 [mindspore/ccsrc/frontend/parallel/ops_info/self_define_shard_info.cc:104] CheckInputLayout] Use self define shard for SelfDefineShardInfo15441544. User needs to ensure the accuracy and correctness of input/output layout, and framework will only do basic check.
[WARNING] PARALLEL(278627,ffff931a8020,python):2026-09-11-21:50:19.313.612 [mindspore/ccsrc/frontend/parallel/ops_info/self_define_shard_info.cc:104] CheckInputLayout] Use self define shard for SelfDefineShardInfo15451545. User needs to ensure the accuracy and correctness of input/output layout, and framework will only do basic check.
[WARNING] PARALLEL(278627,ffff931a8020,python):2026-09-11-21:50:19.313.963 [mindspore/ccsrc/frontend/parallel/ops_info/self_define_shard_info.cc:104] CheckInputLayout] Use self define shard for SelfDefineShardInfo15461546. User needs to ensure the accuracy and correctness of input/output layout, and framework will only do basic check.
[WARNING] PARALLEL(278627,ffff931a8020,python):2026-09-11-21:50:19.314.284 [mindspore/ccsrc/frontend/parallel/ops_info/self_define_shard_info.cc:104] CheckInputLayout] Use self define shard for SelfDefineShardInfo15471547. User needs to ensure the accuracy and correctness of input/output layout, and framework will only do basic check.
[WARNING] PARALLEL(278627,ffff931a8020,python):2026-09-11-21:50:19.314.651 [mindspore/ccsrc/frontend/parallel/ops_info/self_define_shard_info.cc:104] CheckInputLayout] Use self define shard for SelfDefineShardInfo15481548. User needs to ensure the accuracy and correctness of input/output layout, and framework will only do basic check.
[WARNING] PARALLEL(278627,ffff931a8020,python):2026-09-11-21:50:19.314.972 [mindspore/ccsrc/frontend/parallel/ops_info/self_define_shard_info.cc:104] CheckInputLayout] Use self define shard for SelfDefineShardInfo15491549. User needs to ensure the accuracy and correctness of input/output layout, and framework will only do basic check.
[WARNING] PARALLEL(278627,ffff931a8020,python):2026-09-11-21:50:19.315.305 [mindspore/ccsrc/frontend/parallel/ops_info/self_define_shard_info.cc:104] CheckInputLayout] Use self define shard for SelfDefineShardInfo15501550. User needs to ensure the accuracy and correctness of input/output layout, and framework will only do basic check.
[WARNING] PARALLEL(278627,ffff931a8020,python):2026-09-11-21:50:19.315.622 [mindspore/ccsrc/frontend/parallel/ops_info/self_define_shard_info.cc:104] CheckInputLayout] Use self define shard for SelfDefineShardInfo15511551. User needs to ensure the accuracy and correctness of input/output layout, and framework will only do basic check.
[WARNING] PARALLEL(278627,ffff931a8020,python):2026-09-11-21:50:19.315.984 [mindspore/ccsrc/frontend/parallel/ops_info/self_define_shard_info.cc:104] CheckInputLayout] Use self define shard for SelfDefineShardInfo15521552. User needs to ensure the accuracy and correctness of input/output layout, and framework will only do basic check.
[WARNING] PARALLEL(278627,ffff931a8020,python):2026-09-11-21:50:19.316.298 [mindspore/ccsrc/frontend/parallel/ops_info/self_define_shard_info.cc:104] CheckInputLayout] Use self define shard for SelfDefineShardInfo15531553. User needs to ensure the accuracy and correctness of input/output layout, and framework will only do basic check.
[WARNING] PARALLEL(278627,ffff931a8020,python):2026-09-11-21:50:19.316.648 [mindspore/ccsrc/frontend/parallel/ops_info/self_define_shard_info.cc:104] CheckInputLayout] Use self define shard for SelfDefineShardInfo15541554. User needs to ensure the accuracy and correctness of input/output layout, and framework will only do basic check.
[WARNING] PARALLEL(278627,ffff931a8020,python):2026-09-11-21:50:19.316.994 [mindspore/ccsrc/frontend/parallel/ops_info/self_define_shard_info.cc:104] CheckInputLayout] Use self define shard for SelfDefineShardInfo15551555. User needs to ensure the accuracy and correctness of input/output layout, and framework will only do basic check.
[WARNING] PARALLEL(278627,ffff931a8020,python):2026-09-11-21:50:19.317.346 [mindspore/ccsrc/frontend/parallel/ops_info/self_define_shard_info.cc:104] CheckInputLayout] Use self define shard for SelfDefineShardInfo15561556. User needs to ensure the accuracy and correctness of input/output layout, and framework will only do basic check.
[WARNING] PARALLEL(278627,ffff931a8020,python):2026-09-11-21:50:19.317.623 [mindspore/ccsrc/frontend/parallel/ops_info/self_define_shard_info.cc:104] CheckInputLayout] Use self define shard for SelfDefineShardInfo15571557. User needs to ensure the accuracy and correctness of input/output layout, and framework will only do basic check.
[WARNING] PARALLEL(278627,ffff931a8020,python):2026-09-11-21:50:19.317.984 [mindspore/ccsrc/frontend/parallel/ops_info/self_define_shard_info.cc:104] CheckInputLayout] Use self define shard for SelfDefineShardInfo15581558. User needs to ensure the accuracy and correctness of input/output layout, and framework will only do basic check.
[WARNING] PARALLEL(278627,ffff931a8020,python):2026-09-11-21:50:19.318.313 [mindspore/ccsrc/frontend/parallel/ops_info/self_define_shard_info.cc:104] CheckInputLayout] Use self define shard for SelfDefineShardInfo15591559. User needs to ensure the accuracy and correctness of input/output layout, and framework will only do basic check.
[WARNING] PARALLEL(278627,ffff931a8020,python):2026-09-11-21:50:19.318.691 [mindspore/ccsrc/frontend/parallel/ops_info/self_define_shard_info.cc:104] CheckInputLayout] Use self define shard for SelfDefineShardInfo15601560. User needs to ensure the accuracy and correctness of input/output layout, and framework will only do basic check.
[WARNING] PARALLEL(278627,ffff931a8020,python):2026-09-11-21:50:19.319.006 [mindspore/ccsrc/frontend/parallel/ops_info/self_define_shard_info.cc:104] CheckInputLayout] Use self define shard for SelfDefineShardInfo15611561. User needs to ensure the accuracy and correctness of input/output layout, and framework will only do basic check.
[WARNING] PARALLEL(278627,ffff931a8020,python):2026-09-11-21:50:19.319.359 [mindspore/ccsrc/frontend/parallel/ops_info/self_define_shard_info.cc:104] CheckInputLayout] Use self define shard for SelfDefineShardInfo15621562. User needs to ensure the accuracy and correctness of input/output layout, and framework will only do basic check.
[WARNING] PARALLEL(278627,ffff931a8020,python):2026-09-11-21:50:19.319.683 [mindspore/ccsrc/frontend/parallel/ops_info/self_define_shard_info.cc:104] CheckInputLayout] Use self define shard for SelfDefineShardInfo15631563. User needs to ensure the accuracy and correctness of input/output layout, and framework will only do basic check.
[WARNING] PARALLEL(278627,ffff931a8020,python):2026-09-11-21:50:19.320.051 [mindspore/ccsrc/frontend/parallel/ops_info/self_define_shard_info.cc:104] CheckInputLayout] Use self define shard for SelfDefineShardInfo15641564. User needs to ensure the accuracy and correctness of input/output layout, and framework will only do basic check.
[WARNING] PARALLEL(278627,ffff931a8020,python):2026-09-11-21:50:19.320.275 [mindspore/ccsrc/frontend/parallel/ops_info/self_define_shard_info.cc:104] CheckInputLayout] Use self define shard for SelfDefineShardInfo15651565. User needs to ensure the accuracy and correctness of input/output layout, and framework will only do basic check.
[WARNING] PARALLEL(278627,ffff931a8020,python):2026-09-11-21:50:19.320.516 [mindspore/ccsrc/frontend/parallel/ops_info/self_define_shard_info.cc:104] CheckInputLayout] Use self define shard for SelfDefineShardInfo15661566. User needs to ensure the accuracy and correctness of input/output layout, and framework will only do basic check.
[WARNING] PARALLEL(278627,ffff931a8020,python):2026-09-11-21:50:19.320.755 [mindspore/ccsrc/frontend/parallel/ops_info/self_define_shard_info.cc:104] CheckInputLayout] Use self define shard for SelfDefineShardInfo15671567. User needs to ensure the accuracy and correctness of input/output layout, and framework will only do basic check.
[WARNING] PARALLEL(278627,ffff931a8020,python):2026-09-11-21:50:19.321.023 [mindspore/ccsrc/frontend/parallel/ops_info/self_define_shard_info.cc:104] CheckInputLayout] Use self define shard for SelfDefineShardInfo15681568. User needs to ensure the accuracy and correctness of input/output layout, and framework will only do basic check.
[WARNING] PARALLEL(278627,ffff931a8020,python):2026-09-11-21:50:19.321.246 [mindspore/ccsrc/frontend/parallel/ops_info/self_define_shard_info.cc:104] CheckInputLayout] Use self define shard for SelfDefineShardInfo15691569. User needs to ensure the accuracy and correctness of input/output layout, and framework will only do basic check.
[WARNING] PARALLEL(278627,ffff931a8020,python):2026-09-11-21:50:19.321.488 [mindspore/ccsrc/frontend/parallel/ops_info/self_define_shard_info.cc:104] CheckInputLayout] Use self define shard for SelfDefineShardInfo15701570. User needs to ensure the accuracy and correctness of input/output layout, and framework will only do basic check.
[WARNING] PARALLEL(278627,ffff931a8020,python):2026-09-11-21:50:19.321.712 [mindspore/ccsrc/frontend/parallel/ops_info/self_define_shard_info.cc:104] CheckInputLayout] Use self define shard for SelfDefineShardInfo15711571. User needs to ensure the accuracy and correctness of input/output layout, and framework will only do basic check.
[WARNING] PARALLEL(278627,ffff931a8020,python):2026-09-11-21:50:19.321.966 [mindspore/ccsrc/frontend/parallel/ops_info/self_define_shard_info.cc:104] CheckInputLayout] Use self define shard for SelfDefineShardInfo15721572. User needs to ensure the accuracy and correctness of input/output layout, and framework will only do basic check.
[WARNING] PARALLEL(278627,ffff931a8020,python):2026-09-11-21:50:19.322.160 [mindspore/ccsrc/frontend/parallel/ops_info/self_define_shard_info.cc:104] CheckInputLayout] Use self define shard for SelfDefineShardInfo15731573. User needs to ensure the accuracy and correctness of input/output layout, and framework will only do basic check.
[WARNING] PARALLEL(278627,ffff931a8020,python):2026-09-11-21:50:19.322.394 [mindspore/ccsrc/frontend/parallel/ops_info/self_define_shard_info.cc:104] CheckInputLayout] Use self define shard for SelfDefineShardInfo15741574. User needs to ensure the accuracy and correctness of input/output layout, and framework will only do basic check.
[WARNING] PARALLEL(278627,ffff931a8020,python):2026-09-11-21:50:19.322.600 [mindspore/ccsrc/frontend/parallel/ops_info/self_define_shard_info.cc:104] CheckInputLayout] Use self define shard for SelfDefineShardInfo15751575. User needs to ensure the accuracy and correctness of input/output layout, and framework will only do basic check.
[WARNING] PARALLEL(278627,ffff931a8020,python):2026-09-11-21:50:19.322.855 [mindspore/ccsrc/frontend/parallel/ops_info/self_define_shard_info.cc:104] CheckInputLayout] Use self define shard for SelfDefineShardInfo15761576. User needs to ensure the accuracy and correctness of input/output layout, and framework will only do basic check.
[WARNING] PARALLEL(278627,ffff931a8020,python):2026-09-11-21:50:19.323.066 [mindspore/ccsrc/frontend/parallel/ops_info/self_define_shard_info.cc:104] CheckInputLayout] Use self define shard for SelfDefineShardInfo15771577. User needs to ensure the accuracy and correctness of input/output layout, and framework will only do basic check.
[WARNING] PARALLEL(278627,ffff931a8020,python):2026-09-11-21:50:19.323.293 [mindspore/ccsrc/frontend/parallel/ops_info/self_define_shard_info.cc:104] CheckInputLayout] Use self define shard for SelfDefineShardInfo15781578. User needs to ensure the accuracy and correctness of input/output layout, and framework will only do basic check.
[WARNING] PARALLEL(278627,ffff931a8020,python):2026-09-11-21:50:19.323.503 [mindspore/ccsrc/frontend/parallel/ops_info/self_define_shard_info.cc:104] CheckInputLayout] Use self define shard for SelfDefineShardInfo15791579. User needs to ensure the accuracy and correctness of input/output layout, and framework will only do basic check.
[WARNING] PARALLEL(278627,ffff931a8020,python):2026-09-11-21:50:19.323.748 [mindspore/ccsrc/frontend/parallel/ops_info/self_define_shard_info.cc:104] CheckInputLayout] Use self define shard for SelfDefineShardInfo15801580. User needs to ensure the accuracy and correctness of input/output layout, and framework will only do basic check.
[WARNING] PARALLEL(278627,ffff931a8020,python):2026-09-11-21:50:19.323.954 [mindspore/ccsrc/frontend/parallel/ops_info/self_define_shard_info.cc:104] CheckInputLayout] Use self define shard for SelfDefineShardInfo15811581. User needs to ensure the accuracy and correctness of input/output layout, and framework will only do basic check.
[WARNING] PARALLEL(278627,ffff931a8020,python):2026-09-11-21:50:19.324.205 [mindspore/ccsrc/frontend/parallel/ops_info/self_define_shard_info.cc:104] CheckInputLayout] Use self define shard for SelfDefineShardInfo15821582. User needs to ensure the accuracy and correctness of input/output layout, and framework will only do basic check.
[WARNING] PARALLEL(278627,ffff931a8020,python):2026-09-11-21:50:19.324.420 [mindspore/ccsrc/frontend/parallel/ops_info/self_define_shard_info.cc:104] CheckInputLayout] Use self define shard for SelfDefineShardInfo15831583. User needs to ensure the accuracy and correctness of input/output layout, and framework will only do basic check.
[WARNING] PARALLEL(278627,ffff931a8020,python):2026-09-11-21:50:19.324.679 [mindspore/ccsrc/frontend/parallel/ops_info/self_define_shard_info.cc:104] CheckInputLayout] Use self define shard for SelfDefineShardInfo15841584. User needs to ensure the accuracy and correctness of input/output layout, and framework will only do basic check.
[WARNING] PARALLEL(278627,ffff931a8020,python):2026-09-11-21:50:19.324.909 [mindspore/ccsrc/frontend/parallel/ops_info/self_define_shard_info.cc:104] CheckInputLayout] Use self define shard for SelfDefineShardInfo15851585. User needs to ensure the accuracy and correctness of input/output layout, and framework will only do basic check.
[WARNING] PARALLEL(278627,ffff931a8020,python):2026-09-11-21:50:19.325.153 [mindspore/ccsrc/frontend/parallel/ops_info/self_define_shard_info.cc:104] CheckInputLayout] Use self define shard for SelfDefineShardInfo15861586. User needs to ensure the accuracy and correctness of input/output layout, and framework will only do basic check.
[WARNING] PARALLEL(278627,ffff931a8020,python):2026-09-11-21:50:19.325.377 [mindspore/ccsrc/frontend/parallel/ops_info/self_define_shard_info.cc:104] CheckInputLayout] Use self define shard for SelfDefineShardInfo15871587. User needs to ensure the accuracy and correctness of input/output layout, and framework will only do basic check.
[WARNING] PARALLEL(278627,ffff931a8020,python):2026-09-11-21:50:19.325.614 [mindspore/ccsrc/frontend/parallel/ops_info/self_define_shard_info.cc:104] CheckInputLayout] Use self define shard for SelfDefineShardInfo15881588. User needs to ensure the accuracy and correctness of input/output layout, and framework will only do basic check.
[WARNING] PARALLEL(278627,ffff931a8020,python):2026-09-11-21:50:19.325.821 [mindspore/ccsrc/frontend/parallel/ops_info/self_define_shard_info.cc:104] CheckInputLayout] Use self define shard for SelfDefineShardInfo15891589. User needs to ensure the accuracy and correctness of input/output layout, and framework will only do basic check.
[WARNING] PARALLEL(278627,ffff931a8020,python):2026-09-11-21:50:19.326.059 [mindspore/ccsrc/frontend/parallel/ops_info/self_define_shard_info.cc:104] CheckInputLayout] Use self define shard for SelfDefineShardInfo15901590. User needs to ensure the accuracy and correctness of input/output layout, and framework will only do basic check.
[WARNING] PARALLEL(278627,ffff931a8020,python):2026-09-11-21:50:19.326.284 [mindspore/ccsrc/frontend/parallel/ops_info/self_define_shard_info.cc:104] CheckInputLayout] Use self define shard for SelfDefineShardInfo15911591. User needs to ensure the accuracy and correctness of input/output layout, and framework will only do basic check.
[WARNING] PARALLEL(278627,ffff931a8020,python):2026-09-11-21:50:19.326.549 [mindspore/ccsrc/frontend/parallel/ops_info/self_define_shard_info.cc:104] CheckInputLayout] Use self define shard for SelfDefineShardInfo15921592. User needs to ensure the accuracy and correctness of input/output layout, and framework will only do basic check.
[WARNING] PARALLEL(278627,ffff931a8020,python):2026-09-11-21:50:19.326.765 [mindspore/ccsrc/frontend/parallel/ops_info/self_define_shard_info.cc:104] CheckInputLayout] Use self define shard for SelfDefineShardInfo15931593. User needs to ensure the accuracy and correctness of input/output layout, and framework will only do basic check.
[WARNING] PARALLEL(278627,ffff931a8020,python):2026-09-11-21:50:19.327.009 [mindspore/ccsrc/frontend/parallel/ops_info/self_define_shard_info.cc:104] CheckInputLayout] Use self define shard for SelfDefineShardInfo15941594. User needs to ensure the accuracy and correctness of input/output layout, and framework will only do basic check.
[WARNING] PARALLEL(278627,ffff931a8020,python):2026-09-11-21:50:19.327.268 [mindspore/ccsrc/frontend/parallel/ops_info/self_define_shard_info.cc:104] CheckInputLayout] Use self define shard for SelfDefineShardInfo15951595. User needs to ensure the accuracy and correctness of input/output layout, and framework will only do basic check.
[WARNING] PARALLEL(278627,ffff931a8020,python):2026-09-11-21:50:19.327.519 [mindspore/ccsrc/frontend/parallel/ops_info/self_define_shard_info.cc:104] CheckInputLayout] Use self define shard for SelfDefineShardInfo15961596. User needs to ensure the accuracy and correctness of input/output layout, and framework will only do basic check.
[WARNING] PARALLEL(278627,ffff931a8020,python):2026-09-11-21:50:19.327.737 [mindspore/ccsrc/frontend/parallel/ops_info/self_define_shard_info.cc:104] CheckInputLayout] Use self define shard for SelfDefineShardInfo15971597. User needs to ensure the accuracy and correctness of input/output layout, and framework will only do basic check.
[WARNING] PARALLEL(278627,ffff931a8020,python):2026-09-11-21:50:19.327.964 [mindspore/ccsrc/frontend/parallel/ops_info/self_define_shard_info.cc:104] CheckInputLayout] Use self define shard for SelfDefineShardInfo15981598. User needs to ensure the accuracy and correctness of input/output layout, and framework will only do basic check.
[WARNING] PARALLEL(278627,ffff931a8020,python):2026-09-11-21:50:19.328.175 [mindspore/ccsrc/frontend/parallel/ops_info/self_define_shard_info.cc:104] CheckInputLayout] Use self define shard for SelfDefineShardInfo15991599. User needs to ensure the accuracy and correctness of input/output layout, and framework will only do basic check.
[WARNING] PARALLEL(278627,ffff931a8020,python):2026-09-11-21:50:19.328.409 [mindspore/ccsrc/frontend/parallel/ops_info/self_define_shard_info.cc:104] CheckInputLayout] Use self define shard for SelfDefineShardInfo16001600. User needs to ensure the accuracy and correctness of input/output layout, and framework will only do basic check.
[WARNING] PARALLEL(278627,ffff931a8020,python):2026-09-11-21:50:19.328.636 [mindspore/ccsrc/frontend/parallel/ops_info/self_define_shard_info.cc:104] CheckInputLayout] Use self define shard for SelfDefineShardInfo16011601. User needs to ensure the accuracy and correctness of input/output layout, and framework will only do basic check.
[WARNING] PARALLEL(278627,ffff931a8020,python):2026-09-11-21:50:19.328.879 [mindspore/ccsrc/frontend/parallel/ops_info/self_define_shard_info.cc:104] CheckInputLayout] Use self define shard for SelfDefineShardInfo16021602. User needs to ensure the accuracy and correctness of input/output layout, and framework will only do basic check.
[WARNING] PARALLEL(278627,ffff931a8020,python):2026-09-11-21:50:19.329.119 [mindspore/ccsrc/frontend/parallel/ops_info/self_define_shard_info.cc:104] CheckInputLayout] Use self define shard for SelfDefineShardInfo16031603. User needs to ensure the accuracy and correctness of input/output layout, and framework will only do basic check.
[WARNING] PARALLEL(278627,ffff931a8020,python):2026-09-11-21:50:19.329.358 [mindspore/ccsrc/frontend/parallel/ops_info/self_define_shard_info.cc:104] CheckInputLayout] Use self define shard for SelfDefineShardInfo16041604. User needs to ensure the accuracy and correctness of input/output layout, and framework will only do basic check.
[WARNING] PARALLEL(278627,ffff931a8020,python):2026-09-11-21:50:19.329.584 [mindspore/ccsrc/frontend/parallel/ops_info/self_define_shard_info.cc:104] CheckInputLayout] Use self define shard for SelfDefineShardInfo16051605. User needs to ensure the accuracy and correctness of input/output layout, and framework will only do basic check.
[WARNING] PARALLEL(278627,ffff931a8020,python):2026-09-11-21:50:19.329.821 [mindspore/ccsrc/frontend/parallel/ops_info/self_define_shard_info.cc:104] CheckInputLayout] Use self define shard for SelfDefineShardInfo16061606. User needs to ensure the accuracy and correctness of input/output layout, and framework will only do basic check.
[WARNING] PARALLEL(278627,ffff931a8020,python):2026-09-11-21:50:19.330.075 [mindspore/ccsrc/frontend/parallel/ops_info/self_define_shard_info.cc:104] CheckInputLayout] Use self define shard for SelfDefineShardInfo16071607. User needs to ensure the accuracy and correctness of input/output layout, and framework will only do basic check.
[WARNING] PARALLEL(278627,ffff931a8020,python):2026-09-11-21:50:19.330.342 [mindspore/ccsrc/frontend/parallel/ops_info/self_define_shard_info.cc:104] CheckInputLayout] Use self define shard for SelfDefineShardInfo16081608. User needs to ensure the accuracy and correctness of input/output layout, and framework will only do basic check.
[WARNING] PARALLEL(278627,ffff931a8020,python):2026-09-11-21:50:19.330.558 [mindspore/ccsrc/frontend/parallel/ops_info/self_define_shard_info.cc:104] CheckInputLayout] Use self define shard for SelfDefineShardInfo16091609. User needs to ensure the accuracy and correctness of input/output layout, and framework will only do basic check.
[WARNING] PARALLEL(278627,ffff931a8020,python):2026-09-11-21:50:19.330.794 [mindspore/ccsrc/frontend/parallel/ops_info/self_define_shard_info.cc:104] CheckInputLayout] Use self define shard for SelfDefineShardInfo16101610. User needs to ensure the accuracy and correctness of input/output layout, and framework will only do basic check.
[WARNING] PARALLEL(278627,ffff931a8020,python):2026-09-11-21:50:19.331.024 [mindspore/ccsrc/frontend/parallel/ops_info/self_define_shard_info.cc:104] CheckInputLayout] Use self define shard for SelfDefineShardInfo16111611. User needs to ensure the accuracy and correctness of input/output layout, and framework will only do basic check.
[WARNING] PARALLEL(278627,ffff931a8020,python):2026-09-11-21:50:19.331.300 [mindspore/ccsrc/frontend/parallel/ops_info/self_define_shard_info.cc:104] CheckInputLayout] Use self define shard for SelfDefineShardInfo16121612. User needs to ensure the accuracy and correctness of input/output layout, and framework will only do basic check.
[WARNING] PARALLEL(278627,ffff931a8020,python):2026-09-11-21:50:19.331.546 [mindspore/ccsrc/frontend/parallel/ops_info/self_define_shard_info.cc:104] CheckInputLayout] Use self define shard for SelfDefineShardInfo16131613. User needs to ensure the accuracy and correctness of input/output layout, and framework will only do basic check.
[WARNING] PARALLEL(278627,ffff931a8020,python):2026-09-11-21:50:19.331.746 [mindspore/ccsrc/frontend/parallel/ops_info/self_define_shard_info.cc:104] CheckInputLayout] Use self define shard for SelfDefineShardInfo16141614. User needs to ensure the accuracy and correctness of input/output layout, and framework will only do basic check.
[WARNING] PARALLEL(278627,ffff931a8020,python):2026-09-11-21:50:19.348.587 [mindspore/ccsrc/frontend/parallel/parallel_preprocessor.cc:1249] InitReshapeOpInfo] FindNextLayout for recompute_Default/network-MFTrainOneStepCell/network-_VirtualDatasetCell/_backbone-DataOrderWrapperCell/network-TrainingQwen3ForCausalLM/model-GPTModel/decoder-TransformerBlock/layers-CellList/35-TransformerLayer/self_attention-SelfAttention/Reshape-op0 return nullptr, and is_next_reshape is 1. If reshape is not the last primitive, there must be some error.
[WARNING] PARALLEL(278627,ffff931a8020,python):2026-09-11-21:50:19.349.958 [mindspore/ccsrc/frontend/parallel/parallel_preprocessor.cc:1249] InitReshapeOpInfo] FindNextLayout for recompute_Default/network-MFTrainOneStepCell/network-_VirtualDatasetCell/_backbone-DataOrderWrapperCell/network-TrainingQwen3ForCausalLM/model-GPTModel/decoder-TransformerBlock/layers-CellList/34-TransformerLayer/self_attention-SelfAttention/Reshape-op0 return nullptr, and is_next_reshape is 1. If reshape is not the last primitive, there must be some error.
[WARNING] PARALLEL(278627,ffff931a8020,python):2026-09-11-21:50:19.351.254 [mindspore/ccsrc/frontend/parallel/parallel_preprocessor.cc:1249] InitReshapeOpInfo] FindNextLayout for recompute_Default/network-MFTrainOneStepCell/network-_VirtualDatasetCell/_backbone-DataOrderWrapperCell/network-TrainingQwen3ForCausalLM/model-GPTModel/decoder-TransformerBlock/layers-CellList/33-TransformerLayer/self_attention-SelfAttention/Reshape-op0 return nullptr, and is_next_reshape is 1. If reshape is not the last primitive, there must be some error.
[WARNING] PARALLEL(278627,ffff931a8020,python):2026-09-11-21:50:19.352.561 [mindspore/ccsrc/frontend/parallel/parallel_preprocessor.cc:1249] InitReshapeOpInfo] FindNextLayout for recompute_Default/network-MFTrainOneStepCell/network-_VirtualDatasetCell/_backbone-DataOrderWrapperCell/network-TrainingQwen3ForCausalLM/model-GPTModel/decoder-TransformerBlock/layers-CellList/32-TransformerLayer/self_attention-SelfAttention/Reshape-op0 return nullptr, and is_next_reshape is 1. If reshape is not the last primitive, there must be some error.
[WARNING] PARALLEL(278627,ffff931a8020,python):2026-09-11-21:50:19.353.866 [mindspore/ccsrc/frontend/parallel/parallel_preprocessor.cc:1249] InitReshapeOpInfo] FindNextLayout for recompute_Default/network-MFTrainOneStepCell/network-_VirtualDatasetCell/_backbone-DataOrderWrapperCell/network-TrainingQwen3ForCausalLM/model-GPTModel/decoder-TransformerBlock/layers-CellList/31-TransformerLayer/self_attention-SelfAttention/Reshape-op0 return nullptr, and is_next_reshape is 1. If reshape is not the last primitive, there must be some error.
[WARNING] PARALLEL(278627,ffff931a8020,python):2026-09-11-21:50:19.355.135 [mindspore/ccsrc/frontend/parallel/parallel_preprocessor.cc:1249] InitReshapeOpInfo] FindNextLayout for recompute_Default/network-MFTrainOneStepCell/network-_VirtualDatasetCell/_backbone-DataOrderWrapperCell/network-TrainingQwen3ForCausalLM/model-GPTModel/decoder-TransformerBlock/layers-CellList/30-TransformerLayer/self_attention-SelfAttention/Reshape-op0 return nullptr, and is_next_reshape is 1. If reshape is not the last primitive, there must be some error.
[WARNING] PARALLEL(278627,ffff931a8020,python):2026-09-11-21:50:19.356.411 [mindspore/ccsrc/frontend/parallel/parallel_preprocessor.cc:1249] InitReshapeOpInfo] FindNextLayout for recompute_Default/network-MFTrainOneStepCell/network-_VirtualDatasetCell/_backbone-DataOrderWrapperCell/network-TrainingQwen3ForCausalLM/model-GPTModel/decoder-TransformerBlock/layers-CellList/29-TransformerLayer/self_attention-SelfAttention/Reshape-op0 return nullptr, and is_next_reshape is 1. If reshape is not the last primitive, there must be some error.
[WARNING] PARALLEL(278627,ffff931a8020,python):2026-09-11-21:50:19.357.697 [mindspore/ccsrc/frontend/parallel/parallel_preprocessor.cc:1249] InitReshapeOpInfo] FindNextLayout for recompute_Default/network-MFTrainOneStepCell/network-_VirtualDatasetCell/_backbone-DataOrderWrapperCell/network-TrainingQwen3ForCausalLM/model-GPTModel/decoder-TransformerBlock/layers-CellList/28-TransformerLayer/self_attention-SelfAttention/Reshape-op0 return nullptr, and is_next_reshape is 1. If reshape is not the last primitive, there must be some error.
[WARNING] PARALLEL(278627,ffff931a8020,python):2026-09-11-21:50:19.358.993 [mindspore/ccsrc/frontend/parallel/parallel_preprocessor.cc:1249] InitReshapeOpInfo] FindNextLayout for recompute_Default/network-MFTrainOneStepCell/network-_VirtualDatasetCell/_backbone-DataOrderWrapperCell/network-TrainingQwen3ForCausalLM/model-GPTModel/decoder-TransformerBlock/layers-CellList/27-TransformerLayer/self_attention-SelfAttention/Reshape-op0 return nullptr, and is_next_reshape is 1. If reshape is not the last primitive, there must be some error.
[WARNING] PARALLEL(278627,ffff931a8020,python):2026-09-11-21:50:19.360.275 [mindspore/ccsrc/frontend/parallel/parallel_preprocessor.cc:1249] InitReshapeOpInfo] FindNextLayout for recompute_Default/network-MFTrainOneStepCell/network-_VirtualDatasetCell/_backbone-DataOrderWrapperCell/network-TrainingQwen3ForCausalLM/model-GPTModel/decoder-TransformerBlock/layers-CellList/26-TransformerLayer/self_attention-SelfAttention/Reshape-op0 return nullptr, and is_next_reshape is 1. If reshape is not the last primitive, there must be some error.
[WARNING] PARALLEL(278627,ffff931a8020,python):2026-09-11-21:50:19.361.549 [mindspore/ccsrc/frontend/parallel/parallel_preprocessor.cc:1249] InitReshapeOpInfo] FindNextLayout for recompute_Default/network-MFTrainOneStepCell/network-_VirtualDatasetCell/_backbone-DataOrderWrapperCell/network-TrainingQwen3ForCausalLM/model-GPTModel/decoder-TransformerBlock/layers-CellList/25-TransformerLayer/self_attention-SelfAttention/Reshape-op0 return nullptr, and is_next_reshape is 1. If reshape is not the last primitive, there must be some error.
[WARNING] PARALLEL(278627,ffff931a8020,python):2026-09-11-21:50:19.362.821 [mindspore/ccsrc/frontend/parallel/parallel_preprocessor.cc:1249] InitReshapeOpInfo] FindNextLayout for recompute_Default/network-MFTrainOneStepCell/network-_VirtualDatasetCell/_backbone-DataOrderWrapperCell/network-TrainingQwen3ForCausalLM/model-GPTModel/decoder-TransformerBlock/layers-CellList/24-TransformerLayer/self_attention-SelfAttention/Reshape-op0 return nullptr, and is_next_reshape is 1. If reshape is not the last primitive, there must be some error.
[WARNING] PARALLEL(278627,ffff931a8020,python):2026-09-11-21:50:19.364.065 [mindspore/ccsrc/frontend/parallel/parallel_preprocessor.cc:1249] InitReshapeOpInfo] FindNextLayout for recompute_Default/network-MFTrainOneStepCell/network-_VirtualDatasetCell/_backbone-DataOrderWrapperCell/network-TrainingQwen3ForCausalLM/model-GPTModel/decoder-TransformerBlock/layers-CellList/23-TransformerLayer/self_attention-SelfAttention/Reshape-op0 return nullptr, and is_next_reshape is 1. If reshape is not the last primitive, there must be some error.
[WARNING] PARALLEL(278627,ffff931a8020,python):2026-09-11-21:50:19.365.318 [mindspore/ccsrc/frontend/parallel/parallel_preprocessor.cc:1249] InitReshapeOpInfo] FindNextLayout for recompute_Default/network-MFTrainOneStepCell/network-_VirtualDatasetCell/_backbone-DataOrderWrapperCell/network-TrainingQwen3ForCausalLM/model-GPTModel/decoder-TransformerBlock/layers-CellList/22-TransformerLayer/self_attention-SelfAttention/Reshape-op0 return nullptr, and is_next_reshape is 1. If reshape is not the last primitive, there must be some error.
[WARNING] PARALLEL(278627,ffff931a8020,python):2026-09-11-21:50:19.366.566 [mindspore/ccsrc/frontend/parallel/parallel_preprocessor.cc:1249] InitReshapeOpInfo] FindNextLayout for recompute_Default/network-MFTrainOneStepCell/network-_VirtualDatasetCell/_backbone-DataOrderWrapperCell/network-TrainingQwen3ForCausalLM/model-GPTModel/decoder-TransformerBlock/layers-CellList/21-TransformerLayer/self_attention-SelfAttention/Reshape-op0 return nullptr, and is_next_reshape is 1. If reshape is not the last primitive, there must be some error.
[WARNING] PARALLEL(278627,ffff931a8020,python):2026-09-11-21:50:19.367.807 [mindspore/ccsrc/frontend/parallel/parallel_preprocessor.cc:1249] InitReshapeOpInfo] FindNextLayout for recompute_Default/network-MFTrainOneStepCell/network-_VirtualDatasetCell/_backbone-DataOrderWrapperCell/network-TrainingQwen3ForCausalLM/model-GPTModel/decoder-TransformerBlock/layers-CellList/20-TransformerLayer/self_attention-SelfAttention/Reshape-op0 return nullptr, and is_next_reshape is 1. If reshape is not the last primitive, there must be some error.
[WARNING] PARALLEL(278627,ffff931a8020,python):2026-09-11-21:50:19.369.019 [mindspore/ccsrc/frontend/parallel/parallel_preprocessor.cc:1249] InitReshapeOpInfo] FindNextLayout for recompute_Default/network-MFTrainOneStepCell/network-_VirtualDatasetCell/_backbone-DataOrderWrapperCell/network-TrainingQwen3ForCausalLM/model-GPTModel/decoder-TransformerBlock/layers-CellList/19-TransformerLayer/self_attention-SelfAttention/Reshape-op0 return nullptr, and is_next_reshape is 1. If reshape is not the last primitive, there must be some error.
[WARNING] PARALLEL(278627,ffff931a8020,python):2026-09-11-21:50:19.370.239 [mindspore/ccsrc/frontend/parallel/parallel_preprocessor.cc:1249] InitReshapeOpInfo] FindNextLayout for recompute_Default/network-MFTrainOneStepCell/network-_VirtualDatasetCell/_backbone-DataOrderWrapperCell/network-TrainingQwen3ForCausalLM/model-GPTModel/decoder-TransformerBlock/layers-CellList/18-TransformerLayer/self_attention-SelfAttention/Reshape-op0 return nullptr, and is_next_reshape is 1. If reshape is not the last primitive, there must be some error.
[WARNING] PARALLEL(278627,ffff931a8020,python):2026-09-11-21:50:19.371.437 [mindspore/ccsrc/frontend/parallel/parallel_preprocessor.cc:1249] InitReshapeOpInfo] FindNextLayout for recompute_Default/network-MFTrainOneStepCell/network-_VirtualDatasetCell/_backbone-DataOrderWrapperCell/network-TrainingQwen3ForCausalLM/model-GPTModel/decoder-TransformerBlock/layers-CellList/17-TransformerLayer/self_attention-SelfAttention/Reshape-op0 return nullptr, and is_next_reshape is 1. If reshape is not the last primitive, there must be some error.
[WARNING] PARALLEL(278627,ffff931a8020,python):2026-09-11-21:50:19.372.665 [mindspore/ccsrc/frontend/parallel/parallel_preprocessor.cc:1249] InitReshapeOpInfo] FindNextLayout for recompute_Default/network-MFTrainOneStepCell/network-_VirtualDatasetCell/_backbone-DataOrderWrapperCell/network-TrainingQwen3ForCausalLM/model-GPTModel/decoder-TransformerBlock/layers-CellList/16-TransformerLayer/self_attention-SelfAttention/Reshape-op0 return nullptr, and is_next_reshape is 1. If reshape is not the last primitive, there must be some error.
[WARNING] PARALLEL(278627,ffff931a8020,python):2026-09-11-21:50:19.373.883 [mindspore/ccsrc/frontend/parallel/parallel_preprocessor.cc:1249] InitReshapeOpInfo] FindNextLayout for recompute_Default/network-MFTrainOneStepCell/network-_VirtualDatasetCell/_backbone-DataOrderWrapperCell/network-TrainingQwen3ForCausalLM/model-GPTModel/decoder-TransformerBlock/layers-CellList/15-TransformerLayer/self_attention-SelfAttention/Reshape-op0 return nullptr, and is_next_reshape is 1. If reshape is not the last primitive, there must be some error.
[WARNING] PARALLEL(278627,ffff931a8020,python):2026-09-11-21:50:19.375.067 [mindspore/ccsrc/frontend/parallel/parallel_preprocessor.cc:1249] InitReshapeOpInfo] FindNextLayout for recompute_Default/network-MFTrainOneStepCell/network-_VirtualDatasetCell/_backbone-DataOrderWrapperCell/network-TrainingQwen3ForCausalLM/model-GPTModel/decoder-TransformerBlock/layers-CellList/14-TransformerLayer/self_attention-SelfAttention/Reshape-op0 return nullptr, and is_next_reshape is 1. If reshape is not the last primitive, there must be some error.
[WARNING] PARALLEL(278627,ffff931a8020,python):2026-09-11-21:50:19.376.279 [mindspore/ccsrc/frontend/parallel/parallel_preprocessor.cc:1249] InitReshapeOpInfo] FindNextLayout for recompute_Default/network-MFTrainOneStepCell/network-_VirtualDatasetCell/_backbone-DataOrderWrapperCell/network-TrainingQwen3ForCausalLM/model-GPTModel/decoder-TransformerBlock/layers-CellList/13-TransformerLayer/self_attention-SelfAttention/Reshape-op0 return nullptr, and is_next_reshape is 1. If reshape is not the last primitive, there must be some error.
[WARNING] PARALLEL(278627,ffff931a8020,python):2026-09-11-21:50:19.377.470 [mindspore/ccsrc/frontend/parallel/parallel_preprocessor.cc:1249] InitReshapeOpInfo] FindNextLayout for recompute_Default/network-MFTrainOneStepCell/network-_VirtualDatasetCell/_backbone-DataOrderWrapperCell/network-TrainingQwen3ForCausalLM/model-GPTModel/decoder-TransformerBlock/layers-CellList/12-TransformerLayer/self_attention-SelfAttention/Reshape-op0 return nullptr, and is_next_reshape is 1. If reshape is not the last primitive, there must be some error.
[WARNING] PARALLEL(278627,ffff931a8020,python):2026-09-11-21:50:19.378.558 [mindspore/ccsrc/frontend/parallel/parallel_preprocessor.cc:1249] InitReshapeOpInfo] FindNextLayout for recompute_Default/network-MFTrainOneStepCell/network-_VirtualDatasetCell/_backbone-DataOrderWrapperCell/network-TrainingQwen3ForCausalLM/model-GPTModel/decoder-TransformerBlock/layers-CellList/11-TransformerLayer/self_attention-SelfAttention/Reshape-op0 return nullptr, and is_next_reshape is 1. If reshape is not the last primitive, there must be some error.
[WARNING] PARALLEL(278627,ffff931a8020,python):2026-09-11-21:50:19.379.603 [mindspore/ccsrc/frontend/parallel/parallel_preprocessor.cc:1249] InitReshapeOpInfo] FindNextLayout for recompute_Default/network-MFTrainOneStepCell/network-_VirtualDatasetCell/_backbone-DataOrderWrapperCell/network-TrainingQwen3ForCausalLM/model-GPTModel/decoder-TransformerBlock/layers-CellList/10-TransformerLayer/self_attention-SelfAttention/Reshape-op0 return nullptr, and is_next_reshape is 1. If reshape is not the last primitive, there must be some error.
[WARNING] PARALLEL(278627,ffff931a8020,python):2026-09-11-21:50:19.380.651 [mindspore/ccsrc/frontend/parallel/parallel_preprocessor.cc:1249] InitReshapeOpInfo] FindNextLayout for recompute_Default/network-MFTrainOneStepCell/network-_VirtualDatasetCell/_backbone-DataOrderWrapperCell/network-TrainingQwen3ForCausalLM/model-GPTModel/decoder-TransformerBlock/layers-CellList/9-TransformerLayer/self_attention-SelfAttention/Reshape-op0 return nullptr, and is_next_reshape is 1. If reshape is not the last primitive, there must be some error.
[WARNING] PARALLEL(278627,ffff931a8020,python):2026-09-11-21:50:19.381.718 [mindspore/ccsrc/frontend/parallel/parallel_preprocessor.cc:1249] InitReshapeOpInfo] FindNextLayout for recompute_Default/network-MFTrainOneStepCell/network-_VirtualDatasetCell/_backbone-DataOrderWrapperCell/network-TrainingQwen3ForCausalLM/model-GPTModel/decoder-TransformerBlock/layers-CellList/8-TransformerLayer/self_attention-SelfAttention/Reshape-op0 return nullptr, and is_next_reshape is 1. If reshape is not the last primitive, there must be some error.
[WARNING] PARALLEL(278627,ffff931a8020,python):2026-09-11-21:50:19.382.758 [mindspore/ccsrc/frontend/parallel/parallel_preprocessor.cc:1249] InitReshapeOpInfo] FindNextLayout for recompute_Default/network-MFTrainOneStepCell/network-_VirtualDatasetCell/_backbone-DataOrderWrapperCell/network-TrainingQwen3ForCausalLM/model-GPTModel/decoder-TransformerBlock/layers-CellList/7-TransformerLayer/self_attention-SelfAttention/Reshape-op0 return nullptr, and is_next_reshape is 1. If reshape is not the last primitive, there must be some error.
[WARNING] PARALLEL(278627,ffff931a8020,python):2026-09-11-21:50:19.383.787 [mindspore/ccsrc/frontend/parallel/parallel_preprocessor.cc:1249] InitReshapeOpInfo] FindNextLayout for recompute_Default/network-MFTrainOneStepCell/network-_VirtualDatasetCell/_backbone-DataOrderWrapperCell/network-TrainingQwen3ForCausalLM/model-GPTModel/decoder-TransformerBlock/layers-CellList/6-TransformerLayer/self_attention-SelfAttention/Reshape-op0 return nullptr, and is_next_reshape is 1. If reshape is not the last primitive, there must be some error.
[WARNING] PARALLEL(278627,ffff931a8020,python):2026-09-11-21:50:19.384.861 [mindspore/ccsrc/frontend/parallel/parallel_preprocessor.cc:1249] InitReshapeOpInfo] FindNextLayout for recompute_Default/network-MFTrainOneStepCell/network-_VirtualDatasetCell/_backbone-DataOrderWrapperCell/network-TrainingQwen3ForCausalLM/model-GPTModel/decoder-TransformerBlock/layers-CellList/5-TransformerLayer/self_attention-SelfAttention/Reshape-op0 return nullptr, and is_next_reshape is 1. If reshape is not the last primitive, there must be some error.
[WARNING] PARALLEL(278627,ffff931a8020,python):2026-09-11-21:50:19.385.927 [mindspore/ccsrc/frontend/parallel/parallel_preprocessor.cc:1249] InitReshapeOpInfo] FindNextLayout for recompute_Default/network-MFTrainOneStepCell/network-_VirtualDatasetCell/_backbone-DataOrderWrapperCell/network-TrainingQwen3ForCausalLM/model-GPTModel/decoder-TransformerBlock/layers-CellList/4-TransformerLayer/self_attention-SelfAttention/Reshape-op0 return nullptr, and is_next_reshape is 1. If reshape is not the last primitive, there must be some error.
[WARNING] PARALLEL(278627,ffff931a8020,python):2026-09-11-21:50:19.386.966 [mindspore/ccsrc/frontend/parallel/parallel_preprocessor.cc:1249] InitReshapeOpInfo] FindNextLayout for recompute_Default/network-MFTrainOneStepCell/network-_VirtualDatasetCell/_backbone-DataOrderWrapperCell/network-TrainingQwen3ForCausalLM/model-GPTModel/decoder-TransformerBlock/layers-CellList/3-TransformerLayer/self_attention-SelfAttention/Reshape-op0 return nullptr, and is_next_reshape is 1. If reshape is not the last primitive, there must be some error.
[WARNING] PARALLEL(278627,ffff931a8020,python):2026-09-11-21:50:19.388.015 [mindspore/ccsrc/frontend/parallel/parallel_preprocessor.cc:1249] InitReshapeOpInfo] FindNextLayout for recompute_Default/network-MFTrainOneStepCell/network-_VirtualDatasetCell/_backbone-DataOrderWrapperCell/network-TrainingQwen3ForCausalLM/model-GPTModel/decoder-TransformerBlock/layers-CellList/2-TransformerLayer/self_attention-SelfAttention/Reshape-op0 return nullptr, and is_next_reshape is 1. If reshape is not the last primitive, there must be some error.
[WARNING] PARALLEL(278627,ffff931a8020,python):2026-09-11-21:50:19.389.081 [mindspore/ccsrc/frontend/parallel/parallel_preprocessor.cc:1249] InitReshapeOpInfo] FindNextLayout for recompute_Default/network-MFTrainOneStepCell/network-_VirtualDatasetCell/_backbone-DataOrderWrapperCell/network-TrainingQwen3ForCausalLM/model-GPTModel/decoder-TransformerBlock/layers-CellList/1-TransformerLayer/self_attention-SelfAttention/Reshape-op0 return nullptr, and is_next_reshape is 1. If reshape is not the last primitive, there must be some error.
[WARNING] PARALLEL(278627,ffff931a8020,python):2026-09-11-21:50:19.390.251 [mindspore/ccsrc/frontend/parallel/parallel_preprocessor.cc:1249] InitReshapeOpInfo] FindNextLayout for recompute_Default/network-MFTrainOneStepCell/network-_VirtualDatasetCell/_backbone-DataOrderWrapperCell/network-TrainingQwen3ForCausalLM/model-GPTModel/decoder-TransformerBlock/layers-CellList/0-TransformerLayer/self_attention-SelfAttention/Reshape-op0 return nullptr, and is_next_reshape is 1. If reshape is not the last primitive, there must be some error.
2026-09-11 21:52:18,733 - mindformers/models/npu_nvme_exp/user7-stack/qwen3-v13-restore-003/training/log[mindformers/checkpoint/utils.py:456] - INFO - Time spent compiling the model: 162.45 seconds
2026-09-11 21:52:19,134 - mindformers/models/npu_nvme_exp/user7-stack/qwen3-v13-restore-003/training/log[mindformers/utils/load_checkpoint_utils.py:447] - INFO - ......Start load checkpoint to model......
2026-09-11 21:52:19,140 - mindformers/models/npu_nvme_exp/user7-stack/qwen3-v13-restore-003/training/log[mindformers/utils/load_checkpoint_utils.py:451] - INFO - load checkpoint file: /models/npu_nvme_exp/user7-stack/qwen3-v13-source-002/training/checkpoint/rank_3/qwen3_rank_3-8_1.safetensors
2026-09-11 21:52:19,172 - mindformers/models/npu_nvme_exp/user7-stack/qwen3-v13-restore-003/training/log[mindformers/utils/load_checkpoint_utils.py:634] - WARNING - no metadata info in file.Please make sure remove_redundancy is consistent in file and config. 
2026-09-11 21:52:19,468 - mindformers/models/npu_nvme_exp/user7-stack/qwen3-v13-restore-003/training/log[mindformers/utils/load_checkpoint_utils.py:463] - INFO - ......Start load hyper param into optimizer......
2026-09-11 21:52:19,471 - mindformers/models/npu_nvme_exp/user7-stack/qwen3-v13-restore-003/training/log[mindformers/utils/load_checkpoint_utils.py:471] - INFO - Set global_step from 8 to: 8
[WARNING] ME(278627:281473149730848,MainProcess):2026-09-11-21:52:19.493.000 [mindspore/train/serialization.py:331] The type of Parameter#1689:Int64 in 'parameter_dict' is different from the type of it in 'net':Int32, then the type convert from Int64 to Int32 in the network. May consume additional memory and time
2026-09-11 21:52:19,514 - mindformers/models/npu_nvme_exp/user7-stack/qwen3-v13-restore-003/training/log[mindformers/trainer/base_trainer.py:1442] - INFO - .........Model Compiling, Please Wait a Moment...........
2026-09-11 21:52:19,514 - mindformers/models/npu_nvme_exp/user7-stack/qwen3-v13-restore-003/training/log[mindformers/trainer/base_trainer.py:1444] - INFO - .........train network delay initialize..........
2026-09-11 21:52:19,529 - mindformers/models/npu_nvme_exp/user7-stack/qwen3-v13-restore-003/training/log[mindformers/trainer/base_trainer.py:1447] - INFO - .........optimizer delay initialize..........
2026-09-11 21:52:19,544 - mindformers/models/npu_nvme_exp/user7-stack/qwen3-v13-restore-003/training/log[mindformers/trainer/base_trainer.py:1449] - INFO - .........Starting Training Model..........
[WARNING] ME(278627:281473149730848,MainProcess):2026-09-11-21:52:19.545.000 [mindspore/train/model.py:1383] For CheckpointMonitor callback, {'end', 'step_end'} methods may not be supported in later version, Use methods prefixed with 'on_train' or 'on_eval' instead when using customized callbacks.
[WARNING] ME(278627:281473149730848,MainProcess):2026-09-11-21:52:19.582.000 [mindspore/hal/stream.py:247] WARN_DEPRECATED: The usage of mindspore.hal.synchronize() is deprecated. Please use mindspore.runtime.synchronize()
2026-09-11 21:52:58,916 - mindformers/models/npu_nvme_exp/user7-stack/qwen3-v13-restore-003/training/log[mindformers/core/callback/callback.py:470] - INFO - Full model flops is 1482065707008, Shard model flops is 1460322435072.
2026-09-11 21:52:58,917 - mindformers/models/npu_nvme_exp/user7-stack/qwen3-v13-restore-003/training/log[mindformers/core/callback/callback.py:544] - INFO - { Epoch:[  1/  1], step:[    9/   11], loss: 0.446992, per_step_time: 10721ms, lr: 1e-06, overflow cond: False, loss_scale: 1.0, global_norm: [9.610822], train_throughput_per_npu: 0.035T
2026-09-11 21:52:58,919 - mindformers/models/npu_nvme_exp/user7-stack/qwen3-v13-restore-003/training/log[mindformers/core/callback/callback.py:560] - INFO -   81.8% |████████████████████████████████████████          | 0.02332 samples/s/p  0:00:21 }
QWEN_TRAIN_STEP rank=3 step=9 loss=0.44699237
2026-09-11 21:53:01,082 - mindformers/models/npu_nvme_exp/user7-stack/qwen3-v13-restore-003/training/log[mindformers/core/callback/callback.py:544] - INFO - { Epoch:[  1/  1], step:[   10/   11], loss: 0.436722, per_step_time: 1559ms, lr: 1e-06, overflow cond: False, loss_scale: 1.0, global_norm: [9.395354], train_throughput_per_npu: 0.238T
2026-09-11 21:53:01,088 - mindformers/models/npu_nvme_exp/user7-stack/qwen3-v13-restore-003/training/log[mindformers/core/callback/callback.py:560] - INFO -   90.9% |█████████████████████████████████████████████     | 0.16028 samples/s/p  0:00:01 }
QWEN_TRAIN_STEP rank=3 step=10 loss=0.43672162
2026-09-11 21:53:01,713 - mindformers/models/npu_nvme_exp/user7-stack/qwen3-v13-restore-003/training/log[mindformers/core/callback/callback.py:544] - INFO - { Epoch:[  1/  1], step:[   11/   11], loss: 0.425019, per_step_time: 605ms, lr: 1e-06, overflow cond: False, loss_scale: 1.0, global_norm: [9.289402], train_throughput_per_npu: 0.612T
2026-09-11 21:53:01,714 - mindformers/models/npu_nvme_exp/user7-stack/qwen3-v13-restore-003/training/log[mindformers/core/callback/callback.py:560] - INFO -   100.0% |██████████████████████████████████████████████████| 0.41288 samples/s/p  0:00:00 }
QWEN_TRAIN_STEP rank=3 step=11 loss=0.42501888
2026-09-11 21:53:27,021 - mindformers/models/npu_nvme_exp/user7-stack/qwen3-v13-restore-003/training/log[mindformers/core/callback/callback.py:1435] - INFO - ......Saving ckpt......
2026-09-11 21:53:27,021 - mindformers/models/npu_nvme_exp/user7-stack/qwen3-v13-restore-003/training/log[mindformers/core/callback/callback.py:1494] - INFO - global_batch_size: 1
2026-09-11 21:53:27,022 - mindformers/models/npu_nvme_exp/user7-stack/qwen3-v13-restore-003/training/log[mindformers/core/callback/callback.py:1495] - INFO - epoch_num: 11
2026-09-11 21:53:27,022 - mindformers/models/npu_nvme_exp/user7-stack/qwen3-v13-restore-003/training/log[mindformers/core/callback/callback.py:1496] - INFO - step_num: 11
2026-09-11 21:53:27,022 - mindformers/models/npu_nvme_exp/user7-stack/qwen3-v13-restore-003/training/log[mindformers/core/callback/callback.py:1497] - INFO - global_step: 11
2026-09-11 21:53:51,712 - mindformers/models/npu_nvme_exp/user7-stack/qwen3-v13-restore-003/training/log[mindformers/core/callback/callback.py:1350] - INFO - Finish saving ckpt of epoch 3 step 1 using 24.507 seconds
2026-09-11 21:53:51,713 - mindformers/models/npu_nvme_exp/user7-stack/qwen3-v13-restore-003/training/log[mindformers/trainer/base_trainer.py:1458] - INFO - .........Training Over!.............
