Device_id,Component,Timestamp(us),Total Reserved(KB),Device
2,SLOG,1788522391078023.490	,0,NPU:2
2,SLOG,1788522391177937.070	,0,NPU:2
2,SLOG,1788522391277935.640	,0,NPU:2
2,SLOG,1788522391377927.650	,0,NPU:2
2,SLOG,1788522391477926.110	,0,NPU:2
2,SLOG,1788522391577931.290	,0,NPU:2
2,SLOG,1788522391677920.690	,0,NPU:2
2,SLOG,1788522391777924.450	,0,NPU:2
2,SLOG,1788522391877922.070	,0,NPU:2
2,SLOG,1788522391977925.940	,0,NPU:2
2,SLOG,1788522392077937.630	,0,NPU:2
2,SLOG,1788522392177916.260	,0,NPU:2
2,SLOG,1788522392277917.700	,0,NPU:2
2,SLOG,1788522392377914.280	,0,NPU:2
2,SLOG,1788522392477913.470	,0,NPU:2
2,SLOG,1788522392577913.330	,0,NPU:2
2,SLOG,1788522392677914.200	,0,NPU:2
2,SLOG,1788522392777911.600	,0,NPU:2
2,SLOG,1788522392877912.410	,0,NPU:2
2,SLOG,1788522392978016.170	,0,NPU:2
2,SLOG,1788522393077977.060	,0,NPU:2
2,SLOG,1788522393177974.590	,0,NPU:2
2,SLOG,1788522393277964.030	,0,NPU:2
2,SLOG,1788522393377945.550	,0,NPU:2
2,SLOG,1788522393477976.680	,0,NPU:2
2,SLOG,1788522393577984.080	,0,NPU:2
2,SLOG,1788522393677968.900	,0,NPU:2
2,SLOG,1788522393777954.940	,0,NPU:2
2,SLOG,1788522393877942.990	,0,NPU:2
2,SLOG,1788522393977961.280	,0,NPU:2
2,SLOG,1788522394078013.090	,0,NPU:2
2,SLOG,1788522394177974.520	,0,NPU:2
2,SLOG,1788522394277964.210	,0,NPU:2
2,SLOG,1788522394377950.280	,0,NPU:2
2,SLOG,1788522394477952.390	,0,NPU:2
2,SLOG,1788522394578016.640	,0,NPU:2
2,SLOG,1788522394677977.300	,0,NPU:2
2,SLOG,1788522394777969.400	,0,NPU:2
2,SLOG,1788522394877962.180	,0,NPU:2
2,SLOG,1788522394977965.600	,0,NPU:2
2,SLOG,1788522395078008.720	,0,NPU:2
2,SLOG,1788522395177977.430	,0,NPU:2
2,SLOG,1788522395277957.970	,0,NPU:2
2,SLOG,1788522395377930.270	,0,NPU:2
2,SLOG,1788522395477921.620	,0,NPU:2
2,SLOG,1788522395577936.500	,0,NPU:2
2,SLOG,1788522395678003.450	,0,NPU:2
2,SLOG,1788522395777928.150	,0,NPU:2
2,SLOG,1788522395877927.960	,0,NPU:2
2,SLOG,1788522395977921.590	,0,NPU:2
2,SLOG,1788522396077916.940	,0,NPU:2
2,SLOG,1788522396177923.490	,0,NPU:2
2,SLOG,1788522396277996.560	,0,NPU:2
2,SLOG,1788522396377924.140	,0,NPU:2
2,SLOG,1788522396477922.640	,0,NPU:2
2,SLOG,1788522396577981.300	,0,NPU:2
2,SLOG,1788522396677932.570	,0,NPU:2
2,SLOG,1788522396777925.720	,0,NPU:2
2,SLOG,1788522396877997.210	,0,NPU:2
2,SLOG,1788522396977942.920	,0,NPU:2
2,SLOG,1788522397077970.710	,0,NPU:2
2,SLOG,1788522397177936.970	,0,NPU:2
2,SLOG,1788522397277933.350	,0,NPU:2
2,SLOG,1788522397377993.820	,0,NPU:2
2,SLOG,1788522397477951.390	,0,NPU:2
2,SLOG,1788522397577956.900	,0,NPU:2
2,SLOG,1788522397677924.020	,0,NPU:2
2,SLOG,1788522397777934.420	,0,NPU:2
2,SLOG,1788522397877963.890	,0,NPU:2
2,SLOG,1788522397977969.880	,0,NPU:2
2,SLOG,1788522398077954.400	,0,NPU:2
2,SLOG,1788522398177927.840	,0,NPU:2
2,SLOG,1788522398277921.670	,0,NPU:2
2,SLOG,1788522398377958.450	,0,NPU:2
2,SLOG,1788522398477974.110	,0,NPU:2
2,SLOG,1788522398577953.640	,0,NPU:2
2,SLOG,1788522398677911.610	,0,NPU:2
2,SLOG,1788522398777930.720	,0,NPU:2
2,SLOG,1788522398877925.070	,0,NPU:2
2,SLOG,1788522398978009.620	,0,NPU:2
2,SLOG,1788522399077942.860	,0,NPU:2
2,SLOG,1788522399177944.700	,0,NPU:2
2,SLOG,1788522399277916.870	,0,NPU:2
2,SLOG,1788522399377916.990	,0,NPU:2
2,SLOG,1788522399477993.320	,0,NPU:2
2,SLOG,1788522399577921.240	,0,NPU:2
2,SLOG,1788522399677921.770	,0,NPU:2
2,SLOG,1788522399777919.970	,0,NPU:2
2,SLOG,1788522399877912.580	,0,NPU:2
2,SLOG,1788522399977983.870	,0,NPU:2
2,SLOG,1788522400077927.200	,0,NPU:2
2,SLOG,1788522400177927.440	,0,NPU:2
2,SLOG,1788522400277926.000	,0,NPU:2
2,SLOG,1788522400377927.760	,0,NPU:2
2,SLOG,1788522400477988.310	,0,NPU:2
2,SLOG,1788522400577934.210	,0,NPU:2
2,SLOG,1788522400677909.290	,0,NPU:2
2,SLOG,1788522400777918.620	,0,NPU:2
2,SLOG,1788522400877909.760	,0,NPU:2
2,SLOG,1788522400977969.760	,0,NPU:2
2,SLOG,1788522401077942.050	,0,NPU:2
2,SLOG,1788522401177920.180	,0,NPU:2
2,SLOG,1788522401277910.480	,0,NPU:2
2,SLOG,1788522401377925.770	,0,NPU:2
2,SLOG,1788522401477900.310	,0,NPU:2
2,SLOG,1788522401577954.960	,0,NPU:2
2,SLOG,1788522401677921.360	,0,NPU:2
2,SLOG,1788522401777916.770	,0,NPU:2
2,SLOG,1788522401877925.470	,0,NPU:2
2,SLOG,1788522401977916.920	,0,NPU:2
2,SLOG,1788522402077974.830	,0,NPU:2
2,SLOG,1788522402177902.680	,0,NPU:2
2,SLOG,1788522402277918.870	,0,NPU:2
2,SLOG,1788522402377922.760	,0,NPU:2
2,SLOG,1788522402477903.590	,0,NPU:2
2,SLOG,1788522402577942.340	,0,NPU:2
2,SLOG,1788522402677919.030	,0,NPU:2
2,SLOG,1788522402777911.780	,0,NPU:2
2,SLOG,1788522402877922.630	,0,NPU:2
2,SLOG,1788522402977905.570	,0,NPU:2
2,SLOG,1788522403077934.900	,0,NPU:2
2,SLOG,1788522403177942.120	,0,NPU:2
2,SLOG,1788522403277908.370	,0,NPU:2
2,SLOG,1788522403377927.360	,0,NPU:2
2,SLOG,1788522403477900.620	,0,NPU:2
2,SLOG,1788522403577899.530	,0,NPU:2
2,SLOG,1788522403677942.630	,0,NPU:2
2,SLOG,1788522403777925.020	,0,NPU:2
2,SLOG,1788522403877912.590	,0,NPU:2
2,SLOG,1788522403977901.400	,0,NPU:2
2,SLOG,1788522404077891.260	,0,NPU:2
2,SLOG,1788522404177954.260	,0,NPU:2
2,SLOG,1788522404277915.290	,0,NPU:2
2,SLOG,1788522404377906.970	,0,NPU:2
2,SLOG,1788522404477897.920	,0,NPU:2
2,SLOG,1788522404577890.250	,0,NPU:2
2,SLOG,1788522404677934.570	,0,NPU:2
2,SLOG,1788522404777930.310	,0,NPU:2
2,SLOG,1788522404877897.690	,0,NPU:2
2,SLOG,1788522404977898.970	,0,NPU:2
2,SLOG,1788522405077895.540	,0,NPU:2
2,SLOG,1788522405177902.050	,0,NPU:2
2,SLOG,1788522405277949.200	,0,NPU:2
2,SLOG,1788522405377893.890	,0,NPU:2
2,SLOG,1788522405477907.290	,0,NPU:2
2,SLOG,1788522405577893.850	,0,NPU:2
2,SLOG,1788522405677886.100	,0,NPU:2
2,SLOG,1788522405777954.290	,0,NPU:2
2,SLOG,1788522405877885.890	,0,NPU:2
2,SLOG,1788522405977898.270	,0,NPU:2
2,SLOG,1788522406077889.750	,0,NPU:2
2,SLOG,1788522406177915.880	,0,NPU:2
2,SLOG,1788522406277936.440	,0,NPU:2
2,SLOG,1788522406377897.670	,0,NPU:2
2,SLOG,1788522406477888.140	,0,NPU:2
2,SLOG,1788522406577897.320	,0,NPU:2
2,SLOG,1788522406677907.770	,0,NPU:2
2,SLOG,1788522406777934.210	,0,NPU:2
2,SLOG,1788522406877907.300	,0,NPU:2
2,SLOG,1788522406977909.710	,0,NPU:2
2,SLOG,1788522407077929.020	,0,NPU:2
2,SLOG,1788522407177909.460	,0,NPU:2
2,SLOG,1788522407277917.990	,0,NPU:2
2,SLOG,1788522407377925.380	,0,NPU:2
2,SLOG,1788522407477894.670	,0,NPU:2
2,SLOG,1788522407577895.450	,0,NPU:2
2,SLOG,1788522407677906.380	,0,NPU:2
2,SLOG,1788522407777884.020	,0,NPU:2
2,SLOG,1788522407877934.230	,0,NPU:2
2,SLOG,1788522407977893.050	,0,NPU:2
2,SLOG,1788522408077898.630	,0,NPU:2
2,SLOG,1788522408177899.180	,0,NPU:2
2,SLOG,1788522408277883.110	,0,NPU:2
2,SLOG,1788522408377926.070	,0,NPU:2
2,SLOG,1788522408477888.490	,0,NPU:2
2,SLOG,1788522408577895.200	,0,NPU:2
2,SLOG,1788522408677906.390	,0,NPU:2
2,SLOG,1788522408777886.940	,0,NPU:2
2,SLOG,1788522408877899.720	,0,NPU:2
2,SLOG,1788522408977919.030	,0,NPU:2
2,SLOG,1788522409077900.950	,0,NPU:2
2,SLOG,1788522409177920.590	,0,NPU:2
2,SLOG,1788522409277903.090	,0,NPU:2
2,SLOG,1788522409377939.190	,0,NPU:2
2,SLOG,1788522409477940.020	,0,NPU:2
2,SLOG,1788522409577925.070	,0,NPU:2
2,SLOG,1788522409677913.390	,0,NPU:2
2,SLOG,1788522409778505.600	,0,NPU:2
2,SLOG,1788522409877880.650	,0,NPU:2
2,SLOG,1788522409884448.780	,0,NPU:2
2,IDEDD,1788522391078023.490	,0,NPU:2
2,IDEDD,1788522391177937.070	,0,NPU:2
2,IDEDD,1788522391277935.640	,0,NPU:2
2,IDEDD,1788522391377927.650	,0,NPU:2
2,IDEDD,1788522391477926.110	,0,NPU:2
2,IDEDD,1788522391577931.290	,0,NPU:2
2,IDEDD,1788522391677920.690	,0,NPU:2
2,IDEDD,1788522391777924.450	,0,NPU:2
2,IDEDD,1788522391877922.070	,0,NPU:2
2,IDEDD,1788522391977925.940	,0,NPU:2
2,IDEDD,1788522392077937.630	,0,NPU:2
2,IDEDD,1788522392177916.260	,0,NPU:2
2,IDEDD,1788522392277917.700	,0,NPU:2
2,IDEDD,1788522392377914.280	,0,NPU:2
2,IDEDD,1788522392477913.470	,0,NPU:2
2,IDEDD,1788522392577913.330	,0,NPU:2
2,IDEDD,1788522392677914.200	,0,NPU:2
2,IDEDD,1788522392777911.600	,0,NPU:2
2,IDEDD,1788522392877912.410	,0,NPU:2
2,IDEDD,1788522392978016.170	,0,NPU:2
2,IDEDD,1788522393077977.060	,0,NPU:2
2,IDEDD,1788522393177974.590	,0,NPU:2
2,IDEDD,1788522393277964.030	,0,NPU:2
2,IDEDD,1788522393377945.550	,0,NPU:2
2,IDEDD,1788522393477976.680	,0,NPU:2
2,IDEDD,1788522393577984.080	,0,NPU:2
2,IDEDD,1788522393677968.900	,0,NPU:2
2,IDEDD,1788522393777954.940	,0,NPU:2
2,IDEDD,1788522393877942.990	,0,NPU:2
2,IDEDD,1788522393977961.280	,0,NPU:2
2,IDEDD,1788522394078013.090	,0,NPU:2
2,IDEDD,1788522394177974.520	,0,NPU:2
2,IDEDD,1788522394277964.210	,0,NPU:2
2,IDEDD,1788522394377950.280	,0,NPU:2
2,IDEDD,1788522394477952.390	,0,NPU:2
2,IDEDD,1788522394578016.640	,0,NPU:2
2,IDEDD,1788522394677977.300	,0,NPU:2
2,IDEDD,1788522394777969.400	,0,NPU:2
2,IDEDD,1788522394877962.180	,0,NPU:2
2,IDEDD,1788522394977965.600	,0,NPU:2
2,IDEDD,1788522395078008.720	,0,NPU:2
2,IDEDD,1788522395177977.430	,0,NPU:2
2,IDEDD,1788522395277957.970	,0,NPU:2
2,IDEDD,1788522395377930.270	,0,NPU:2
2,IDEDD,1788522395477921.620	,0,NPU:2
2,IDEDD,1788522395577936.500	,0,NPU:2
2,IDEDD,1788522395678003.450	,0,NPU:2
2,IDEDD,1788522395777928.150	,0,NPU:2
2,IDEDD,1788522395877927.960	,0,NPU:2
2,IDEDD,1788522395977921.590	,0,NPU:2
2,IDEDD,1788522396077916.940	,0,NPU:2
2,IDEDD,1788522396177923.490	,0,NPU:2
2,IDEDD,1788522396277996.560	,0,NPU:2
2,IDEDD,1788522396377924.140	,0,NPU:2
2,IDEDD,1788522396477922.640	,0,NPU:2
2,IDEDD,1788522396577981.300	,0,NPU:2
2,IDEDD,1788522396677932.570	,0,NPU:2
2,IDEDD,1788522396777925.720	,0,NPU:2
2,IDEDD,1788522396877997.210	,0,NPU:2
2,IDEDD,1788522396977942.920	,0,NPU:2
2,IDEDD,1788522397077970.710	,0,NPU:2
2,IDEDD,1788522397177936.970	,0,NPU:2
2,IDEDD,1788522397277933.350	,0,NPU:2
2,IDEDD,1788522397377993.820	,0,NPU:2
2,IDEDD,1788522397477951.390	,0,NPU:2
2,IDEDD,1788522397577956.900	,0,NPU:2
2,IDEDD,1788522397677924.020	,0,NPU:2
2,IDEDD,1788522397777934.420	,0,NPU:2
2,IDEDD,1788522397877963.890	,0,NPU:2
2,IDEDD,1788522397977969.880	,0,NPU:2
2,IDEDD,1788522398077954.400	,0,NPU:2
2,IDEDD,1788522398177927.840	,0,NPU:2
2,IDEDD,1788522398277921.670	,0,NPU:2
2,IDEDD,1788522398377958.450	,0,NPU:2
2,IDEDD,1788522398477974.110	,0,NPU:2
2,IDEDD,1788522398577953.640	,0,NPU:2
2,IDEDD,1788522398677911.610	,0,NPU:2
2,IDEDD,1788522398777930.720	,0,NPU:2
2,IDEDD,1788522398877925.070	,0,NPU:2
2,IDEDD,1788522398978009.620	,0,NPU:2
2,IDEDD,1788522399077942.860	,0,NPU:2
2,IDEDD,1788522399177944.700	,0,NPU:2
2,IDEDD,1788522399277916.870	,0,NPU:2
2,IDEDD,1788522399377916.990	,0,NPU:2
2,IDEDD,1788522399477993.320	,0,NPU:2
2,IDEDD,1788522399577921.240	,0,NPU:2
2,IDEDD,1788522399677921.770	,0,NPU:2
2,IDEDD,1788522399777919.970	,0,NPU:2
2,IDEDD,1788522399877912.580	,0,NPU:2
2,IDEDD,1788522399977983.870	,0,NPU:2
2,IDEDD,1788522400077927.200	,0,NPU:2
2,IDEDD,1788522400177927.440	,0,NPU:2
2,IDEDD,1788522400277926.000	,0,NPU:2
2,IDEDD,1788522400377927.760	,0,NPU:2
2,IDEDD,1788522400477988.310	,0,NPU:2
2,IDEDD,1788522400577934.210	,0,NPU:2
2,IDEDD,1788522400677909.290	,0,NPU:2
2,IDEDD,1788522400777918.620	,0,NPU:2
2,IDEDD,1788522400877909.760	,0,NPU:2
2,IDEDD,1788522400977969.760	,0,NPU:2
2,IDEDD,1788522401077942.050	,0,NPU:2
2,IDEDD,1788522401177920.180	,0,NPU:2
2,IDEDD,1788522401277910.480	,0,NPU:2
2,IDEDD,1788522401377925.770	,0,NPU:2
2,IDEDD,1788522401477900.310	,0,NPU:2
2,IDEDD,1788522401577954.960	,0,NPU:2
2,IDEDD,1788522401677921.360	,0,NPU:2
2,IDEDD,1788522401777916.770	,0,NPU:2
2,IDEDD,1788522401877925.470	,0,NPU:2
2,IDEDD,1788522401977916.920	,0,NPU:2
2,IDEDD,1788522402077974.830	,0,NPU:2
2,IDEDD,1788522402177902.680	,0,NPU:2
2,IDEDD,1788522402277918.870	,0,NPU:2
2,IDEDD,1788522402377922.760	,0,NPU:2
2,IDEDD,1788522402477903.590	,0,NPU:2
2,IDEDD,1788522402577942.340	,0,NPU:2
2,IDEDD,1788522402677919.030	,0,NPU:2
2,IDEDD,1788522402777911.780	,0,NPU:2
2,IDEDD,1788522402877922.630	,0,NPU:2
2,IDEDD,1788522402977905.570	,0,NPU:2
2,IDEDD,1788522403077934.900	,0,NPU:2
2,IDEDD,1788522403177942.120	,0,NPU:2
2,IDEDD,1788522403277908.370	,0,NPU:2
2,IDEDD,1788522403377927.360	,0,NPU:2
2,IDEDD,1788522403477900.620	,0,NPU:2
2,IDEDD,1788522403577899.530	,0,NPU:2
2,IDEDD,1788522403677942.630	,0,NPU:2
2,IDEDD,1788522403777925.020	,0,NPU:2
2,IDEDD,1788522403877912.590	,0,NPU:2
2,IDEDD,1788522403977901.400	,0,NPU:2
2,IDEDD,1788522404077891.260	,0,NPU:2
2,IDEDD,1788522404177954.260	,0,NPU:2
2,IDEDD,1788522404277915.290	,0,NPU:2
2,IDEDD,1788522404377906.970	,0,NPU:2
2,IDEDD,1788522404477897.920	,0,NPU:2
2,IDEDD,1788522404577890.250	,0,NPU:2
2,IDEDD,1788522404677934.570	,0,NPU:2
2,IDEDD,1788522404777930.310	,0,NPU:2
2,IDEDD,1788522404877897.690	,0,NPU:2
2,IDEDD,1788522404977898.970	,0,NPU:2
2,IDEDD,1788522405077895.540	,0,NPU:2
2,IDEDD,1788522405177902.050	,0,NPU:2
2,IDEDD,1788522405277949.200	,0,NPU:2
2,IDEDD,1788522405377893.890	,0,NPU:2
2,IDEDD,1788522405477907.290	,0,NPU:2
2,IDEDD,1788522405577893.850	,0,NPU:2
2,IDEDD,1788522405677886.100	,0,NPU:2
2,IDEDD,1788522405777954.290	,0,NPU:2
2,IDEDD,1788522405877885.890	,0,NPU:2
2,IDEDD,1788522405977898.270	,0,NPU:2
2,IDEDD,1788522406077889.750	,0,NPU:2
2,IDEDD,1788522406177915.880	,0,NPU:2
2,IDEDD,1788522406277936.440	,0,NPU:2
2,IDEDD,1788522406377897.670	,0,NPU:2
2,IDEDD,1788522406477888.140	,0,NPU:2
2,IDEDD,1788522406577897.320	,0,NPU:2
2,IDEDD,1788522406677907.770	,0,NPU:2
2,IDEDD,1788522406777934.210	,0,NPU:2
2,IDEDD,1788522406877907.300	,0,NPU:2
2,IDEDD,1788522406977909.710	,0,NPU:2
2,IDEDD,1788522407077929.020	,0,NPU:2
2,IDEDD,1788522407177909.460	,0,NPU:2
2,IDEDD,1788522407277917.990	,0,NPU:2
2,IDEDD,1788522407377925.380	,0,NPU:2
2,IDEDD,1788522407477894.670	,0,NPU:2
2,IDEDD,1788522407577895.450	,0,NPU:2
2,IDEDD,1788522407677906.380	,0,NPU:2
2,IDEDD,1788522407777884.020	,0,NPU:2
2,IDEDD,1788522407877934.230	,0,NPU:2
2,IDEDD,1788522407977893.050	,0,NPU:2
2,IDEDD,1788522408077898.630	,0,NPU:2
2,IDEDD,1788522408177899.180	,0,NPU:2
2,IDEDD,1788522408277883.110	,0,NPU:2
2,IDEDD,1788522408377926.070	,0,NPU:2
2,IDEDD,1788522408477888.490	,0,NPU:2
2,IDEDD,1788522408577895.200	,0,NPU:2
2,IDEDD,1788522408677906.390	,0,NPU:2
2,IDEDD,1788522408777886.940	,0,NPU:2
2,IDEDD,1788522408877899.720	,0,NPU:2
2,IDEDD,1788522408977919.030	,0,NPU:2
2,IDEDD,1788522409077900.950	,0,NPU:2
2,IDEDD,1788522409177920.590	,0,NPU:2
2,IDEDD,1788522409277903.090	,0,NPU:2
2,IDEDD,1788522409377939.190	,0,NPU:2
2,IDEDD,1788522409477940.020	,0,NPU:2
2,IDEDD,1788522409577925.070	,0,NPU:2
2,IDEDD,1788522409677913.390	,0,NPU:2
2,IDEDD,1788522409778505.600	,0,NPU:2
2,IDEDD,1788522409877880.650	,0,NPU:2
2,IDEDD,1788522409884448.780	,0,NPU:2
2,IDEDH,1788522391078023.490	,0,NPU:2
2,IDEDH,1788522391177937.070	,0,NPU:2
2,IDEDH,1788522391277935.640	,0,NPU:2
2,IDEDH,1788522391377927.650	,0,NPU:2
2,IDEDH,1788522391477926.110	,0,NPU:2
2,IDEDH,1788522391577931.290	,0,NPU:2
2,IDEDH,1788522391677920.690	,0,NPU:2
2,IDEDH,1788522391777924.450	,0,NPU:2
2,IDEDH,1788522391877922.070	,0,NPU:2
2,IDEDH,1788522391977925.940	,0,NPU:2
2,IDEDH,1788522392077937.630	,0,NPU:2
2,IDEDH,1788522392177916.260	,0,NPU:2
2,IDEDH,1788522392277917.700	,0,NPU:2
2,IDEDH,1788522392377914.280	,0,NPU:2
2,IDEDH,1788522392477913.470	,0,NPU:2
2,IDEDH,1788522392577913.330	,0,NPU:2
2,IDEDH,1788522392677914.200	,0,NPU:2
2,IDEDH,1788522392777911.600	,0,NPU:2
2,IDEDH,1788522392877912.410	,0,NPU:2
2,IDEDH,1788522392978016.170	,0,NPU:2
2,IDEDH,1788522393077977.060	,0,NPU:2
2,IDEDH,1788522393177974.590	,0,NPU:2
2,IDEDH,1788522393277964.030	,0,NPU:2
2,IDEDH,1788522393377945.550	,0,NPU:2
2,IDEDH,1788522393477976.680	,0,NPU:2
2,IDEDH,1788522393577984.080	,0,NPU:2
2,IDEDH,1788522393677968.900	,0,NPU:2
2,IDEDH,1788522393777954.940	,0,NPU:2
2,IDEDH,1788522393877942.990	,0,NPU:2
2,IDEDH,1788522393977961.280	,0,NPU:2
2,IDEDH,1788522394078013.090	,0,NPU:2
2,IDEDH,1788522394177974.520	,0,NPU:2
2,IDEDH,1788522394277964.210	,0,NPU:2
2,IDEDH,1788522394377950.280	,0,NPU:2
2,IDEDH,1788522394477952.390	,0,NPU:2
2,IDEDH,1788522394578016.640	,0,NPU:2
2,IDEDH,1788522394677977.300	,0,NPU:2
2,IDEDH,1788522394777969.400	,0,NPU:2
2,IDEDH,1788522394877962.180	,0,NPU:2
2,IDEDH,1788522394977965.600	,0,NPU:2
2,IDEDH,1788522395078008.720	,0,NPU:2
2,IDEDH,1788522395177977.430	,0,NPU:2
2,IDEDH,1788522395277957.970	,0,NPU:2
2,IDEDH,1788522395377930.270	,0,NPU:2
2,IDEDH,1788522395477921.620	,0,NPU:2
2,IDEDH,1788522395577936.500	,0,NPU:2
2,IDEDH,1788522395678003.450	,0,NPU:2
2,IDEDH,1788522395777928.150	,0,NPU:2
2,IDEDH,1788522395877927.960	,0,NPU:2
2,IDEDH,1788522395977921.590	,0,NPU:2
2,IDEDH,1788522396077916.940	,0,NPU:2
2,IDEDH,1788522396177923.490	,0,NPU:2
2,IDEDH,1788522396277996.560	,0,NPU:2
2,IDEDH,1788522396377924.140	,0,NPU:2
2,IDEDH,1788522396477922.640	,0,NPU:2
2,IDEDH,1788522396577981.300	,0,NPU:2
2,IDEDH,1788522396677932.570	,0,NPU:2
2,IDEDH,1788522396777925.720	,0,NPU:2
2,IDEDH,1788522396877997.210	,0,NPU:2
2,IDEDH,1788522396977942.920	,0,NPU:2
2,IDEDH,1788522397077970.710	,0,NPU:2
2,IDEDH,1788522397177936.970	,0,NPU:2
2,IDEDH,1788522397277933.350	,0,NPU:2
2,IDEDH,1788522397377993.820	,0,NPU:2
2,IDEDH,1788522397477951.390	,0,NPU:2
2,IDEDH,1788522397577956.900	,0,NPU:2
2,IDEDH,1788522397677924.020	,0,NPU:2
2,IDEDH,1788522397777934.420	,0,NPU:2
2,IDEDH,1788522397877963.890	,0,NPU:2
2,IDEDH,1788522397977969.880	,0,NPU:2
2,IDEDH,1788522398077954.400	,0,NPU:2
2,IDEDH,1788522398177927.840	,0,NPU:2
2,IDEDH,1788522398277921.670	,0,NPU:2
2,IDEDH,1788522398377958.450	,0,NPU:2
2,IDEDH,1788522398477974.110	,0,NPU:2
2,IDEDH,1788522398577953.640	,0,NPU:2
2,IDEDH,1788522398677911.610	,0,NPU:2
2,IDEDH,1788522398777930.720	,0,NPU:2
2,IDEDH,1788522398877925.070	,0,NPU:2
2,IDEDH,1788522398978009.620	,0,NPU:2
2,IDEDH,1788522399077942.860	,0,NPU:2
2,IDEDH,1788522399177944.700	,0,NPU:2
2,IDEDH,1788522399277916.870	,0,NPU:2
2,IDEDH,1788522399377916.990	,0,NPU:2
2,IDEDH,1788522399477993.320	,0,NPU:2
2,IDEDH,1788522399577921.240	,0,NPU:2
2,IDEDH,1788522399677921.770	,0,NPU:2
2,IDEDH,1788522399777919.970	,0,NPU:2
2,IDEDH,1788522399877912.580	,0,NPU:2
2,IDEDH,1788522399977983.870	,0,NPU:2
2,IDEDH,1788522400077927.200	,0,NPU:2
2,IDEDH,1788522400177927.440	,0,NPU:2
2,IDEDH,1788522400277926.000	,0,NPU:2
2,IDEDH,1788522400377927.760	,0,NPU:2
2,IDEDH,1788522400477988.310	,0,NPU:2
2,IDEDH,1788522400577934.210	,0,NPU:2
2,IDEDH,1788522400677909.290	,0,NPU:2
2,IDEDH,1788522400777918.620	,0,NPU:2
2,IDEDH,1788522400877909.760	,0,NPU:2
2,IDEDH,1788522400977969.760	,0,NPU:2
2,IDEDH,1788522401077942.050	,0,NPU:2
2,IDEDH,1788522401177920.180	,0,NPU:2
2,IDEDH,1788522401277910.480	,0,NPU:2
2,IDEDH,1788522401377925.770	,0,NPU:2
2,IDEDH,1788522401477900.310	,0,NPU:2
2,IDEDH,1788522401577954.960	,0,NPU:2
2,IDEDH,1788522401677921.360	,0,NPU:2
2,IDEDH,1788522401777916.770	,0,NPU:2
2,IDEDH,1788522401877925.470	,0,NPU:2
2,IDEDH,1788522401977916.920	,0,NPU:2
2,IDEDH,1788522402077974.830	,0,NPU:2
2,IDEDH,1788522402177902.680	,0,NPU:2
2,IDEDH,1788522402277918.870	,0,NPU:2
2,IDEDH,1788522402377922.760	,0,NPU:2
2,IDEDH,1788522402477903.590	,0,NPU:2
2,IDEDH,1788522402577942.340	,0,NPU:2
2,IDEDH,1788522402677919.030	,0,NPU:2
2,IDEDH,1788522402777911.780	,0,NPU:2
2,IDEDH,1788522402877922.630	,0,NPU:2
2,IDEDH,1788522402977905.570	,0,NPU:2
2,IDEDH,1788522403077934.900	,0,NPU:2
2,IDEDH,1788522403177942.120	,0,NPU:2
2,IDEDH,1788522403277908.370	,0,NPU:2
2,IDEDH,1788522403377927.360	,0,NPU:2
2,IDEDH,1788522403477900.620	,0,NPU:2
2,IDEDH,1788522403577899.530	,0,NPU:2
2,IDEDH,1788522403677942.630	,0,NPU:2
2,IDEDH,1788522403777925.020	,0,NPU:2
2,IDEDH,1788522403877912.590	,0,NPU:2
2,IDEDH,1788522403977901.400	,0,NPU:2
2,IDEDH,1788522404077891.260	,0,NPU:2
2,IDEDH,1788522404177954.260	,0,NPU:2
2,IDEDH,1788522404277915.290	,0,NPU:2
2,IDEDH,1788522404377906.970	,0,NPU:2
2,IDEDH,1788522404477897.920	,0,NPU:2
2,IDEDH,1788522404577890.250	,0,NPU:2
2,IDEDH,1788522404677934.570	,0,NPU:2
2,IDEDH,1788522404777930.310	,0,NPU:2
2,IDEDH,1788522404877897.690	,0,NPU:2
2,IDEDH,1788522404977898.970	,0,NPU:2
2,IDEDH,1788522405077895.540	,0,NPU:2
2,IDEDH,1788522405177902.050	,0,NPU:2
2,IDEDH,1788522405277949.200	,0,NPU:2
2,IDEDH,1788522405377893.890	,0,NPU:2
2,IDEDH,1788522405477907.290	,0,NPU:2
2,IDEDH,1788522405577893.850	,0,NPU:2
2,IDEDH,1788522405677886.100	,0,NPU:2
2,IDEDH,1788522405777954.290	,0,NPU:2
2,IDEDH,1788522405877885.890	,0,NPU:2
2,IDEDH,1788522405977898.270	,0,NPU:2
2,IDEDH,1788522406077889.750	,0,NPU:2
2,IDEDH,1788522406177915.880	,0,NPU:2
2,IDEDH,1788522406277936.440	,0,NPU:2
2,IDEDH,1788522406377897.670	,0,NPU:2
2,IDEDH,1788522406477888.140	,0,NPU:2
2,IDEDH,1788522406577897.320	,0,NPU:2
2,IDEDH,1788522406677907.770	,0,NPU:2
2,IDEDH,1788522406777934.210	,0,NPU:2
2,IDEDH,1788522406877907.300	,0,NPU:2
2,IDEDH,1788522406977909.710	,0,NPU:2
2,IDEDH,1788522407077929.020	,0,NPU:2
2,IDEDH,1788522407177909.460	,0,NPU:2
2,IDEDH,1788522407277917.990	,0,NPU:2
2,IDEDH,1788522407377925.380	,0,NPU:2
2,IDEDH,1788522407477894.670	,0,NPU:2
2,IDEDH,1788522407577895.450	,0,NPU:2
2,IDEDH,1788522407677906.380	,0,NPU:2
2,IDEDH,1788522407777884.020	,0,NPU:2
2,IDEDH,1788522407877934.230	,0,NPU:2
2,IDEDH,1788522407977893.050	,0,NPU:2
2,IDEDH,1788522408077898.630	,0,NPU:2
2,IDEDH,1788522408177899.180	,0,NPU:2
2,IDEDH,1788522408277883.110	,0,NPU:2
2,IDEDH,1788522408377926.070	,0,NPU:2
2,IDEDH,1788522408477888.490	,0,NPU:2
2,IDEDH,1788522408577895.200	,0,NPU:2
2,IDEDH,1788522408677906.390	,0,NPU:2
2,IDEDH,1788522408777886.940	,0,NPU:2
2,IDEDH,1788522408877899.720	,0,NPU:2
2,IDEDH,1788522408977919.030	,0,NPU:2
2,IDEDH,1788522409077900.950	,0,NPU:2
2,IDEDH,1788522409177920.590	,0,NPU:2
2,IDEDH,1788522409277903.090	,0,NPU:2
2,IDEDH,1788522409377939.190	,0,NPU:2
2,IDEDH,1788522409477940.020	,0,NPU:2
2,IDEDH,1788522409577925.070	,0,NPU:2
2,IDEDH,1788522409677913.390	,0,NPU:2
2,IDEDH,1788522409778505.600	,0,NPU:2
2,IDEDH,1788522409877880.650	,0,NPU:2
2,IDEDH,1788522409884448.780	,0,NPU:2
2,HCCL,1788522391078023.490	,0,NPU:2
2,HCCL,1788522391177937.070	,0,NPU:2
2,HCCL,1788522391277935.640	,0,NPU:2
2,HCCL,1788522391377927.650	,0,NPU:2
2,HCCL,1788522391477926.110	,0,NPU:2
2,HCCL,1788522391577931.290	,0,NPU:2
2,HCCL,1788522391677920.690	,0,NPU:2
2,HCCL,1788522391777924.450	,0,NPU:2
2,HCCL,1788522391877922.070	,0,NPU:2
2,HCCL,1788522391977925.940	,0,NPU:2
2,HCCL,1788522392077937.630	,0,NPU:2
2,HCCL,1788522392177916.260	,0,NPU:2
2,HCCL,1788522392277917.700	,0,NPU:2
2,HCCL,1788522392377914.280	,0,NPU:2
2,HCCL,1788522392477913.470	,0,NPU:2
2,HCCL,1788522392577913.330	,0,NPU:2
2,HCCL,1788522392677914.200	,0,NPU:2
2,HCCL,1788522392777911.600	,0,NPU:2
2,HCCL,1788522392877912.410	,0,NPU:2
2,HCCL,1788522392978016.170	,0,NPU:2
2,HCCL,1788522393077977.060	,0,NPU:2
2,HCCL,1788522393177974.590	,0,NPU:2
2,HCCL,1788522393277964.030	,0,NPU:2
2,HCCL,1788522393377945.550	,0,NPU:2
2,HCCL,1788522393477976.680	,0,NPU:2
2,HCCL,1788522393577984.080	,0,NPU:2
2,HCCL,1788522393677968.900	,0,NPU:2
2,HCCL,1788522393777954.940	,0,NPU:2
2,HCCL,1788522393877942.990	,0,NPU:2
2,HCCL,1788522393977961.280	,0,NPU:2
2,HCCL,1788522394078013.090	,0,NPU:2
2,HCCL,1788522394177974.520	,0,NPU:2
2,HCCL,1788522394277964.210	,0,NPU:2
2,HCCL,1788522394377950.280	,0,NPU:2
2,HCCL,1788522394477952.390	,0,NPU:2
2,HCCL,1788522394578016.640	,0,NPU:2
2,HCCL,1788522394677977.300	,0,NPU:2
2,HCCL,1788522394777969.400	,0,NPU:2
2,HCCL,1788522394877962.180	,0,NPU:2
2,HCCL,1788522394977965.600	,0,NPU:2
2,HCCL,1788522395078008.720	,0,NPU:2
2,HCCL,1788522395177977.430	,0,NPU:2
2,HCCL,1788522395277957.970	,0,NPU:2
2,HCCL,1788522395377930.270	,0,NPU:2
2,HCCL,1788522395477921.620	,0,NPU:2
2,HCCL,1788522395577936.500	,0,NPU:2
2,HCCL,1788522395678003.450	,0,NPU:2
2,HCCL,1788522395777928.150	,0,NPU:2
2,HCCL,1788522395877927.960	,0,NPU:2
2,HCCL,1788522395977921.590	,0,NPU:2
2,HCCL,1788522396077916.940	,0,NPU:2
2,HCCL,1788522396177923.490	,0,NPU:2
2,HCCL,1788522396277996.560	,0,NPU:2
2,HCCL,1788522396377924.140	,0,NPU:2
2,HCCL,1788522396477922.640	,0,NPU:2
2,HCCL,1788522396577981.300	,0,NPU:2
2,HCCL,1788522396677932.570	,0,NPU:2
2,HCCL,1788522396777925.720	,0,NPU:2
2,HCCL,1788522396877997.210	,0,NPU:2
2,HCCL,1788522396977942.920	,0,NPU:2
2,HCCL,1788522397077970.710	,0,NPU:2
2,HCCL,1788522397177936.970	,0,NPU:2
2,HCCL,1788522397277933.350	,0,NPU:2
2,HCCL,1788522397377993.820	,0,NPU:2
2,HCCL,1788522397477951.390	,0,NPU:2
2,HCCL,1788522397577956.900	,0,NPU:2
2,HCCL,1788522397677924.020	,0,NPU:2
2,HCCL,1788522397777934.420	,0,NPU:2
2,HCCL,1788522397877963.890	,0,NPU:2
2,HCCL,1788522397977969.880	,0,NPU:2
2,HCCL,1788522398077954.400	,0,NPU:2
2,HCCL,1788522398177927.840	,0,NPU:2
2,HCCL,1788522398277921.670	,0,NPU:2
2,HCCL,1788522398377958.450	,0,NPU:2
2,HCCL,1788522398477974.110	,0,NPU:2
2,HCCL,1788522398577953.640	,0,NPU:2
2,HCCL,1788522398677911.610	,0,NPU:2
2,HCCL,1788522398777930.720	,0,NPU:2
2,HCCL,1788522398877925.070	,0,NPU:2
2,HCCL,1788522398978009.620	,0,NPU:2
2,HCCL,1788522399077942.860	,0,NPU:2
2,HCCL,1788522399177944.700	,0,NPU:2
2,HCCL,1788522399277916.870	,0,NPU:2
2,HCCL,1788522399377916.990	,0,NPU:2
2,HCCL,1788522399477993.320	,0,NPU:2
2,HCCL,1788522399577921.240	,0,NPU:2
2,HCCL,1788522399677921.770	,0,NPU:2
2,HCCL,1788522399777919.970	,0,NPU:2
2,HCCL,1788522399877912.580	,0,NPU:2
2,HCCL,1788522399977983.870	,0,NPU:2
2,HCCL,1788522400077927.200	,0,NPU:2
2,HCCL,1788522400177927.440	,0,NPU:2
2,HCCL,1788522400277926.000	,0,NPU:2
2,HCCL,1788522400377927.760	,0,NPU:2
2,HCCL,1788522400477988.310	,0,NPU:2
2,HCCL,1788522400577934.210	,0,NPU:2
2,HCCL,1788522400677909.290	,0,NPU:2
2,HCCL,1788522400777918.620	,0,NPU:2
2,HCCL,1788522400877909.760	,0,NPU:2
2,HCCL,1788522400977969.760	,0,NPU:2
2,HCCL,1788522401077942.050	,0,NPU:2
2,HCCL,1788522401177920.180	,0,NPU:2
2,HCCL,1788522401277910.480	,0,NPU:2
2,HCCL,1788522401377925.770	,0,NPU:2
2,HCCL,1788522401477900.310	,0,NPU:2
2,HCCL,1788522401577954.960	,0,NPU:2
2,HCCL,1788522401677921.360	,0,NPU:2
2,HCCL,1788522401777916.770	,0,NPU:2
2,HCCL,1788522401877925.470	,0,NPU:2
2,HCCL,1788522401977916.920	,0,NPU:2
2,HCCL,1788522402077974.830	,0,NPU:2
2,HCCL,1788522402177902.680	,0,NPU:2
2,HCCL,1788522402277918.870	,0,NPU:2
2,HCCL,1788522402377922.760	,0,NPU:2
2,HCCL,1788522402477903.590	,0,NPU:2
2,HCCL,1788522402577942.340	,0,NPU:2
2,HCCL,1788522402677919.030	,0,NPU:2
2,HCCL,1788522402777911.780	,0,NPU:2
2,HCCL,1788522402877922.630	,0,NPU:2
2,HCCL,1788522402977905.570	,0,NPU:2
2,HCCL,1788522403077934.900	,0,NPU:2
2,HCCL,1788522403177942.120	,0,NPU:2
2,HCCL,1788522403277908.370	,0,NPU:2
2,HCCL,1788522403377927.360	,0,NPU:2
2,HCCL,1788522403477900.620	,0,NPU:2
2,HCCL,1788522403577899.530	,0,NPU:2
2,HCCL,1788522403677942.630	,0,NPU:2
2,HCCL,1788522403777925.020	,0,NPU:2
2,HCCL,1788522403877912.590	,0,NPU:2
2,HCCL,1788522403977901.400	,0,NPU:2
2,HCCL,1788522404077891.260	,0,NPU:2
2,HCCL,1788522404177954.260	,0,NPU:2
2,HCCL,1788522404277915.290	,0,NPU:2
2,HCCL,1788522404377906.970	,0,NPU:2
2,HCCL,1788522404477897.920	,0,NPU:2
2,HCCL,1788522404577890.250	,0,NPU:2
2,HCCL,1788522404677934.570	,0,NPU:2
2,HCCL,1788522404777930.310	,0,NPU:2
2,HCCL,1788522404877897.690	,0,NPU:2
2,HCCL,1788522404977898.970	,0,NPU:2
2,HCCL,1788522405077895.540	,0,NPU:2
2,HCCL,1788522405177902.050	,0,NPU:2
2,HCCL,1788522405277949.200	,0,NPU:2
2,HCCL,1788522405377893.890	,0,NPU:2
2,HCCL,1788522405477907.290	,0,NPU:2
2,HCCL,1788522405577893.850	,0,NPU:2
2,HCCL,1788522405677886.100	,0,NPU:2
2,HCCL,1788522405777954.290	,0,NPU:2
2,HCCL,1788522405877885.890	,0,NPU:2
2,HCCL,1788522405977898.270	,0,NPU:2
2,HCCL,1788522406077889.750	,0,NPU:2
2,HCCL,1788522406177915.880	,0,NPU:2
2,HCCL,1788522406277936.440	,0,NPU:2
2,HCCL,1788522406377897.670	,0,NPU:2
2,HCCL,1788522406477888.140	,0,NPU:2
2,HCCL,1788522406577897.320	,0,NPU:2
2,HCCL,1788522406677907.770	,0,NPU:2
2,HCCL,1788522406777934.210	,0,NPU:2
2,HCCL,1788522406877907.300	,0,NPU:2
2,HCCL,1788522406977909.710	,0,NPU:2
2,HCCL,1788522407077929.020	,0,NPU:2
2,HCCL,1788522407177909.460	,0,NPU:2
2,HCCL,1788522407277917.990	,0,NPU:2
2,HCCL,1788522407377925.380	,0,NPU:2
2,HCCL,1788522407477894.670	,0,NPU:2
2,HCCL,1788522407577895.450	,0,NPU:2
2,HCCL,1788522407677906.380	,0,NPU:2
2,HCCL,1788522407777884.020	,0,NPU:2
2,HCCL,1788522407877934.230	,0,NPU:2
2,HCCL,1788522407977893.050	,0,NPU:2
2,HCCL,1788522408077898.630	,0,NPU:2
2,HCCL,1788522408177899.180	,0,NPU:2
2,HCCL,1788522408277883.110	,0,NPU:2
2,HCCL,1788522408377926.070	,0,NPU:2
2,HCCL,1788522408477888.490	,0,NPU:2
2,HCCL,1788522408577895.200	,0,NPU:2
2,HCCL,1788522408677906.390	,0,NPU:2
2,HCCL,1788522408777886.940	,0,NPU:2
2,HCCL,1788522408877899.720	,0,NPU:2
2,HCCL,1788522408977919.030	,0,NPU:2
2,HCCL,1788522409077900.950	,0,NPU:2
2,HCCL,1788522409177920.590	,0,NPU:2
2,HCCL,1788522409277903.090	,0,NPU:2
2,HCCL,1788522409377939.190	,0,NPU:2
2,HCCL,1788522409477940.020	,0,NPU:2
2,HCCL,1788522409577925.070	,0,NPU:2
2,HCCL,1788522409677913.390	,0,NPU:2
2,HCCL,1788522409778505.600	,0,NPU:2
2,HCCL,1788522409877880.650	,0,NPU:2
2,HCCL,1788522409884448.780	,0,NPU:2
2,FMK,1788522391078023.490	,0,NPU:2
2,FMK,1788522391177937.070	,0,NPU:2
2,FMK,1788522391277935.640	,0,NPU:2
2,FMK,1788522391377927.650	,0,NPU:2
2,FMK,1788522391477926.110	,0,NPU:2
2,FMK,1788522391577931.290	,0,NPU:2
2,FMK,1788522391677920.690	,0,NPU:2
2,FMK,1788522391777924.450	,0,NPU:2
2,FMK,1788522391877922.070	,0,NPU:2
2,FMK,1788522391977925.940	,0,NPU:2
2,FMK,1788522392077937.630	,0,NPU:2
2,FMK,1788522392177916.260	,0,NPU:2
2,FMK,1788522392277917.700	,0,NPU:2
2,FMK,1788522392377914.280	,0,NPU:2
2,FMK,1788522392477913.470	,0,NPU:2
2,FMK,1788522392577913.330	,0,NPU:2
2,FMK,1788522392677914.200	,0,NPU:2
2,FMK,1788522392777911.600	,0,NPU:2
2,FMK,1788522392877912.410	,0,NPU:2
2,FMK,1788522392978016.170	,0,NPU:2
2,FMK,1788522393077977.060	,0,NPU:2
2,FMK,1788522393177974.590	,0,NPU:2
2,FMK,1788522393277964.030	,0,NPU:2
2,FMK,1788522393377945.550	,0,NPU:2
2,FMK,1788522393477976.680	,0,NPU:2
2,FMK,1788522393577984.080	,0,NPU:2
2,FMK,1788522393677968.900	,0,NPU:2
2,FMK,1788522393777954.940	,0,NPU:2
2,FMK,1788522393877942.990	,0,NPU:2
2,FMK,1788522393977961.280	,0,NPU:2
2,FMK,1788522394078013.090	,0,NPU:2
2,FMK,1788522394177974.520	,0,NPU:2
2,FMK,1788522394277964.210	,0,NPU:2
2,FMK,1788522394377950.280	,0,NPU:2
2,FMK,1788522394477952.390	,0,NPU:2
2,FMK,1788522394578016.640	,0,NPU:2
2,FMK,1788522394677977.300	,0,NPU:2
2,FMK,1788522394777969.400	,0,NPU:2
2,FMK,1788522394877962.180	,0,NPU:2
2,FMK,1788522394977965.600	,0,NPU:2
2,FMK,1788522395078008.720	,0,NPU:2
2,FMK,1788522395177977.430	,0,NPU:2
2,FMK,1788522395277957.970	,0,NPU:2
2,FMK,1788522395377930.270	,0,NPU:2
2,FMK,1788522395477921.620	,0,NPU:2
2,FMK,1788522395577936.500	,0,NPU:2
2,FMK,1788522395678003.450	,0,NPU:2
2,FMK,1788522395777928.150	,0,NPU:2
2,FMK,1788522395877927.960	,0,NPU:2
2,FMK,1788522395977921.590	,0,NPU:2
2,FMK,1788522396077916.940	,0,NPU:2
2,FMK,1788522396177923.490	,0,NPU:2
2,FMK,1788522396277996.560	,0,NPU:2
2,FMK,1788522396377924.140	,0,NPU:2
2,FMK,1788522396477922.640	,0,NPU:2
2,FMK,1788522396577981.300	,0,NPU:2
2,FMK,1788522396677932.570	,0,NPU:2
2,FMK,1788522396777925.720	,0,NPU:2
2,FMK,1788522396877997.210	,0,NPU:2
2,FMK,1788522396977942.920	,0,NPU:2
2,FMK,1788522397077970.710	,0,NPU:2
2,FMK,1788522397177936.970	,0,NPU:2
2,FMK,1788522397277933.350	,0,NPU:2
2,FMK,1788522397377993.820	,0,NPU:2
2,FMK,1788522397477951.390	,0,NPU:2
2,FMK,1788522397577956.900	,0,NPU:2
2,FMK,1788522397677924.020	,0,NPU:2
2,FMK,1788522397777934.420	,0,NPU:2
2,FMK,1788522397877963.890	,0,NPU:2
2,FMK,1788522397977969.880	,0,NPU:2
2,FMK,1788522398077954.400	,0,NPU:2
2,FMK,1788522398177927.840	,0,NPU:2
2,FMK,1788522398277921.670	,0,NPU:2
2,FMK,1788522398377958.450	,0,NPU:2
2,FMK,1788522398477974.110	,0,NPU:2
2,FMK,1788522398577953.640	,0,NPU:2
2,FMK,1788522398677911.610	,0,NPU:2
2,FMK,1788522398777930.720	,0,NPU:2
2,FMK,1788522398877925.070	,0,NPU:2
2,FMK,1788522398978009.620	,0,NPU:2
2,FMK,1788522399077942.860	,0,NPU:2
2,FMK,1788522399177944.700	,0,NPU:2
2,FMK,1788522399277916.870	,0,NPU:2
2,FMK,1788522399377916.990	,0,NPU:2
2,FMK,1788522399477993.320	,0,NPU:2
2,FMK,1788522399577921.240	,0,NPU:2
2,FMK,1788522399677921.770	,0,NPU:2
2,FMK,1788522399777919.970	,0,NPU:2
2,FMK,1788522399877912.580	,0,NPU:2
2,FMK,1788522399977983.870	,0,NPU:2
2,FMK,1788522400077927.200	,0,NPU:2
2,FMK,1788522400177927.440	,0,NPU:2
2,FMK,1788522400277926.000	,0,NPU:2
2,FMK,1788522400377927.760	,0,NPU:2
2,FMK,1788522400477988.310	,0,NPU:2
2,FMK,1788522400577934.210	,0,NPU:2
2,FMK,1788522400677909.290	,0,NPU:2
2,FMK,1788522400777918.620	,0,NPU:2
2,FMK,1788522400877909.760	,0,NPU:2
2,FMK,1788522400977969.760	,0,NPU:2
2,FMK,1788522401077942.050	,0,NPU:2
2,FMK,1788522401177920.180	,0,NPU:2
2,FMK,1788522401277910.480	,0,NPU:2
2,FMK,1788522401377925.770	,0,NPU:2
2,FMK,1788522401477900.310	,0,NPU:2
2,FMK,1788522401577954.960	,0,NPU:2
2,FMK,1788522401677921.360	,0,NPU:2
2,FMK,1788522401777916.770	,0,NPU:2
2,FMK,1788522401877925.470	,0,NPU:2
2,FMK,1788522401977916.920	,0,NPU:2
2,FMK,1788522402077974.830	,0,NPU:2
2,FMK,1788522402177902.680	,0,NPU:2
2,FMK,1788522402277918.870	,0,NPU:2
2,FMK,1788522402377922.760	,0,NPU:2
2,FMK,1788522402477903.590	,0,NPU:2
2,FMK,1788522402577942.340	,0,NPU:2
2,FMK,1788522402677919.030	,0,NPU:2
2,FMK,1788522402777911.780	,0,NPU:2
2,FMK,1788522402877922.630	,0,NPU:2
2,FMK,1788522402977905.570	,0,NPU:2
2,FMK,1788522403077934.900	,0,NPU:2
2,FMK,1788522403177942.120	,0,NPU:2
2,FMK,1788522403277908.370	,0,NPU:2
2,FMK,1788522403377927.360	,0,NPU:2
2,FMK,1788522403477900.620	,0,NPU:2
2,FMK,1788522403577899.530	,0,NPU:2
2,FMK,1788522403677942.630	,0,NPU:2
2,FMK,1788522403777925.020	,0,NPU:2
2,FMK,1788522403877912.590	,0,NPU:2
2,FMK,1788522403977901.400	,0,NPU:2
2,FMK,1788522404077891.260	,0,NPU:2
2,FMK,1788522404177954.260	,0,NPU:2
2,FMK,1788522404277915.290	,0,NPU:2
2,FMK,1788522404377906.970	,0,NPU:2
2,FMK,1788522404477897.920	,0,NPU:2
2,FMK,1788522404577890.250	,0,NPU:2
2,FMK,1788522404677934.570	,0,NPU:2
2,FMK,1788522404777930.310	,0,NPU:2
2,FMK,1788522404877897.690	,0,NPU:2
2,FMK,1788522404977898.970	,0,NPU:2
2,FMK,1788522405077895.540	,0,NPU:2
2,FMK,1788522405177902.050	,0,NPU:2
2,FMK,1788522405277949.200	,0,NPU:2
2,FMK,1788522405377893.890	,0,NPU:2
2,FMK,1788522405477907.290	,0,NPU:2
2,FMK,1788522405577893.850	,0,NPU:2
2,FMK,1788522405677886.100	,0,NPU:2
2,FMK,1788522405777954.290	,0,NPU:2
2,FMK,1788522405877885.890	,0,NPU:2
2,FMK,1788522405977898.270	,0,NPU:2
2,FMK,1788522406077889.750	,0,NPU:2
2,FMK,1788522406177915.880	,0,NPU:2
2,FMK,1788522406277936.440	,0,NPU:2
2,FMK,1788522406377897.670	,0,NPU:2
2,FMK,1788522406477888.140	,0,NPU:2
2,FMK,1788522406577897.320	,0,NPU:2
2,FMK,1788522406677907.770	,0,NPU:2
2,FMK,1788522406777934.210	,0,NPU:2
2,FMK,1788522406877907.300	,0,NPU:2
2,FMK,1788522406977909.710	,0,NPU:2
2,FMK,1788522407077929.020	,0,NPU:2
2,FMK,1788522407177909.460	,0,NPU:2
2,FMK,1788522407277917.990	,0,NPU:2
2,FMK,1788522407377925.380	,0,NPU:2
2,FMK,1788522407477894.670	,0,NPU:2
2,FMK,1788522407577895.450	,0,NPU:2
2,FMK,1788522407677906.380	,0,NPU:2
2,FMK,1788522407777884.020	,0,NPU:2
2,FMK,1788522407877934.230	,0,NPU:2
2,FMK,1788522407977893.050	,0,NPU:2
2,FMK,1788522408077898.630	,0,NPU:2
2,FMK,1788522408177899.180	,0,NPU:2
2,FMK,1788522408277883.110	,0,NPU:2
2,FMK,1788522408377926.070	,0,NPU:2
2,FMK,1788522408477888.490	,0,NPU:2
2,FMK,1788522408577895.200	,0,NPU:2
2,FMK,1788522408677906.390	,0,NPU:2
2,FMK,1788522408777886.940	,0,NPU:2
2,FMK,1788522408877899.720	,0,NPU:2
2,FMK,1788522408977919.030	,0,NPU:2
2,FMK,1788522409077900.950	,0,NPU:2
2,FMK,1788522409177920.590	,0,NPU:2
2,FMK,1788522409277903.090	,0,NPU:2
2,FMK,1788522409377939.190	,0,NPU:2
2,FMK,1788522409477940.020	,0,NPU:2
2,FMK,1788522409577925.070	,0,NPU:2
2,FMK,1788522409677913.390	,0,NPU:2
2,FMK,1788522409778505.600	,0,NPU:2
2,FMK,1788522409877880.650	,0,NPU:2
2,FMK,1788522409884448.780	,0,NPU:2
2,HIAIENGINE,1788522391078023.490	,0,NPU:2
2,HIAIENGINE,1788522391177937.070	,0,NPU:2
2,HIAIENGINE,1788522391277935.640	,0,NPU:2
2,HIAIENGINE,1788522391377927.650	,0,NPU:2
2,HIAIENGINE,1788522391477926.110	,0,NPU:2
2,HIAIENGINE,1788522391577931.290	,0,NPU:2
2,HIAIENGINE,1788522391677920.690	,0,NPU:2
2,HIAIENGINE,1788522391777924.450	,0,NPU:2
2,HIAIENGINE,1788522391877922.070	,0,NPU:2
2,HIAIENGINE,1788522391977925.940	,0,NPU:2
2,HIAIENGINE,1788522392077937.630	,0,NPU:2
2,HIAIENGINE,1788522392177916.260	,0,NPU:2
2,HIAIENGINE,1788522392277917.700	,0,NPU:2
2,HIAIENGINE,1788522392377914.280	,0,NPU:2
2,HIAIENGINE,1788522392477913.470	,0,NPU:2
2,HIAIENGINE,1788522392577913.330	,0,NPU:2
2,HIAIENGINE,1788522392677914.200	,0,NPU:2
2,HIAIENGINE,1788522392777911.600	,0,NPU:2
2,HIAIENGINE,1788522392877912.410	,0,NPU:2
2,HIAIENGINE,1788522392978016.170	,0,NPU:2
2,HIAIENGINE,1788522393077977.060	,0,NPU:2
2,HIAIENGINE,1788522393177974.590	,0,NPU:2
2,HIAIENGINE,1788522393277964.030	,0,NPU:2
2,HIAIENGINE,1788522393377945.550	,0,NPU:2
2,HIAIENGINE,1788522393477976.680	,0,NPU:2
2,HIAIENGINE,1788522393577984.080	,0,NPU:2
2,HIAIENGINE,1788522393677968.900	,0,NPU:2
2,HIAIENGINE,1788522393777954.940	,0,NPU:2
2,HIAIENGINE,1788522393877942.990	,0,NPU:2
2,HIAIENGINE,1788522393977961.280	,0,NPU:2
2,HIAIENGINE,1788522394078013.090	,0,NPU:2
2,HIAIENGINE,1788522394177974.520	,0,NPU:2
2,HIAIENGINE,1788522394277964.210	,0,NPU:2
2,HIAIENGINE,1788522394377950.280	,0,NPU:2
2,HIAIENGINE,1788522394477952.390	,0,NPU:2
2,HIAIENGINE,1788522394578016.640	,0,NPU:2
2,HIAIENGINE,1788522394677977.300	,0,NPU:2
2,HIAIENGINE,1788522394777969.400	,0,NPU:2
2,HIAIENGINE,1788522394877962.180	,0,NPU:2
2,HIAIENGINE,1788522394977965.600	,0,NPU:2
2,HIAIENGINE,1788522395078008.720	,0,NPU:2
2,HIAIENGINE,1788522395177977.430	,0,NPU:2
2,HIAIENGINE,1788522395277957.970	,0,NPU:2
2,HIAIENGINE,1788522395377930.270	,0,NPU:2
2,HIAIENGINE,1788522395477921.620	,0,NPU:2
2,HIAIENGINE,1788522395577936.500	,0,NPU:2
2,HIAIENGINE,1788522395678003.450	,0,NPU:2
2,HIAIENGINE,1788522395777928.150	,0,NPU:2
2,HIAIENGINE,1788522395877927.960	,0,NPU:2
2,HIAIENGINE,1788522395977921.590	,0,NPU:2
2,HIAIENGINE,1788522396077916.940	,0,NPU:2
2,HIAIENGINE,1788522396177923.490	,0,NPU:2
2,HIAIENGINE,1788522396277996.560	,0,NPU:2
2,HIAIENGINE,1788522396377924.140	,0,NPU:2
2,HIAIENGINE,1788522396477922.640	,0,NPU:2
2,HIAIENGINE,1788522396577981.300	,0,NPU:2
2,HIAIENGINE,1788522396677932.570	,0,NPU:2
2,HIAIENGINE,1788522396777925.720	,0,NPU:2
2,HIAIENGINE,1788522396877997.210	,0,NPU:2
2,HIAIENGINE,1788522396977942.920	,0,NPU:2
2,HIAIENGINE,1788522397077970.710	,0,NPU:2
2,HIAIENGINE,1788522397177936.970	,0,NPU:2
2,HIAIENGINE,1788522397277933.350	,0,NPU:2
2,HIAIENGINE,1788522397377993.820	,0,NPU:2
2,HIAIENGINE,1788522397477951.390	,0,NPU:2
2,HIAIENGINE,1788522397577956.900	,0,NPU:2
2,HIAIENGINE,1788522397677924.020	,0,NPU:2
2,HIAIENGINE,1788522397777934.420	,0,NPU:2
2,HIAIENGINE,1788522397877963.890	,0,NPU:2
2,HIAIENGINE,1788522397977969.880	,0,NPU:2
2,HIAIENGINE,1788522398077954.400	,0,NPU:2
2,HIAIENGINE,1788522398177927.840	,0,NPU:2
2,HIAIENGINE,1788522398277921.670	,0,NPU:2
2,HIAIENGINE,1788522398377958.450	,0,NPU:2
2,HIAIENGINE,1788522398477974.110	,0,NPU:2
2,HIAIENGINE,1788522398577953.640	,0,NPU:2
2,HIAIENGINE,1788522398677911.610	,0,NPU:2
2,HIAIENGINE,1788522398777930.720	,0,NPU:2
2,HIAIENGINE,1788522398877925.070	,0,NPU:2
2,HIAIENGINE,1788522398978009.620	,0,NPU:2
2,HIAIENGINE,1788522399077942.860	,0,NPU:2
2,HIAIENGINE,1788522399177944.700	,0,NPU:2
2,HIAIENGINE,1788522399277916.870	,0,NPU:2
2,HIAIENGINE,1788522399377916.990	,0,NPU:2
2,HIAIENGINE,1788522399477993.320	,0,NPU:2
2,HIAIENGINE,1788522399577921.240	,0,NPU:2
2,HIAIENGINE,1788522399677921.770	,0,NPU:2
2,HIAIENGINE,1788522399777919.970	,0,NPU:2
2,HIAIENGINE,1788522399877912.580	,0,NPU:2
2,HIAIENGINE,1788522399977983.870	,0,NPU:2
2,HIAIENGINE,1788522400077927.200	,0,NPU:2
2,HIAIENGINE,1788522400177927.440	,0,NPU:2
2,HIAIENGINE,1788522400277926.000	,0,NPU:2
2,HIAIENGINE,1788522400377927.760	,0,NPU:2
2,HIAIENGINE,1788522400477988.310	,0,NPU:2
2,HIAIENGINE,1788522400577934.210	,0,NPU:2
2,HIAIENGINE,1788522400677909.290	,0,NPU:2
2,HIAIENGINE,1788522400777918.620	,0,NPU:2
2,HIAIENGINE,1788522400877909.760	,0,NPU:2
2,HIAIENGINE,1788522400977969.760	,0,NPU:2
2,HIAIENGINE,1788522401077942.050	,0,NPU:2
2,HIAIENGINE,1788522401177920.180	,0,NPU:2
2,HIAIENGINE,1788522401277910.480	,0,NPU:2
2,HIAIENGINE,1788522401377925.770	,0,NPU:2
2,HIAIENGINE,1788522401477900.310	,0,NPU:2
2,HIAIENGINE,1788522401577954.960	,0,NPU:2
2,HIAIENGINE,1788522401677921.360	,0,NPU:2
2,HIAIENGINE,1788522401777916.770	,0,NPU:2
2,HIAIENGINE,1788522401877925.470	,0,NPU:2
2,HIAIENGINE,1788522401977916.920	,0,NPU:2
2,HIAIENGINE,1788522402077974.830	,0,NPU:2
2,HIAIENGINE,1788522402177902.680	,0,NPU:2
2,HIAIENGINE,1788522402277918.870	,0,NPU:2
2,HIAIENGINE,1788522402377922.760	,0,NPU:2
2,HIAIENGINE,1788522402477903.590	,0,NPU:2
2,HIAIENGINE,1788522402577942.340	,0,NPU:2
2,HIAIENGINE,1788522402677919.030	,0,NPU:2
2,HIAIENGINE,1788522402777911.780	,0,NPU:2
2,HIAIENGINE,1788522402877922.630	,0,NPU:2
2,HIAIENGINE,1788522402977905.570	,0,NPU:2
2,HIAIENGINE,1788522403077934.900	,0,NPU:2
2,HIAIENGINE,1788522403177942.120	,0,NPU:2
2,HIAIENGINE,1788522403277908.370	,0,NPU:2
2,HIAIENGINE,1788522403377927.360	,0,NPU:2
2,HIAIENGINE,1788522403477900.620	,0,NPU:2
2,HIAIENGINE,1788522403577899.530	,0,NPU:2
2,HIAIENGINE,1788522403677942.630	,0,NPU:2
2,HIAIENGINE,1788522403777925.020	,0,NPU:2
2,HIAIENGINE,1788522403877912.590	,0,NPU:2
2,HIAIENGINE,1788522403977901.400	,0,NPU:2
2,HIAIENGINE,1788522404077891.260	,0,NPU:2
2,HIAIENGINE,1788522404177954.260	,0,NPU:2
2,HIAIENGINE,1788522404277915.290	,0,NPU:2
2,HIAIENGINE,1788522404377906.970	,0,NPU:2
2,HIAIENGINE,1788522404477897.920	,0,NPU:2
2,HIAIENGINE,1788522404577890.250	,0,NPU:2
2,HIAIENGINE,1788522404677934.570	,0,NPU:2
2,HIAIENGINE,1788522404777930.310	,0,NPU:2
2,HIAIENGINE,1788522404877897.690	,0,NPU:2
2,HIAIENGINE,1788522404977898.970	,0,NPU:2
2,HIAIENGINE,1788522405077895.540	,0,NPU:2
2,HIAIENGINE,1788522405177902.050	,0,NPU:2
2,HIAIENGINE,1788522405277949.200	,0,NPU:2
2,HIAIENGINE,1788522405377893.890	,0,NPU:2
2,HIAIENGINE,1788522405477907.290	,0,NPU:2
2,HIAIENGINE,1788522405577893.850	,0,NPU:2
2,HIAIENGINE,1788522405677886.100	,0,NPU:2
2,HIAIENGINE,1788522405777954.290	,0,NPU:2
2,HIAIENGINE,1788522405877885.890	,0,NPU:2
2,HIAIENGINE,1788522405977898.270	,0,NPU:2
2,HIAIENGINE,1788522406077889.750	,0,NPU:2
2,HIAIENGINE,1788522406177915.880	,0,NPU:2
2,HIAIENGINE,1788522406277936.440	,0,NPU:2
2,HIAIENGINE,1788522406377897.670	,0,NPU:2
2,HIAIENGINE,1788522406477888.140	,0,NPU:2
2,HIAIENGINE,1788522406577897.320	,0,NPU:2
2,HIAIENGINE,1788522406677907.770	,0,NPU:2
2,HIAIENGINE,1788522406777934.210	,0,NPU:2
2,HIAIENGINE,1788522406877907.300	,0,NPU:2
2,HIAIENGINE,1788522406977909.710	,0,NPU:2
2,HIAIENGINE,1788522407077929.020	,0,NPU:2
2,HIAIENGINE,1788522407177909.460	,0,NPU:2
2,HIAIENGINE,1788522407277917.990	,0,NPU:2
2,HIAIENGINE,1788522407377925.380	,0,NPU:2
2,HIAIENGINE,1788522407477894.670	,0,NPU:2
2,HIAIENGINE,1788522407577895.450	,0,NPU:2
2,HIAIENGINE,1788522407677906.380	,0,NPU:2
2,HIAIENGINE,1788522407777884.020	,0,NPU:2
2,HIAIENGINE,1788522407877934.230	,0,NPU:2
2,HIAIENGINE,1788522407977893.050	,0,NPU:2
2,HIAIENGINE,1788522408077898.630	,0,NPU:2
2,HIAIENGINE,1788522408177899.180	,0,NPU:2
2,HIAIENGINE,1788522408277883.110	,0,NPU:2
2,HIAIENGINE,1788522408377926.070	,0,NPU:2
2,HIAIENGINE,1788522408477888.490	,0,NPU:2
2,HIAIENGINE,1788522408577895.200	,0,NPU:2
2,HIAIENGINE,1788522408677906.390	,0,NPU:2
2,HIAIENGINE,1788522408777886.940	,0,NPU:2
2,HIAIENGINE,1788522408877899.720	,0,NPU:2
2,HIAIENGINE,1788522408977919.030	,0,NPU:2
2,HIAIENGINE,1788522409077900.950	,0,NPU:2
2,HIAIENGINE,1788522409177920.590	,0,NPU:2
2,HIAIENGINE,1788522409277903.090	,0,NPU:2
2,HIAIENGINE,1788522409377939.190	,0,NPU:2
2,HIAIENGINE,1788522409477940.020	,0,NPU:2
2,HIAIENGINE,1788522409577925.070	,0,NPU:2
2,HIAIENGINE,1788522409677913.390	,0,NPU:2
2,HIAIENGINE,1788522409778505.600	,0,NPU:2
2,HIAIENGINE,1788522409877880.650	,0,NPU:2
2,HIAIENGINE,1788522409884448.780	,0,NPU:2
2,DVPP,1788522391078023.490	,0,NPU:2
2,DVPP,1788522391177937.070	,0,NPU:2
2,DVPP,1788522391277935.640	,0,NPU:2
2,DVPP,1788522391377927.650	,0,NPU:2
2,DVPP,1788522391477926.110	,0,NPU:2
2,DVPP,1788522391577931.290	,0,NPU:2
2,DVPP,1788522391677920.690	,0,NPU:2
2,DVPP,1788522391777924.450	,0,NPU:2
2,DVPP,1788522391877922.070	,0,NPU:2
2,DVPP,1788522391977925.940	,0,NPU:2
2,DVPP,1788522392077937.630	,0,NPU:2
2,DVPP,1788522392177916.260	,0,NPU:2
2,DVPP,1788522392277917.700	,0,NPU:2
2,DVPP,1788522392377914.280	,0,NPU:2
2,DVPP,1788522392477913.470	,0,NPU:2
2,DVPP,1788522392577913.330	,0,NPU:2
2,DVPP,1788522392677914.200	,0,NPU:2
2,DVPP,1788522392777911.600	,0,NPU:2
2,DVPP,1788522392877912.410	,0,NPU:2
2,DVPP,1788522392978016.170	,0,NPU:2
2,DVPP,1788522393077977.060	,0,NPU:2
2,DVPP,1788522393177974.590	,0,NPU:2
2,DVPP,1788522393277964.030	,0,NPU:2
2,DVPP,1788522393377945.550	,0,NPU:2
2,DVPP,1788522393477976.680	,0,NPU:2
2,DVPP,1788522393577984.080	,0,NPU:2
2,DVPP,1788522393677968.900	,0,NPU:2
2,DVPP,1788522393777954.940	,0,NPU:2
2,DVPP,1788522393877942.990	,0,NPU:2
2,DVPP,1788522393977961.280	,0,NPU:2
2,DVPP,1788522394078013.090	,0,NPU:2
2,DVPP,1788522394177974.520	,0,NPU:2
2,DVPP,1788522394277964.210	,0,NPU:2
2,DVPP,1788522394377950.280	,0,NPU:2
2,DVPP,1788522394477952.390	,0,NPU:2
2,DVPP,1788522394578016.640	,0,NPU:2
2,DVPP,1788522394677977.300	,0,NPU:2
2,DVPP,1788522394777969.400	,0,NPU:2
2,DVPP,1788522394877962.180	,0,NPU:2
2,DVPP,1788522394977965.600	,0,NPU:2
2,DVPP,1788522395078008.720	,0,NPU:2
2,DVPP,1788522395177977.430	,0,NPU:2
2,DVPP,1788522395277957.970	,0,NPU:2
2,DVPP,1788522395377930.270	,0,NPU:2
2,DVPP,1788522395477921.620	,0,NPU:2
2,DVPP,1788522395577936.500	,0,NPU:2
2,DVPP,1788522395678003.450	,0,NPU:2
2,DVPP,1788522395777928.150	,0,NPU:2
2,DVPP,1788522395877927.960	,0,NPU:2
2,DVPP,1788522395977921.590	,0,NPU:2
2,DVPP,1788522396077916.940	,0,NPU:2
2,DVPP,1788522396177923.490	,0,NPU:2
2,DVPP,1788522396277996.560	,0,NPU:2
2,DVPP,1788522396377924.140	,0,NPU:2
2,DVPP,1788522396477922.640	,0,NPU:2
2,DVPP,1788522396577981.300	,0,NPU:2
2,DVPP,1788522396677932.570	,0,NPU:2
2,DVPP,1788522396777925.720	,0,NPU:2
2,DVPP,1788522396877997.210	,0,NPU:2
2,DVPP,1788522396977942.920	,0,NPU:2
2,DVPP,1788522397077970.710	,0,NPU:2
2,DVPP,1788522397177936.970	,0,NPU:2
2,DVPP,1788522397277933.350	,0,NPU:2
2,DVPP,1788522397377993.820	,0,NPU:2
2,DVPP,1788522397477951.390	,0,NPU:2
2,DVPP,1788522397577956.900	,0,NPU:2
2,DVPP,1788522397677924.020	,0,NPU:2
2,DVPP,1788522397777934.420	,0,NPU:2
2,DVPP,1788522397877963.890	,0,NPU:2
2,DVPP,1788522397977969.880	,0,NPU:2
2,DVPP,1788522398077954.400	,0,NPU:2
2,DVPP,1788522398177927.840	,0,NPU:2
2,DVPP,1788522398277921.670	,0,NPU:2
2,DVPP,1788522398377958.450	,0,NPU:2
2,DVPP,1788522398477974.110	,0,NPU:2
2,DVPP,1788522398577953.640	,0,NPU:2
2,DVPP,1788522398677911.610	,0,NPU:2
2,DVPP,1788522398777930.720	,0,NPU:2
2,DVPP,1788522398877925.070	,0,NPU:2
2,DVPP,1788522398978009.620	,0,NPU:2
2,DVPP,1788522399077942.860	,0,NPU:2
2,DVPP,1788522399177944.700	,0,NPU:2
2,DVPP,1788522399277916.870	,0,NPU:2
2,DVPP,1788522399377916.990	,0,NPU:2
2,DVPP,1788522399477993.320	,0,NPU:2
2,DVPP,1788522399577921.240	,0,NPU:2
2,DVPP,1788522399677921.770	,0,NPU:2
2,DVPP,1788522399777919.970	,0,NPU:2
2,DVPP,1788522399877912.580	,0,NPU:2
2,DVPP,1788522399977983.870	,0,NPU:2
2,DVPP,1788522400077927.200	,0,NPU:2
2,DVPP,1788522400177927.440	,0,NPU:2
2,DVPP,1788522400277926.000	,0,NPU:2
2,DVPP,1788522400377927.760	,0,NPU:2
2,DVPP,1788522400477988.310	,0,NPU:2
2,DVPP,1788522400577934.210	,0,NPU:2
2,DVPP,1788522400677909.290	,0,NPU:2
2,DVPP,1788522400777918.620	,0,NPU:2
2,DVPP,1788522400877909.760	,0,NPU:2
2,DVPP,1788522400977969.760	,0,NPU:2
2,DVPP,1788522401077942.050	,0,NPU:2
2,DVPP,1788522401177920.180	,0,NPU:2
2,DVPP,1788522401277910.480	,0,NPU:2
2,DVPP,1788522401377925.770	,0,NPU:2
2,DVPP,1788522401477900.310	,0,NPU:2
2,DVPP,1788522401577954.960	,0,NPU:2
2,DVPP,1788522401677921.360	,0,NPU:2
2,DVPP,1788522401777916.770	,0,NPU:2
2,DVPP,1788522401877925.470	,0,NPU:2
2,DVPP,1788522401977916.920	,0,NPU:2
2,DVPP,1788522402077974.830	,0,NPU:2
2,DVPP,1788522402177902.680	,0,NPU:2
2,DVPP,1788522402277918.870	,0,NPU:2
2,DVPP,1788522402377922.760	,0,NPU:2
2,DVPP,1788522402477903.590	,0,NPU:2
2,DVPP,1788522402577942.340	,0,NPU:2
2,DVPP,1788522402677919.030	,0,NPU:2
2,DVPP,1788522402777911.780	,0,NPU:2
2,DVPP,1788522402877922.630	,0,NPU:2
2,DVPP,1788522402977905.570	,0,NPU:2
2,DVPP,1788522403077934.900	,0,NPU:2
2,DVPP,1788522403177942.120	,0,NPU:2
2,DVPP,1788522403277908.370	,0,NPU:2
2,DVPP,1788522403377927.360	,0,NPU:2
2,DVPP,1788522403477900.620	,0,NPU:2
2,DVPP,1788522403577899.530	,0,NPU:2
2,DVPP,1788522403677942.630	,0,NPU:2
2,DVPP,1788522403777925.020	,0,NPU:2
2,DVPP,1788522403877912.590	,0,NPU:2
2,DVPP,1788522403977901.400	,0,NPU:2
2,DVPP,1788522404077891.260	,0,NPU:2
2,DVPP,1788522404177954.260	,0,NPU:2
2,DVPP,1788522404277915.290	,0,NPU:2
2,DVPP,1788522404377906.970	,0,NPU:2
2,DVPP,1788522404477897.920	,0,NPU:2
2,DVPP,1788522404577890.250	,0,NPU:2
2,DVPP,1788522404677934.570	,0,NPU:2
2,DVPP,1788522404777930.310	,0,NPU:2
2,DVPP,1788522404877897.690	,0,NPU:2
2,DVPP,1788522404977898.970	,0,NPU:2
2,DVPP,1788522405077895.540	,0,NPU:2
2,DVPP,1788522405177902.050	,0,NPU:2
2,DVPP,1788522405277949.200	,0,NPU:2
2,DVPP,1788522405377893.890	,0,NPU:2
2,DVPP,1788522405477907.290	,0,NPU:2
2,DVPP,1788522405577893.850	,0,NPU:2
2,DVPP,1788522405677886.100	,0,NPU:2
2,DVPP,1788522405777954.290	,0,NPU:2
2,DVPP,1788522405877885.890	,0,NPU:2
2,DVPP,1788522405977898.270	,0,NPU:2
2,DVPP,1788522406077889.750	,0,NPU:2
2,DVPP,1788522406177915.880	,0,NPU:2
2,DVPP,1788522406277936.440	,0,NPU:2
2,DVPP,1788522406377897.670	,0,NPU:2
2,DVPP,1788522406477888.140	,0,NPU:2
2,DVPP,1788522406577897.320	,0,NPU:2
2,DVPP,1788522406677907.770	,0,NPU:2
2,DVPP,1788522406777934.210	,0,NPU:2
2,DVPP,1788522406877907.300	,0,NPU:2
2,DVPP,1788522406977909.710	,0,NPU:2
2,DVPP,1788522407077929.020	,0,NPU:2
2,DVPP,1788522407177909.460	,0,NPU:2
2,DVPP,1788522407277917.990	,0,NPU:2
2,DVPP,1788522407377925.380	,0,NPU:2
2,DVPP,1788522407477894.670	,0,NPU:2
2,DVPP,1788522407577895.450	,0,NPU:2
2,DVPP,1788522407677906.380	,0,NPU:2
2,DVPP,1788522407777884.020	,0,NPU:2
2,DVPP,1788522407877934.230	,0,NPU:2
2,DVPP,1788522407977893.050	,0,NPU:2
2,DVPP,1788522408077898.630	,0,NPU:2
2,DVPP,1788522408177899.180	,0,NPU:2
2,DVPP,1788522408277883.110	,0,NPU:2
2,DVPP,1788522408377926.070	,0,NPU:2
2,DVPP,1788522408477888.490	,0,NPU:2
2,DVPP,1788522408577895.200	,0,NPU:2
2,DVPP,1788522408677906.390	,0,NPU:2
2,DVPP,1788522408777886.940	,0,NPU:2
2,DVPP,1788522408877899.720	,0,NPU:2
2,DVPP,1788522408977919.030	,0,NPU:2
2,DVPP,1788522409077900.950	,0,NPU:2
2,DVPP,1788522409177920.590	,0,NPU:2
2,DVPP,1788522409277903.090	,0,NPU:2
2,DVPP,1788522409377939.190	,0,NPU:2
2,DVPP,1788522409477940.020	,0,NPU:2
2,DVPP,1788522409577925.070	,0,NPU:2
2,DVPP,1788522409677913.390	,0,NPU:2
2,DVPP,1788522409778505.600	,0,NPU:2
2,DVPP,1788522409877880.650	,0,NPU:2
2,DVPP,1788522409884448.780	,0,NPU:2
2,RUNTIME,1788522391078023.490	,80916.0,NPU:2
2,RUNTIME,1788522391177937.070	,80916.0,NPU:2
2,RUNTIME,1788522391277935.640	,80916.0,NPU:2
2,RUNTIME,1788522391377927.650	,80916.0,NPU:2
2,RUNTIME,1788522391477926.110	,80916.0,NPU:2
2,RUNTIME,1788522391577931.290	,80916.0,NPU:2
2,RUNTIME,1788522391677920.690	,80916.0,NPU:2
2,RUNTIME,1788522391777924.450	,80916.0,NPU:2
2,RUNTIME,1788522391877922.070	,80916.0,NPU:2
2,RUNTIME,1788522391977925.940	,80916.0,NPU:2
2,RUNTIME,1788522392077937.630	,80916.0,NPU:2
2,RUNTIME,1788522392177916.260	,80916.0,NPU:2
2,RUNTIME,1788522392277917.700	,80916.0,NPU:2
2,RUNTIME,1788522392377914.280	,80916.0,NPU:2
2,RUNTIME,1788522392477913.470	,80916.0,NPU:2
2,RUNTIME,1788522392577913.330	,80916.0,NPU:2
2,RUNTIME,1788522392677914.200	,80916.0,NPU:2
2,RUNTIME,1788522392777911.600	,80916.0,NPU:2
2,RUNTIME,1788522392877912.410	,80916.0,NPU:2
2,RUNTIME,1788522392978016.170	,80916.0,NPU:2
2,RUNTIME,1788522393077977.060	,80916.0,NPU:2
2,RUNTIME,1788522393177974.590	,80916.0,NPU:2
2,RUNTIME,1788522393277964.030	,80916.0,NPU:2
2,RUNTIME,1788522393377945.550	,80916.0,NPU:2
2,RUNTIME,1788522393477976.680	,80916.0,NPU:2
2,RUNTIME,1788522393577984.080	,80916.0,NPU:2
2,RUNTIME,1788522393677968.900	,80916.0,NPU:2
2,RUNTIME,1788522393777954.940	,80916.0,NPU:2
2,RUNTIME,1788522393877942.990	,80916.0,NPU:2
2,RUNTIME,1788522393977961.280	,80916.0,NPU:2
2,RUNTIME,1788522394078013.090	,80916.0,NPU:2
2,RUNTIME,1788522394177974.520	,80916.0,NPU:2
2,RUNTIME,1788522394277964.210	,80916.0,NPU:2
2,RUNTIME,1788522394377950.280	,80916.0,NPU:2
2,RUNTIME,1788522394477952.390	,80916.0,NPU:2
2,RUNTIME,1788522394578016.640	,80916.0,NPU:2
2,RUNTIME,1788522394677977.300	,80916.0,NPU:2
2,RUNTIME,1788522394777969.400	,80916.0,NPU:2
2,RUNTIME,1788522394877962.180	,80916.0,NPU:2
2,RUNTIME,1788522394977965.600	,80916.0,NPU:2
2,RUNTIME,1788522395078008.720	,80916.0,NPU:2
2,RUNTIME,1788522395177977.430	,80916.0,NPU:2
2,RUNTIME,1788522395277957.970	,80916.0,NPU:2
2,RUNTIME,1788522395377930.270	,80916.0,NPU:2
2,RUNTIME,1788522395477921.620	,80916.0,NPU:2
2,RUNTIME,1788522395577936.500	,80916.0,NPU:2
2,RUNTIME,1788522395678003.450	,80916.0,NPU:2
2,RUNTIME,1788522395777928.150	,80916.0,NPU:2
2,RUNTIME,1788522395877927.960	,80916.0,NPU:2
2,RUNTIME,1788522395977921.590	,80916.0,NPU:2
2,RUNTIME,1788522396077916.940	,80916.0,NPU:2
2,RUNTIME,1788522396177923.490	,80916.0,NPU:2
2,RUNTIME,1788522396277996.560	,80916.0,NPU:2
2,RUNTIME,1788522396377924.140	,80916.0,NPU:2
2,RUNTIME,1788522396477922.640	,80916.0,NPU:2
2,RUNTIME,1788522396577981.300	,80916.0,NPU:2
2,RUNTIME,1788522396677932.570	,80916.0,NPU:2
2,RUNTIME,1788522396777925.720	,80916.0,NPU:2
2,RUNTIME,1788522396877997.210	,80916.0,NPU:2
2,RUNTIME,1788522396977942.920	,80916.0,NPU:2
2,RUNTIME,1788522397077970.710	,80916.0,NPU:2
2,RUNTIME,1788522397177936.970	,80916.0,NPU:2
2,RUNTIME,1788522397277933.350	,80916.0,NPU:2
2,RUNTIME,1788522397377993.820	,80916.0,NPU:2
2,RUNTIME,1788522397477951.390	,80916.0,NPU:2
2,RUNTIME,1788522397577956.900	,80916.0,NPU:2
2,RUNTIME,1788522397677924.020	,80916.0,NPU:2
2,RUNTIME,1788522397777934.420	,80916.0,NPU:2
2,RUNTIME,1788522397877963.890	,80916.0,NPU:2
2,RUNTIME,1788522397977969.880	,80916.0,NPU:2
2,RUNTIME,1788522398077954.400	,80916.0,NPU:2
2,RUNTIME,1788522398177927.840	,80916.0,NPU:2
2,RUNTIME,1788522398277921.670	,80916.0,NPU:2
2,RUNTIME,1788522398377958.450	,80916.0,NPU:2
2,RUNTIME,1788522398477974.110	,80916.0,NPU:2
2,RUNTIME,1788522398577953.640	,80916.0,NPU:2
2,RUNTIME,1788522398677911.610	,80916.0,NPU:2
2,RUNTIME,1788522398777930.720	,80916.0,NPU:2
2,RUNTIME,1788522398877925.070	,80916.0,NPU:2
2,RUNTIME,1788522398978009.620	,80916.0,NPU:2
2,RUNTIME,1788522399077942.860	,80916.0,NPU:2
2,RUNTIME,1788522399177944.700	,80916.0,NPU:2
2,RUNTIME,1788522399277916.870	,80916.0,NPU:2
2,RUNTIME,1788522399377916.990	,80916.0,NPU:2
2,RUNTIME,1788522399477993.320	,80916.0,NPU:2
2,RUNTIME,1788522399577921.240	,80916.0,NPU:2
2,RUNTIME,1788522399677921.770	,80916.0,NPU:2
2,RUNTIME,1788522399777919.970	,80916.0,NPU:2
2,RUNTIME,1788522399877912.580	,80916.0,NPU:2
2,RUNTIME,1788522399977983.870	,80916.0,NPU:2
2,RUNTIME,1788522400077927.200	,80916.0,NPU:2
2,RUNTIME,1788522400177927.440	,80916.0,NPU:2
2,RUNTIME,1788522400277926.000	,80916.0,NPU:2
2,RUNTIME,1788522400377927.760	,80916.0,NPU:2
2,RUNTIME,1788522400477988.310	,80916.0,NPU:2
2,RUNTIME,1788522400577934.210	,80916.0,NPU:2
2,RUNTIME,1788522400677909.290	,80916.0,NPU:2
2,RUNTIME,1788522400777918.620	,80916.0,NPU:2
2,RUNTIME,1788522400877909.760	,80916.0,NPU:2
2,RUNTIME,1788522400977969.760	,80916.0,NPU:2
2,RUNTIME,1788522401077942.050	,80916.0,NPU:2
2,RUNTIME,1788522401177920.180	,80916.0,NPU:2
2,RUNTIME,1788522401277910.480	,80916.0,NPU:2
2,RUNTIME,1788522401377925.770	,80916.0,NPU:2
2,RUNTIME,1788522401477900.310	,80916.0,NPU:2
2,RUNTIME,1788522401577954.960	,80916.0,NPU:2
2,RUNTIME,1788522401677921.360	,80916.0,NPU:2
2,RUNTIME,1788522401777916.770	,80916.0,NPU:2
2,RUNTIME,1788522401877925.470	,80916.0,NPU:2
2,RUNTIME,1788522401977916.920	,80916.0,NPU:2
2,RUNTIME,1788522402077974.830	,80916.0,NPU:2
2,RUNTIME,1788522402177902.680	,80916.0,NPU:2
2,RUNTIME,1788522402277918.870	,80916.0,NPU:2
2,RUNTIME,1788522402377922.760	,80916.0,NPU:2
2,RUNTIME,1788522402477903.590	,80916.0,NPU:2
2,RUNTIME,1788522402577942.340	,80916.0,NPU:2
2,RUNTIME,1788522402677919.030	,80916.0,NPU:2
2,RUNTIME,1788522402777911.780	,80916.0,NPU:2
2,RUNTIME,1788522402877922.630	,80916.0,NPU:2
2,RUNTIME,1788522402977905.570	,80916.0,NPU:2
2,RUNTIME,1788522403077934.900	,80916.0,NPU:2
2,RUNTIME,1788522403177942.120	,80916.0,NPU:2
2,RUNTIME,1788522403277908.370	,80916.0,NPU:2
2,RUNTIME,1788522403377927.360	,80916.0,NPU:2
2,RUNTIME,1788522403477900.620	,80916.0,NPU:2
2,RUNTIME,1788522403577899.530	,80916.0,NPU:2
2,RUNTIME,1788522403677942.630	,80916.0,NPU:2
2,RUNTIME,1788522403777925.020	,80916.0,NPU:2
2,RUNTIME,1788522403877912.590	,80916.0,NPU:2
2,RUNTIME,1788522403977901.400	,80916.0,NPU:2
2,RUNTIME,1788522404077891.260	,80916.0,NPU:2
2,RUNTIME,1788522404177954.260	,80916.0,NPU:2
2,RUNTIME,1788522404277915.290	,80916.0,NPU:2
2,RUNTIME,1788522404377906.970	,80916.0,NPU:2
2,RUNTIME,1788522404477897.920	,80916.0,NPU:2
2,RUNTIME,1788522404577890.250	,80916.0,NPU:2
2,RUNTIME,1788522404677934.570	,80916.0,NPU:2
2,RUNTIME,1788522404777930.310	,80916.0,NPU:2
2,RUNTIME,1788522404877897.690	,80916.0,NPU:2
2,RUNTIME,1788522404977898.970	,80916.0,NPU:2
2,RUNTIME,1788522405077895.540	,80916.0,NPU:2
2,RUNTIME,1788522405177902.050	,80916.0,NPU:2
2,RUNTIME,1788522405277949.200	,80916.0,NPU:2
2,RUNTIME,1788522405377893.890	,80916.0,NPU:2
2,RUNTIME,1788522405477907.290	,80916.0,NPU:2
2,RUNTIME,1788522405577893.850	,80916.0,NPU:2
2,RUNTIME,1788522405677886.100	,80916.0,NPU:2
2,RUNTIME,1788522405777954.290	,80916.0,NPU:2
2,RUNTIME,1788522405877885.890	,80916.0,NPU:2
2,RUNTIME,1788522405977898.270	,80916.0,NPU:2
2,RUNTIME,1788522406077889.750	,80916.0,NPU:2
2,RUNTIME,1788522406177915.880	,80916.0,NPU:2
2,RUNTIME,1788522406277936.440	,80916.0,NPU:2
2,RUNTIME,1788522406377897.670	,80916.0,NPU:2
2,RUNTIME,1788522406477888.140	,80916.0,NPU:2
2,RUNTIME,1788522406577897.320	,80916.0,NPU:2
2,RUNTIME,1788522406677907.770	,80916.0,NPU:2
2,RUNTIME,1788522406777934.210	,80916.0,NPU:2
2,RUNTIME,1788522406877907.300	,80916.0,NPU:2
2,RUNTIME,1788522406977909.710	,80916.0,NPU:2
2,RUNTIME,1788522407077929.020	,80916.0,NPU:2
2,RUNTIME,1788522407177909.460	,80916.0,NPU:2
2,RUNTIME,1788522407277917.990	,80916.0,NPU:2
2,RUNTIME,1788522407377925.380	,80916.0,NPU:2
2,RUNTIME,1788522407477894.670	,80916.0,NPU:2
2,RUNTIME,1788522407577895.450	,80916.0,NPU:2
2,RUNTIME,1788522407677906.380	,80916.0,NPU:2
2,RUNTIME,1788522407777884.020	,80916.0,NPU:2
2,RUNTIME,1788522407877934.230	,80916.0,NPU:2
2,RUNTIME,1788522407977893.050	,80916.0,NPU:2
2,RUNTIME,1788522408077898.630	,80916.0,NPU:2
2,RUNTIME,1788522408177899.180	,80916.0,NPU:2
2,RUNTIME,1788522408277883.110	,80916.0,NPU:2
2,RUNTIME,1788522408377926.070	,80916.0,NPU:2
2,RUNTIME,1788522408477888.490	,80916.0,NPU:2
2,RUNTIME,1788522408577895.200	,80916.0,NPU:2
2,RUNTIME,1788522408677906.390	,80916.0,NPU:2
2,RUNTIME,1788522408777886.940	,80916.0,NPU:2
2,RUNTIME,1788522408877899.720	,80916.0,NPU:2
2,RUNTIME,1788522408977919.030	,80916.0,NPU:2
2,RUNTIME,1788522409077900.950	,80916.0,NPU:2
2,RUNTIME,1788522409177920.590	,80916.0,NPU:2
2,RUNTIME,1788522409277903.090	,80916.0,NPU:2
2,RUNTIME,1788522409377939.190	,80916.0,NPU:2
2,RUNTIME,1788522409477940.020	,80916.0,NPU:2
2,RUNTIME,1788522409577925.070	,80916.0,NPU:2
2,RUNTIME,1788522409677913.390	,80916.0,NPU:2
2,RUNTIME,1788522409778505.600	,80916.0,NPU:2
2,RUNTIME,1788522409877880.650	,66564.0,NPU:2
2,RUNTIME,1788522409884448.780	,66564.0,NPU:2
2,CCE,1788522391078023.490	,0,NPU:2
2,CCE,1788522391177937.070	,0,NPU:2
2,CCE,1788522391277935.640	,0,NPU:2
2,CCE,1788522391377927.650	,0,NPU:2
2,CCE,1788522391477926.110	,0,NPU:2
2,CCE,1788522391577931.290	,0,NPU:2
2,CCE,1788522391677920.690	,0,NPU:2
2,CCE,1788522391777924.450	,0,NPU:2
2,CCE,1788522391877922.070	,0,NPU:2
2,CCE,1788522391977925.940	,0,NPU:2
2,CCE,1788522392077937.630	,0,NPU:2
2,CCE,1788522392177916.260	,0,NPU:2
2,CCE,1788522392277917.700	,0,NPU:2
2,CCE,1788522392377914.280	,0,NPU:2
2,CCE,1788522392477913.470	,0,NPU:2
2,CCE,1788522392577913.330	,0,NPU:2
2,CCE,1788522392677914.200	,0,NPU:2
2,CCE,1788522392777911.600	,0,NPU:2
2,CCE,1788522392877912.410	,0,NPU:2
2,CCE,1788522392978016.170	,0,NPU:2
2,CCE,1788522393077977.060	,0,NPU:2
2,CCE,1788522393177974.590	,0,NPU:2
2,CCE,1788522393277964.030	,0,NPU:2
2,CCE,1788522393377945.550	,0,NPU:2
2,CCE,1788522393477976.680	,0,NPU:2
2,CCE,1788522393577984.080	,0,NPU:2
2,CCE,1788522393677968.900	,0,NPU:2
2,CCE,1788522393777954.940	,0,NPU:2
2,CCE,1788522393877942.990	,0,NPU:2
2,CCE,1788522393977961.280	,0,NPU:2
2,CCE,1788522394078013.090	,0,NPU:2
2,CCE,1788522394177974.520	,0,NPU:2
2,CCE,1788522394277964.210	,0,NPU:2
2,CCE,1788522394377950.280	,0,NPU:2
2,CCE,1788522394477952.390	,0,NPU:2
2,CCE,1788522394578016.640	,0,NPU:2
2,CCE,1788522394677977.300	,0,NPU:2
2,CCE,1788522394777969.400	,0,NPU:2
2,CCE,1788522394877962.180	,0,NPU:2
2,CCE,1788522394977965.600	,0,NPU:2
2,CCE,1788522395078008.720	,0,NPU:2
2,CCE,1788522395177977.430	,0,NPU:2
2,CCE,1788522395277957.970	,0,NPU:2
2,CCE,1788522395377930.270	,0,NPU:2
2,CCE,1788522395477921.620	,0,NPU:2
2,CCE,1788522395577936.500	,0,NPU:2
2,CCE,1788522395678003.450	,0,NPU:2
2,CCE,1788522395777928.150	,0,NPU:2
2,CCE,1788522395877927.960	,0,NPU:2
2,CCE,1788522395977921.590	,0,NPU:2
2,CCE,1788522396077916.940	,0,NPU:2
2,CCE,1788522396177923.490	,0,NPU:2
2,CCE,1788522396277996.560	,0,NPU:2
2,CCE,1788522396377924.140	,0,NPU:2
2,CCE,1788522396477922.640	,0,NPU:2
2,CCE,1788522396577981.300	,0,NPU:2
2,CCE,1788522396677932.570	,0,NPU:2
2,CCE,1788522396777925.720	,0,NPU:2
2,CCE,1788522396877997.210	,0,NPU:2
2,CCE,1788522396977942.920	,0,NPU:2
2,CCE,1788522397077970.710	,0,NPU:2
2,CCE,1788522397177936.970	,0,NPU:2
2,CCE,1788522397277933.350	,0,NPU:2
2,CCE,1788522397377993.820	,0,NPU:2
2,CCE,1788522397477951.390	,0,NPU:2
2,CCE,1788522397577956.900	,0,NPU:2
2,CCE,1788522397677924.020	,0,NPU:2
2,CCE,1788522397777934.420	,0,NPU:2
2,CCE,1788522397877963.890	,0,NPU:2
2,CCE,1788522397977969.880	,0,NPU:2
2,CCE,1788522398077954.400	,0,NPU:2
2,CCE,1788522398177927.840	,0,NPU:2
2,CCE,1788522398277921.670	,0,NPU:2
2,CCE,1788522398377958.450	,0,NPU:2
2,CCE,1788522398477974.110	,0,NPU:2
2,CCE,1788522398577953.640	,0,NPU:2
2,CCE,1788522398677911.610	,0,NPU:2
2,CCE,1788522398777930.720	,0,NPU:2
2,CCE,1788522398877925.070	,0,NPU:2
2,CCE,1788522398978009.620	,0,NPU:2
2,CCE,1788522399077942.860	,0,NPU:2
2,CCE,1788522399177944.700	,0,NPU:2
2,CCE,1788522399277916.870	,0,NPU:2
2,CCE,1788522399377916.990	,0,NPU:2
2,CCE,1788522399477993.320	,0,NPU:2
2,CCE,1788522399577921.240	,0,NPU:2
2,CCE,1788522399677921.770	,0,NPU:2
2,CCE,1788522399777919.970	,0,NPU:2
2,CCE,1788522399877912.580	,0,NPU:2
2,CCE,1788522399977983.870	,0,NPU:2
2,CCE,1788522400077927.200	,0,NPU:2
2,CCE,1788522400177927.440	,0,NPU:2
2,CCE,1788522400277926.000	,0,NPU:2
2,CCE,1788522400377927.760	,0,NPU:2
2,CCE,1788522400477988.310	,0,NPU:2
2,CCE,1788522400577934.210	,0,NPU:2
2,CCE,1788522400677909.290	,0,NPU:2
2,CCE,1788522400777918.620	,0,NPU:2
2,CCE,1788522400877909.760	,0,NPU:2
2,CCE,1788522400977969.760	,0,NPU:2
2,CCE,1788522401077942.050	,0,NPU:2
2,CCE,1788522401177920.180	,0,NPU:2
2,CCE,1788522401277910.480	,0,NPU:2
2,CCE,1788522401377925.770	,0,NPU:2
2,CCE,1788522401477900.310	,0,NPU:2
2,CCE,1788522401577954.960	,0,NPU:2
2,CCE,1788522401677921.360	,0,NPU:2
2,CCE,1788522401777916.770	,0,NPU:2
2,CCE,1788522401877925.470	,0,NPU:2
2,CCE,1788522401977916.920	,0,NPU:2
2,CCE,1788522402077974.830	,0,NPU:2
2,CCE,1788522402177902.680	,0,NPU:2
2,CCE,1788522402277918.870	,0,NPU:2
2,CCE,1788522402377922.760	,0,NPU:2
2,CCE,1788522402477903.590	,0,NPU:2
2,CCE,1788522402577942.340	,0,NPU:2
2,CCE,1788522402677919.030	,0,NPU:2
2,CCE,1788522402777911.780	,0,NPU:2
2,CCE,1788522402877922.630	,0,NPU:2
2,CCE,1788522402977905.570	,0,NPU:2
2,CCE,1788522403077934.900	,0,NPU:2
2,CCE,1788522403177942.120	,0,NPU:2
2,CCE,1788522403277908.370	,0,NPU:2
2,CCE,1788522403377927.360	,0,NPU:2
2,CCE,1788522403477900.620	,0,NPU:2
2,CCE,1788522403577899.530	,0,NPU:2
2,CCE,1788522403677942.630	,0,NPU:2
2,CCE,1788522403777925.020	,0,NPU:2
2,CCE,1788522403877912.590	,0,NPU:2
2,CCE,1788522403977901.400	,0,NPU:2
2,CCE,1788522404077891.260	,0,NPU:2
2,CCE,1788522404177954.260	,0,NPU:2
2,CCE,1788522404277915.290	,0,NPU:2
2,CCE,1788522404377906.970	,0,NPU:2
2,CCE,1788522404477897.920	,0,NPU:2
2,CCE,1788522404577890.250	,0,NPU:2
2,CCE,1788522404677934.570	,0,NPU:2
2,CCE,1788522404777930.310	,0,NPU:2
2,CCE,1788522404877897.690	,0,NPU:2
2,CCE,1788522404977898.970	,0,NPU:2
2,CCE,1788522405077895.540	,0,NPU:2
2,CCE,1788522405177902.050	,0,NPU:2
2,CCE,1788522405277949.200	,0,NPU:2
2,CCE,1788522405377893.890	,0,NPU:2
2,CCE,1788522405477907.290	,0,NPU:2
2,CCE,1788522405577893.850	,0,NPU:2
2,CCE,1788522405677886.100	,0,NPU:2
2,CCE,1788522405777954.290	,0,NPU:2
2,CCE,1788522405877885.890	,0,NPU:2
2,CCE,1788522405977898.270	,0,NPU:2
2,CCE,1788522406077889.750	,0,NPU:2
2,CCE,1788522406177915.880	,0,NPU:2
2,CCE,1788522406277936.440	,0,NPU:2
2,CCE,1788522406377897.670	,0,NPU:2
2,CCE,1788522406477888.140	,0,NPU:2
2,CCE,1788522406577897.320	,0,NPU:2
2,CCE,1788522406677907.770	,0,NPU:2
2,CCE,1788522406777934.210	,0,NPU:2
2,CCE,1788522406877907.300	,0,NPU:2
2,CCE,1788522406977909.710	,0,NPU:2
2,CCE,1788522407077929.020	,0,NPU:2
2,CCE,1788522407177909.460	,0,NPU:2
2,CCE,1788522407277917.990	,0,NPU:2
2,CCE,1788522407377925.380	,0,NPU:2
2,CCE,1788522407477894.670	,0,NPU:2
2,CCE,1788522407577895.450	,0,NPU:2
2,CCE,1788522407677906.380	,0,NPU:2
2,CCE,1788522407777884.020	,0,NPU:2
2,CCE,1788522407877934.230	,0,NPU:2
2,CCE,1788522407977893.050	,0,NPU:2
2,CCE,1788522408077898.630	,0,NPU:2
2,CCE,1788522408177899.180	,0,NPU:2
2,CCE,1788522408277883.110	,0,NPU:2
2,CCE,1788522408377926.070	,0,NPU:2
2,CCE,1788522408477888.490	,0,NPU:2
2,CCE,1788522408577895.200	,0,NPU:2
2,CCE,1788522408677906.390	,0,NPU:2
2,CCE,1788522408777886.940	,0,NPU:2
2,CCE,1788522408877899.720	,0,NPU:2
2,CCE,1788522408977919.030	,0,NPU:2
2,CCE,1788522409077900.950	,0,NPU:2
2,CCE,1788522409177920.590	,0,NPU:2
2,CCE,1788522409277903.090	,0,NPU:2
2,CCE,1788522409377939.190	,0,NPU:2
2,CCE,1788522409477940.020	,0,NPU:2
2,CCE,1788522409577925.070	,0,NPU:2
2,CCE,1788522409677913.390	,0,NPU:2
2,CCE,1788522409778505.600	,0,NPU:2
2,CCE,1788522409877880.650	,0,NPU:2
2,CCE,1788522409884448.780	,0,NPU:2
2,HDC,1788522391078023.490	,0,NPU:2
2,HDC,1788522391177937.070	,0,NPU:2
2,HDC,1788522391277935.640	,0,NPU:2
2,HDC,1788522391377927.650	,0,NPU:2
2,HDC,1788522391477926.110	,0,NPU:2
2,HDC,1788522391577931.290	,0,NPU:2
2,HDC,1788522391677920.690	,0,NPU:2
2,HDC,1788522391777924.450	,0,NPU:2
2,HDC,1788522391877922.070	,0,NPU:2
2,HDC,1788522391977925.940	,0,NPU:2
2,HDC,1788522392077937.630	,0,NPU:2
2,HDC,1788522392177916.260	,0,NPU:2
2,HDC,1788522392277917.700	,0,NPU:2
2,HDC,1788522392377914.280	,0,NPU:2
2,HDC,1788522392477913.470	,0,NPU:2
2,HDC,1788522392577913.330	,0,NPU:2
2,HDC,1788522392677914.200	,0,NPU:2
2,HDC,1788522392777911.600	,0,NPU:2
2,HDC,1788522392877912.410	,0,NPU:2
2,HDC,1788522392978016.170	,0,NPU:2
2,HDC,1788522393077977.060	,0,NPU:2
2,HDC,1788522393177974.590	,0,NPU:2
2,HDC,1788522393277964.030	,0,NPU:2
2,HDC,1788522393377945.550	,0,NPU:2
2,HDC,1788522393477976.680	,0,NPU:2
2,HDC,1788522393577984.080	,0,NPU:2
2,HDC,1788522393677968.900	,0,NPU:2
2,HDC,1788522393777954.940	,0,NPU:2
2,HDC,1788522393877942.990	,0,NPU:2
2,HDC,1788522393977961.280	,0,NPU:2
2,HDC,1788522394078013.090	,0,NPU:2
2,HDC,1788522394177974.520	,0,NPU:2
2,HDC,1788522394277964.210	,0,NPU:2
2,HDC,1788522394377950.280	,0,NPU:2
2,HDC,1788522394477952.390	,0,NPU:2
2,HDC,1788522394578016.640	,0,NPU:2
2,HDC,1788522394677977.300	,0,NPU:2
2,HDC,1788522394777969.400	,0,NPU:2
2,HDC,1788522394877962.180	,0,NPU:2
2,HDC,1788522394977965.600	,0,NPU:2
2,HDC,1788522395078008.720	,0,NPU:2
2,HDC,1788522395177977.430	,0,NPU:2
2,HDC,1788522395277957.970	,0,NPU:2
2,HDC,1788522395377930.270	,0,NPU:2
2,HDC,1788522395477921.620	,0,NPU:2
2,HDC,1788522395577936.500	,0,NPU:2
2,HDC,1788522395678003.450	,0,NPU:2
2,HDC,1788522395777928.150	,0,NPU:2
2,HDC,1788522395877927.960	,0,NPU:2
2,HDC,1788522395977921.590	,0,NPU:2
2,HDC,1788522396077916.940	,0,NPU:2
2,HDC,1788522396177923.490	,0,NPU:2
2,HDC,1788522396277996.560	,0,NPU:2
2,HDC,1788522396377924.140	,0,NPU:2
2,HDC,1788522396477922.640	,0,NPU:2
2,HDC,1788522396577981.300	,0,NPU:2
2,HDC,1788522396677932.570	,0,NPU:2
2,HDC,1788522396777925.720	,0,NPU:2
2,HDC,1788522396877997.210	,0,NPU:2
2,HDC,1788522396977942.920	,0,NPU:2
2,HDC,1788522397077970.710	,0,NPU:2
2,HDC,1788522397177936.970	,0,NPU:2
2,HDC,1788522397277933.350	,0,NPU:2
2,HDC,1788522397377993.820	,0,NPU:2
2,HDC,1788522397477951.390	,0,NPU:2
2,HDC,1788522397577956.900	,0,NPU:2
2,HDC,1788522397677924.020	,0,NPU:2
2,HDC,1788522397777934.420	,0,NPU:2
2,HDC,1788522397877963.890	,0,NPU:2
2,HDC,1788522397977969.880	,0,NPU:2
2,HDC,1788522398077954.400	,0,NPU:2
2,HDC,1788522398177927.840	,0,NPU:2
2,HDC,1788522398277921.670	,0,NPU:2
2,HDC,1788522398377958.450	,0,NPU:2
2,HDC,1788522398477974.110	,0,NPU:2
2,HDC,1788522398577953.640	,0,NPU:2
2,HDC,1788522398677911.610	,0,NPU:2
2,HDC,1788522398777930.720	,0,NPU:2
2,HDC,1788522398877925.070	,0,NPU:2
2,HDC,1788522398978009.620	,0,NPU:2
2,HDC,1788522399077942.860	,0,NPU:2
2,HDC,1788522399177944.700	,0,NPU:2
2,HDC,1788522399277916.870	,0,NPU:2
2,HDC,1788522399377916.990	,0,NPU:2
2,HDC,1788522399477993.320	,0,NPU:2
2,HDC,1788522399577921.240	,0,NPU:2
2,HDC,1788522399677921.770	,0,NPU:2
2,HDC,1788522399777919.970	,0,NPU:2
2,HDC,1788522399877912.580	,0,NPU:2
2,HDC,1788522399977983.870	,0,NPU:2
2,HDC,1788522400077927.200	,0,NPU:2
2,HDC,1788522400177927.440	,0,NPU:2
2,HDC,1788522400277926.000	,0,NPU:2
2,HDC,1788522400377927.760	,0,NPU:2
2,HDC,1788522400477988.310	,0,NPU:2
2,HDC,1788522400577934.210	,0,NPU:2
2,HDC,1788522400677909.290	,0,NPU:2
2,HDC,1788522400777918.620	,0,NPU:2
2,HDC,1788522400877909.760	,0,NPU:2
2,HDC,1788522400977969.760	,0,NPU:2
2,HDC,1788522401077942.050	,0,NPU:2
2,HDC,1788522401177920.180	,0,NPU:2
2,HDC,1788522401277910.480	,0,NPU:2
2,HDC,1788522401377925.770	,0,NPU:2
2,HDC,1788522401477900.310	,0,NPU:2
2,HDC,1788522401577954.960	,0,NPU:2
2,HDC,1788522401677921.360	,0,NPU:2
2,HDC,1788522401777916.770	,0,NPU:2
2,HDC,1788522401877925.470	,0,NPU:2
2,HDC,1788522401977916.920	,0,NPU:2
2,HDC,1788522402077974.830	,0,NPU:2
2,HDC,1788522402177902.680	,0,NPU:2
2,HDC,1788522402277918.870	,0,NPU:2
2,HDC,1788522402377922.760	,0,NPU:2
2,HDC,1788522402477903.590	,0,NPU:2
2,HDC,1788522402577942.340	,0,NPU:2
2,HDC,1788522402677919.030	,0,NPU:2
2,HDC,1788522402777911.780	,0,NPU:2
2,HDC,1788522402877922.630	,0,NPU:2
2,HDC,1788522402977905.570	,0,NPU:2
2,HDC,1788522403077934.900	,0,NPU:2
2,HDC,1788522403177942.120	,0,NPU:2
2,HDC,1788522403277908.370	,0,NPU:2
2,HDC,1788522403377927.360	,0,NPU:2
2,HDC,1788522403477900.620	,0,NPU:2
2,HDC,1788522403577899.530	,0,NPU:2
2,HDC,1788522403677942.630	,0,NPU:2
2,HDC,1788522403777925.020	,0,NPU:2
2,HDC,1788522403877912.590	,0,NPU:2
2,HDC,1788522403977901.400	,0,NPU:2
2,HDC,1788522404077891.260	,0,NPU:2
2,HDC,1788522404177954.260	,0,NPU:2
2,HDC,1788522404277915.290	,0,NPU:2
2,HDC,1788522404377906.970	,0,NPU:2
2,HDC,1788522404477897.920	,0,NPU:2
2,HDC,1788522404577890.250	,0,NPU:2
2,HDC,1788522404677934.570	,0,NPU:2
2,HDC,1788522404777930.310	,0,NPU:2
2,HDC,1788522404877897.690	,0,NPU:2
2,HDC,1788522404977898.970	,0,NPU:2
2,HDC,1788522405077895.540	,0,NPU:2
2,HDC,1788522405177902.050	,0,NPU:2
2,HDC,1788522405277949.200	,0,NPU:2
2,HDC,1788522405377893.890	,0,NPU:2
2,HDC,1788522405477907.290	,0,NPU:2
2,HDC,1788522405577893.850	,0,NPU:2
2,HDC,1788522405677886.100	,0,NPU:2
2,HDC,1788522405777954.290	,0,NPU:2
2,HDC,1788522405877885.890	,0,NPU:2
2,HDC,1788522405977898.270	,0,NPU:2
2,HDC,1788522406077889.750	,0,NPU:2
2,HDC,1788522406177915.880	,0,NPU:2
2,HDC,1788522406277936.440	,0,NPU:2
2,HDC,1788522406377897.670	,0,NPU:2
2,HDC,1788522406477888.140	,0,NPU:2
2,HDC,1788522406577897.320	,0,NPU:2
2,HDC,1788522406677907.770	,0,NPU:2
2,HDC,1788522406777934.210	,0,NPU:2
2,HDC,1788522406877907.300	,0,NPU:2
2,HDC,1788522406977909.710	,0,NPU:2
2,HDC,1788522407077929.020	,0,NPU:2
2,HDC,1788522407177909.460	,0,NPU:2
2,HDC,1788522407277917.990	,0,NPU:2
2,HDC,1788522407377925.380	,0,NPU:2
2,HDC,1788522407477894.670	,0,NPU:2
2,HDC,1788522407577895.450	,0,NPU:2
2,HDC,1788522407677906.380	,0,NPU:2
2,HDC,1788522407777884.020	,0,NPU:2
2,HDC,1788522407877934.230	,0,NPU:2
2,HDC,1788522407977893.050	,0,NPU:2
2,HDC,1788522408077898.630	,0,NPU:2
2,HDC,1788522408177899.180	,0,NPU:2
2,HDC,1788522408277883.110	,0,NPU:2
2,HDC,1788522408377926.070	,0,NPU:2
2,HDC,1788522408477888.490	,0,NPU:2
2,HDC,1788522408577895.200	,0,NPU:2
2,HDC,1788522408677906.390	,0,NPU:2
2,HDC,1788522408777886.940	,0,NPU:2
2,HDC,1788522408877899.720	,0,NPU:2
2,HDC,1788522408977919.030	,0,NPU:2
2,HDC,1788522409077900.950	,0,NPU:2
2,HDC,1788522409177920.590	,0,NPU:2
2,HDC,1788522409277903.090	,0,NPU:2
2,HDC,1788522409377939.190	,0,NPU:2
2,HDC,1788522409477940.020	,0,NPU:2
2,HDC,1788522409577925.070	,0,NPU:2
2,HDC,1788522409677913.390	,0,NPU:2
2,HDC,1788522409778505.600	,0,NPU:2
2,HDC,1788522409877880.650	,0,NPU:2
2,HDC,1788522409884448.780	,0,NPU:2
2,DRV,1788522391078023.490	,0,NPU:2
2,DRV,1788522391177937.070	,0,NPU:2
2,DRV,1788522391277935.640	,0,NPU:2
2,DRV,1788522391377927.650	,0,NPU:2
2,DRV,1788522391477926.110	,0,NPU:2
2,DRV,1788522391577931.290	,0,NPU:2
2,DRV,1788522391677920.690	,0,NPU:2
2,DRV,1788522391777924.450	,0,NPU:2
2,DRV,1788522391877922.070	,0,NPU:2
2,DRV,1788522391977925.940	,0,NPU:2
2,DRV,1788522392077937.630	,0,NPU:2
2,DRV,1788522392177916.260	,0,NPU:2
2,DRV,1788522392277917.700	,0,NPU:2
2,DRV,1788522392377914.280	,0,NPU:2
2,DRV,1788522392477913.470	,0,NPU:2
2,DRV,1788522392577913.330	,0,NPU:2
2,DRV,1788522392677914.200	,0,NPU:2
2,DRV,1788522392777911.600	,0,NPU:2
2,DRV,1788522392877912.410	,0,NPU:2
2,DRV,1788522392978016.170	,0,NPU:2
2,DRV,1788522393077977.060	,0,NPU:2
2,DRV,1788522393177974.590	,0,NPU:2
2,DRV,1788522393277964.030	,0,NPU:2
2,DRV,1788522393377945.550	,0,NPU:2
2,DRV,1788522393477976.680	,0,NPU:2
2,DRV,1788522393577984.080	,0,NPU:2
2,DRV,1788522393677968.900	,0,NPU:2
2,DRV,1788522393777954.940	,0,NPU:2
2,DRV,1788522393877942.990	,0,NPU:2
2,DRV,1788522393977961.280	,0,NPU:2
2,DRV,1788522394078013.090	,0,NPU:2
2,DRV,1788522394177974.520	,0,NPU:2
2,DRV,1788522394277964.210	,0,NPU:2
2,DRV,1788522394377950.280	,0,NPU:2
2,DRV,1788522394477952.390	,0,NPU:2
2,DRV,1788522394578016.640	,0,NPU:2
2,DRV,1788522394677977.300	,0,NPU:2
2,DRV,1788522394777969.400	,0,NPU:2
2,DRV,1788522394877962.180	,0,NPU:2
2,DRV,1788522394977965.600	,0,NPU:2
2,DRV,1788522395078008.720	,0,NPU:2
2,DRV,1788522395177977.430	,0,NPU:2
2,DRV,1788522395277957.970	,0,NPU:2
2,DRV,1788522395377930.270	,0,NPU:2
2,DRV,1788522395477921.620	,0,NPU:2
2,DRV,1788522395577936.500	,0,NPU:2
2,DRV,1788522395678003.450	,0,NPU:2
2,DRV,1788522395777928.150	,0,NPU:2
2,DRV,1788522395877927.960	,0,NPU:2
2,DRV,1788522395977921.590	,0,NPU:2
2,DRV,1788522396077916.940	,0,NPU:2
2,DRV,1788522396177923.490	,0,NPU:2
2,DRV,1788522396277996.560	,0,NPU:2
2,DRV,1788522396377924.140	,0,NPU:2
2,DRV,1788522396477922.640	,0,NPU:2
2,DRV,1788522396577981.300	,0,NPU:2
2,DRV,1788522396677932.570	,0,NPU:2
2,DRV,1788522396777925.720	,0,NPU:2
2,DRV,1788522396877997.210	,0,NPU:2
2,DRV,1788522396977942.920	,0,NPU:2
2,DRV,1788522397077970.710	,0,NPU:2
2,DRV,1788522397177936.970	,0,NPU:2
2,DRV,1788522397277933.350	,0,NPU:2
2,DRV,1788522397377993.820	,0,NPU:2
2,DRV,1788522397477951.390	,0,NPU:2
2,DRV,1788522397577956.900	,0,NPU:2
2,DRV,1788522397677924.020	,0,NPU:2
2,DRV,1788522397777934.420	,0,NPU:2
2,DRV,1788522397877963.890	,0,NPU:2
2,DRV,1788522397977969.880	,0,NPU:2
2,DRV,1788522398077954.400	,0,NPU:2
2,DRV,1788522398177927.840	,0,NPU:2
2,DRV,1788522398277921.670	,0,NPU:2
2,DRV,1788522398377958.450	,0,NPU:2
2,DRV,1788522398477974.110	,0,NPU:2
2,DRV,1788522398577953.640	,0,NPU:2
2,DRV,1788522398677911.610	,0,NPU:2
2,DRV,1788522398777930.720	,0,NPU:2
2,DRV,1788522398877925.070	,0,NPU:2
2,DRV,1788522398978009.620	,0,NPU:2
2,DRV,1788522399077942.860	,0,NPU:2
2,DRV,1788522399177944.700	,0,NPU:2
2,DRV,1788522399277916.870	,0,NPU:2
2,DRV,1788522399377916.990	,0,NPU:2
2,DRV,1788522399477993.320	,0,NPU:2
2,DRV,1788522399577921.240	,0,NPU:2
2,DRV,1788522399677921.770	,0,NPU:2
2,DRV,1788522399777919.970	,0,NPU:2
2,DRV,1788522399877912.580	,0,NPU:2
2,DRV,1788522399977983.870	,0,NPU:2
2,DRV,1788522400077927.200	,0,NPU:2
2,DRV,1788522400177927.440	,0,NPU:2
2,DRV,1788522400277926.000	,0,NPU:2
2,DRV,1788522400377927.760	,0,NPU:2
2,DRV,1788522400477988.310	,0,NPU:2
2,DRV,1788522400577934.210	,0,NPU:2
2,DRV,1788522400677909.290	,0,NPU:2
2,DRV,1788522400777918.620	,0,NPU:2
2,DRV,1788522400877909.760	,0,NPU:2
2,DRV,1788522400977969.760	,0,NPU:2
2,DRV,1788522401077942.050	,0,NPU:2
2,DRV,1788522401177920.180	,0,NPU:2
2,DRV,1788522401277910.480	,0,NPU:2
2,DRV,1788522401377925.770	,0,NPU:2
2,DRV,1788522401477900.310	,0,NPU:2
2,DRV,1788522401577954.960	,0,NPU:2
2,DRV,1788522401677921.360	,0,NPU:2
2,DRV,1788522401777916.770	,0,NPU:2
2,DRV,1788522401877925.470	,0,NPU:2
2,DRV,1788522401977916.920	,0,NPU:2
2,DRV,1788522402077974.830	,0,NPU:2
2,DRV,1788522402177902.680	,0,NPU:2
2,DRV,1788522402277918.870	,0,NPU:2
2,DRV,1788522402377922.760	,0,NPU:2
2,DRV,1788522402477903.590	,0,NPU:2
2,DRV,1788522402577942.340	,0,NPU:2
2,DRV,1788522402677919.030	,0,NPU:2
2,DRV,1788522402777911.780	,0,NPU:2
2,DRV,1788522402877922.630	,0,NPU:2
2,DRV,1788522402977905.570	,0,NPU:2
2,DRV,1788522403077934.900	,0,NPU:2
2,DRV,1788522403177942.120	,0,NPU:2
2,DRV,1788522403277908.370	,0,NPU:2
2,DRV,1788522403377927.360	,0,NPU:2
2,DRV,1788522403477900.620	,0,NPU:2
2,DRV,1788522403577899.530	,0,NPU:2
2,DRV,1788522403677942.630	,0,NPU:2
2,DRV,1788522403777925.020	,0,NPU:2
2,DRV,1788522403877912.590	,0,NPU:2
2,DRV,1788522403977901.400	,0,NPU:2
2,DRV,1788522404077891.260	,0,NPU:2
2,DRV,1788522404177954.260	,0,NPU:2
2,DRV,1788522404277915.290	,0,NPU:2
2,DRV,1788522404377906.970	,0,NPU:2
2,DRV,1788522404477897.920	,0,NPU:2
2,DRV,1788522404577890.250	,0,NPU:2
2,DRV,1788522404677934.570	,0,NPU:2
2,DRV,1788522404777930.310	,0,NPU:2
2,DRV,1788522404877897.690	,0,NPU:2
2,DRV,1788522404977898.970	,0,NPU:2
2,DRV,1788522405077895.540	,0,NPU:2
2,DRV,1788522405177902.050	,0,NPU:2
2,DRV,1788522405277949.200	,0,NPU:2
2,DRV,1788522405377893.890	,0,NPU:2
2,DRV,1788522405477907.290	,0,NPU:2
2,DRV,1788522405577893.850	,0,NPU:2
2,DRV,1788522405677886.100	,0,NPU:2
2,DRV,1788522405777954.290	,0,NPU:2
2,DRV,1788522405877885.890	,0,NPU:2
2,DRV,1788522405977898.270	,0,NPU:2
2,DRV,1788522406077889.750	,0,NPU:2
2,DRV,1788522406177915.880	,0,NPU:2
2,DRV,1788522406277936.440	,0,NPU:2
2,DRV,1788522406377897.670	,0,NPU:2
2,DRV,1788522406477888.140	,0,NPU:2
2,DRV,1788522406577897.320	,0,NPU:2
2,DRV,1788522406677907.770	,0,NPU:2
2,DRV,1788522406777934.210	,0,NPU:2
2,DRV,1788522406877907.300	,0,NPU:2
2,DRV,1788522406977909.710	,0,NPU:2
2,DRV,1788522407077929.020	,0,NPU:2
2,DRV,1788522407177909.460	,0,NPU:2
2,DRV,1788522407277917.990	,0,NPU:2
2,DRV,1788522407377925.380	,0,NPU:2
2,DRV,1788522407477894.670	,0,NPU:2
2,DRV,1788522407577895.450	,0,NPU:2
2,DRV,1788522407677906.380	,0,NPU:2
2,DRV,1788522407777884.020	,0,NPU:2
2,DRV,1788522407877934.230	,0,NPU:2
2,DRV,1788522407977893.050	,0,NPU:2
2,DRV,1788522408077898.630	,0,NPU:2
2,DRV,1788522408177899.180	,0,NPU:2
2,DRV,1788522408277883.110	,0,NPU:2
2,DRV,1788522408377926.070	,0,NPU:2
2,DRV,1788522408477888.490	,0,NPU:2
2,DRV,1788522408577895.200	,0,NPU:2
2,DRV,1788522408677906.390	,0,NPU:2
2,DRV,1788522408777886.940	,0,NPU:2
2,DRV,1788522408877899.720	,0,NPU:2
2,DRV,1788522408977919.030	,0,NPU:2
2,DRV,1788522409077900.950	,0,NPU:2
2,DRV,1788522409177920.590	,0,NPU:2
2,DRV,1788522409277903.090	,0,NPU:2
2,DRV,1788522409377939.190	,0,NPU:2
2,DRV,1788522409477940.020	,0,NPU:2
2,DRV,1788522409577925.070	,0,NPU:2
2,DRV,1788522409677913.390	,0,NPU:2
2,DRV,1788522409778505.600	,0,NPU:2
2,DRV,1788522409877880.650	,0,NPU:2
2,DRV,1788522409884448.780	,0,NPU:2
2,MDCFUSION,1788522391078023.490	,0,NPU:2
2,MDCFUSION,1788522391177937.070	,0,NPU:2
2,MDCFUSION,1788522391277935.640	,0,NPU:2
2,MDCFUSION,1788522391377927.650	,0,NPU:2
2,MDCFUSION,1788522391477926.110	,0,NPU:2
2,MDCFUSION,1788522391577931.290	,0,NPU:2
2,MDCFUSION,1788522391677920.690	,0,NPU:2
2,MDCFUSION,1788522391777924.450	,0,NPU:2
2,MDCFUSION,1788522391877922.070	,0,NPU:2
2,MDCFUSION,1788522391977925.940	,0,NPU:2
2,MDCFUSION,1788522392077937.630	,0,NPU:2
2,MDCFUSION,1788522392177916.260	,0,NPU:2
2,MDCFUSION,1788522392277917.700	,0,NPU:2
2,MDCFUSION,1788522392377914.280	,0,NPU:2
2,MDCFUSION,1788522392477913.470	,0,NPU:2
2,MDCFUSION,1788522392577913.330	,0,NPU:2
2,MDCFUSION,1788522392677914.200	,0,NPU:2
2,MDCFUSION,1788522392777911.600	,0,NPU:2
2,MDCFUSION,1788522392877912.410	,0,NPU:2
2,MDCFUSION,1788522392978016.170	,0,NPU:2
2,MDCFUSION,1788522393077977.060	,0,NPU:2
2,MDCFUSION,1788522393177974.590	,0,NPU:2
2,MDCFUSION,1788522393277964.030	,0,NPU:2
2,MDCFUSION,1788522393377945.550	,0,NPU:2
2,MDCFUSION,1788522393477976.680	,0,NPU:2
2,MDCFUSION,1788522393577984.080	,0,NPU:2
2,MDCFUSION,1788522393677968.900	,0,NPU:2
2,MDCFUSION,1788522393777954.940	,0,NPU:2
2,MDCFUSION,1788522393877942.990	,0,NPU:2
2,MDCFUSION,1788522393977961.280	,0,NPU:2
2,MDCFUSION,1788522394078013.090	,0,NPU:2
2,MDCFUSION,1788522394177974.520	,0,NPU:2
2,MDCFUSION,1788522394277964.210	,0,NPU:2
2,MDCFUSION,1788522394377950.280	,0,NPU:2
2,MDCFUSION,1788522394477952.390	,0,NPU:2
2,MDCFUSION,1788522394578016.640	,0,NPU:2
2,MDCFUSION,1788522394677977.300	,0,NPU:2
2,MDCFUSION,1788522394777969.400	,0,NPU:2
2,MDCFUSION,1788522394877962.180	,0,NPU:2
2,MDCFUSION,1788522394977965.600	,0,NPU:2
2,MDCFUSION,1788522395078008.720	,0,NPU:2
2,MDCFUSION,1788522395177977.430	,0,NPU:2
2,MDCFUSION,1788522395277957.970	,0,NPU:2
2,MDCFUSION,1788522395377930.270	,0,NPU:2
2,MDCFUSION,1788522395477921.620	,0,NPU:2
2,MDCFUSION,1788522395577936.500	,0,NPU:2
2,MDCFUSION,1788522395678003.450	,0,NPU:2
2,MDCFUSION,1788522395777928.150	,0,NPU:2
2,MDCFUSION,1788522395877927.960	,0,NPU:2
2,MDCFUSION,1788522395977921.590	,0,NPU:2
2,MDCFUSION,1788522396077916.940	,0,NPU:2
2,MDCFUSION,1788522396177923.490	,0,NPU:2
2,MDCFUSION,1788522396277996.560	,0,NPU:2
2,MDCFUSION,1788522396377924.140	,0,NPU:2
2,MDCFUSION,1788522396477922.640	,0,NPU:2
2,MDCFUSION,1788522396577981.300	,0,NPU:2
2,MDCFUSION,1788522396677932.570	,0,NPU:2
2,MDCFUSION,1788522396777925.720	,0,NPU:2
2,MDCFUSION,1788522396877997.210	,0,NPU:2
2,MDCFUSION,1788522396977942.920	,0,NPU:2
2,MDCFUSION,1788522397077970.710	,0,NPU:2
2,MDCFUSION,1788522397177936.970	,0,NPU:2
2,MDCFUSION,1788522397277933.350	,0,NPU:2
2,MDCFUSION,1788522397377993.820	,0,NPU:2
2,MDCFUSION,1788522397477951.390	,0,NPU:2
2,MDCFUSION,1788522397577956.900	,0,NPU:2
2,MDCFUSION,1788522397677924.020	,0,NPU:2
2,MDCFUSION,1788522397777934.420	,0,NPU:2
2,MDCFUSION,1788522397877963.890	,0,NPU:2
2,MDCFUSION,1788522397977969.880	,0,NPU:2
2,MDCFUSION,1788522398077954.400	,0,NPU:2
2,MDCFUSION,1788522398177927.840	,0,NPU:2
2,MDCFUSION,1788522398277921.670	,0,NPU:2
2,MDCFUSION,1788522398377958.450	,0,NPU:2
2,MDCFUSION,1788522398477974.110	,0,NPU:2
2,MDCFUSION,1788522398577953.640	,0,NPU:2
2,MDCFUSION,1788522398677911.610	,0,NPU:2
2,MDCFUSION,1788522398777930.720	,0,NPU:2
2,MDCFUSION,1788522398877925.070	,0,NPU:2
2,MDCFUSION,1788522398978009.620	,0,NPU:2
2,MDCFUSION,1788522399077942.860	,0,NPU:2
2,MDCFUSION,1788522399177944.700	,0,NPU:2
2,MDCFUSION,1788522399277916.870	,0,NPU:2
2,MDCFUSION,1788522399377916.990	,0,NPU:2
2,MDCFUSION,1788522399477993.320	,0,NPU:2
2,MDCFUSION,1788522399577921.240	,0,NPU:2
2,MDCFUSION,1788522399677921.770	,0,NPU:2
2,MDCFUSION,1788522399777919.970	,0,NPU:2
2,MDCFUSION,1788522399877912.580	,0,NPU:2
2,MDCFUSION,1788522399977983.870	,0,NPU:2
2,MDCFUSION,1788522400077927.200	,0,NPU:2
2,MDCFUSION,1788522400177927.440	,0,NPU:2
2,MDCFUSION,1788522400277926.000	,0,NPU:2
2,MDCFUSION,1788522400377927.760	,0,NPU:2
2,MDCFUSION,1788522400477988.310	,0,NPU:2
2,MDCFUSION,1788522400577934.210	,0,NPU:2
2,MDCFUSION,1788522400677909.290	,0,NPU:2
2,MDCFUSION,1788522400777918.620	,0,NPU:2
2,MDCFUSION,1788522400877909.760	,0,NPU:2
2,MDCFUSION,1788522400977969.760	,0,NPU:2
2,MDCFUSION,1788522401077942.050	,0,NPU:2
2,MDCFUSION,1788522401177920.180	,0,NPU:2
2,MDCFUSION,1788522401277910.480	,0,NPU:2
2,MDCFUSION,1788522401377925.770	,0,NPU:2
2,MDCFUSION,1788522401477900.310	,0,NPU:2
2,MDCFUSION,1788522401577954.960	,0,NPU:2
2,MDCFUSION,1788522401677921.360	,0,NPU:2
2,MDCFUSION,1788522401777916.770	,0,NPU:2
2,MDCFUSION,1788522401877925.470	,0,NPU:2
2,MDCFUSION,1788522401977916.920	,0,NPU:2
2,MDCFUSION,1788522402077974.830	,0,NPU:2
2,MDCFUSION,1788522402177902.680	,0,NPU:2
2,MDCFUSION,1788522402277918.870	,0,NPU:2
2,MDCFUSION,1788522402377922.760	,0,NPU:2
2,MDCFUSION,1788522402477903.590	,0,NPU:2
2,MDCFUSION,1788522402577942.340	,0,NPU:2
2,MDCFUSION,1788522402677919.030	,0,NPU:2
2,MDCFUSION,1788522402777911.780	,0,NPU:2
2,MDCFUSION,1788522402877922.630	,0,NPU:2
2,MDCFUSION,1788522402977905.570	,0,NPU:2
2,MDCFUSION,1788522403077934.900	,0,NPU:2
2,MDCFUSION,1788522403177942.120	,0,NPU:2
2,MDCFUSION,1788522403277908.370	,0,NPU:2
2,MDCFUSION,1788522403377927.360	,0,NPU:2
2,MDCFUSION,1788522403477900.620	,0,NPU:2
2,MDCFUSION,1788522403577899.530	,0,NPU:2
2,MDCFUSION,1788522403677942.630	,0,NPU:2
2,MDCFUSION,1788522403777925.020	,0,NPU:2
2,MDCFUSION,1788522403877912.590	,0,NPU:2
2,MDCFUSION,1788522403977901.400	,0,NPU:2
2,MDCFUSION,1788522404077891.260	,0,NPU:2
2,MDCFUSION,1788522404177954.260	,0,NPU:2
2,MDCFUSION,1788522404277915.290	,0,NPU:2
2,MDCFUSION,1788522404377906.970	,0,NPU:2
2,MDCFUSION,1788522404477897.920	,0,NPU:2
2,MDCFUSION,1788522404577890.250	,0,NPU:2
2,MDCFUSION,1788522404677934.570	,0,NPU:2
2,MDCFUSION,1788522404777930.310	,0,NPU:2
2,MDCFUSION,1788522404877897.690	,0,NPU:2
2,MDCFUSION,1788522404977898.970	,0,NPU:2
2,MDCFUSION,1788522405077895.540	,0,NPU:2
2,MDCFUSION,1788522405177902.050	,0,NPU:2
2,MDCFUSION,1788522405277949.200	,0,NPU:2
2,MDCFUSION,1788522405377893.890	,0,NPU:2
2,MDCFUSION,1788522405477907.290	,0,NPU:2
2,MDCFUSION,1788522405577893.850	,0,NPU:2
2,MDCFUSION,1788522405677886.100	,0,NPU:2
2,MDCFUSION,1788522405777954.290	,0,NPU:2
2,MDCFUSION,1788522405877885.890	,0,NPU:2
2,MDCFUSION,1788522405977898.270	,0,NPU:2
2,MDCFUSION,1788522406077889.750	,0,NPU:2
2,MDCFUSION,1788522406177915.880	,0,NPU:2
2,MDCFUSION,1788522406277936.440	,0,NPU:2
2,MDCFUSION,1788522406377897.670	,0,NPU:2
2,MDCFUSION,1788522406477888.140	,0,NPU:2
2,MDCFUSION,1788522406577897.320	,0,NPU:2
2,MDCFUSION,1788522406677907.770	,0,NPU:2
2,MDCFUSION,1788522406777934.210	,0,NPU:2
2,MDCFUSION,1788522406877907.300	,0,NPU:2
2,MDCFUSION,1788522406977909.710	,0,NPU:2
2,MDCFUSION,1788522407077929.020	,0,NPU:2
2,MDCFUSION,1788522407177909.460	,0,NPU:2
2,MDCFUSION,1788522407277917.990	,0,NPU:2
2,MDCFUSION,1788522407377925.380	,0,NPU:2
2,MDCFUSION,1788522407477894.670	,0,NPU:2
2,MDCFUSION,1788522407577895.450	,0,NPU:2
2,MDCFUSION,1788522407677906.380	,0,NPU:2
2,MDCFUSION,1788522407777884.020	,0,NPU:2
2,MDCFUSION,1788522407877934.230	,0,NPU:2
2,MDCFUSION,1788522407977893.050	,0,NPU:2
2,MDCFUSION,1788522408077898.630	,0,NPU:2
2,MDCFUSION,1788522408177899.180	,0,NPU:2
2,MDCFUSION,1788522408277883.110	,0,NPU:2
2,MDCFUSION,1788522408377926.070	,0,NPU:2
2,MDCFUSION,1788522408477888.490	,0,NPU:2
2,MDCFUSION,1788522408577895.200	,0,NPU:2
2,MDCFUSION,1788522408677906.390	,0,NPU:2
2,MDCFUSION,1788522408777886.940	,0,NPU:2
2,MDCFUSION,1788522408877899.720	,0,NPU:2
2,MDCFUSION,1788522408977919.030	,0,NPU:2
2,MDCFUSION,1788522409077900.950	,0,NPU:2
2,MDCFUSION,1788522409177920.590	,0,NPU:2
2,MDCFUSION,1788522409277903.090	,0,NPU:2
2,MDCFUSION,1788522409377939.190	,0,NPU:2
2,MDCFUSION,1788522409477940.020	,0,NPU:2
2,MDCFUSION,1788522409577925.070	,0,NPU:2
2,MDCFUSION,1788522409677913.390	,0,NPU:2
2,MDCFUSION,1788522409778505.600	,0,NPU:2
2,MDCFUSION,1788522409877880.650	,0,NPU:2
2,MDCFUSION,1788522409884448.780	,0,NPU:2
2,MDCLOCATION,1788522391078023.490	,0,NPU:2
2,MDCLOCATION,1788522391177937.070	,0,NPU:2
2,MDCLOCATION,1788522391277935.640	,0,NPU:2
2,MDCLOCATION,1788522391377927.650	,0,NPU:2
2,MDCLOCATION,1788522391477926.110	,0,NPU:2
2,MDCLOCATION,1788522391577931.290	,0,NPU:2
2,MDCLOCATION,1788522391677920.690	,0,NPU:2
2,MDCLOCATION,1788522391777924.450	,0,NPU:2
2,MDCLOCATION,1788522391877922.070	,0,NPU:2
2,MDCLOCATION,1788522391977925.940	,0,NPU:2
2,MDCLOCATION,1788522392077937.630	,0,NPU:2
2,MDCLOCATION,1788522392177916.260	,0,NPU:2
2,MDCLOCATION,1788522392277917.700	,0,NPU:2
2,MDCLOCATION,1788522392377914.280	,0,NPU:2
2,MDCLOCATION,1788522392477913.470	,0,NPU:2
2,MDCLOCATION,1788522392577913.330	,0,NPU:2
2,MDCLOCATION,1788522392677914.200	,0,NPU:2
2,MDCLOCATION,1788522392777911.600	,0,NPU:2
2,MDCLOCATION,1788522392877912.410	,0,NPU:2
2,MDCLOCATION,1788522392978016.170	,0,NPU:2
2,MDCLOCATION,1788522393077977.060	,0,NPU:2
2,MDCLOCATION,1788522393177974.590	,0,NPU:2
2,MDCLOCATION,1788522393277964.030	,0,NPU:2
2,MDCLOCATION,1788522393377945.550	,0,NPU:2
2,MDCLOCATION,1788522393477976.680	,0,NPU:2
2,MDCLOCATION,1788522393577984.080	,0,NPU:2
2,MDCLOCATION,1788522393677968.900	,0,NPU:2
2,MDCLOCATION,1788522393777954.940	,0,NPU:2
2,MDCLOCATION,1788522393877942.990	,0,NPU:2
2,MDCLOCATION,1788522393977961.280	,0,NPU:2
2,MDCLOCATION,1788522394078013.090	,0,NPU:2
2,MDCLOCATION,1788522394177974.520	,0,NPU:2
2,MDCLOCATION,1788522394277964.210	,0,NPU:2
2,MDCLOCATION,1788522394377950.280	,0,NPU:2
2,MDCLOCATION,1788522394477952.390	,0,NPU:2
2,MDCLOCATION,1788522394578016.640	,0,NPU:2
2,MDCLOCATION,1788522394677977.300	,0,NPU:2
2,MDCLOCATION,1788522394777969.400	,0,NPU:2
2,MDCLOCATION,1788522394877962.180	,0,NPU:2
2,MDCLOCATION,1788522394977965.600	,0,NPU:2
2,MDCLOCATION,1788522395078008.720	,0,NPU:2
2,MDCLOCATION,1788522395177977.430	,0,NPU:2
2,MDCLOCATION,1788522395277957.970	,0,NPU:2
2,MDCLOCATION,1788522395377930.270	,0,NPU:2
2,MDCLOCATION,1788522395477921.620	,0,NPU:2
2,MDCLOCATION,1788522395577936.500	,0,NPU:2
2,MDCLOCATION,1788522395678003.450	,0,NPU:2
2,MDCLOCATION,1788522395777928.150	,0,NPU:2
2,MDCLOCATION,1788522395877927.960	,0,NPU:2
2,MDCLOCATION,1788522395977921.590	,0,NPU:2
2,MDCLOCATION,1788522396077916.940	,0,NPU:2
2,MDCLOCATION,1788522396177923.490	,0,NPU:2
2,MDCLOCATION,1788522396277996.560	,0,NPU:2
2,MDCLOCATION,1788522396377924.140	,0,NPU:2
2,MDCLOCATION,1788522396477922.640	,0,NPU:2
2,MDCLOCATION,1788522396577981.300	,0,NPU:2
2,MDCLOCATION,1788522396677932.570	,0,NPU:2
2,MDCLOCATION,1788522396777925.720	,0,NPU:2
2,MDCLOCATION,1788522396877997.210	,0,NPU:2
2,MDCLOCATION,1788522396977942.920	,0,NPU:2
2,MDCLOCATION,1788522397077970.710	,0,NPU:2
2,MDCLOCATION,1788522397177936.970	,0,NPU:2
2,MDCLOCATION,1788522397277933.350	,0,NPU:2
2,MDCLOCATION,1788522397377993.820	,0,NPU:2
2,MDCLOCATION,1788522397477951.390	,0,NPU:2
2,MDCLOCATION,1788522397577956.900	,0,NPU:2
2,MDCLOCATION,1788522397677924.020	,0,NPU:2
2,MDCLOCATION,1788522397777934.420	,0,NPU:2
2,MDCLOCATION,1788522397877963.890	,0,NPU:2
2,MDCLOCATION,1788522397977969.880	,0,NPU:2
2,MDCLOCATION,1788522398077954.400	,0,NPU:2
2,MDCLOCATION,1788522398177927.840	,0,NPU:2
2,MDCLOCATION,1788522398277921.670	,0,NPU:2
2,MDCLOCATION,1788522398377958.450	,0,NPU:2
2,MDCLOCATION,1788522398477974.110	,0,NPU:2
2,MDCLOCATION,1788522398577953.640	,0,NPU:2
2,MDCLOCATION,1788522398677911.610	,0,NPU:2
2,MDCLOCATION,1788522398777930.720	,0,NPU:2
2,MDCLOCATION,1788522398877925.070	,0,NPU:2
2,MDCLOCATION,1788522398978009.620	,0,NPU:2
2,MDCLOCATION,1788522399077942.860	,0,NPU:2
2,MDCLOCATION,1788522399177944.700	,0,NPU:2
2,MDCLOCATION,1788522399277916.870	,0,NPU:2
2,MDCLOCATION,1788522399377916.990	,0,NPU:2
2,MDCLOCATION,1788522399477993.320	,0,NPU:2
2,MDCLOCATION,1788522399577921.240	,0,NPU:2
2,MDCLOCATION,1788522399677921.770	,0,NPU:2
2,MDCLOCATION,1788522399777919.970	,0,NPU:2
2,MDCLOCATION,1788522399877912.580	,0,NPU:2
2,MDCLOCATION,1788522399977983.870	,0,NPU:2
2,MDCLOCATION,1788522400077927.200	,0,NPU:2
2,MDCLOCATION,1788522400177927.440	,0,NPU:2
2,MDCLOCATION,1788522400277926.000	,0,NPU:2
2,MDCLOCATION,1788522400377927.760	,0,NPU:2
2,MDCLOCATION,1788522400477988.310	,0,NPU:2
2,MDCLOCATION,1788522400577934.210	,0,NPU:2
2,MDCLOCATION,1788522400677909.290	,0,NPU:2
2,MDCLOCATION,1788522400777918.620	,0,NPU:2
2,MDCLOCATION,1788522400877909.760	,0,NPU:2
2,MDCLOCATION,1788522400977969.760	,0,NPU:2
2,MDCLOCATION,1788522401077942.050	,0,NPU:2
2,MDCLOCATION,1788522401177920.180	,0,NPU:2
2,MDCLOCATION,1788522401277910.480	,0,NPU:2
2,MDCLOCATION,1788522401377925.770	,0,NPU:2
2,MDCLOCATION,1788522401477900.310	,0,NPU:2
2,MDCLOCATION,1788522401577954.960	,0,NPU:2
2,MDCLOCATION,1788522401677921.360	,0,NPU:2
2,MDCLOCATION,1788522401777916.770	,0,NPU:2
2,MDCLOCATION,1788522401877925.470	,0,NPU:2
2,MDCLOCATION,1788522401977916.920	,0,NPU:2
2,MDCLOCATION,1788522402077974.830	,0,NPU:2
2,MDCLOCATION,1788522402177902.680	,0,NPU:2
2,MDCLOCATION,1788522402277918.870	,0,NPU:2
2,MDCLOCATION,1788522402377922.760	,0,NPU:2
2,MDCLOCATION,1788522402477903.590	,0,NPU:2
2,MDCLOCATION,1788522402577942.340	,0,NPU:2
2,MDCLOCATION,1788522402677919.030	,0,NPU:2
2,MDCLOCATION,1788522402777911.780	,0,NPU:2
2,MDCLOCATION,1788522402877922.630	,0,NPU:2
2,MDCLOCATION,1788522402977905.570	,0,NPU:2
2,MDCLOCATION,1788522403077934.900	,0,NPU:2
2,MDCLOCATION,1788522403177942.120	,0,NPU:2
2,MDCLOCATION,1788522403277908.370	,0,NPU:2
2,MDCLOCATION,1788522403377927.360	,0,NPU:2
2,MDCLOCATION,1788522403477900.620	,0,NPU:2
2,MDCLOCATION,1788522403577899.530	,0,NPU:2
2,MDCLOCATION,1788522403677942.630	,0,NPU:2
2,MDCLOCATION,1788522403777925.020	,0,NPU:2
2,MDCLOCATION,1788522403877912.590	,0,NPU:2
2,MDCLOCATION,1788522403977901.400	,0,NPU:2
2,MDCLOCATION,1788522404077891.260	,0,NPU:2
2,MDCLOCATION,1788522404177954.260	,0,NPU:2
2,MDCLOCATION,1788522404277915.290	,0,NPU:2
2,MDCLOCATION,1788522404377906.970	,0,NPU:2
2,MDCLOCATION,1788522404477897.920	,0,NPU:2
2,MDCLOCATION,1788522404577890.250	,0,NPU:2
2,MDCLOCATION,1788522404677934.570	,0,NPU:2
2,MDCLOCATION,1788522404777930.310	,0,NPU:2
2,MDCLOCATION,1788522404877897.690	,0,NPU:2
2,MDCLOCATION,1788522404977898.970	,0,NPU:2
2,MDCLOCATION,1788522405077895.540	,0,NPU:2
2,MDCLOCATION,1788522405177902.050	,0,NPU:2
2,MDCLOCATION,1788522405277949.200	,0,NPU:2
2,MDCLOCATION,1788522405377893.890	,0,NPU:2
2,MDCLOCATION,1788522405477907.290	,0,NPU:2
2,MDCLOCATION,1788522405577893.850	,0,NPU:2
2,MDCLOCATION,1788522405677886.100	,0,NPU:2
2,MDCLOCATION,1788522405777954.290	,0,NPU:2
2,MDCLOCATION,1788522405877885.890	,0,NPU:2
2,MDCLOCATION,1788522405977898.270	,0,NPU:2
2,MDCLOCATION,1788522406077889.750	,0,NPU:2
2,MDCLOCATION,1788522406177915.880	,0,NPU:2
2,MDCLOCATION,1788522406277936.440	,0,NPU:2
2,MDCLOCATION,1788522406377897.670	,0,NPU:2
2,MDCLOCATION,1788522406477888.140	,0,NPU:2
2,MDCLOCATION,1788522406577897.320	,0,NPU:2
2,MDCLOCATION,1788522406677907.770	,0,NPU:2
2,MDCLOCATION,1788522406777934.210	,0,NPU:2
2,MDCLOCATION,1788522406877907.300	,0,NPU:2
2,MDCLOCATION,1788522406977909.710	,0,NPU:2
2,MDCLOCATION,1788522407077929.020	,0,NPU:2
2,MDCLOCATION,1788522407177909.460	,0,NPU:2
2,MDCLOCATION,1788522407277917.990	,0,NPU:2
2,MDCLOCATION,1788522407377925.380	,0,NPU:2
2,MDCLOCATION,1788522407477894.670	,0,NPU:2
2,MDCLOCATION,1788522407577895.450	,0,NPU:2
2,MDCLOCATION,1788522407677906.380	,0,NPU:2
2,MDCLOCATION,1788522407777884.020	,0,NPU:2
2,MDCLOCATION,1788522407877934.230	,0,NPU:2
2,MDCLOCATION,1788522407977893.050	,0,NPU:2
2,MDCLOCATION,1788522408077898.630	,0,NPU:2
2,MDCLOCATION,1788522408177899.180	,0,NPU:2
2,MDCLOCATION,1788522408277883.110	,0,NPU:2
2,MDCLOCATION,1788522408377926.070	,0,NPU:2
2,MDCLOCATION,1788522408477888.490	,0,NPU:2
2,MDCLOCATION,1788522408577895.200	,0,NPU:2
2,MDCLOCATION,1788522408677906.390	,0,NPU:2
2,MDCLOCATION,1788522408777886.940	,0,NPU:2
2,MDCLOCATION,1788522408877899.720	,0,NPU:2
2,MDCLOCATION,1788522408977919.030	,0,NPU:2
2,MDCLOCATION,1788522409077900.950	,0,NPU:2
2,MDCLOCATION,1788522409177920.590	,0,NPU:2
2,MDCLOCATION,1788522409277903.090	,0,NPU:2
2,MDCLOCATION,1788522409377939.190	,0,NPU:2
2,MDCLOCATION,1788522409477940.020	,0,NPU:2
2,MDCLOCATION,1788522409577925.070	,0,NPU:2
2,MDCLOCATION,1788522409677913.390	,0,NPU:2
2,MDCLOCATION,1788522409778505.600	,0,NPU:2
2,MDCLOCATION,1788522409877880.650	,0,NPU:2
2,MDCLOCATION,1788522409884448.780	,0,NPU:2
2,MDCPERCEPTION,1788522391078023.490	,0,NPU:2
2,MDCPERCEPTION,1788522391177937.070	,0,NPU:2
2,MDCPERCEPTION,1788522391277935.640	,0,NPU:2
2,MDCPERCEPTION,1788522391377927.650	,0,NPU:2
2,MDCPERCEPTION,1788522391477926.110	,0,NPU:2
2,MDCPERCEPTION,1788522391577931.290	,0,NPU:2
2,MDCPERCEPTION,1788522391677920.690	,0,NPU:2
2,MDCPERCEPTION,1788522391777924.450	,0,NPU:2
2,MDCPERCEPTION,1788522391877922.070	,0,NPU:2
2,MDCPERCEPTION,1788522391977925.940	,0,NPU:2
2,MDCPERCEPTION,1788522392077937.630	,0,NPU:2
2,MDCPERCEPTION,1788522392177916.260	,0,NPU:2
2,MDCPERCEPTION,1788522392277917.700	,0,NPU:2
2,MDCPERCEPTION,1788522392377914.280	,0,NPU:2
2,MDCPERCEPTION,1788522392477913.470	,0,NPU:2
2,MDCPERCEPTION,1788522392577913.330	,0,NPU:2
2,MDCPERCEPTION,1788522392677914.200	,0,NPU:2
2,MDCPERCEPTION,1788522392777911.600	,0,NPU:2
2,MDCPERCEPTION,1788522392877912.410	,0,NPU:2
2,MDCPERCEPTION,1788522392978016.170	,0,NPU:2
2,MDCPERCEPTION,1788522393077977.060	,0,NPU:2
2,MDCPERCEPTION,1788522393177974.590	,0,NPU:2
2,MDCPERCEPTION,1788522393277964.030	,0,NPU:2
2,MDCPERCEPTION,1788522393377945.550	,0,NPU:2
2,MDCPERCEPTION,1788522393477976.680	,0,NPU:2
2,MDCPERCEPTION,1788522393577984.080	,0,NPU:2
2,MDCPERCEPTION,1788522393677968.900	,0,NPU:2
2,MDCPERCEPTION,1788522393777954.940	,0,NPU:2
2,MDCPERCEPTION,1788522393877942.990	,0,NPU:2
2,MDCPERCEPTION,1788522393977961.280	,0,NPU:2
2,MDCPERCEPTION,1788522394078013.090	,0,NPU:2
2,MDCPERCEPTION,1788522394177974.520	,0,NPU:2
2,MDCPERCEPTION,1788522394277964.210	,0,NPU:2
2,MDCPERCEPTION,1788522394377950.280	,0,NPU:2
2,MDCPERCEPTION,1788522394477952.390	,0,NPU:2
2,MDCPERCEPTION,1788522394578016.640	,0,NPU:2
2,MDCPERCEPTION,1788522394677977.300	,0,NPU:2
2,MDCPERCEPTION,1788522394777969.400	,0,NPU:2
2,MDCPERCEPTION,1788522394877962.180	,0,NPU:2
2,MDCPERCEPTION,1788522394977965.600	,0,NPU:2
2,MDCPERCEPTION,1788522395078008.720	,0,NPU:2
2,MDCPERCEPTION,1788522395177977.430	,0,NPU:2
2,MDCPERCEPTION,1788522395277957.970	,0,NPU:2
2,MDCPERCEPTION,1788522395377930.270	,0,NPU:2
2,MDCPERCEPTION,1788522395477921.620	,0,NPU:2
2,MDCPERCEPTION,1788522395577936.500	,0,NPU:2
2,MDCPERCEPTION,1788522395678003.450	,0,NPU:2
2,MDCPERCEPTION,1788522395777928.150	,0,NPU:2
2,MDCPERCEPTION,1788522395877927.960	,0,NPU:2
2,MDCPERCEPTION,1788522395977921.590	,0,NPU:2
2,MDCPERCEPTION,1788522396077916.940	,0,NPU:2
2,MDCPERCEPTION,1788522396177923.490	,0,NPU:2
2,MDCPERCEPTION,1788522396277996.560	,0,NPU:2
2,MDCPERCEPTION,1788522396377924.140	,0,NPU:2
2,MDCPERCEPTION,1788522396477922.640	,0,NPU:2
2,MDCPERCEPTION,1788522396577981.300	,0,NPU:2
2,MDCPERCEPTION,1788522396677932.570	,0,NPU:2
2,MDCPERCEPTION,1788522396777925.720	,0,NPU:2
2,MDCPERCEPTION,1788522396877997.210	,0,NPU:2
2,MDCPERCEPTION,1788522396977942.920	,0,NPU:2
2,MDCPERCEPTION,1788522397077970.710	,0,NPU:2
2,MDCPERCEPTION,1788522397177936.970	,0,NPU:2
2,MDCPERCEPTION,1788522397277933.350	,0,NPU:2
2,MDCPERCEPTION,1788522397377993.820	,0,NPU:2
2,MDCPERCEPTION,1788522397477951.390	,0,NPU:2
2,MDCPERCEPTION,1788522397577956.900	,0,NPU:2
2,MDCPERCEPTION,1788522397677924.020	,0,NPU:2
2,MDCPERCEPTION,1788522397777934.420	,0,NPU:2
2,MDCPERCEPTION,1788522397877963.890	,0,NPU:2
2,MDCPERCEPTION,1788522397977969.880	,0,NPU:2
2,MDCPERCEPTION,1788522398077954.400	,0,NPU:2
2,MDCPERCEPTION,1788522398177927.840	,0,NPU:2
2,MDCPERCEPTION,1788522398277921.670	,0,NPU:2
2,MDCPERCEPTION,1788522398377958.450	,0,NPU:2
2,MDCPERCEPTION,1788522398477974.110	,0,NPU:2
2,MDCPERCEPTION,1788522398577953.640	,0,NPU:2
2,MDCPERCEPTION,1788522398677911.610	,0,NPU:2
2,MDCPERCEPTION,1788522398777930.720	,0,NPU:2
2,MDCPERCEPTION,1788522398877925.070	,0,NPU:2
2,MDCPERCEPTION,1788522398978009.620	,0,NPU:2
2,MDCPERCEPTION,1788522399077942.860	,0,NPU:2
2,MDCPERCEPTION,1788522399177944.700	,0,NPU:2
2,MDCPERCEPTION,1788522399277916.870	,0,NPU:2
2,MDCPERCEPTION,1788522399377916.990	,0,NPU:2
2,MDCPERCEPTION,1788522399477993.320	,0,NPU:2
2,MDCPERCEPTION,1788522399577921.240	,0,NPU:2
2,MDCPERCEPTION,1788522399677921.770	,0,NPU:2
2,MDCPERCEPTION,1788522399777919.970	,0,NPU:2
2,MDCPERCEPTION,1788522399877912.580	,0,NPU:2
2,MDCPERCEPTION,1788522399977983.870	,0,NPU:2
2,MDCPERCEPTION,1788522400077927.200	,0,NPU:2
2,MDCPERCEPTION,1788522400177927.440	,0,NPU:2
2,MDCPERCEPTION,1788522400277926.000	,0,NPU:2
2,MDCPERCEPTION,1788522400377927.760	,0,NPU:2
2,MDCPERCEPTION,1788522400477988.310	,0,NPU:2
2,MDCPERCEPTION,1788522400577934.210	,0,NPU:2
2,MDCPERCEPTION,1788522400677909.290	,0,NPU:2
2,MDCPERCEPTION,1788522400777918.620	,0,NPU:2
2,MDCPERCEPTION,1788522400877909.760	,0,NPU:2
2,MDCPERCEPTION,1788522400977969.760	,0,NPU:2
2,MDCPERCEPTION,1788522401077942.050	,0,NPU:2
2,MDCPERCEPTION,1788522401177920.180	,0,NPU:2
2,MDCPERCEPTION,1788522401277910.480	,0,NPU:2
2,MDCPERCEPTION,1788522401377925.770	,0,NPU:2
2,MDCPERCEPTION,1788522401477900.310	,0,NPU:2
2,MDCPERCEPTION,1788522401577954.960	,0,NPU:2
2,MDCPERCEPTION,1788522401677921.360	,0,NPU:2
2,MDCPERCEPTION,1788522401777916.770	,0,NPU:2
2,MDCPERCEPTION,1788522401877925.470	,0,NPU:2
2,MDCPERCEPTION,1788522401977916.920	,0,NPU:2
2,MDCPERCEPTION,1788522402077974.830	,0,NPU:2
2,MDCPERCEPTION,1788522402177902.680	,0,NPU:2
2,MDCPERCEPTION,1788522402277918.870	,0,NPU:2
2,MDCPERCEPTION,1788522402377922.760	,0,NPU:2
2,MDCPERCEPTION,1788522402477903.590	,0,NPU:2
2,MDCPERCEPTION,1788522402577942.340	,0,NPU:2
2,MDCPERCEPTION,1788522402677919.030	,0,NPU:2
2,MDCPERCEPTION,1788522402777911.780	,0,NPU:2
2,MDCPERCEPTION,1788522402877922.630	,0,NPU:2
2,MDCPERCEPTION,1788522402977905.570	,0,NPU:2
2,MDCPERCEPTION,1788522403077934.900	,0,NPU:2
2,MDCPERCEPTION,1788522403177942.120	,0,NPU:2
2,MDCPERCEPTION,1788522403277908.370	,0,NPU:2
2,MDCPERCEPTION,1788522403377927.360	,0,NPU:2
2,MDCPERCEPTION,1788522403477900.620	,0,NPU:2
2,MDCPERCEPTION,1788522403577899.530	,0,NPU:2
2,MDCPERCEPTION,1788522403677942.630	,0,NPU:2
2,MDCPERCEPTION,1788522403777925.020	,0,NPU:2
2,MDCPERCEPTION,1788522403877912.590	,0,NPU:2
2,MDCPERCEPTION,1788522403977901.400	,0,NPU:2
2,MDCPERCEPTION,1788522404077891.260	,0,NPU:2
2,MDCPERCEPTION,1788522404177954.260	,0,NPU:2
2,MDCPERCEPTION,1788522404277915.290	,0,NPU:2
2,MDCPERCEPTION,1788522404377906.970	,0,NPU:2
2,MDCPERCEPTION,1788522404477897.920	,0,NPU:2
2,MDCPERCEPTION,1788522404577890.250	,0,NPU:2
2,MDCPERCEPTION,1788522404677934.570	,0,NPU:2
2,MDCPERCEPTION,1788522404777930.310	,0,NPU:2
2,MDCPERCEPTION,1788522404877897.690	,0,NPU:2
2,MDCPERCEPTION,1788522404977898.970	,0,NPU:2
2,MDCPERCEPTION,1788522405077895.540	,0,NPU:2
2,MDCPERCEPTION,1788522405177902.050	,0,NPU:2
2,MDCPERCEPTION,1788522405277949.200	,0,NPU:2
2,MDCPERCEPTION,1788522405377893.890	,0,NPU:2
2,MDCPERCEPTION,1788522405477907.290	,0,NPU:2
2,MDCPERCEPTION,1788522405577893.850	,0,NPU:2
2,MDCPERCEPTION,1788522405677886.100	,0,NPU:2
2,MDCPERCEPTION,1788522405777954.290	,0,NPU:2
2,MDCPERCEPTION,1788522405877885.890	,0,NPU:2
2,MDCPERCEPTION,1788522405977898.270	,0,NPU:2
2,MDCPERCEPTION,1788522406077889.750	,0,NPU:2
2,MDCPERCEPTION,1788522406177915.880	,0,NPU:2
2,MDCPERCEPTION,1788522406277936.440	,0,NPU:2
2,MDCPERCEPTION,1788522406377897.670	,0,NPU:2
2,MDCPERCEPTION,1788522406477888.140	,0,NPU:2
2,MDCPERCEPTION,1788522406577897.320	,0,NPU:2
2,MDCPERCEPTION,1788522406677907.770	,0,NPU:2
2,MDCPERCEPTION,1788522406777934.210	,0,NPU:2
2,MDCPERCEPTION,1788522406877907.300	,0,NPU:2
2,MDCPERCEPTION,1788522406977909.710	,0,NPU:2
2,MDCPERCEPTION,1788522407077929.020	,0,NPU:2
2,MDCPERCEPTION,1788522407177909.460	,0,NPU:2
2,MDCPERCEPTION,1788522407277917.990	,0,NPU:2
2,MDCPERCEPTION,1788522407377925.380	,0,NPU:2
2,MDCPERCEPTION,1788522407477894.670	,0,NPU:2
2,MDCPERCEPTION,1788522407577895.450	,0,NPU:2
2,MDCPERCEPTION,1788522407677906.380	,0,NPU:2
2,MDCPERCEPTION,1788522407777884.020	,0,NPU:2
2,MDCPERCEPTION,1788522407877934.230	,0,NPU:2
2,MDCPERCEPTION,1788522407977893.050	,0,NPU:2
2,MDCPERCEPTION,1788522408077898.630	,0,NPU:2
2,MDCPERCEPTION,1788522408177899.180	,0,NPU:2
2,MDCPERCEPTION,1788522408277883.110	,0,NPU:2
2,MDCPERCEPTION,1788522408377926.070	,0,NPU:2
2,MDCPERCEPTION,1788522408477888.490	,0,NPU:2
2,MDCPERCEPTION,1788522408577895.200	,0,NPU:2
2,MDCPERCEPTION,1788522408677906.390	,0,NPU:2
2,MDCPERCEPTION,1788522408777886.940	,0,NPU:2
2,MDCPERCEPTION,1788522408877899.720	,0,NPU:2
2,MDCPERCEPTION,1788522408977919.030	,0,NPU:2
2,MDCPERCEPTION,1788522409077900.950	,0,NPU:2
2,MDCPERCEPTION,1788522409177920.590	,0,NPU:2
2,MDCPERCEPTION,1788522409277903.090	,0,NPU:2
2,MDCPERCEPTION,1788522409377939.190	,0,NPU:2
2,MDCPERCEPTION,1788522409477940.020	,0,NPU:2
2,MDCPERCEPTION,1788522409577925.070	,0,NPU:2
2,MDCPERCEPTION,1788522409677913.390	,0,NPU:2
2,MDCPERCEPTION,1788522409778505.600	,0,NPU:2
2,MDCPERCEPTION,1788522409877880.650	,0,NPU:2
2,MDCPERCEPTION,1788522409884448.780	,0,NPU:2
2,MDCFSM,1788522391078023.490	,0,NPU:2
2,MDCFSM,1788522391177937.070	,0,NPU:2
2,MDCFSM,1788522391277935.640	,0,NPU:2
2,MDCFSM,1788522391377927.650	,0,NPU:2
2,MDCFSM,1788522391477926.110	,0,NPU:2
2,MDCFSM,1788522391577931.290	,0,NPU:2
2,MDCFSM,1788522391677920.690	,0,NPU:2
2,MDCFSM,1788522391777924.450	,0,NPU:2
2,MDCFSM,1788522391877922.070	,0,NPU:2
2,MDCFSM,1788522391977925.940	,0,NPU:2
2,MDCFSM,1788522392077937.630	,0,NPU:2
2,MDCFSM,1788522392177916.260	,0,NPU:2
2,MDCFSM,1788522392277917.700	,0,NPU:2
2,MDCFSM,1788522392377914.280	,0,NPU:2
2,MDCFSM,1788522392477913.470	,0,NPU:2
2,MDCFSM,1788522392577913.330	,0,NPU:2
2,MDCFSM,1788522392677914.200	,0,NPU:2
2,MDCFSM,1788522392777911.600	,0,NPU:2
2,MDCFSM,1788522392877912.410	,0,NPU:2
2,MDCFSM,1788522392978016.170	,0,NPU:2
2,MDCFSM,1788522393077977.060	,0,NPU:2
2,MDCFSM,1788522393177974.590	,0,NPU:2
2,MDCFSM,1788522393277964.030	,0,NPU:2
2,MDCFSM,1788522393377945.550	,0,NPU:2
2,MDCFSM,1788522393477976.680	,0,NPU:2
2,MDCFSM,1788522393577984.080	,0,NPU:2
2,MDCFSM,1788522393677968.900	,0,NPU:2
2,MDCFSM,1788522393777954.940	,0,NPU:2
2,MDCFSM,1788522393877942.990	,0,NPU:2
2,MDCFSM,1788522393977961.280	,0,NPU:2
2,MDCFSM,1788522394078013.090	,0,NPU:2
2,MDCFSM,1788522394177974.520	,0,NPU:2
2,MDCFSM,1788522394277964.210	,0,NPU:2
2,MDCFSM,1788522394377950.280	,0,NPU:2
2,MDCFSM,1788522394477952.390	,0,NPU:2
2,MDCFSM,1788522394578016.640	,0,NPU:2
2,MDCFSM,1788522394677977.300	,0,NPU:2
2,MDCFSM,1788522394777969.400	,0,NPU:2
2,MDCFSM,1788522394877962.180	,0,NPU:2
2,MDCFSM,1788522394977965.600	,0,NPU:2
2,MDCFSM,1788522395078008.720	,0,NPU:2
2,MDCFSM,1788522395177977.430	,0,NPU:2
2,MDCFSM,1788522395277957.970	,0,NPU:2
2,MDCFSM,1788522395377930.270	,0,NPU:2
2,MDCFSM,1788522395477921.620	,0,NPU:2
2,MDCFSM,1788522395577936.500	,0,NPU:2
2,MDCFSM,1788522395678003.450	,0,NPU:2
2,MDCFSM,1788522395777928.150	,0,NPU:2
2,MDCFSM,1788522395877927.960	,0,NPU:2
2,MDCFSM,1788522395977921.590	,0,NPU:2
2,MDCFSM,1788522396077916.940	,0,NPU:2
2,MDCFSM,1788522396177923.490	,0,NPU:2
2,MDCFSM,1788522396277996.560	,0,NPU:2
2,MDCFSM,1788522396377924.140	,0,NPU:2
2,MDCFSM,1788522396477922.640	,0,NPU:2
2,MDCFSM,1788522396577981.300	,0,NPU:2
2,MDCFSM,1788522396677932.570	,0,NPU:2
2,MDCFSM,1788522396777925.720	,0,NPU:2
2,MDCFSM,1788522396877997.210	,0,NPU:2
2,MDCFSM,1788522396977942.920	,0,NPU:2
2,MDCFSM,1788522397077970.710	,0,NPU:2
2,MDCFSM,1788522397177936.970	,0,NPU:2
2,MDCFSM,1788522397277933.350	,0,NPU:2
2,MDCFSM,1788522397377993.820	,0,NPU:2
2,MDCFSM,1788522397477951.390	,0,NPU:2
2,MDCFSM,1788522397577956.900	,0,NPU:2
2,MDCFSM,1788522397677924.020	,0,NPU:2
2,MDCFSM,1788522397777934.420	,0,NPU:2
2,MDCFSM,1788522397877963.890	,0,NPU:2
2,MDCFSM,1788522397977969.880	,0,NPU:2
2,MDCFSM,1788522398077954.400	,0,NPU:2
2,MDCFSM,1788522398177927.840	,0,NPU:2
2,MDCFSM,1788522398277921.670	,0,NPU:2
2,MDCFSM,1788522398377958.450	,0,NPU:2
2,MDCFSM,1788522398477974.110	,0,NPU:2
2,MDCFSM,1788522398577953.640	,0,NPU:2
2,MDCFSM,1788522398677911.610	,0,NPU:2
2,MDCFSM,1788522398777930.720	,0,NPU:2
2,MDCFSM,1788522398877925.070	,0,NPU:2
2,MDCFSM,1788522398978009.620	,0,NPU:2
2,MDCFSM,1788522399077942.860	,0,NPU:2
2,MDCFSM,1788522399177944.700	,0,NPU:2
2,MDCFSM,1788522399277916.870	,0,NPU:2
2,MDCFSM,1788522399377916.990	,0,NPU:2
2,MDCFSM,1788522399477993.320	,0,NPU:2
2,MDCFSM,1788522399577921.240	,0,NPU:2
2,MDCFSM,1788522399677921.770	,0,NPU:2
2,MDCFSM,1788522399777919.970	,0,NPU:2
2,MDCFSM,1788522399877912.580	,0,NPU:2
2,MDCFSM,1788522399977983.870	,0,NPU:2
2,MDCFSM,1788522400077927.200	,0,NPU:2
2,MDCFSM,1788522400177927.440	,0,NPU:2
2,MDCFSM,1788522400277926.000	,0,NPU:2
2,MDCFSM,1788522400377927.760	,0,NPU:2
2,MDCFSM,1788522400477988.310	,0,NPU:2
2,MDCFSM,1788522400577934.210	,0,NPU:2
2,MDCFSM,1788522400677909.290	,0,NPU:2
2,MDCFSM,1788522400777918.620	,0,NPU:2
2,MDCFSM,1788522400877909.760	,0,NPU:2
2,MDCFSM,1788522400977969.760	,0,NPU:2
2,MDCFSM,1788522401077942.050	,0,NPU:2
2,MDCFSM,1788522401177920.180	,0,NPU:2
2,MDCFSM,1788522401277910.480	,0,NPU:2
2,MDCFSM,1788522401377925.770	,0,NPU:2
2,MDCFSM,1788522401477900.310	,0,NPU:2
2,MDCFSM,1788522401577954.960	,0,NPU:2
2,MDCFSM,1788522401677921.360	,0,NPU:2
2,MDCFSM,1788522401777916.770	,0,NPU:2
2,MDCFSM,1788522401877925.470	,0,NPU:2
2,MDCFSM,1788522401977916.920	,0,NPU:2
2,MDCFSM,1788522402077974.830	,0,NPU:2
2,MDCFSM,1788522402177902.680	,0,NPU:2
2,MDCFSM,1788522402277918.870	,0,NPU:2
2,MDCFSM,1788522402377922.760	,0,NPU:2
2,MDCFSM,1788522402477903.590	,0,NPU:2
2,MDCFSM,1788522402577942.340	,0,NPU:2
2,MDCFSM,1788522402677919.030	,0,NPU:2
2,MDCFSM,1788522402777911.780	,0,NPU:2
2,MDCFSM,1788522402877922.630	,0,NPU:2
2,MDCFSM,1788522402977905.570	,0,NPU:2
2,MDCFSM,1788522403077934.900	,0,NPU:2
2,MDCFSM,1788522403177942.120	,0,NPU:2
2,MDCFSM,1788522403277908.370	,0,NPU:2
2,MDCFSM,1788522403377927.360	,0,NPU:2
2,MDCFSM,1788522403477900.620	,0,NPU:2
2,MDCFSM,1788522403577899.530	,0,NPU:2
2,MDCFSM,1788522403677942.630	,0,NPU:2
2,MDCFSM,1788522403777925.020	,0,NPU:2
2,MDCFSM,1788522403877912.590	,0,NPU:2
2,MDCFSM,1788522403977901.400	,0,NPU:2
2,MDCFSM,1788522404077891.260	,0,NPU:2
2,MDCFSM,1788522404177954.260	,0,NPU:2
2,MDCFSM,1788522404277915.290	,0,NPU:2
2,MDCFSM,1788522404377906.970	,0,NPU:2
2,MDCFSM,1788522404477897.920	,0,NPU:2
2,MDCFSM,1788522404577890.250	,0,NPU:2
2,MDCFSM,1788522404677934.570	,0,NPU:2
2,MDCFSM,1788522404777930.310	,0,NPU:2
2,MDCFSM,1788522404877897.690	,0,NPU:2
2,MDCFSM,1788522404977898.970	,0,NPU:2
2,MDCFSM,1788522405077895.540	,0,NPU:2
2,MDCFSM,1788522405177902.050	,0,NPU:2
2,MDCFSM,1788522405277949.200	,0,NPU:2
2,MDCFSM,1788522405377893.890	,0,NPU:2
2,MDCFSM,1788522405477907.290	,0,NPU:2
2,MDCFSM,1788522405577893.850	,0,NPU:2
2,MDCFSM,1788522405677886.100	,0,NPU:2
2,MDCFSM,1788522405777954.290	,0,NPU:2
2,MDCFSM,1788522405877885.890	,0,NPU:2
2,MDCFSM,1788522405977898.270	,0,NPU:2
2,MDCFSM,1788522406077889.750	,0,NPU:2
2,MDCFSM,1788522406177915.880	,0,NPU:2
2,MDCFSM,1788522406277936.440	,0,NPU:2
2,MDCFSM,1788522406377897.670	,0,NPU:2
2,MDCFSM,1788522406477888.140	,0,NPU:2
2,MDCFSM,1788522406577897.320	,0,NPU:2
2,MDCFSM,1788522406677907.770	,0,NPU:2
2,MDCFSM,1788522406777934.210	,0,NPU:2
2,MDCFSM,1788522406877907.300	,0,NPU:2
2,MDCFSM,1788522406977909.710	,0,NPU:2
2,MDCFSM,1788522407077929.020	,0,NPU:2
2,MDCFSM,1788522407177909.460	,0,NPU:2
2,MDCFSM,1788522407277917.990	,0,NPU:2
2,MDCFSM,1788522407377925.380	,0,NPU:2
2,MDCFSM,1788522407477894.670	,0,NPU:2
2,MDCFSM,1788522407577895.450	,0,NPU:2
2,MDCFSM,1788522407677906.380	,0,NPU:2
2,MDCFSM,1788522407777884.020	,0,NPU:2
2,MDCFSM,1788522407877934.230	,0,NPU:2
2,MDCFSM,1788522407977893.050	,0,NPU:2
2,MDCFSM,1788522408077898.630	,0,NPU:2
2,MDCFSM,1788522408177899.180	,0,NPU:2
2,MDCFSM,1788522408277883.110	,0,NPU:2
2,MDCFSM,1788522408377926.070	,0,NPU:2
2,MDCFSM,1788522408477888.490	,0,NPU:2
2,MDCFSM,1788522408577895.200	,0,NPU:2
2,MDCFSM,1788522408677906.390	,0,NPU:2
2,MDCFSM,1788522408777886.940	,0,NPU:2
2,MDCFSM,1788522408877899.720	,0,NPU:2
2,MDCFSM,1788522408977919.030	,0,NPU:2
2,MDCFSM,1788522409077900.950	,0,NPU:2
2,MDCFSM,1788522409177920.590	,0,NPU:2
2,MDCFSM,1788522409277903.090	,0,NPU:2
2,MDCFSM,1788522409377939.190	,0,NPU:2
2,MDCFSM,1788522409477940.020	,0,NPU:2
2,MDCFSM,1788522409577925.070	,0,NPU:2
2,MDCFSM,1788522409677913.390	,0,NPU:2
2,MDCFSM,1788522409778505.600	,0,NPU:2
2,MDCFSM,1788522409877880.650	,0,NPU:2
2,MDCFSM,1788522409884448.780	,0,NPU:2
2,MDCCOMMON,1788522391078023.490	,0,NPU:2
2,MDCCOMMON,1788522391177937.070	,0,NPU:2
2,MDCCOMMON,1788522391277935.640	,0,NPU:2
2,MDCCOMMON,1788522391377927.650	,0,NPU:2
2,MDCCOMMON,1788522391477926.110	,0,NPU:2
2,MDCCOMMON,1788522391577931.290	,0,NPU:2
2,MDCCOMMON,1788522391677920.690	,0,NPU:2
2,MDCCOMMON,1788522391777924.450	,0,NPU:2
2,MDCCOMMON,1788522391877922.070	,0,NPU:2
2,MDCCOMMON,1788522391977925.940	,0,NPU:2
2,MDCCOMMON,1788522392077937.630	,0,NPU:2
2,MDCCOMMON,1788522392177916.260	,0,NPU:2
2,MDCCOMMON,1788522392277917.700	,0,NPU:2
2,MDCCOMMON,1788522392377914.280	,0,NPU:2
2,MDCCOMMON,1788522392477913.470	,0,NPU:2
2,MDCCOMMON,1788522392577913.330	,0,NPU:2
2,MDCCOMMON,1788522392677914.200	,0,NPU:2
2,MDCCOMMON,1788522392777911.600	,0,NPU:2
2,MDCCOMMON,1788522392877912.410	,0,NPU:2
2,MDCCOMMON,1788522392978016.170	,0,NPU:2
2,MDCCOMMON,1788522393077977.060	,0,NPU:2
2,MDCCOMMON,1788522393177974.590	,0,NPU:2
2,MDCCOMMON,1788522393277964.030	,0,NPU:2
2,MDCCOMMON,1788522393377945.550	,0,NPU:2
2,MDCCOMMON,1788522393477976.680	,0,NPU:2
2,MDCCOMMON,1788522393577984.080	,0,NPU:2
2,MDCCOMMON,1788522393677968.900	,0,NPU:2
2,MDCCOMMON,1788522393777954.940	,0,NPU:2
2,MDCCOMMON,1788522393877942.990	,0,NPU:2
2,MDCCOMMON,1788522393977961.280	,0,NPU:2
2,MDCCOMMON,1788522394078013.090	,0,NPU:2
2,MDCCOMMON,1788522394177974.520	,0,NPU:2
2,MDCCOMMON,1788522394277964.210	,0,NPU:2
2,MDCCOMMON,1788522394377950.280	,0,NPU:2
2,MDCCOMMON,1788522394477952.390	,0,NPU:2
2,MDCCOMMON,1788522394578016.640	,0,NPU:2
2,MDCCOMMON,1788522394677977.300	,0,NPU:2
2,MDCCOMMON,1788522394777969.400	,0,NPU:2
2,MDCCOMMON,1788522394877962.180	,0,NPU:2
2,MDCCOMMON,1788522394977965.600	,0,NPU:2
2,MDCCOMMON,1788522395078008.720	,0,NPU:2
2,MDCCOMMON,1788522395177977.430	,0,NPU:2
2,MDCCOMMON,1788522395277957.970	,0,NPU:2
2,MDCCOMMON,1788522395377930.270	,0,NPU:2
2,MDCCOMMON,1788522395477921.620	,0,NPU:2
2,MDCCOMMON,1788522395577936.500	,0,NPU:2
2,MDCCOMMON,1788522395678003.450	,0,NPU:2
2,MDCCOMMON,1788522395777928.150	,0,NPU:2
2,MDCCOMMON,1788522395877927.960	,0,NPU:2
2,MDCCOMMON,1788522395977921.590	,0,NPU:2
2,MDCCOMMON,1788522396077916.940	,0,NPU:2
2,MDCCOMMON,1788522396177923.490	,0,NPU:2
2,MDCCOMMON,1788522396277996.560	,0,NPU:2
2,MDCCOMMON,1788522396377924.140	,0,NPU:2
2,MDCCOMMON,1788522396477922.640	,0,NPU:2
2,MDCCOMMON,1788522396577981.300	,0,NPU:2
2,MDCCOMMON,1788522396677932.570	,0,NPU:2
2,MDCCOMMON,1788522396777925.720	,0,NPU:2
2,MDCCOMMON,1788522396877997.210	,0,NPU:2
2,MDCCOMMON,1788522396977942.920	,0,NPU:2
2,MDCCOMMON,1788522397077970.710	,0,NPU:2
2,MDCCOMMON,1788522397177936.970	,0,NPU:2
2,MDCCOMMON,1788522397277933.350	,0,NPU:2
2,MDCCOMMON,1788522397377993.820	,0,NPU:2
2,MDCCOMMON,1788522397477951.390	,0,NPU:2
2,MDCCOMMON,1788522397577956.900	,0,NPU:2
2,MDCCOMMON,1788522397677924.020	,0,NPU:2
2,MDCCOMMON,1788522397777934.420	,0,NPU:2
2,MDCCOMMON,1788522397877963.890	,0,NPU:2
2,MDCCOMMON,1788522397977969.880	,0,NPU:2
2,MDCCOMMON,1788522398077954.400	,0,NPU:2
2,MDCCOMMON,1788522398177927.840	,0,NPU:2
2,MDCCOMMON,1788522398277921.670	,0,NPU:2
2,MDCCOMMON,1788522398377958.450	,0,NPU:2
2,MDCCOMMON,1788522398477974.110	,0,NPU:2
2,MDCCOMMON,1788522398577953.640	,0,NPU:2
2,MDCCOMMON,1788522398677911.610	,0,NPU:2
2,MDCCOMMON,1788522398777930.720	,0,NPU:2
2,MDCCOMMON,1788522398877925.070	,0,NPU:2
2,MDCCOMMON,1788522398978009.620	,0,NPU:2
2,MDCCOMMON,1788522399077942.860	,0,NPU:2
2,MDCCOMMON,1788522399177944.700	,0,NPU:2
2,MDCCOMMON,1788522399277916.870	,0,NPU:2
2,MDCCOMMON,1788522399377916.990	,0,NPU:2
2,MDCCOMMON,1788522399477993.320	,0,NPU:2
2,MDCCOMMON,1788522399577921.240	,0,NPU:2
2,MDCCOMMON,1788522399677921.770	,0,NPU:2
2,MDCCOMMON,1788522399777919.970	,0,NPU:2
2,MDCCOMMON,1788522399877912.580	,0,NPU:2
2,MDCCOMMON,1788522399977983.870	,0,NPU:2
2,MDCCOMMON,1788522400077927.200	,0,NPU:2
2,MDCCOMMON,1788522400177927.440	,0,NPU:2
2,MDCCOMMON,1788522400277926.000	,0,NPU:2
2,MDCCOMMON,1788522400377927.760	,0,NPU:2
2,MDCCOMMON,1788522400477988.310	,0,NPU:2
2,MDCCOMMON,1788522400577934.210	,0,NPU:2
2,MDCCOMMON,1788522400677909.290	,0,NPU:2
2,MDCCOMMON,1788522400777918.620	,0,NPU:2
2,MDCCOMMON,1788522400877909.760	,0,NPU:2
2,MDCCOMMON,1788522400977969.760	,0,NPU:2
2,MDCCOMMON,1788522401077942.050	,0,NPU:2
2,MDCCOMMON,1788522401177920.180	,0,NPU:2
2,MDCCOMMON,1788522401277910.480	,0,NPU:2
2,MDCCOMMON,1788522401377925.770	,0,NPU:2
2,MDCCOMMON,1788522401477900.310	,0,NPU:2
2,MDCCOMMON,1788522401577954.960	,0,NPU:2
2,MDCCOMMON,1788522401677921.360	,0,NPU:2
2,MDCCOMMON,1788522401777916.770	,0,NPU:2
2,MDCCOMMON,1788522401877925.470	,0,NPU:2
2,MDCCOMMON,1788522401977916.920	,0,NPU:2
2,MDCCOMMON,1788522402077974.830	,0,NPU:2
2,MDCCOMMON,1788522402177902.680	,0,NPU:2
2,MDCCOMMON,1788522402277918.870	,0,NPU:2
2,MDCCOMMON,1788522402377922.760	,0,NPU:2
2,MDCCOMMON,1788522402477903.590	,0,NPU:2
2,MDCCOMMON,1788522402577942.340	,0,NPU:2
2,MDCCOMMON,1788522402677919.030	,0,NPU:2
2,MDCCOMMON,1788522402777911.780	,0,NPU:2
2,MDCCOMMON,1788522402877922.630	,0,NPU:2
2,MDCCOMMON,1788522402977905.570	,0,NPU:2
2,MDCCOMMON,1788522403077934.900	,0,NPU:2
2,MDCCOMMON,1788522403177942.120	,0,NPU:2
2,MDCCOMMON,1788522403277908.370	,0,NPU:2
2,MDCCOMMON,1788522403377927.360	,0,NPU:2
2,MDCCOMMON,1788522403477900.620	,0,NPU:2
2,MDCCOMMON,1788522403577899.530	,0,NPU:2
2,MDCCOMMON,1788522403677942.630	,0,NPU:2
2,MDCCOMMON,1788522403777925.020	,0,NPU:2
2,MDCCOMMON,1788522403877912.590	,0,NPU:2
2,MDCCOMMON,1788522403977901.400	,0,NPU:2
2,MDCCOMMON,1788522404077891.260	,0,NPU:2
2,MDCCOMMON,1788522404177954.260	,0,NPU:2
2,MDCCOMMON,1788522404277915.290	,0,NPU:2
2,MDCCOMMON,1788522404377906.970	,0,NPU:2
2,MDCCOMMON,1788522404477897.920	,0,NPU:2
2,MDCCOMMON,1788522404577890.250	,0,NPU:2
2,MDCCOMMON,1788522404677934.570	,0,NPU:2
2,MDCCOMMON,1788522404777930.310	,0,NPU:2
2,MDCCOMMON,1788522404877897.690	,0,NPU:2
2,MDCCOMMON,1788522404977898.970	,0,NPU:2
2,MDCCOMMON,1788522405077895.540	,0,NPU:2
2,MDCCOMMON,1788522405177902.050	,0,NPU:2
2,MDCCOMMON,1788522405277949.200	,0,NPU:2
2,MDCCOMMON,1788522405377893.890	,0,NPU:2
2,MDCCOMMON,1788522405477907.290	,0,NPU:2
2,MDCCOMMON,1788522405577893.850	,0,NPU:2
2,MDCCOMMON,1788522405677886.100	,0,NPU:2
2,MDCCOMMON,1788522405777954.290	,0,NPU:2
2,MDCCOMMON,1788522405877885.890	,0,NPU:2
2,MDCCOMMON,1788522405977898.270	,0,NPU:2
2,MDCCOMMON,1788522406077889.750	,0,NPU:2
2,MDCCOMMON,1788522406177915.880	,0,NPU:2
2,MDCCOMMON,1788522406277936.440	,0,NPU:2
2,MDCCOMMON,1788522406377897.670	,0,NPU:2
2,MDCCOMMON,1788522406477888.140	,0,NPU:2
2,MDCCOMMON,1788522406577897.320	,0,NPU:2
2,MDCCOMMON,1788522406677907.770	,0,NPU:2
2,MDCCOMMON,1788522406777934.210	,0,NPU:2
2,MDCCOMMON,1788522406877907.300	,0,NPU:2
2,MDCCOMMON,1788522406977909.710	,0,NPU:2
2,MDCCOMMON,1788522407077929.020	,0,NPU:2
2,MDCCOMMON,1788522407177909.460	,0,NPU:2
2,MDCCOMMON,1788522407277917.990	,0,NPU:2
2,MDCCOMMON,1788522407377925.380	,0,NPU:2
2,MDCCOMMON,1788522407477894.670	,0,NPU:2
2,MDCCOMMON,1788522407577895.450	,0,NPU:2
2,MDCCOMMON,1788522407677906.380	,0,NPU:2
2,MDCCOMMON,1788522407777884.020	,0,NPU:2
2,MDCCOMMON,1788522407877934.230	,0,NPU:2
2,MDCCOMMON,1788522407977893.050	,0,NPU:2
2,MDCCOMMON,1788522408077898.630	,0,NPU:2
2,MDCCOMMON,1788522408177899.180	,0,NPU:2
2,MDCCOMMON,1788522408277883.110	,0,NPU:2
2,MDCCOMMON,1788522408377926.070	,0,NPU:2
2,MDCCOMMON,1788522408477888.490	,0,NPU:2
2,MDCCOMMON,1788522408577895.200	,0,NPU:2
2,MDCCOMMON,1788522408677906.390	,0,NPU:2
2,MDCCOMMON,1788522408777886.940	,0,NPU:2
2,MDCCOMMON,1788522408877899.720	,0,NPU:2
2,MDCCOMMON,1788522408977919.030	,0,NPU:2
2,MDCCOMMON,1788522409077900.950	,0,NPU:2
2,MDCCOMMON,1788522409177920.590	,0,NPU:2
2,MDCCOMMON,1788522409277903.090	,0,NPU:2
2,MDCCOMMON,1788522409377939.190	,0,NPU:2
2,MDCCOMMON,1788522409477940.020	,0,NPU:2
2,MDCCOMMON,1788522409577925.070	,0,NPU:2
2,MDCCOMMON,1788522409677913.390	,0,NPU:2
2,MDCCOMMON,1788522409778505.600	,0,NPU:2
2,MDCCOMMON,1788522409877880.650	,0,NPU:2
2,MDCCOMMON,1788522409884448.780	,0,NPU:2
2,MDCMONITOR,1788522391078023.490	,0,NPU:2
2,MDCMONITOR,1788522391177937.070	,0,NPU:2
2,MDCMONITOR,1788522391277935.640	,0,NPU:2
2,MDCMONITOR,1788522391377927.650	,0,NPU:2
2,MDCMONITOR,1788522391477926.110	,0,NPU:2
2,MDCMONITOR,1788522391577931.290	,0,NPU:2
2,MDCMONITOR,1788522391677920.690	,0,NPU:2
2,MDCMONITOR,1788522391777924.450	,0,NPU:2
2,MDCMONITOR,1788522391877922.070	,0,NPU:2
2,MDCMONITOR,1788522391977925.940	,0,NPU:2
2,MDCMONITOR,1788522392077937.630	,0,NPU:2
2,MDCMONITOR,1788522392177916.260	,0,NPU:2
2,MDCMONITOR,1788522392277917.700	,0,NPU:2
2,MDCMONITOR,1788522392377914.280	,0,NPU:2
2,MDCMONITOR,1788522392477913.470	,0,NPU:2
2,MDCMONITOR,1788522392577913.330	,0,NPU:2
2,MDCMONITOR,1788522392677914.200	,0,NPU:2
2,MDCMONITOR,1788522392777911.600	,0,NPU:2
2,MDCMONITOR,1788522392877912.410	,0,NPU:2
2,MDCMONITOR,1788522392978016.170	,0,NPU:2
2,MDCMONITOR,1788522393077977.060	,0,NPU:2
2,MDCMONITOR,1788522393177974.590	,0,NPU:2
2,MDCMONITOR,1788522393277964.030	,0,NPU:2
2,MDCMONITOR,1788522393377945.550	,0,NPU:2
2,MDCMONITOR,1788522393477976.680	,0,NPU:2
2,MDCMONITOR,1788522393577984.080	,0,NPU:2
2,MDCMONITOR,1788522393677968.900	,0,NPU:2
2,MDCMONITOR,1788522393777954.940	,0,NPU:2
2,MDCMONITOR,1788522393877942.990	,0,NPU:2
2,MDCMONITOR,1788522393977961.280	,0,NPU:2
2,MDCMONITOR,1788522394078013.090	,0,NPU:2
2,MDCMONITOR,1788522394177974.520	,0,NPU:2
2,MDCMONITOR,1788522394277964.210	,0,NPU:2
2,MDCMONITOR,1788522394377950.280	,0,NPU:2
2,MDCMONITOR,1788522394477952.390	,0,NPU:2
2,MDCMONITOR,1788522394578016.640	,0,NPU:2
2,MDCMONITOR,1788522394677977.300	,0,NPU:2
2,MDCMONITOR,1788522394777969.400	,0,NPU:2
2,MDCMONITOR,1788522394877962.180	,0,NPU:2
2,MDCMONITOR,1788522394977965.600	,0,NPU:2
2,MDCMONITOR,1788522395078008.720	,0,NPU:2
2,MDCMONITOR,1788522395177977.430	,0,NPU:2
2,MDCMONITOR,1788522395277957.970	,0,NPU:2
2,MDCMONITOR,1788522395377930.270	,0,NPU:2
2,MDCMONITOR,1788522395477921.620	,0,NPU:2
2,MDCMONITOR,1788522395577936.500	,0,NPU:2
2,MDCMONITOR,1788522395678003.450	,0,NPU:2
2,MDCMONITOR,1788522395777928.150	,0,NPU:2
2,MDCMONITOR,1788522395877927.960	,0,NPU:2
2,MDCMONITOR,1788522395977921.590	,0,NPU:2
2,MDCMONITOR,1788522396077916.940	,0,NPU:2
2,MDCMONITOR,1788522396177923.490	,0,NPU:2
2,MDCMONITOR,1788522396277996.560	,0,NPU:2
2,MDCMONITOR,1788522396377924.140	,0,NPU:2
2,MDCMONITOR,1788522396477922.640	,0,NPU:2
2,MDCMONITOR,1788522396577981.300	,0,NPU:2
2,MDCMONITOR,1788522396677932.570	,0,NPU:2
2,MDCMONITOR,1788522396777925.720	,0,NPU:2
2,MDCMONITOR,1788522396877997.210	,0,NPU:2
2,MDCMONITOR,1788522396977942.920	,0,NPU:2
2,MDCMONITOR,1788522397077970.710	,0,NPU:2
2,MDCMONITOR,1788522397177936.970	,0,NPU:2
2,MDCMONITOR,1788522397277933.350	,0,NPU:2
2,MDCMONITOR,1788522397377993.820	,0,NPU:2
2,MDCMONITOR,1788522397477951.390	,0,NPU:2
2,MDCMONITOR,1788522397577956.900	,0,NPU:2
2,MDCMONITOR,1788522397677924.020	,0,NPU:2
2,MDCMONITOR,1788522397777934.420	,0,NPU:2
2,MDCMONITOR,1788522397877963.890	,0,NPU:2
2,MDCMONITOR,1788522397977969.880	,0,NPU:2
2,MDCMONITOR,1788522398077954.400	,0,NPU:2
2,MDCMONITOR,1788522398177927.840	,0,NPU:2
2,MDCMONITOR,1788522398277921.670	,0,NPU:2
2,MDCMONITOR,1788522398377958.450	,0,NPU:2
2,MDCMONITOR,1788522398477974.110	,0,NPU:2
2,MDCMONITOR,1788522398577953.640	,0,NPU:2
2,MDCMONITOR,1788522398677911.610	,0,NPU:2
2,MDCMONITOR,1788522398777930.720	,0,NPU:2
2,MDCMONITOR,1788522398877925.070	,0,NPU:2
2,MDCMONITOR,1788522398978009.620	,0,NPU:2
2,MDCMONITOR,1788522399077942.860	,0,NPU:2
2,MDCMONITOR,1788522399177944.700	,0,NPU:2
2,MDCMONITOR,1788522399277916.870	,0,NPU:2
2,MDCMONITOR,1788522399377916.990	,0,NPU:2
2,MDCMONITOR,1788522399477993.320	,0,NPU:2
2,MDCMONITOR,1788522399577921.240	,0,NPU:2
2,MDCMONITOR,1788522399677921.770	,0,NPU:2
2,MDCMONITOR,1788522399777919.970	,0,NPU:2
2,MDCMONITOR,1788522399877912.580	,0,NPU:2
2,MDCMONITOR,1788522399977983.870	,0,NPU:2
2,MDCMONITOR,1788522400077927.200	,0,NPU:2
2,MDCMONITOR,1788522400177927.440	,0,NPU:2
2,MDCMONITOR,1788522400277926.000	,0,NPU:2
2,MDCMONITOR,1788522400377927.760	,0,NPU:2
2,MDCMONITOR,1788522400477988.310	,0,NPU:2
2,MDCMONITOR,1788522400577934.210	,0,NPU:2
2,MDCMONITOR,1788522400677909.290	,0,NPU:2
2,MDCMONITOR,1788522400777918.620	,0,NPU:2
2,MDCMONITOR,1788522400877909.760	,0,NPU:2
2,MDCMONITOR,1788522400977969.760	,0,NPU:2
2,MDCMONITOR,1788522401077942.050	,0,NPU:2
2,MDCMONITOR,1788522401177920.180	,0,NPU:2
2,MDCMONITOR,1788522401277910.480	,0,NPU:2
2,MDCMONITOR,1788522401377925.770	,0,NPU:2
2,MDCMONITOR,1788522401477900.310	,0,NPU:2
2,MDCMONITOR,1788522401577954.960	,0,NPU:2
2,MDCMONITOR,1788522401677921.360	,0,NPU:2
2,MDCMONITOR,1788522401777916.770	,0,NPU:2
2,MDCMONITOR,1788522401877925.470	,0,NPU:2
2,MDCMONITOR,1788522401977916.920	,0,NPU:2
2,MDCMONITOR,1788522402077974.830	,0,NPU:2
2,MDCMONITOR,1788522402177902.680	,0,NPU:2
2,MDCMONITOR,1788522402277918.870	,0,NPU:2
2,MDCMONITOR,1788522402377922.760	,0,NPU:2
2,MDCMONITOR,1788522402477903.590	,0,NPU:2
2,MDCMONITOR,1788522402577942.340	,0,NPU:2
2,MDCMONITOR,1788522402677919.030	,0,NPU:2
2,MDCMONITOR,1788522402777911.780	,0,NPU:2
2,MDCMONITOR,1788522402877922.630	,0,NPU:2
2,MDCMONITOR,1788522402977905.570	,0,NPU:2
2,MDCMONITOR,1788522403077934.900	,0,NPU:2
2,MDCMONITOR,1788522403177942.120	,0,NPU:2
2,MDCMONITOR,1788522403277908.370	,0,NPU:2
2,MDCMONITOR,1788522403377927.360	,0,NPU:2
2,MDCMONITOR,1788522403477900.620	,0,NPU:2
2,MDCMONITOR,1788522403577899.530	,0,NPU:2
2,MDCMONITOR,1788522403677942.630	,0,NPU:2
2,MDCMONITOR,1788522403777925.020	,0,NPU:2
2,MDCMONITOR,1788522403877912.590	,0,NPU:2
2,MDCMONITOR,1788522403977901.400	,0,NPU:2
2,MDCMONITOR,1788522404077891.260	,0,NPU:2
2,MDCMONITOR,1788522404177954.260	,0,NPU:2
2,MDCMONITOR,1788522404277915.290	,0,NPU:2
2,MDCMONITOR,1788522404377906.970	,0,NPU:2
2,MDCMONITOR,1788522404477897.920	,0,NPU:2
2,MDCMONITOR,1788522404577890.250	,0,NPU:2
2,MDCMONITOR,1788522404677934.570	,0,NPU:2
2,MDCMONITOR,1788522404777930.310	,0,NPU:2
2,MDCMONITOR,1788522404877897.690	,0,NPU:2
2,MDCMONITOR,1788522404977898.970	,0,NPU:2
2,MDCMONITOR,1788522405077895.540	,0,NPU:2
2,MDCMONITOR,1788522405177902.050	,0,NPU:2
2,MDCMONITOR,1788522405277949.200	,0,NPU:2
2,MDCMONITOR,1788522405377893.890	,0,NPU:2
2,MDCMONITOR,1788522405477907.290	,0,NPU:2
2,MDCMONITOR,1788522405577893.850	,0,NPU:2
2,MDCMONITOR,1788522405677886.100	,0,NPU:2
2,MDCMONITOR,1788522405777954.290	,0,NPU:2
2,MDCMONITOR,1788522405877885.890	,0,NPU:2
2,MDCMONITOR,1788522405977898.270	,0,NPU:2
2,MDCMONITOR,1788522406077889.750	,0,NPU:2
2,MDCMONITOR,1788522406177915.880	,0,NPU:2
2,MDCMONITOR,1788522406277936.440	,0,NPU:2
2,MDCMONITOR,1788522406377897.670	,0,NPU:2
2,MDCMONITOR,1788522406477888.140	,0,NPU:2
2,MDCMONITOR,1788522406577897.320	,0,NPU:2
2,MDCMONITOR,1788522406677907.770	,0,NPU:2
2,MDCMONITOR,1788522406777934.210	,0,NPU:2
2,MDCMONITOR,1788522406877907.300	,0,NPU:2
2,MDCMONITOR,1788522406977909.710	,0,NPU:2
2,MDCMONITOR,1788522407077929.020	,0,NPU:2
2,MDCMONITOR,1788522407177909.460	,0,NPU:2
2,MDCMONITOR,1788522407277917.990	,0,NPU:2
2,MDCMONITOR,1788522407377925.380	,0,NPU:2
2,MDCMONITOR,1788522407477894.670	,0,NPU:2
2,MDCMONITOR,1788522407577895.450	,0,NPU:2
2,MDCMONITOR,1788522407677906.380	,0,NPU:2
2,MDCMONITOR,1788522407777884.020	,0,NPU:2
2,MDCMONITOR,1788522407877934.230	,0,NPU:2
2,MDCMONITOR,1788522407977893.050	,0,NPU:2
2,MDCMONITOR,1788522408077898.630	,0,NPU:2
2,MDCMONITOR,1788522408177899.180	,0,NPU:2
2,MDCMONITOR,1788522408277883.110	,0,NPU:2
2,MDCMONITOR,1788522408377926.070	,0,NPU:2
2,MDCMONITOR,1788522408477888.490	,0,NPU:2
2,MDCMONITOR,1788522408577895.200	,0,NPU:2
2,MDCMONITOR,1788522408677906.390	,0,NPU:2
2,MDCMONITOR,1788522408777886.940	,0,NPU:2
2,MDCMONITOR,1788522408877899.720	,0,NPU:2
2,MDCMONITOR,1788522408977919.030	,0,NPU:2
2,MDCMONITOR,1788522409077900.950	,0,NPU:2
2,MDCMONITOR,1788522409177920.590	,0,NPU:2
2,MDCMONITOR,1788522409277903.090	,0,NPU:2
2,MDCMONITOR,1788522409377939.190	,0,NPU:2
2,MDCMONITOR,1788522409477940.020	,0,NPU:2
2,MDCMONITOR,1788522409577925.070	,0,NPU:2
2,MDCMONITOR,1788522409677913.390	,0,NPU:2
2,MDCMONITOR,1788522409778505.600	,0,NPU:2
2,MDCMONITOR,1788522409877880.650	,0,NPU:2
2,MDCMONITOR,1788522409884448.780	,0,NPU:2
2,MDCBSWP,1788522391078023.490	,0,NPU:2
2,MDCBSWP,1788522391177937.070	,0,NPU:2
2,MDCBSWP,1788522391277935.640	,0,NPU:2
2,MDCBSWP,1788522391377927.650	,0,NPU:2
2,MDCBSWP,1788522391477926.110	,0,NPU:2
2,MDCBSWP,1788522391577931.290	,0,NPU:2
2,MDCBSWP,1788522391677920.690	,0,NPU:2
2,MDCBSWP,1788522391777924.450	,0,NPU:2
2,MDCBSWP,1788522391877922.070	,0,NPU:2
2,MDCBSWP,1788522391977925.940	,0,NPU:2
2,MDCBSWP,1788522392077937.630	,0,NPU:2
2,MDCBSWP,1788522392177916.260	,0,NPU:2
2,MDCBSWP,1788522392277917.700	,0,NPU:2
2,MDCBSWP,1788522392377914.280	,0,NPU:2
2,MDCBSWP,1788522392477913.470	,0,NPU:2
2,MDCBSWP,1788522392577913.330	,0,NPU:2
2,MDCBSWP,1788522392677914.200	,0,NPU:2
2,MDCBSWP,1788522392777911.600	,0,NPU:2
2,MDCBSWP,1788522392877912.410	,0,NPU:2
2,MDCBSWP,1788522392978016.170	,0,NPU:2
2,MDCBSWP,1788522393077977.060	,0,NPU:2
2,MDCBSWP,1788522393177974.590	,0,NPU:2
2,MDCBSWP,1788522393277964.030	,0,NPU:2
2,MDCBSWP,1788522393377945.550	,0,NPU:2
2,MDCBSWP,1788522393477976.680	,0,NPU:2
2,MDCBSWP,1788522393577984.080	,0,NPU:2
2,MDCBSWP,1788522393677968.900	,0,NPU:2
2,MDCBSWP,1788522393777954.940	,0,NPU:2
2,MDCBSWP,1788522393877942.990	,0,NPU:2
2,MDCBSWP,1788522393977961.280	,0,NPU:2
2,MDCBSWP,1788522394078013.090	,0,NPU:2
2,MDCBSWP,1788522394177974.520	,0,NPU:2
2,MDCBSWP,1788522394277964.210	,0,NPU:2
2,MDCBSWP,1788522394377950.280	,0,NPU:2
2,MDCBSWP,1788522394477952.390	,0,NPU:2
2,MDCBSWP,1788522394578016.640	,0,NPU:2
2,MDCBSWP,1788522394677977.300	,0,NPU:2
2,MDCBSWP,1788522394777969.400	,0,NPU:2
2,MDCBSWP,1788522394877962.180	,0,NPU:2
2,MDCBSWP,1788522394977965.600	,0,NPU:2
2,MDCBSWP,1788522395078008.720	,0,NPU:2
2,MDCBSWP,1788522395177977.430	,0,NPU:2
2,MDCBSWP,1788522395277957.970	,0,NPU:2
2,MDCBSWP,1788522395377930.270	,0,NPU:2
2,MDCBSWP,1788522395477921.620	,0,NPU:2
2,MDCBSWP,1788522395577936.500	,0,NPU:2
2,MDCBSWP,1788522395678003.450	,0,NPU:2
2,MDCBSWP,1788522395777928.150	,0,NPU:2
2,MDCBSWP,1788522395877927.960	,0,NPU:2
2,MDCBSWP,1788522395977921.590	,0,NPU:2
2,MDCBSWP,1788522396077916.940	,0,NPU:2
2,MDCBSWP,1788522396177923.490	,0,NPU:2
2,MDCBSWP,1788522396277996.560	,0,NPU:2
2,MDCBSWP,1788522396377924.140	,0,NPU:2
2,MDCBSWP,1788522396477922.640	,0,NPU:2
2,MDCBSWP,1788522396577981.300	,0,NPU:2
2,MDCBSWP,1788522396677932.570	,0,NPU:2
2,MDCBSWP,1788522396777925.720	,0,NPU:2
2,MDCBSWP,1788522396877997.210	,0,NPU:2
2,MDCBSWP,1788522396977942.920	,0,NPU:2
2,MDCBSWP,1788522397077970.710	,0,NPU:2
2,MDCBSWP,1788522397177936.970	,0,NPU:2
2,MDCBSWP,1788522397277933.350	,0,NPU:2
2,MDCBSWP,1788522397377993.820	,0,NPU:2
2,MDCBSWP,1788522397477951.390	,0,NPU:2
2,MDCBSWP,1788522397577956.900	,0,NPU:2
2,MDCBSWP,1788522397677924.020	,0,NPU:2
2,MDCBSWP,1788522397777934.420	,0,NPU:2
2,MDCBSWP,1788522397877963.890	,0,NPU:2
2,MDCBSWP,1788522397977969.880	,0,NPU:2
2,MDCBSWP,1788522398077954.400	,0,NPU:2
2,MDCBSWP,1788522398177927.840	,0,NPU:2
2,MDCBSWP,1788522398277921.670	,0,NPU:2
2,MDCBSWP,1788522398377958.450	,0,NPU:2
2,MDCBSWP,1788522398477974.110	,0,NPU:2
2,MDCBSWP,1788522398577953.640	,0,NPU:2
2,MDCBSWP,1788522398677911.610	,0,NPU:2
2,MDCBSWP,1788522398777930.720	,0,NPU:2
2,MDCBSWP,1788522398877925.070	,0,NPU:2
2,MDCBSWP,1788522398978009.620	,0,NPU:2
2,MDCBSWP,1788522399077942.860	,0,NPU:2
2,MDCBSWP,1788522399177944.700	,0,NPU:2
2,MDCBSWP,1788522399277916.870	,0,NPU:2
2,MDCBSWP,1788522399377916.990	,0,NPU:2
2,MDCBSWP,1788522399477993.320	,0,NPU:2
2,MDCBSWP,1788522399577921.240	,0,NPU:2
2,MDCBSWP,1788522399677921.770	,0,NPU:2
2,MDCBSWP,1788522399777919.970	,0,NPU:2
2,MDCBSWP,1788522399877912.580	,0,NPU:2
2,MDCBSWP,1788522399977983.870	,0,NPU:2
2,MDCBSWP,1788522400077927.200	,0,NPU:2
2,MDCBSWP,1788522400177927.440	,0,NPU:2
2,MDCBSWP,1788522400277926.000	,0,NPU:2
2,MDCBSWP,1788522400377927.760	,0,NPU:2
2,MDCBSWP,1788522400477988.310	,0,NPU:2
2,MDCBSWP,1788522400577934.210	,0,NPU:2
2,MDCBSWP,1788522400677909.290	,0,NPU:2
2,MDCBSWP,1788522400777918.620	,0,NPU:2
2,MDCBSWP,1788522400877909.760	,0,NPU:2
2,MDCBSWP,1788522400977969.760	,0,NPU:2
2,MDCBSWP,1788522401077942.050	,0,NPU:2
2,MDCBSWP,1788522401177920.180	,0,NPU:2
2,MDCBSWP,1788522401277910.480	,0,NPU:2
2,MDCBSWP,1788522401377925.770	,0,NPU:2
2,MDCBSWP,1788522401477900.310	,0,NPU:2
2,MDCBSWP,1788522401577954.960	,0,NPU:2
2,MDCBSWP,1788522401677921.360	,0,NPU:2
2,MDCBSWP,1788522401777916.770	,0,NPU:2
2,MDCBSWP,1788522401877925.470	,0,NPU:2
2,MDCBSWP,1788522401977916.920	,0,NPU:2
2,MDCBSWP,1788522402077974.830	,0,NPU:2
2,MDCBSWP,1788522402177902.680	,0,NPU:2
2,MDCBSWP,1788522402277918.870	,0,NPU:2
2,MDCBSWP,1788522402377922.760	,0,NPU:2
2,MDCBSWP,1788522402477903.590	,0,NPU:2
2,MDCBSWP,1788522402577942.340	,0,NPU:2
2,MDCBSWP,1788522402677919.030	,0,NPU:2
2,MDCBSWP,1788522402777911.780	,0,NPU:2
2,MDCBSWP,1788522402877922.630	,0,NPU:2
2,MDCBSWP,1788522402977905.570	,0,NPU:2
2,MDCBSWP,1788522403077934.900	,0,NPU:2
2,MDCBSWP,1788522403177942.120	,0,NPU:2
2,MDCBSWP,1788522403277908.370	,0,NPU:2
2,MDCBSWP,1788522403377927.360	,0,NPU:2
2,MDCBSWP,1788522403477900.620	,0,NPU:2
2,MDCBSWP,1788522403577899.530	,0,NPU:2
2,MDCBSWP,1788522403677942.630	,0,NPU:2
2,MDCBSWP,1788522403777925.020	,0,NPU:2
2,MDCBSWP,1788522403877912.590	,0,NPU:2
2,MDCBSWP,1788522403977901.400	,0,NPU:2
2,MDCBSWP,1788522404077891.260	,0,NPU:2
2,MDCBSWP,1788522404177954.260	,0,NPU:2
2,MDCBSWP,1788522404277915.290	,0,NPU:2
2,MDCBSWP,1788522404377906.970	,0,NPU:2
2,MDCBSWP,1788522404477897.920	,0,NPU:2
2,MDCBSWP,1788522404577890.250	,0,NPU:2
2,MDCBSWP,1788522404677934.570	,0,NPU:2
2,MDCBSWP,1788522404777930.310	,0,NPU:2
2,MDCBSWP,1788522404877897.690	,0,NPU:2
2,MDCBSWP,1788522404977898.970	,0,NPU:2
2,MDCBSWP,1788522405077895.540	,0,NPU:2
2,MDCBSWP,1788522405177902.050	,0,NPU:2
2,MDCBSWP,1788522405277949.200	,0,NPU:2
2,MDCBSWP,1788522405377893.890	,0,NPU:2
2,MDCBSWP,1788522405477907.290	,0,NPU:2
2,MDCBSWP,1788522405577893.850	,0,NPU:2
2,MDCBSWP,1788522405677886.100	,0,NPU:2
2,MDCBSWP,1788522405777954.290	,0,NPU:2
2,MDCBSWP,1788522405877885.890	,0,NPU:2
2,MDCBSWP,1788522405977898.270	,0,NPU:2
2,MDCBSWP,1788522406077889.750	,0,NPU:2
2,MDCBSWP,1788522406177915.880	,0,NPU:2
2,MDCBSWP,1788522406277936.440	,0,NPU:2
2,MDCBSWP,1788522406377897.670	,0,NPU:2
2,MDCBSWP,1788522406477888.140	,0,NPU:2
2,MDCBSWP,1788522406577897.320	,0,NPU:2
2,MDCBSWP,1788522406677907.770	,0,NPU:2
2,MDCBSWP,1788522406777934.210	,0,NPU:2
2,MDCBSWP,1788522406877907.300	,0,NPU:2
2,MDCBSWP,1788522406977909.710	,0,NPU:2
2,MDCBSWP,1788522407077929.020	,0,NPU:2
2,MDCBSWP,1788522407177909.460	,0,NPU:2
2,MDCBSWP,1788522407277917.990	,0,NPU:2
2,MDCBSWP,1788522407377925.380	,0,NPU:2
2,MDCBSWP,1788522407477894.670	,0,NPU:2
2,MDCBSWP,1788522407577895.450	,0,NPU:2
2,MDCBSWP,1788522407677906.380	,0,NPU:2
2,MDCBSWP,1788522407777884.020	,0,NPU:2
2,MDCBSWP,1788522407877934.230	,0,NPU:2
2,MDCBSWP,1788522407977893.050	,0,NPU:2
2,MDCBSWP,1788522408077898.630	,0,NPU:2
2,MDCBSWP,1788522408177899.180	,0,NPU:2
2,MDCBSWP,1788522408277883.110	,0,NPU:2
2,MDCBSWP,1788522408377926.070	,0,NPU:2
2,MDCBSWP,1788522408477888.490	,0,NPU:2
2,MDCBSWP,1788522408577895.200	,0,NPU:2
2,MDCBSWP,1788522408677906.390	,0,NPU:2
2,MDCBSWP,1788522408777886.940	,0,NPU:2
2,MDCBSWP,1788522408877899.720	,0,NPU:2
2,MDCBSWP,1788522408977919.030	,0,NPU:2
2,MDCBSWP,1788522409077900.950	,0,NPU:2
2,MDCBSWP,1788522409177920.590	,0,NPU:2
2,MDCBSWP,1788522409277903.090	,0,NPU:2
2,MDCBSWP,1788522409377939.190	,0,NPU:2
2,MDCBSWP,1788522409477940.020	,0,NPU:2
2,MDCBSWP,1788522409577925.070	,0,NPU:2
2,MDCBSWP,1788522409677913.390	,0,NPU:2
2,MDCBSWP,1788522409778505.600	,0,NPU:2
2,MDCBSWP,1788522409877880.650	,0,NPU:2
2,MDCBSWP,1788522409884448.780	,0,NPU:2
2,MDCDEFAULT,1788522391078023.490	,0,NPU:2
2,MDCDEFAULT,1788522391177937.070	,0,NPU:2
2,MDCDEFAULT,1788522391277935.640	,0,NPU:2
2,MDCDEFAULT,1788522391377927.650	,0,NPU:2
2,MDCDEFAULT,1788522391477926.110	,0,NPU:2
2,MDCDEFAULT,1788522391577931.290	,0,NPU:2
2,MDCDEFAULT,1788522391677920.690	,0,NPU:2
2,MDCDEFAULT,1788522391777924.450	,0,NPU:2
2,MDCDEFAULT,1788522391877922.070	,0,NPU:2
2,MDCDEFAULT,1788522391977925.940	,0,NPU:2
2,MDCDEFAULT,1788522392077937.630	,0,NPU:2
2,MDCDEFAULT,1788522392177916.260	,0,NPU:2
2,MDCDEFAULT,1788522392277917.700	,0,NPU:2
2,MDCDEFAULT,1788522392377914.280	,0,NPU:2
2,MDCDEFAULT,1788522392477913.470	,0,NPU:2
2,MDCDEFAULT,1788522392577913.330	,0,NPU:2
2,MDCDEFAULT,1788522392677914.200	,0,NPU:2
2,MDCDEFAULT,1788522392777911.600	,0,NPU:2
2,MDCDEFAULT,1788522392877912.410	,0,NPU:2
2,MDCDEFAULT,1788522392978016.170	,0,NPU:2
2,MDCDEFAULT,1788522393077977.060	,0,NPU:2
2,MDCDEFAULT,1788522393177974.590	,0,NPU:2
2,MDCDEFAULT,1788522393277964.030	,0,NPU:2
2,MDCDEFAULT,1788522393377945.550	,0,NPU:2
2,MDCDEFAULT,1788522393477976.680	,0,NPU:2
2,MDCDEFAULT,1788522393577984.080	,0,NPU:2
2,MDCDEFAULT,1788522393677968.900	,0,NPU:2
2,MDCDEFAULT,1788522393777954.940	,0,NPU:2
2,MDCDEFAULT,1788522393877942.990	,0,NPU:2
2,MDCDEFAULT,1788522393977961.280	,0,NPU:2
2,MDCDEFAULT,1788522394078013.090	,0,NPU:2
2,MDCDEFAULT,1788522394177974.520	,0,NPU:2
2,MDCDEFAULT,1788522394277964.210	,0,NPU:2
2,MDCDEFAULT,1788522394377950.280	,0,NPU:2
2,MDCDEFAULT,1788522394477952.390	,0,NPU:2
2,MDCDEFAULT,1788522394578016.640	,0,NPU:2
2,MDCDEFAULT,1788522394677977.300	,0,NPU:2
2,MDCDEFAULT,1788522394777969.400	,0,NPU:2
2,MDCDEFAULT,1788522394877962.180	,0,NPU:2
2,MDCDEFAULT,1788522394977965.600	,0,NPU:2
2,MDCDEFAULT,1788522395078008.720	,0,NPU:2
2,MDCDEFAULT,1788522395177977.430	,0,NPU:2
2,MDCDEFAULT,1788522395277957.970	,0,NPU:2
2,MDCDEFAULT,1788522395377930.270	,0,NPU:2
2,MDCDEFAULT,1788522395477921.620	,0,NPU:2
2,MDCDEFAULT,1788522395577936.500	,0,NPU:2
2,MDCDEFAULT,1788522395678003.450	,0,NPU:2
2,MDCDEFAULT,1788522395777928.150	,0,NPU:2
2,MDCDEFAULT,1788522395877927.960	,0,NPU:2
2,MDCDEFAULT,1788522395977921.590	,0,NPU:2
2,MDCDEFAULT,1788522396077916.940	,0,NPU:2
2,MDCDEFAULT,1788522396177923.490	,0,NPU:2
2,MDCDEFAULT,1788522396277996.560	,0,NPU:2
2,MDCDEFAULT,1788522396377924.140	,0,NPU:2
2,MDCDEFAULT,1788522396477922.640	,0,NPU:2
2,MDCDEFAULT,1788522396577981.300	,0,NPU:2
2,MDCDEFAULT,1788522396677932.570	,0,NPU:2
2,MDCDEFAULT,1788522396777925.720	,0,NPU:2
2,MDCDEFAULT,1788522396877997.210	,0,NPU:2
2,MDCDEFAULT,1788522396977942.920	,0,NPU:2
2,MDCDEFAULT,1788522397077970.710	,0,NPU:2
2,MDCDEFAULT,1788522397177936.970	,0,NPU:2
2,MDCDEFAULT,1788522397277933.350	,0,NPU:2
2,MDCDEFAULT,1788522397377993.820	,0,NPU:2
2,MDCDEFAULT,1788522397477951.390	,0,NPU:2
2,MDCDEFAULT,1788522397577956.900	,0,NPU:2
2,MDCDEFAULT,1788522397677924.020	,0,NPU:2
2,MDCDEFAULT,1788522397777934.420	,0,NPU:2
2,MDCDEFAULT,1788522397877963.890	,0,NPU:2
2,MDCDEFAULT,1788522397977969.880	,0,NPU:2
2,MDCDEFAULT,1788522398077954.400	,0,NPU:2
2,MDCDEFAULT,1788522398177927.840	,0,NPU:2
2,MDCDEFAULT,1788522398277921.670	,0,NPU:2
2,MDCDEFAULT,1788522398377958.450	,0,NPU:2
2,MDCDEFAULT,1788522398477974.110	,0,NPU:2
2,MDCDEFAULT,1788522398577953.640	,0,NPU:2
2,MDCDEFAULT,1788522398677911.610	,0,NPU:2
2,MDCDEFAULT,1788522398777930.720	,0,NPU:2
2,MDCDEFAULT,1788522398877925.070	,0,NPU:2
2,MDCDEFAULT,1788522398978009.620	,0,NPU:2
2,MDCDEFAULT,1788522399077942.860	,0,NPU:2
2,MDCDEFAULT,1788522399177944.700	,0,NPU:2
2,MDCDEFAULT,1788522399277916.870	,0,NPU:2
2,MDCDEFAULT,1788522399377916.990	,0,NPU:2
2,MDCDEFAULT,1788522399477993.320	,0,NPU:2
2,MDCDEFAULT,1788522399577921.240	,0,NPU:2
2,MDCDEFAULT,1788522399677921.770	,0,NPU:2
2,MDCDEFAULT,1788522399777919.970	,0,NPU:2
2,MDCDEFAULT,1788522399877912.580	,0,NPU:2
2,MDCDEFAULT,1788522399977983.870	,0,NPU:2
2,MDCDEFAULT,1788522400077927.200	,0,NPU:2
2,MDCDEFAULT,1788522400177927.440	,0,NPU:2
2,MDCDEFAULT,1788522400277926.000	,0,NPU:2
2,MDCDEFAULT,1788522400377927.760	,0,NPU:2
2,MDCDEFAULT,1788522400477988.310	,0,NPU:2
2,MDCDEFAULT,1788522400577934.210	,0,NPU:2
2,MDCDEFAULT,1788522400677909.290	,0,NPU:2
2,MDCDEFAULT,1788522400777918.620	,0,NPU:2
2,MDCDEFAULT,1788522400877909.760	,0,NPU:2
2,MDCDEFAULT,1788522400977969.760	,0,NPU:2
2,MDCDEFAULT,1788522401077942.050	,0,NPU:2
2,MDCDEFAULT,1788522401177920.180	,0,NPU:2
2,MDCDEFAULT,1788522401277910.480	,0,NPU:2
2,MDCDEFAULT,1788522401377925.770	,0,NPU:2
2,MDCDEFAULT,1788522401477900.310	,0,NPU:2
2,MDCDEFAULT,1788522401577954.960	,0,NPU:2
2,MDCDEFAULT,1788522401677921.360	,0,NPU:2
2,MDCDEFAULT,1788522401777916.770	,0,NPU:2
2,MDCDEFAULT,1788522401877925.470	,0,NPU:2
2,MDCDEFAULT,1788522401977916.920	,0,NPU:2
2,MDCDEFAULT,1788522402077974.830	,0,NPU:2
2,MDCDEFAULT,1788522402177902.680	,0,NPU:2
2,MDCDEFAULT,1788522402277918.870	,0,NPU:2
2,MDCDEFAULT,1788522402377922.760	,0,NPU:2
2,MDCDEFAULT,1788522402477903.590	,0,NPU:2
2,MDCDEFAULT,1788522402577942.340	,0,NPU:2
2,MDCDEFAULT,1788522402677919.030	,0,NPU:2
2,MDCDEFAULT,1788522402777911.780	,0,NPU:2
2,MDCDEFAULT,1788522402877922.630	,0,NPU:2
2,MDCDEFAULT,1788522402977905.570	,0,NPU:2
2,MDCDEFAULT,1788522403077934.900	,0,NPU:2
2,MDCDEFAULT,1788522403177942.120	,0,NPU:2
2,MDCDEFAULT,1788522403277908.370	,0,NPU:2
2,MDCDEFAULT,1788522403377927.360	,0,NPU:2
2,MDCDEFAULT,1788522403477900.620	,0,NPU:2
2,MDCDEFAULT,1788522403577899.530	,0,NPU:2
2,MDCDEFAULT,1788522403677942.630	,0,NPU:2
2,MDCDEFAULT,1788522403777925.020	,0,NPU:2
2,MDCDEFAULT,1788522403877912.590	,0,NPU:2
2,MDCDEFAULT,1788522403977901.400	,0,NPU:2
2,MDCDEFAULT,1788522404077891.260	,0,NPU:2
2,MDCDEFAULT,1788522404177954.260	,0,NPU:2
2,MDCDEFAULT,1788522404277915.290	,0,NPU:2
2,MDCDEFAULT,1788522404377906.970	,0,NPU:2
2,MDCDEFAULT,1788522404477897.920	,0,NPU:2
2,MDCDEFAULT,1788522404577890.250	,0,NPU:2
2,MDCDEFAULT,1788522404677934.570	,0,NPU:2
2,MDCDEFAULT,1788522404777930.310	,0,NPU:2
2,MDCDEFAULT,1788522404877897.690	,0,NPU:2
2,MDCDEFAULT,1788522404977898.970	,0,NPU:2
2,MDCDEFAULT,1788522405077895.540	,0,NPU:2
2,MDCDEFAULT,1788522405177902.050	,0,NPU:2
2,MDCDEFAULT,1788522405277949.200	,0,NPU:2
2,MDCDEFAULT,1788522405377893.890	,0,NPU:2
2,MDCDEFAULT,1788522405477907.290	,0,NPU:2
2,MDCDEFAULT,1788522405577893.850	,0,NPU:2
2,MDCDEFAULT,1788522405677886.100	,0,NPU:2
2,MDCDEFAULT,1788522405777954.290	,0,NPU:2
2,MDCDEFAULT,1788522405877885.890	,0,NPU:2
2,MDCDEFAULT,1788522405977898.270	,0,NPU:2
2,MDCDEFAULT,1788522406077889.750	,0,NPU:2
2,MDCDEFAULT,1788522406177915.880	,0,NPU:2
2,MDCDEFAULT,1788522406277936.440	,0,NPU:2
2,MDCDEFAULT,1788522406377897.670	,0,NPU:2
2,MDCDEFAULT,1788522406477888.140	,0,NPU:2
2,MDCDEFAULT,1788522406577897.320	,0,NPU:2
2,MDCDEFAULT,1788522406677907.770	,0,NPU:2
2,MDCDEFAULT,1788522406777934.210	,0,NPU:2
2,MDCDEFAULT,1788522406877907.300	,0,NPU:2
2,MDCDEFAULT,1788522406977909.710	,0,NPU:2
2,MDCDEFAULT,1788522407077929.020	,0,NPU:2
2,MDCDEFAULT,1788522407177909.460	,0,NPU:2
2,MDCDEFAULT,1788522407277917.990	,0,NPU:2
2,MDCDEFAULT,1788522407377925.380	,0,NPU:2
2,MDCDEFAULT,1788522407477894.670	,0,NPU:2
2,MDCDEFAULT,1788522407577895.450	,0,NPU:2
2,MDCDEFAULT,1788522407677906.380	,0,NPU:2
2,MDCDEFAULT,1788522407777884.020	,0,NPU:2
2,MDCDEFAULT,1788522407877934.230	,0,NPU:2
2,MDCDEFAULT,1788522407977893.050	,0,NPU:2
2,MDCDEFAULT,1788522408077898.630	,0,NPU:2
2,MDCDEFAULT,1788522408177899.180	,0,NPU:2
2,MDCDEFAULT,1788522408277883.110	,0,NPU:2
2,MDCDEFAULT,1788522408377926.070	,0,NPU:2
2,MDCDEFAULT,1788522408477888.490	,0,NPU:2
2,MDCDEFAULT,1788522408577895.200	,0,NPU:2
2,MDCDEFAULT,1788522408677906.390	,0,NPU:2
2,MDCDEFAULT,1788522408777886.940	,0,NPU:2
2,MDCDEFAULT,1788522408877899.720	,0,NPU:2
2,MDCDEFAULT,1788522408977919.030	,0,NPU:2
2,MDCDEFAULT,1788522409077900.950	,0,NPU:2
2,MDCDEFAULT,1788522409177920.590	,0,NPU:2
2,MDCDEFAULT,1788522409277903.090	,0,NPU:2
2,MDCDEFAULT,1788522409377939.190	,0,NPU:2
2,MDCDEFAULT,1788522409477940.020	,0,NPU:2
2,MDCDEFAULT,1788522409577925.070	,0,NPU:2
2,MDCDEFAULT,1788522409677913.390	,0,NPU:2
2,MDCDEFAULT,1788522409778505.600	,0,NPU:2
2,MDCDEFAULT,1788522409877880.650	,0,NPU:2
2,MDCDEFAULT,1788522409884448.780	,0,NPU:2
2,MDCSC,1788522391078023.490	,0,NPU:2
2,MDCSC,1788522391177937.070	,0,NPU:2
2,MDCSC,1788522391277935.640	,0,NPU:2
2,MDCSC,1788522391377927.650	,0,NPU:2
2,MDCSC,1788522391477926.110	,0,NPU:2
2,MDCSC,1788522391577931.290	,0,NPU:2
2,MDCSC,1788522391677920.690	,0,NPU:2
2,MDCSC,1788522391777924.450	,0,NPU:2
2,MDCSC,1788522391877922.070	,0,NPU:2
2,MDCSC,1788522391977925.940	,0,NPU:2
2,MDCSC,1788522392077937.630	,0,NPU:2
2,MDCSC,1788522392177916.260	,0,NPU:2
2,MDCSC,1788522392277917.700	,0,NPU:2
2,MDCSC,1788522392377914.280	,0,NPU:2
2,MDCSC,1788522392477913.470	,0,NPU:2
2,MDCSC,1788522392577913.330	,0,NPU:2
2,MDCSC,1788522392677914.200	,0,NPU:2
2,MDCSC,1788522392777911.600	,0,NPU:2
2,MDCSC,1788522392877912.410	,0,NPU:2
2,MDCSC,1788522392978016.170	,0,NPU:2
2,MDCSC,1788522393077977.060	,0,NPU:2
2,MDCSC,1788522393177974.590	,0,NPU:2
2,MDCSC,1788522393277964.030	,0,NPU:2
2,MDCSC,1788522393377945.550	,0,NPU:2
2,MDCSC,1788522393477976.680	,0,NPU:2
2,MDCSC,1788522393577984.080	,0,NPU:2
2,MDCSC,1788522393677968.900	,0,NPU:2
2,MDCSC,1788522393777954.940	,0,NPU:2
2,MDCSC,1788522393877942.990	,0,NPU:2
2,MDCSC,1788522393977961.280	,0,NPU:2
2,MDCSC,1788522394078013.090	,0,NPU:2
2,MDCSC,1788522394177974.520	,0,NPU:2
2,MDCSC,1788522394277964.210	,0,NPU:2
2,MDCSC,1788522394377950.280	,0,NPU:2
2,MDCSC,1788522394477952.390	,0,NPU:2
2,MDCSC,1788522394578016.640	,0,NPU:2
2,MDCSC,1788522394677977.300	,0,NPU:2
2,MDCSC,1788522394777969.400	,0,NPU:2
2,MDCSC,1788522394877962.180	,0,NPU:2
2,MDCSC,1788522394977965.600	,0,NPU:2
2,MDCSC,1788522395078008.720	,0,NPU:2
2,MDCSC,1788522395177977.430	,0,NPU:2
2,MDCSC,1788522395277957.970	,0,NPU:2
2,MDCSC,1788522395377930.270	,0,NPU:2
2,MDCSC,1788522395477921.620	,0,NPU:2
2,MDCSC,1788522395577936.500	,0,NPU:2
2,MDCSC,1788522395678003.450	,0,NPU:2
2,MDCSC,1788522395777928.150	,0,NPU:2
2,MDCSC,1788522395877927.960	,0,NPU:2
2,MDCSC,1788522395977921.590	,0,NPU:2
2,MDCSC,1788522396077916.940	,0,NPU:2
2,MDCSC,1788522396177923.490	,0,NPU:2
2,MDCSC,1788522396277996.560	,0,NPU:2
2,MDCSC,1788522396377924.140	,0,NPU:2
2,MDCSC,1788522396477922.640	,0,NPU:2
2,MDCSC,1788522396577981.300	,0,NPU:2
2,MDCSC,1788522396677932.570	,0,NPU:2
2,MDCSC,1788522396777925.720	,0,NPU:2
2,MDCSC,1788522396877997.210	,0,NPU:2
2,MDCSC,1788522396977942.920	,0,NPU:2
2,MDCSC,1788522397077970.710	,0,NPU:2
2,MDCSC,1788522397177936.970	,0,NPU:2
2,MDCSC,1788522397277933.350	,0,NPU:2
2,MDCSC,1788522397377993.820	,0,NPU:2
2,MDCSC,1788522397477951.390	,0,NPU:2
2,MDCSC,1788522397577956.900	,0,NPU:2
2,MDCSC,1788522397677924.020	,0,NPU:2
2,MDCSC,1788522397777934.420	,0,NPU:2
2,MDCSC,1788522397877963.890	,0,NPU:2
2,MDCSC,1788522397977969.880	,0,NPU:2
2,MDCSC,1788522398077954.400	,0,NPU:2
2,MDCSC,1788522398177927.840	,0,NPU:2
2,MDCSC,1788522398277921.670	,0,NPU:2
2,MDCSC,1788522398377958.450	,0,NPU:2
2,MDCSC,1788522398477974.110	,0,NPU:2
2,MDCSC,1788522398577953.640	,0,NPU:2
2,MDCSC,1788522398677911.610	,0,NPU:2
2,MDCSC,1788522398777930.720	,0,NPU:2
2,MDCSC,1788522398877925.070	,0,NPU:2
2,MDCSC,1788522398978009.620	,0,NPU:2
2,MDCSC,1788522399077942.860	,0,NPU:2
2,MDCSC,1788522399177944.700	,0,NPU:2
2,MDCSC,1788522399277916.870	,0,NPU:2
2,MDCSC,1788522399377916.990	,0,NPU:2
2,MDCSC,1788522399477993.320	,0,NPU:2
2,MDCSC,1788522399577921.240	,0,NPU:2
2,MDCSC,1788522399677921.770	,0,NPU:2
2,MDCSC,1788522399777919.970	,0,NPU:2
2,MDCSC,1788522399877912.580	,0,NPU:2
2,MDCSC,1788522399977983.870	,0,NPU:2
2,MDCSC,1788522400077927.200	,0,NPU:2
2,MDCSC,1788522400177927.440	,0,NPU:2
2,MDCSC,1788522400277926.000	,0,NPU:2
2,MDCSC,1788522400377927.760	,0,NPU:2
2,MDCSC,1788522400477988.310	,0,NPU:2
2,MDCSC,1788522400577934.210	,0,NPU:2
2,MDCSC,1788522400677909.290	,0,NPU:2
2,MDCSC,1788522400777918.620	,0,NPU:2
2,MDCSC,1788522400877909.760	,0,NPU:2
2,MDCSC,1788522400977969.760	,0,NPU:2
2,MDCSC,1788522401077942.050	,0,NPU:2
2,MDCSC,1788522401177920.180	,0,NPU:2
2,MDCSC,1788522401277910.480	,0,NPU:2
2,MDCSC,1788522401377925.770	,0,NPU:2
2,MDCSC,1788522401477900.310	,0,NPU:2
2,MDCSC,1788522401577954.960	,0,NPU:2
2,MDCSC,1788522401677921.360	,0,NPU:2
2,MDCSC,1788522401777916.770	,0,NPU:2
2,MDCSC,1788522401877925.470	,0,NPU:2
2,MDCSC,1788522401977916.920	,0,NPU:2
2,MDCSC,1788522402077974.830	,0,NPU:2
2,MDCSC,1788522402177902.680	,0,NPU:2
2,MDCSC,1788522402277918.870	,0,NPU:2
2,MDCSC,1788522402377922.760	,0,NPU:2
2,MDCSC,1788522402477903.590	,0,NPU:2
2,MDCSC,1788522402577942.340	,0,NPU:2
2,MDCSC,1788522402677919.030	,0,NPU:2
2,MDCSC,1788522402777911.780	,0,NPU:2
2,MDCSC,1788522402877922.630	,0,NPU:2
2,MDCSC,1788522402977905.570	,0,NPU:2
2,MDCSC,1788522403077934.900	,0,NPU:2
2,MDCSC,1788522403177942.120	,0,NPU:2
2,MDCSC,1788522403277908.370	,0,NPU:2
2,MDCSC,1788522403377927.360	,0,NPU:2
2,MDCSC,1788522403477900.620	,0,NPU:2
2,MDCSC,1788522403577899.530	,0,NPU:2
2,MDCSC,1788522403677942.630	,0,NPU:2
2,MDCSC,1788522403777925.020	,0,NPU:2
2,MDCSC,1788522403877912.590	,0,NPU:2
2,MDCSC,1788522403977901.400	,0,NPU:2
2,MDCSC,1788522404077891.260	,0,NPU:2
2,MDCSC,1788522404177954.260	,0,NPU:2
2,MDCSC,1788522404277915.290	,0,NPU:2
2,MDCSC,1788522404377906.970	,0,NPU:2
2,MDCSC,1788522404477897.920	,0,NPU:2
2,MDCSC,1788522404577890.250	,0,NPU:2
2,MDCSC,1788522404677934.570	,0,NPU:2
2,MDCSC,1788522404777930.310	,0,NPU:2
2,MDCSC,1788522404877897.690	,0,NPU:2
2,MDCSC,1788522404977898.970	,0,NPU:2
2,MDCSC,1788522405077895.540	,0,NPU:2
2,MDCSC,1788522405177902.050	,0,NPU:2
2,MDCSC,1788522405277949.200	,0,NPU:2
2,MDCSC,1788522405377893.890	,0,NPU:2
2,MDCSC,1788522405477907.290	,0,NPU:2
2,MDCSC,1788522405577893.850	,0,NPU:2
2,MDCSC,1788522405677886.100	,0,NPU:2
2,MDCSC,1788522405777954.290	,0,NPU:2
2,MDCSC,1788522405877885.890	,0,NPU:2
2,MDCSC,1788522405977898.270	,0,NPU:2
2,MDCSC,1788522406077889.750	,0,NPU:2
2,MDCSC,1788522406177915.880	,0,NPU:2
2,MDCSC,1788522406277936.440	,0,NPU:2
2,MDCSC,1788522406377897.670	,0,NPU:2
2,MDCSC,1788522406477888.140	,0,NPU:2
2,MDCSC,1788522406577897.320	,0,NPU:2
2,MDCSC,1788522406677907.770	,0,NPU:2
2,MDCSC,1788522406777934.210	,0,NPU:2
2,MDCSC,1788522406877907.300	,0,NPU:2
2,MDCSC,1788522406977909.710	,0,NPU:2
2,MDCSC,1788522407077929.020	,0,NPU:2
2,MDCSC,1788522407177909.460	,0,NPU:2
2,MDCSC,1788522407277917.990	,0,NPU:2
2,MDCSC,1788522407377925.380	,0,NPU:2
2,MDCSC,1788522407477894.670	,0,NPU:2
2,MDCSC,1788522407577895.450	,0,NPU:2
2,MDCSC,1788522407677906.380	,0,NPU:2
2,MDCSC,1788522407777884.020	,0,NPU:2
2,MDCSC,1788522407877934.230	,0,NPU:2
2,MDCSC,1788522407977893.050	,0,NPU:2
2,MDCSC,1788522408077898.630	,0,NPU:2
2,MDCSC,1788522408177899.180	,0,NPU:2
2,MDCSC,1788522408277883.110	,0,NPU:2
2,MDCSC,1788522408377926.070	,0,NPU:2
2,MDCSC,1788522408477888.490	,0,NPU:2
2,MDCSC,1788522408577895.200	,0,NPU:2
2,MDCSC,1788522408677906.390	,0,NPU:2
2,MDCSC,1788522408777886.940	,0,NPU:2
2,MDCSC,1788522408877899.720	,0,NPU:2
2,MDCSC,1788522408977919.030	,0,NPU:2
2,MDCSC,1788522409077900.950	,0,NPU:2
2,MDCSC,1788522409177920.590	,0,NPU:2
2,MDCSC,1788522409277903.090	,0,NPU:2
2,MDCSC,1788522409377939.190	,0,NPU:2
2,MDCSC,1788522409477940.020	,0,NPU:2
2,MDCSC,1788522409577925.070	,0,NPU:2
2,MDCSC,1788522409677913.390	,0,NPU:2
2,MDCSC,1788522409778505.600	,0,NPU:2
2,MDCSC,1788522409877880.650	,0,NPU:2
2,MDCSC,1788522409884448.780	,0,NPU:2
2,MDCPNC,1788522391078023.490	,0,NPU:2
2,MDCPNC,1788522391177937.070	,0,NPU:2
2,MDCPNC,1788522391277935.640	,0,NPU:2
2,MDCPNC,1788522391377927.650	,0,NPU:2
2,MDCPNC,1788522391477926.110	,0,NPU:2
2,MDCPNC,1788522391577931.290	,0,NPU:2
2,MDCPNC,1788522391677920.690	,0,NPU:2
2,MDCPNC,1788522391777924.450	,0,NPU:2
2,MDCPNC,1788522391877922.070	,0,NPU:2
2,MDCPNC,1788522391977925.940	,0,NPU:2
2,MDCPNC,1788522392077937.630	,0,NPU:2
2,MDCPNC,1788522392177916.260	,0,NPU:2
2,MDCPNC,1788522392277917.700	,0,NPU:2
2,MDCPNC,1788522392377914.280	,0,NPU:2
2,MDCPNC,1788522392477913.470	,0,NPU:2
2,MDCPNC,1788522392577913.330	,0,NPU:2
2,MDCPNC,1788522392677914.200	,0,NPU:2
2,MDCPNC,1788522392777911.600	,0,NPU:2
2,MDCPNC,1788522392877912.410	,0,NPU:2
2,MDCPNC,1788522392978016.170	,0,NPU:2
2,MDCPNC,1788522393077977.060	,0,NPU:2
2,MDCPNC,1788522393177974.590	,0,NPU:2
2,MDCPNC,1788522393277964.030	,0,NPU:2
2,MDCPNC,1788522393377945.550	,0,NPU:2
2,MDCPNC,1788522393477976.680	,0,NPU:2
2,MDCPNC,1788522393577984.080	,0,NPU:2
2,MDCPNC,1788522393677968.900	,0,NPU:2
2,MDCPNC,1788522393777954.940	,0,NPU:2
2,MDCPNC,1788522393877942.990	,0,NPU:2
2,MDCPNC,1788522393977961.280	,0,NPU:2
2,MDCPNC,1788522394078013.090	,0,NPU:2
2,MDCPNC,1788522394177974.520	,0,NPU:2
2,MDCPNC,1788522394277964.210	,0,NPU:2
2,MDCPNC,1788522394377950.280	,0,NPU:2
2,MDCPNC,1788522394477952.390	,0,NPU:2
2,MDCPNC,1788522394578016.640	,0,NPU:2
2,MDCPNC,1788522394677977.300	,0,NPU:2
2,MDCPNC,1788522394777969.400	,0,NPU:2
2,MDCPNC,1788522394877962.180	,0,NPU:2
2,MDCPNC,1788522394977965.600	,0,NPU:2
2,MDCPNC,1788522395078008.720	,0,NPU:2
2,MDCPNC,1788522395177977.430	,0,NPU:2
2,MDCPNC,1788522395277957.970	,0,NPU:2
2,MDCPNC,1788522395377930.270	,0,NPU:2
2,MDCPNC,1788522395477921.620	,0,NPU:2
2,MDCPNC,1788522395577936.500	,0,NPU:2
2,MDCPNC,1788522395678003.450	,0,NPU:2
2,MDCPNC,1788522395777928.150	,0,NPU:2
2,MDCPNC,1788522395877927.960	,0,NPU:2
2,MDCPNC,1788522395977921.590	,0,NPU:2
2,MDCPNC,1788522396077916.940	,0,NPU:2
2,MDCPNC,1788522396177923.490	,0,NPU:2
2,MDCPNC,1788522396277996.560	,0,NPU:2
2,MDCPNC,1788522396377924.140	,0,NPU:2
2,MDCPNC,1788522396477922.640	,0,NPU:2
2,MDCPNC,1788522396577981.300	,0,NPU:2
2,MDCPNC,1788522396677932.570	,0,NPU:2
2,MDCPNC,1788522396777925.720	,0,NPU:2
2,MDCPNC,1788522396877997.210	,0,NPU:2
2,MDCPNC,1788522396977942.920	,0,NPU:2
2,MDCPNC,1788522397077970.710	,0,NPU:2
2,MDCPNC,1788522397177936.970	,0,NPU:2
2,MDCPNC,1788522397277933.350	,0,NPU:2
2,MDCPNC,1788522397377993.820	,0,NPU:2
2,MDCPNC,1788522397477951.390	,0,NPU:2
2,MDCPNC,1788522397577956.900	,0,NPU:2
2,MDCPNC,1788522397677924.020	,0,NPU:2
2,MDCPNC,1788522397777934.420	,0,NPU:2
2,MDCPNC,1788522397877963.890	,0,NPU:2
2,MDCPNC,1788522397977969.880	,0,NPU:2
2,MDCPNC,1788522398077954.400	,0,NPU:2
2,MDCPNC,1788522398177927.840	,0,NPU:2
2,MDCPNC,1788522398277921.670	,0,NPU:2
2,MDCPNC,1788522398377958.450	,0,NPU:2
2,MDCPNC,1788522398477974.110	,0,NPU:2
2,MDCPNC,1788522398577953.640	,0,NPU:2
2,MDCPNC,1788522398677911.610	,0,NPU:2
2,MDCPNC,1788522398777930.720	,0,NPU:2
2,MDCPNC,1788522398877925.070	,0,NPU:2
2,MDCPNC,1788522398978009.620	,0,NPU:2
2,MDCPNC,1788522399077942.860	,0,NPU:2
2,MDCPNC,1788522399177944.700	,0,NPU:2
2,MDCPNC,1788522399277916.870	,0,NPU:2
2,MDCPNC,1788522399377916.990	,0,NPU:2
2,MDCPNC,1788522399477993.320	,0,NPU:2
2,MDCPNC,1788522399577921.240	,0,NPU:2
2,MDCPNC,1788522399677921.770	,0,NPU:2
2,MDCPNC,1788522399777919.970	,0,NPU:2
2,MDCPNC,1788522399877912.580	,0,NPU:2
2,MDCPNC,1788522399977983.870	,0,NPU:2
2,MDCPNC,1788522400077927.200	,0,NPU:2
2,MDCPNC,1788522400177927.440	,0,NPU:2
2,MDCPNC,1788522400277926.000	,0,NPU:2
2,MDCPNC,1788522400377927.760	,0,NPU:2
2,MDCPNC,1788522400477988.310	,0,NPU:2
2,MDCPNC,1788522400577934.210	,0,NPU:2
2,MDCPNC,1788522400677909.290	,0,NPU:2
2,MDCPNC,1788522400777918.620	,0,NPU:2
2,MDCPNC,1788522400877909.760	,0,NPU:2
2,MDCPNC,1788522400977969.760	,0,NPU:2
2,MDCPNC,1788522401077942.050	,0,NPU:2
2,MDCPNC,1788522401177920.180	,0,NPU:2
2,MDCPNC,1788522401277910.480	,0,NPU:2
2,MDCPNC,1788522401377925.770	,0,NPU:2
2,MDCPNC,1788522401477900.310	,0,NPU:2
2,MDCPNC,1788522401577954.960	,0,NPU:2
2,MDCPNC,1788522401677921.360	,0,NPU:2
2,MDCPNC,1788522401777916.770	,0,NPU:2
2,MDCPNC,1788522401877925.470	,0,NPU:2
2,MDCPNC,1788522401977916.920	,0,NPU:2
2,MDCPNC,1788522402077974.830	,0,NPU:2
2,MDCPNC,1788522402177902.680	,0,NPU:2
2,MDCPNC,1788522402277918.870	,0,NPU:2
2,MDCPNC,1788522402377922.760	,0,NPU:2
2,MDCPNC,1788522402477903.590	,0,NPU:2
2,MDCPNC,1788522402577942.340	,0,NPU:2
2,MDCPNC,1788522402677919.030	,0,NPU:2
2,MDCPNC,1788522402777911.780	,0,NPU:2
2,MDCPNC,1788522402877922.630	,0,NPU:2
2,MDCPNC,1788522402977905.570	,0,NPU:2
2,MDCPNC,1788522403077934.900	,0,NPU:2
2,MDCPNC,1788522403177942.120	,0,NPU:2
2,MDCPNC,1788522403277908.370	,0,NPU:2
2,MDCPNC,1788522403377927.360	,0,NPU:2
2,MDCPNC,1788522403477900.620	,0,NPU:2
2,MDCPNC,1788522403577899.530	,0,NPU:2
2,MDCPNC,1788522403677942.630	,0,NPU:2
2,MDCPNC,1788522403777925.020	,0,NPU:2
2,MDCPNC,1788522403877912.590	,0,NPU:2
2,MDCPNC,1788522403977901.400	,0,NPU:2
2,MDCPNC,1788522404077891.260	,0,NPU:2
2,MDCPNC,1788522404177954.260	,0,NPU:2
2,MDCPNC,1788522404277915.290	,0,NPU:2
2,MDCPNC,1788522404377906.970	,0,NPU:2
2,MDCPNC,1788522404477897.920	,0,NPU:2
2,MDCPNC,1788522404577890.250	,0,NPU:2
2,MDCPNC,1788522404677934.570	,0,NPU:2
2,MDCPNC,1788522404777930.310	,0,NPU:2
2,MDCPNC,1788522404877897.690	,0,NPU:2
2,MDCPNC,1788522404977898.970	,0,NPU:2
2,MDCPNC,1788522405077895.540	,0,NPU:2
2,MDCPNC,1788522405177902.050	,0,NPU:2
2,MDCPNC,1788522405277949.200	,0,NPU:2
2,MDCPNC,1788522405377893.890	,0,NPU:2
2,MDCPNC,1788522405477907.290	,0,NPU:2
2,MDCPNC,1788522405577893.850	,0,NPU:2
2,MDCPNC,1788522405677886.100	,0,NPU:2
2,MDCPNC,1788522405777954.290	,0,NPU:2
2,MDCPNC,1788522405877885.890	,0,NPU:2
2,MDCPNC,1788522405977898.270	,0,NPU:2
2,MDCPNC,1788522406077889.750	,0,NPU:2
2,MDCPNC,1788522406177915.880	,0,NPU:2
2,MDCPNC,1788522406277936.440	,0,NPU:2
2,MDCPNC,1788522406377897.670	,0,NPU:2
2,MDCPNC,1788522406477888.140	,0,NPU:2
2,MDCPNC,1788522406577897.320	,0,NPU:2
2,MDCPNC,1788522406677907.770	,0,NPU:2
2,MDCPNC,1788522406777934.210	,0,NPU:2
2,MDCPNC,1788522406877907.300	,0,NPU:2
2,MDCPNC,1788522406977909.710	,0,NPU:2
2,MDCPNC,1788522407077929.020	,0,NPU:2
2,MDCPNC,1788522407177909.460	,0,NPU:2
2,MDCPNC,1788522407277917.990	,0,NPU:2
2,MDCPNC,1788522407377925.380	,0,NPU:2
2,MDCPNC,1788522407477894.670	,0,NPU:2
2,MDCPNC,1788522407577895.450	,0,NPU:2
2,MDCPNC,1788522407677906.380	,0,NPU:2
2,MDCPNC,1788522407777884.020	,0,NPU:2
2,MDCPNC,1788522407877934.230	,0,NPU:2
2,MDCPNC,1788522407977893.050	,0,NPU:2
2,MDCPNC,1788522408077898.630	,0,NPU:2
2,MDCPNC,1788522408177899.180	,0,NPU:2
2,MDCPNC,1788522408277883.110	,0,NPU:2
2,MDCPNC,1788522408377926.070	,0,NPU:2
2,MDCPNC,1788522408477888.490	,0,NPU:2
2,MDCPNC,1788522408577895.200	,0,NPU:2
2,MDCPNC,1788522408677906.390	,0,NPU:2
2,MDCPNC,1788522408777886.940	,0,NPU:2
2,MDCPNC,1788522408877899.720	,0,NPU:2
2,MDCPNC,1788522408977919.030	,0,NPU:2
2,MDCPNC,1788522409077900.950	,0,NPU:2
2,MDCPNC,1788522409177920.590	,0,NPU:2
2,MDCPNC,1788522409277903.090	,0,NPU:2
2,MDCPNC,1788522409377939.190	,0,NPU:2
2,MDCPNC,1788522409477940.020	,0,NPU:2
2,MDCPNC,1788522409577925.070	,0,NPU:2
2,MDCPNC,1788522409677913.390	,0,NPU:2
2,MDCPNC,1788522409778505.600	,0,NPU:2
2,MDCPNC,1788522409877880.650	,0,NPU:2
2,MDCPNC,1788522409884448.780	,0,NPU:2
2,MLL,1788522391078023.490	,0,NPU:2
2,MLL,1788522391177937.070	,0,NPU:2
2,MLL,1788522391277935.640	,0,NPU:2
2,MLL,1788522391377927.650	,0,NPU:2
2,MLL,1788522391477926.110	,0,NPU:2
2,MLL,1788522391577931.290	,0,NPU:2
2,MLL,1788522391677920.690	,0,NPU:2
2,MLL,1788522391777924.450	,0,NPU:2
2,MLL,1788522391877922.070	,0,NPU:2
2,MLL,1788522391977925.940	,0,NPU:2
2,MLL,1788522392077937.630	,0,NPU:2
2,MLL,1788522392177916.260	,0,NPU:2
2,MLL,1788522392277917.700	,0,NPU:2
2,MLL,1788522392377914.280	,0,NPU:2
2,MLL,1788522392477913.470	,0,NPU:2
2,MLL,1788522392577913.330	,0,NPU:2
2,MLL,1788522392677914.200	,0,NPU:2
2,MLL,1788522392777911.600	,0,NPU:2
2,MLL,1788522392877912.410	,0,NPU:2
2,MLL,1788522392978016.170	,0,NPU:2
2,MLL,1788522393077977.060	,0,NPU:2
2,MLL,1788522393177974.590	,0,NPU:2
2,MLL,1788522393277964.030	,0,NPU:2
2,MLL,1788522393377945.550	,0,NPU:2
2,MLL,1788522393477976.680	,0,NPU:2
2,MLL,1788522393577984.080	,0,NPU:2
2,MLL,1788522393677968.900	,0,NPU:2
2,MLL,1788522393777954.940	,0,NPU:2
2,MLL,1788522393877942.990	,0,NPU:2
2,MLL,1788522393977961.280	,0,NPU:2
2,MLL,1788522394078013.090	,0,NPU:2
2,MLL,1788522394177974.520	,0,NPU:2
2,MLL,1788522394277964.210	,0,NPU:2
2,MLL,1788522394377950.280	,0,NPU:2
2,MLL,1788522394477952.390	,0,NPU:2
2,MLL,1788522394578016.640	,0,NPU:2
2,MLL,1788522394677977.300	,0,NPU:2
2,MLL,1788522394777969.400	,0,NPU:2
2,MLL,1788522394877962.180	,0,NPU:2
2,MLL,1788522394977965.600	,0,NPU:2
2,MLL,1788522395078008.720	,0,NPU:2
2,MLL,1788522395177977.430	,0,NPU:2
2,MLL,1788522395277957.970	,0,NPU:2
2,MLL,1788522395377930.270	,0,NPU:2
2,MLL,1788522395477921.620	,0,NPU:2
2,MLL,1788522395577936.500	,0,NPU:2
2,MLL,1788522395678003.450	,0,NPU:2
2,MLL,1788522395777928.150	,0,NPU:2
2,MLL,1788522395877927.960	,0,NPU:2
2,MLL,1788522395977921.590	,0,NPU:2
2,MLL,1788522396077916.940	,0,NPU:2
2,MLL,1788522396177923.490	,0,NPU:2
2,MLL,1788522396277996.560	,0,NPU:2
2,MLL,1788522396377924.140	,0,NPU:2
2,MLL,1788522396477922.640	,0,NPU:2
2,MLL,1788522396577981.300	,0,NPU:2
2,MLL,1788522396677932.570	,0,NPU:2
2,MLL,1788522396777925.720	,0,NPU:2
2,MLL,1788522396877997.210	,0,NPU:2
2,MLL,1788522396977942.920	,0,NPU:2
2,MLL,1788522397077970.710	,0,NPU:2
2,MLL,1788522397177936.970	,0,NPU:2
2,MLL,1788522397277933.350	,0,NPU:2
2,MLL,1788522397377993.820	,0,NPU:2
2,MLL,1788522397477951.390	,0,NPU:2
2,MLL,1788522397577956.900	,0,NPU:2
2,MLL,1788522397677924.020	,0,NPU:2
2,MLL,1788522397777934.420	,0,NPU:2
2,MLL,1788522397877963.890	,0,NPU:2
2,MLL,1788522397977969.880	,0,NPU:2
2,MLL,1788522398077954.400	,0,NPU:2
2,MLL,1788522398177927.840	,0,NPU:2
2,MLL,1788522398277921.670	,0,NPU:2
2,MLL,1788522398377958.450	,0,NPU:2
2,MLL,1788522398477974.110	,0,NPU:2
2,MLL,1788522398577953.640	,0,NPU:2
2,MLL,1788522398677911.610	,0,NPU:2
2,MLL,1788522398777930.720	,0,NPU:2
2,MLL,1788522398877925.070	,0,NPU:2
2,MLL,1788522398978009.620	,0,NPU:2
2,MLL,1788522399077942.860	,0,NPU:2
2,MLL,1788522399177944.700	,0,NPU:2
2,MLL,1788522399277916.870	,0,NPU:2
2,MLL,1788522399377916.990	,0,NPU:2
2,MLL,1788522399477993.320	,0,NPU:2
2,MLL,1788522399577921.240	,0,NPU:2
2,MLL,1788522399677921.770	,0,NPU:2
2,MLL,1788522399777919.970	,0,NPU:2
2,MLL,1788522399877912.580	,0,NPU:2
2,MLL,1788522399977983.870	,0,NPU:2
2,MLL,1788522400077927.200	,0,NPU:2
2,MLL,1788522400177927.440	,0,NPU:2
2,MLL,1788522400277926.000	,0,NPU:2
2,MLL,1788522400377927.760	,0,NPU:2
2,MLL,1788522400477988.310	,0,NPU:2
2,MLL,1788522400577934.210	,0,NPU:2
2,MLL,1788522400677909.290	,0,NPU:2
2,MLL,1788522400777918.620	,0,NPU:2
2,MLL,1788522400877909.760	,0,NPU:2
2,MLL,1788522400977969.760	,0,NPU:2
2,MLL,1788522401077942.050	,0,NPU:2
2,MLL,1788522401177920.180	,0,NPU:2
2,MLL,1788522401277910.480	,0,NPU:2
2,MLL,1788522401377925.770	,0,NPU:2
2,MLL,1788522401477900.310	,0,NPU:2
2,MLL,1788522401577954.960	,0,NPU:2
2,MLL,1788522401677921.360	,0,NPU:2
2,MLL,1788522401777916.770	,0,NPU:2
2,MLL,1788522401877925.470	,0,NPU:2
2,MLL,1788522401977916.920	,0,NPU:2
2,MLL,1788522402077974.830	,0,NPU:2
2,MLL,1788522402177902.680	,0,NPU:2
2,MLL,1788522402277918.870	,0,NPU:2
2,MLL,1788522402377922.760	,0,NPU:2
2,MLL,1788522402477903.590	,0,NPU:2
2,MLL,1788522402577942.340	,0,NPU:2
2,MLL,1788522402677919.030	,0,NPU:2
2,MLL,1788522402777911.780	,0,NPU:2
2,MLL,1788522402877922.630	,0,NPU:2
2,MLL,1788522402977905.570	,0,NPU:2
2,MLL,1788522403077934.900	,0,NPU:2
2,MLL,1788522403177942.120	,0,NPU:2
2,MLL,1788522403277908.370	,0,NPU:2
2,MLL,1788522403377927.360	,0,NPU:2
2,MLL,1788522403477900.620	,0,NPU:2
2,MLL,1788522403577899.530	,0,NPU:2
2,MLL,1788522403677942.630	,0,NPU:2
2,MLL,1788522403777925.020	,0,NPU:2
2,MLL,1788522403877912.590	,0,NPU:2
2,MLL,1788522403977901.400	,0,NPU:2
2,MLL,1788522404077891.260	,0,NPU:2
2,MLL,1788522404177954.260	,0,NPU:2
2,MLL,1788522404277915.290	,0,NPU:2
2,MLL,1788522404377906.970	,0,NPU:2
2,MLL,1788522404477897.920	,0,NPU:2
2,MLL,1788522404577890.250	,0,NPU:2
2,MLL,1788522404677934.570	,0,NPU:2
2,MLL,1788522404777930.310	,0,NPU:2
2,MLL,1788522404877897.690	,0,NPU:2
2,MLL,1788522404977898.970	,0,NPU:2
2,MLL,1788522405077895.540	,0,NPU:2
2,MLL,1788522405177902.050	,0,NPU:2
2,MLL,1788522405277949.200	,0,NPU:2
2,MLL,1788522405377893.890	,0,NPU:2
2,MLL,1788522405477907.290	,0,NPU:2
2,MLL,1788522405577893.850	,0,NPU:2
2,MLL,1788522405677886.100	,0,NPU:2
2,MLL,1788522405777954.290	,0,NPU:2
2,MLL,1788522405877885.890	,0,NPU:2
2,MLL,1788522405977898.270	,0,NPU:2
2,MLL,1788522406077889.750	,0,NPU:2
2,MLL,1788522406177915.880	,0,NPU:2
2,MLL,1788522406277936.440	,0,NPU:2
2,MLL,1788522406377897.670	,0,NPU:2
2,MLL,1788522406477888.140	,0,NPU:2
2,MLL,1788522406577897.320	,0,NPU:2
2,MLL,1788522406677907.770	,0,NPU:2
2,MLL,1788522406777934.210	,0,NPU:2
2,MLL,1788522406877907.300	,0,NPU:2
2,MLL,1788522406977909.710	,0,NPU:2
2,MLL,1788522407077929.020	,0,NPU:2
2,MLL,1788522407177909.460	,0,NPU:2
2,MLL,1788522407277917.990	,0,NPU:2
2,MLL,1788522407377925.380	,0,NPU:2
2,MLL,1788522407477894.670	,0,NPU:2
2,MLL,1788522407577895.450	,0,NPU:2
2,MLL,1788522407677906.380	,0,NPU:2
2,MLL,1788522407777884.020	,0,NPU:2
2,MLL,1788522407877934.230	,0,NPU:2
2,MLL,1788522407977893.050	,0,NPU:2
2,MLL,1788522408077898.630	,0,NPU:2
2,MLL,1788522408177899.180	,0,NPU:2
2,MLL,1788522408277883.110	,0,NPU:2
2,MLL,1788522408377926.070	,0,NPU:2
2,MLL,1788522408477888.490	,0,NPU:2
2,MLL,1788522408577895.200	,0,NPU:2
2,MLL,1788522408677906.390	,0,NPU:2
2,MLL,1788522408777886.940	,0,NPU:2
2,MLL,1788522408877899.720	,0,NPU:2
2,MLL,1788522408977919.030	,0,NPU:2
2,MLL,1788522409077900.950	,0,NPU:2
2,MLL,1788522409177920.590	,0,NPU:2
2,MLL,1788522409277903.090	,0,NPU:2
2,MLL,1788522409377939.190	,0,NPU:2
2,MLL,1788522409477940.020	,0,NPU:2
2,MLL,1788522409577925.070	,0,NPU:2
2,MLL,1788522409677913.390	,0,NPU:2
2,MLL,1788522409778505.600	,0,NPU:2
2,MLL,1788522409877880.650	,0,NPU:2
2,MLL,1788522409884448.780	,0,NPU:2
2,DEVMM,1788522391078023.490	,0,NPU:2
2,DEVMM,1788522391177937.070	,0,NPU:2
2,DEVMM,1788522391277935.640	,0,NPU:2
2,DEVMM,1788522391377927.650	,0,NPU:2
2,DEVMM,1788522391477926.110	,0,NPU:2
2,DEVMM,1788522391577931.290	,0,NPU:2
2,DEVMM,1788522391677920.690	,0,NPU:2
2,DEVMM,1788522391777924.450	,0,NPU:2
2,DEVMM,1788522391877922.070	,0,NPU:2
2,DEVMM,1788522391977925.940	,0,NPU:2
2,DEVMM,1788522392077937.630	,0,NPU:2
2,DEVMM,1788522392177916.260	,0,NPU:2
2,DEVMM,1788522392277917.700	,0,NPU:2
2,DEVMM,1788522392377914.280	,0,NPU:2
2,DEVMM,1788522392477913.470	,0,NPU:2
2,DEVMM,1788522392577913.330	,0,NPU:2
2,DEVMM,1788522392677914.200	,0,NPU:2
2,DEVMM,1788522392777911.600	,0,NPU:2
2,DEVMM,1788522392877912.410	,0,NPU:2
2,DEVMM,1788522392978016.170	,0,NPU:2
2,DEVMM,1788522393077977.060	,0,NPU:2
2,DEVMM,1788522393177974.590	,0,NPU:2
2,DEVMM,1788522393277964.030	,0,NPU:2
2,DEVMM,1788522393377945.550	,0,NPU:2
2,DEVMM,1788522393477976.680	,0,NPU:2
2,DEVMM,1788522393577984.080	,0,NPU:2
2,DEVMM,1788522393677968.900	,0,NPU:2
2,DEVMM,1788522393777954.940	,0,NPU:2
2,DEVMM,1788522393877942.990	,0,NPU:2
2,DEVMM,1788522393977961.280	,0,NPU:2
2,DEVMM,1788522394078013.090	,0,NPU:2
2,DEVMM,1788522394177974.520	,0,NPU:2
2,DEVMM,1788522394277964.210	,0,NPU:2
2,DEVMM,1788522394377950.280	,0,NPU:2
2,DEVMM,1788522394477952.390	,0,NPU:2
2,DEVMM,1788522394578016.640	,0,NPU:2
2,DEVMM,1788522394677977.300	,0,NPU:2
2,DEVMM,1788522394777969.400	,0,NPU:2
2,DEVMM,1788522394877962.180	,0,NPU:2
2,DEVMM,1788522394977965.600	,0,NPU:2
2,DEVMM,1788522395078008.720	,0,NPU:2
2,DEVMM,1788522395177977.430	,0,NPU:2
2,DEVMM,1788522395277957.970	,0,NPU:2
2,DEVMM,1788522395377930.270	,0,NPU:2
2,DEVMM,1788522395477921.620	,0,NPU:2
2,DEVMM,1788522395577936.500	,0,NPU:2
2,DEVMM,1788522395678003.450	,0,NPU:2
2,DEVMM,1788522395777928.150	,0,NPU:2
2,DEVMM,1788522395877927.960	,0,NPU:2
2,DEVMM,1788522395977921.590	,0,NPU:2
2,DEVMM,1788522396077916.940	,0,NPU:2
2,DEVMM,1788522396177923.490	,0,NPU:2
2,DEVMM,1788522396277996.560	,0,NPU:2
2,DEVMM,1788522396377924.140	,0,NPU:2
2,DEVMM,1788522396477922.640	,0,NPU:2
2,DEVMM,1788522396577981.300	,0,NPU:2
2,DEVMM,1788522396677932.570	,0,NPU:2
2,DEVMM,1788522396777925.720	,0,NPU:2
2,DEVMM,1788522396877997.210	,0,NPU:2
2,DEVMM,1788522396977942.920	,0,NPU:2
2,DEVMM,1788522397077970.710	,0,NPU:2
2,DEVMM,1788522397177936.970	,0,NPU:2
2,DEVMM,1788522397277933.350	,0,NPU:2
2,DEVMM,1788522397377993.820	,0,NPU:2
2,DEVMM,1788522397477951.390	,0,NPU:2
2,DEVMM,1788522397577956.900	,0,NPU:2
2,DEVMM,1788522397677924.020	,0,NPU:2
2,DEVMM,1788522397777934.420	,0,NPU:2
2,DEVMM,1788522397877963.890	,0,NPU:2
2,DEVMM,1788522397977969.880	,0,NPU:2
2,DEVMM,1788522398077954.400	,0,NPU:2
2,DEVMM,1788522398177927.840	,0,NPU:2
2,DEVMM,1788522398277921.670	,0,NPU:2
2,DEVMM,1788522398377958.450	,0,NPU:2
2,DEVMM,1788522398477974.110	,0,NPU:2
2,DEVMM,1788522398577953.640	,0,NPU:2
2,DEVMM,1788522398677911.610	,0,NPU:2
2,DEVMM,1788522398777930.720	,0,NPU:2
2,DEVMM,1788522398877925.070	,0,NPU:2
2,DEVMM,1788522398978009.620	,0,NPU:2
2,DEVMM,1788522399077942.860	,0,NPU:2
2,DEVMM,1788522399177944.700	,0,NPU:2
2,DEVMM,1788522399277916.870	,0,NPU:2
2,DEVMM,1788522399377916.990	,0,NPU:2
2,DEVMM,1788522399477993.320	,0,NPU:2
2,DEVMM,1788522399577921.240	,0,NPU:2
2,DEVMM,1788522399677921.770	,0,NPU:2
2,DEVMM,1788522399777919.970	,0,NPU:2
2,DEVMM,1788522399877912.580	,0,NPU:2
2,DEVMM,1788522399977983.870	,0,NPU:2
2,DEVMM,1788522400077927.200	,0,NPU:2
2,DEVMM,1788522400177927.440	,0,NPU:2
2,DEVMM,1788522400277926.000	,0,NPU:2
2,DEVMM,1788522400377927.760	,0,NPU:2
2,DEVMM,1788522400477988.310	,0,NPU:2
2,DEVMM,1788522400577934.210	,0,NPU:2
2,DEVMM,1788522400677909.290	,0,NPU:2
2,DEVMM,1788522400777918.620	,0,NPU:2
2,DEVMM,1788522400877909.760	,0,NPU:2
2,DEVMM,1788522400977969.760	,0,NPU:2
2,DEVMM,1788522401077942.050	,0,NPU:2
2,DEVMM,1788522401177920.180	,0,NPU:2
2,DEVMM,1788522401277910.480	,0,NPU:2
2,DEVMM,1788522401377925.770	,0,NPU:2
2,DEVMM,1788522401477900.310	,0,NPU:2
2,DEVMM,1788522401577954.960	,0,NPU:2
2,DEVMM,1788522401677921.360	,0,NPU:2
2,DEVMM,1788522401777916.770	,0,NPU:2
2,DEVMM,1788522401877925.470	,0,NPU:2
2,DEVMM,1788522401977916.920	,0,NPU:2
2,DEVMM,1788522402077974.830	,0,NPU:2
2,DEVMM,1788522402177902.680	,0,NPU:2
2,DEVMM,1788522402277918.870	,0,NPU:2
2,DEVMM,1788522402377922.760	,0,NPU:2
2,DEVMM,1788522402477903.590	,0,NPU:2
2,DEVMM,1788522402577942.340	,0,NPU:2
2,DEVMM,1788522402677919.030	,0,NPU:2
2,DEVMM,1788522402777911.780	,0,NPU:2
2,DEVMM,1788522402877922.630	,0,NPU:2
2,DEVMM,1788522402977905.570	,0,NPU:2
2,DEVMM,1788522403077934.900	,0,NPU:2
2,DEVMM,1788522403177942.120	,0,NPU:2
2,DEVMM,1788522403277908.370	,0,NPU:2
2,DEVMM,1788522403377927.360	,0,NPU:2
2,DEVMM,1788522403477900.620	,0,NPU:2
2,DEVMM,1788522403577899.530	,0,NPU:2
2,DEVMM,1788522403677942.630	,0,NPU:2
2,DEVMM,1788522403777925.020	,0,NPU:2
2,DEVMM,1788522403877912.590	,0,NPU:2
2,DEVMM,1788522403977901.400	,0,NPU:2
2,DEVMM,1788522404077891.260	,0,NPU:2
2,DEVMM,1788522404177954.260	,0,NPU:2
2,DEVMM,1788522404277915.290	,0,NPU:2
2,DEVMM,1788522404377906.970	,0,NPU:2
2,DEVMM,1788522404477897.920	,0,NPU:2
2,DEVMM,1788522404577890.250	,0,NPU:2
2,DEVMM,1788522404677934.570	,0,NPU:2
2,DEVMM,1788522404777930.310	,0,NPU:2
2,DEVMM,1788522404877897.690	,0,NPU:2
2,DEVMM,1788522404977898.970	,0,NPU:2
2,DEVMM,1788522405077895.540	,0,NPU:2
2,DEVMM,1788522405177902.050	,0,NPU:2
2,DEVMM,1788522405277949.200	,0,NPU:2
2,DEVMM,1788522405377893.890	,0,NPU:2
2,DEVMM,1788522405477907.290	,0,NPU:2
2,DEVMM,1788522405577893.850	,0,NPU:2
2,DEVMM,1788522405677886.100	,0,NPU:2
2,DEVMM,1788522405777954.290	,0,NPU:2
2,DEVMM,1788522405877885.890	,0,NPU:2
2,DEVMM,1788522405977898.270	,0,NPU:2
2,DEVMM,1788522406077889.750	,0,NPU:2
2,DEVMM,1788522406177915.880	,0,NPU:2
2,DEVMM,1788522406277936.440	,0,NPU:2
2,DEVMM,1788522406377897.670	,0,NPU:2
2,DEVMM,1788522406477888.140	,0,NPU:2
2,DEVMM,1788522406577897.320	,0,NPU:2
2,DEVMM,1788522406677907.770	,0,NPU:2
2,DEVMM,1788522406777934.210	,0,NPU:2
2,DEVMM,1788522406877907.300	,0,NPU:2
2,DEVMM,1788522406977909.710	,0,NPU:2
2,DEVMM,1788522407077929.020	,0,NPU:2
2,DEVMM,1788522407177909.460	,0,NPU:2
2,DEVMM,1788522407277917.990	,0,NPU:2
2,DEVMM,1788522407377925.380	,0,NPU:2
2,DEVMM,1788522407477894.670	,0,NPU:2
2,DEVMM,1788522407577895.450	,0,NPU:2
2,DEVMM,1788522407677906.380	,0,NPU:2
2,DEVMM,1788522407777884.020	,0,NPU:2
2,DEVMM,1788522407877934.230	,0,NPU:2
2,DEVMM,1788522407977893.050	,0,NPU:2
2,DEVMM,1788522408077898.630	,0,NPU:2
2,DEVMM,1788522408177899.180	,0,NPU:2
2,DEVMM,1788522408277883.110	,0,NPU:2
2,DEVMM,1788522408377926.070	,0,NPU:2
2,DEVMM,1788522408477888.490	,0,NPU:2
2,DEVMM,1788522408577895.200	,0,NPU:2
2,DEVMM,1788522408677906.390	,0,NPU:2
2,DEVMM,1788522408777886.940	,0,NPU:2
2,DEVMM,1788522408877899.720	,0,NPU:2
2,DEVMM,1788522408977919.030	,0,NPU:2
2,DEVMM,1788522409077900.950	,0,NPU:2
2,DEVMM,1788522409177920.590	,0,NPU:2
2,DEVMM,1788522409277903.090	,0,NPU:2
2,DEVMM,1788522409377939.190	,0,NPU:2
2,DEVMM,1788522409477940.020	,0,NPU:2
2,DEVMM,1788522409577925.070	,0,NPU:2
2,DEVMM,1788522409677913.390	,0,NPU:2
2,DEVMM,1788522409778505.600	,0,NPU:2
2,DEVMM,1788522409877880.650	,0,NPU:2
2,DEVMM,1788522409884448.780	,0,NPU:2
2,KERNEL,1788522391078023.490	,0,NPU:2
2,KERNEL,1788522391177937.070	,0,NPU:2
2,KERNEL,1788522391277935.640	,0,NPU:2
2,KERNEL,1788522391377927.650	,0,NPU:2
2,KERNEL,1788522391477926.110	,0,NPU:2
2,KERNEL,1788522391577931.290	,0,NPU:2
2,KERNEL,1788522391677920.690	,0,NPU:2
2,KERNEL,1788522391777924.450	,0,NPU:2
2,KERNEL,1788522391877922.070	,0,NPU:2
2,KERNEL,1788522391977925.940	,0,NPU:2
2,KERNEL,1788522392077937.630	,0,NPU:2
2,KERNEL,1788522392177916.260	,0,NPU:2
2,KERNEL,1788522392277917.700	,0,NPU:2
2,KERNEL,1788522392377914.280	,0,NPU:2
2,KERNEL,1788522392477913.470	,0,NPU:2
2,KERNEL,1788522392577913.330	,0,NPU:2
2,KERNEL,1788522392677914.200	,0,NPU:2
2,KERNEL,1788522392777911.600	,0,NPU:2
2,KERNEL,1788522392877912.410	,0,NPU:2
2,KERNEL,1788522392978016.170	,0,NPU:2
2,KERNEL,1788522393077977.060	,0,NPU:2
2,KERNEL,1788522393177974.590	,0,NPU:2
2,KERNEL,1788522393277964.030	,0,NPU:2
2,KERNEL,1788522393377945.550	,0,NPU:2
2,KERNEL,1788522393477976.680	,0,NPU:2
2,KERNEL,1788522393577984.080	,0,NPU:2
2,KERNEL,1788522393677968.900	,0,NPU:2
2,KERNEL,1788522393777954.940	,0,NPU:2
2,KERNEL,1788522393877942.990	,0,NPU:2
2,KERNEL,1788522393977961.280	,0,NPU:2
2,KERNEL,1788522394078013.090	,0,NPU:2
2,KERNEL,1788522394177974.520	,0,NPU:2
2,KERNEL,1788522394277964.210	,0,NPU:2
2,KERNEL,1788522394377950.280	,0,NPU:2
2,KERNEL,1788522394477952.390	,0,NPU:2
2,KERNEL,1788522394578016.640	,0,NPU:2
2,KERNEL,1788522394677977.300	,0,NPU:2
2,KERNEL,1788522394777969.400	,0,NPU:2
2,KERNEL,1788522394877962.180	,0,NPU:2
2,KERNEL,1788522394977965.600	,0,NPU:2
2,KERNEL,1788522395078008.720	,0,NPU:2
2,KERNEL,1788522395177977.430	,0,NPU:2
2,KERNEL,1788522395277957.970	,0,NPU:2
2,KERNEL,1788522395377930.270	,0,NPU:2
2,KERNEL,1788522395477921.620	,0,NPU:2
2,KERNEL,1788522395577936.500	,0,NPU:2
2,KERNEL,1788522395678003.450	,0,NPU:2
2,KERNEL,1788522395777928.150	,0,NPU:2
2,KERNEL,1788522395877927.960	,0,NPU:2
2,KERNEL,1788522395977921.590	,0,NPU:2
2,KERNEL,1788522396077916.940	,0,NPU:2
2,KERNEL,1788522396177923.490	,0,NPU:2
2,KERNEL,1788522396277996.560	,0,NPU:2
2,KERNEL,1788522396377924.140	,0,NPU:2
2,KERNEL,1788522396477922.640	,0,NPU:2
2,KERNEL,1788522396577981.300	,0,NPU:2
2,KERNEL,1788522396677932.570	,0,NPU:2
2,KERNEL,1788522396777925.720	,0,NPU:2
2,KERNEL,1788522396877997.210	,0,NPU:2
2,KERNEL,1788522396977942.920	,0,NPU:2
2,KERNEL,1788522397077970.710	,0,NPU:2
2,KERNEL,1788522397177936.970	,0,NPU:2
2,KERNEL,1788522397277933.350	,0,NPU:2
2,KERNEL,1788522397377993.820	,0,NPU:2
2,KERNEL,1788522397477951.390	,0,NPU:2
2,KERNEL,1788522397577956.900	,0,NPU:2
2,KERNEL,1788522397677924.020	,0,NPU:2
2,KERNEL,1788522397777934.420	,0,NPU:2
2,KERNEL,1788522397877963.890	,0,NPU:2
2,KERNEL,1788522397977969.880	,0,NPU:2
2,KERNEL,1788522398077954.400	,0,NPU:2
2,KERNEL,1788522398177927.840	,0,NPU:2
2,KERNEL,1788522398277921.670	,0,NPU:2
2,KERNEL,1788522398377958.450	,0,NPU:2
2,KERNEL,1788522398477974.110	,0,NPU:2
2,KERNEL,1788522398577953.640	,0,NPU:2
2,KERNEL,1788522398677911.610	,0,NPU:2
2,KERNEL,1788522398777930.720	,0,NPU:2
2,KERNEL,1788522398877925.070	,0,NPU:2
2,KERNEL,1788522398978009.620	,0,NPU:2
2,KERNEL,1788522399077942.860	,0,NPU:2
2,KERNEL,1788522399177944.700	,0,NPU:2
2,KERNEL,1788522399277916.870	,0,NPU:2
2,KERNEL,1788522399377916.990	,0,NPU:2
2,KERNEL,1788522399477993.320	,0,NPU:2
2,KERNEL,1788522399577921.240	,0,NPU:2
2,KERNEL,1788522399677921.770	,0,NPU:2
2,KERNEL,1788522399777919.970	,0,NPU:2
2,KERNEL,1788522399877912.580	,0,NPU:2
2,KERNEL,1788522399977983.870	,0,NPU:2
2,KERNEL,1788522400077927.200	,0,NPU:2
2,KERNEL,1788522400177927.440	,0,NPU:2
2,KERNEL,1788522400277926.000	,0,NPU:2
2,KERNEL,1788522400377927.760	,0,NPU:2
2,KERNEL,1788522400477988.310	,0,NPU:2
2,KERNEL,1788522400577934.210	,0,NPU:2
2,KERNEL,1788522400677909.290	,0,NPU:2
2,KERNEL,1788522400777918.620	,0,NPU:2
2,KERNEL,1788522400877909.760	,0,NPU:2
2,KERNEL,1788522400977969.760	,0,NPU:2
2,KERNEL,1788522401077942.050	,0,NPU:2
2,KERNEL,1788522401177920.180	,0,NPU:2
2,KERNEL,1788522401277910.480	,0,NPU:2
2,KERNEL,1788522401377925.770	,0,NPU:2
2,KERNEL,1788522401477900.310	,0,NPU:2
2,KERNEL,1788522401577954.960	,0,NPU:2
2,KERNEL,1788522401677921.360	,0,NPU:2
2,KERNEL,1788522401777916.770	,0,NPU:2
2,KERNEL,1788522401877925.470	,0,NPU:2
2,KERNEL,1788522401977916.920	,0,NPU:2
2,KERNEL,1788522402077974.830	,0,NPU:2
2,KERNEL,1788522402177902.680	,0,NPU:2
2,KERNEL,1788522402277918.870	,0,NPU:2
2,KERNEL,1788522402377922.760	,0,NPU:2
2,KERNEL,1788522402477903.590	,0,NPU:2
2,KERNEL,1788522402577942.340	,0,NPU:2
2,KERNEL,1788522402677919.030	,0,NPU:2
2,KERNEL,1788522402777911.780	,0,NPU:2
2,KERNEL,1788522402877922.630	,0,NPU:2
2,KERNEL,1788522402977905.570	,0,NPU:2
2,KERNEL,1788522403077934.900	,0,NPU:2
2,KERNEL,1788522403177942.120	,0,NPU:2
2,KERNEL,1788522403277908.370	,0,NPU:2
2,KERNEL,1788522403377927.360	,0,NPU:2
2,KERNEL,1788522403477900.620	,0,NPU:2
2,KERNEL,1788522403577899.530	,0,NPU:2
2,KERNEL,1788522403677942.630	,0,NPU:2
2,KERNEL,1788522403777925.020	,0,NPU:2
2,KERNEL,1788522403877912.590	,0,NPU:2
2,KERNEL,1788522403977901.400	,0,NPU:2
2,KERNEL,1788522404077891.260	,0,NPU:2
2,KERNEL,1788522404177954.260	,0,NPU:2
2,KERNEL,1788522404277915.290	,0,NPU:2
2,KERNEL,1788522404377906.970	,0,NPU:2
2,KERNEL,1788522404477897.920	,0,NPU:2
2,KERNEL,1788522404577890.250	,0,NPU:2
2,KERNEL,1788522404677934.570	,0,NPU:2
2,KERNEL,1788522404777930.310	,0,NPU:2
2,KERNEL,1788522404877897.690	,0,NPU:2
2,KERNEL,1788522404977898.970	,0,NPU:2
2,KERNEL,1788522405077895.540	,0,NPU:2
2,KERNEL,1788522405177902.050	,0,NPU:2
2,KERNEL,1788522405277949.200	,0,NPU:2
2,KERNEL,1788522405377893.890	,0,NPU:2
2,KERNEL,1788522405477907.290	,0,NPU:2
2,KERNEL,1788522405577893.850	,0,NPU:2
2,KERNEL,1788522405677886.100	,0,NPU:2
2,KERNEL,1788522405777954.290	,0,NPU:2
2,KERNEL,1788522405877885.890	,0,NPU:2
2,KERNEL,1788522405977898.270	,0,NPU:2
2,KERNEL,1788522406077889.750	,0,NPU:2
2,KERNEL,1788522406177915.880	,0,NPU:2
2,KERNEL,1788522406277936.440	,0,NPU:2
2,KERNEL,1788522406377897.670	,0,NPU:2
2,KERNEL,1788522406477888.140	,0,NPU:2
2,KERNEL,1788522406577897.320	,0,NPU:2
2,KERNEL,1788522406677907.770	,0,NPU:2
2,KERNEL,1788522406777934.210	,0,NPU:2
2,KERNEL,1788522406877907.300	,0,NPU:2
2,KERNEL,1788522406977909.710	,0,NPU:2
2,KERNEL,1788522407077929.020	,0,NPU:2
2,KERNEL,1788522407177909.460	,0,NPU:2
2,KERNEL,1788522407277917.990	,0,NPU:2
2,KERNEL,1788522407377925.380	,0,NPU:2
2,KERNEL,1788522407477894.670	,0,NPU:2
2,KERNEL,1788522407577895.450	,0,NPU:2
2,KERNEL,1788522407677906.380	,0,NPU:2
2,KERNEL,1788522407777884.020	,0,NPU:2
2,KERNEL,1788522407877934.230	,0,NPU:2
2,KERNEL,1788522407977893.050	,0,NPU:2
2,KERNEL,1788522408077898.630	,0,NPU:2
2,KERNEL,1788522408177899.180	,0,NPU:2
2,KERNEL,1788522408277883.110	,0,NPU:2
2,KERNEL,1788522408377926.070	,0,NPU:2
2,KERNEL,1788522408477888.490	,0,NPU:2
2,KERNEL,1788522408577895.200	,0,NPU:2
2,KERNEL,1788522408677906.390	,0,NPU:2
2,KERNEL,1788522408777886.940	,0,NPU:2
2,KERNEL,1788522408877899.720	,0,NPU:2
2,KERNEL,1788522408977919.030	,0,NPU:2
2,KERNEL,1788522409077900.950	,0,NPU:2
2,KERNEL,1788522409177920.590	,0,NPU:2
2,KERNEL,1788522409277903.090	,0,NPU:2
2,KERNEL,1788522409377939.190	,0,NPU:2
2,KERNEL,1788522409477940.020	,0,NPU:2
2,KERNEL,1788522409577925.070	,0,NPU:2
2,KERNEL,1788522409677913.390	,0,NPU:2
2,KERNEL,1788522409778505.600	,0,NPU:2
2,KERNEL,1788522409877880.650	,0,NPU:2
2,KERNEL,1788522409884448.780	,0,NPU:2
2,LIBMEDIA,1788522391078023.490	,0,NPU:2
2,LIBMEDIA,1788522391177937.070	,0,NPU:2
2,LIBMEDIA,1788522391277935.640	,0,NPU:2
2,LIBMEDIA,1788522391377927.650	,0,NPU:2
2,LIBMEDIA,1788522391477926.110	,0,NPU:2
2,LIBMEDIA,1788522391577931.290	,0,NPU:2
2,LIBMEDIA,1788522391677920.690	,0,NPU:2
2,LIBMEDIA,1788522391777924.450	,0,NPU:2
2,LIBMEDIA,1788522391877922.070	,0,NPU:2
2,LIBMEDIA,1788522391977925.940	,0,NPU:2
2,LIBMEDIA,1788522392077937.630	,0,NPU:2
2,LIBMEDIA,1788522392177916.260	,0,NPU:2
2,LIBMEDIA,1788522392277917.700	,0,NPU:2
2,LIBMEDIA,1788522392377914.280	,0,NPU:2
2,LIBMEDIA,1788522392477913.470	,0,NPU:2
2,LIBMEDIA,1788522392577913.330	,0,NPU:2
2,LIBMEDIA,1788522392677914.200	,0,NPU:2
2,LIBMEDIA,1788522392777911.600	,0,NPU:2
2,LIBMEDIA,1788522392877912.410	,0,NPU:2
2,LIBMEDIA,1788522392978016.170	,0,NPU:2
2,LIBMEDIA,1788522393077977.060	,0,NPU:2
2,LIBMEDIA,1788522393177974.590	,0,NPU:2
2,LIBMEDIA,1788522393277964.030	,0,NPU:2
2,LIBMEDIA,1788522393377945.550	,0,NPU:2
2,LIBMEDIA,1788522393477976.680	,0,NPU:2
2,LIBMEDIA,1788522393577984.080	,0,NPU:2
2,LIBMEDIA,1788522393677968.900	,0,NPU:2
2,LIBMEDIA,1788522393777954.940	,0,NPU:2
2,LIBMEDIA,1788522393877942.990	,0,NPU:2
2,LIBMEDIA,1788522393977961.280	,0,NPU:2
2,LIBMEDIA,1788522394078013.090	,0,NPU:2
2,LIBMEDIA,1788522394177974.520	,0,NPU:2
2,LIBMEDIA,1788522394277964.210	,0,NPU:2
2,LIBMEDIA,1788522394377950.280	,0,NPU:2
2,LIBMEDIA,1788522394477952.390	,0,NPU:2
2,LIBMEDIA,1788522394578016.640	,0,NPU:2
2,LIBMEDIA,1788522394677977.300	,0,NPU:2
2,LIBMEDIA,1788522394777969.400	,0,NPU:2
2,LIBMEDIA,1788522394877962.180	,0,NPU:2
2,LIBMEDIA,1788522394977965.600	,0,NPU:2
2,LIBMEDIA,1788522395078008.720	,0,NPU:2
2,LIBMEDIA,1788522395177977.430	,0,NPU:2
2,LIBMEDIA,1788522395277957.970	,0,NPU:2
2,LIBMEDIA,1788522395377930.270	,0,NPU:2
2,LIBMEDIA,1788522395477921.620	,0,NPU:2
2,LIBMEDIA,1788522395577936.500	,0,NPU:2
2,LIBMEDIA,1788522395678003.450	,0,NPU:2
2,LIBMEDIA,1788522395777928.150	,0,NPU:2
2,LIBMEDIA,1788522395877927.960	,0,NPU:2
2,LIBMEDIA,1788522395977921.590	,0,NPU:2
2,LIBMEDIA,1788522396077916.940	,0,NPU:2
2,LIBMEDIA,1788522396177923.490	,0,NPU:2
2,LIBMEDIA,1788522396277996.560	,0,NPU:2
2,LIBMEDIA,1788522396377924.140	,0,NPU:2
2,LIBMEDIA,1788522396477922.640	,0,NPU:2
2,LIBMEDIA,1788522396577981.300	,0,NPU:2
2,LIBMEDIA,1788522396677932.570	,0,NPU:2
2,LIBMEDIA,1788522396777925.720	,0,NPU:2
2,LIBMEDIA,1788522396877997.210	,0,NPU:2
2,LIBMEDIA,1788522396977942.920	,0,NPU:2
2,LIBMEDIA,1788522397077970.710	,0,NPU:2
2,LIBMEDIA,1788522397177936.970	,0,NPU:2
2,LIBMEDIA,1788522397277933.350	,0,NPU:2
2,LIBMEDIA,1788522397377993.820	,0,NPU:2
2,LIBMEDIA,1788522397477951.390	,0,NPU:2
2,LIBMEDIA,1788522397577956.900	,0,NPU:2
2,LIBMEDIA,1788522397677924.020	,0,NPU:2
2,LIBMEDIA,1788522397777934.420	,0,NPU:2
2,LIBMEDIA,1788522397877963.890	,0,NPU:2
2,LIBMEDIA,1788522397977969.880	,0,NPU:2
2,LIBMEDIA,1788522398077954.400	,0,NPU:2
2,LIBMEDIA,1788522398177927.840	,0,NPU:2
2,LIBMEDIA,1788522398277921.670	,0,NPU:2
2,LIBMEDIA,1788522398377958.450	,0,NPU:2
2,LIBMEDIA,1788522398477974.110	,0,NPU:2
2,LIBMEDIA,1788522398577953.640	,0,NPU:2
2,LIBMEDIA,1788522398677911.610	,0,NPU:2
2,LIBMEDIA,1788522398777930.720	,0,NPU:2
2,LIBMEDIA,1788522398877925.070	,0,NPU:2
2,LIBMEDIA,1788522398978009.620	,0,NPU:2
2,LIBMEDIA,1788522399077942.860	,0,NPU:2
2,LIBMEDIA,1788522399177944.700	,0,NPU:2
2,LIBMEDIA,1788522399277916.870	,0,NPU:2
2,LIBMEDIA,1788522399377916.990	,0,NPU:2
2,LIBMEDIA,1788522399477993.320	,0,NPU:2
2,LIBMEDIA,1788522399577921.240	,0,NPU:2
2,LIBMEDIA,1788522399677921.770	,0,NPU:2
2,LIBMEDIA,1788522399777919.970	,0,NPU:2
2,LIBMEDIA,1788522399877912.580	,0,NPU:2
2,LIBMEDIA,1788522399977983.870	,0,NPU:2
2,LIBMEDIA,1788522400077927.200	,0,NPU:2
2,LIBMEDIA,1788522400177927.440	,0,NPU:2
2,LIBMEDIA,1788522400277926.000	,0,NPU:2
2,LIBMEDIA,1788522400377927.760	,0,NPU:2
2,LIBMEDIA,1788522400477988.310	,0,NPU:2
2,LIBMEDIA,1788522400577934.210	,0,NPU:2
2,LIBMEDIA,1788522400677909.290	,0,NPU:2
2,LIBMEDIA,1788522400777918.620	,0,NPU:2
2,LIBMEDIA,1788522400877909.760	,0,NPU:2
2,LIBMEDIA,1788522400977969.760	,0,NPU:2
2,LIBMEDIA,1788522401077942.050	,0,NPU:2
2,LIBMEDIA,1788522401177920.180	,0,NPU:2
2,LIBMEDIA,1788522401277910.480	,0,NPU:2
2,LIBMEDIA,1788522401377925.770	,0,NPU:2
2,LIBMEDIA,1788522401477900.310	,0,NPU:2
2,LIBMEDIA,1788522401577954.960	,0,NPU:2
2,LIBMEDIA,1788522401677921.360	,0,NPU:2
2,LIBMEDIA,1788522401777916.770	,0,NPU:2
2,LIBMEDIA,1788522401877925.470	,0,NPU:2
2,LIBMEDIA,1788522401977916.920	,0,NPU:2
2,LIBMEDIA,1788522402077974.830	,0,NPU:2
2,LIBMEDIA,1788522402177902.680	,0,NPU:2
2,LIBMEDIA,1788522402277918.870	,0,NPU:2
2,LIBMEDIA,1788522402377922.760	,0,NPU:2
2,LIBMEDIA,1788522402477903.590	,0,NPU:2
2,LIBMEDIA,1788522402577942.340	,0,NPU:2
2,LIBMEDIA,1788522402677919.030	,0,NPU:2
2,LIBMEDIA,1788522402777911.780	,0,NPU:2
2,LIBMEDIA,1788522402877922.630	,0,NPU:2
2,LIBMEDIA,1788522402977905.570	,0,NPU:2
2,LIBMEDIA,1788522403077934.900	,0,NPU:2
2,LIBMEDIA,1788522403177942.120	,0,NPU:2
2,LIBMEDIA,1788522403277908.370	,0,NPU:2
2,LIBMEDIA,1788522403377927.360	,0,NPU:2
2,LIBMEDIA,1788522403477900.620	,0,NPU:2
2,LIBMEDIA,1788522403577899.530	,0,NPU:2
2,LIBMEDIA,1788522403677942.630	,0,NPU:2
2,LIBMEDIA,1788522403777925.020	,0,NPU:2
2,LIBMEDIA,1788522403877912.590	,0,NPU:2
2,LIBMEDIA,1788522403977901.400	,0,NPU:2
2,LIBMEDIA,1788522404077891.260	,0,NPU:2
2,LIBMEDIA,1788522404177954.260	,0,NPU:2
2,LIBMEDIA,1788522404277915.290	,0,NPU:2
2,LIBMEDIA,1788522404377906.970	,0,NPU:2
2,LIBMEDIA,1788522404477897.920	,0,NPU:2
2,LIBMEDIA,1788522404577890.250	,0,NPU:2
2,LIBMEDIA,1788522404677934.570	,0,NPU:2
2,LIBMEDIA,1788522404777930.310	,0,NPU:2
2,LIBMEDIA,1788522404877897.690	,0,NPU:2
2,LIBMEDIA,1788522404977898.970	,0,NPU:2
2,LIBMEDIA,1788522405077895.540	,0,NPU:2
2,LIBMEDIA,1788522405177902.050	,0,NPU:2
2,LIBMEDIA,1788522405277949.200	,0,NPU:2
2,LIBMEDIA,1788522405377893.890	,0,NPU:2
2,LIBMEDIA,1788522405477907.290	,0,NPU:2
2,LIBMEDIA,1788522405577893.850	,0,NPU:2
2,LIBMEDIA,1788522405677886.100	,0,NPU:2
2,LIBMEDIA,1788522405777954.290	,0,NPU:2
2,LIBMEDIA,1788522405877885.890	,0,NPU:2
2,LIBMEDIA,1788522405977898.270	,0,NPU:2
2,LIBMEDIA,1788522406077889.750	,0,NPU:2
2,LIBMEDIA,1788522406177915.880	,0,NPU:2
2,LIBMEDIA,1788522406277936.440	,0,NPU:2
2,LIBMEDIA,1788522406377897.670	,0,NPU:2
2,LIBMEDIA,1788522406477888.140	,0,NPU:2
2,LIBMEDIA,1788522406577897.320	,0,NPU:2
2,LIBMEDIA,1788522406677907.770	,0,NPU:2
2,LIBMEDIA,1788522406777934.210	,0,NPU:2
2,LIBMEDIA,1788522406877907.300	,0,NPU:2
2,LIBMEDIA,1788522406977909.710	,0,NPU:2
2,LIBMEDIA,1788522407077929.020	,0,NPU:2
2,LIBMEDIA,1788522407177909.460	,0,NPU:2
2,LIBMEDIA,1788522407277917.990	,0,NPU:2
2,LIBMEDIA,1788522407377925.380	,0,NPU:2
2,LIBMEDIA,1788522407477894.670	,0,NPU:2
2,LIBMEDIA,1788522407577895.450	,0,NPU:2
2,LIBMEDIA,1788522407677906.380	,0,NPU:2
2,LIBMEDIA,1788522407777884.020	,0,NPU:2
2,LIBMEDIA,1788522407877934.230	,0,NPU:2
2,LIBMEDIA,1788522407977893.050	,0,NPU:2
2,LIBMEDIA,1788522408077898.630	,0,NPU:2
2,LIBMEDIA,1788522408177899.180	,0,NPU:2
2,LIBMEDIA,1788522408277883.110	,0,NPU:2
2,LIBMEDIA,1788522408377926.070	,0,NPU:2
2,LIBMEDIA,1788522408477888.490	,0,NPU:2
2,LIBMEDIA,1788522408577895.200	,0,NPU:2
2,LIBMEDIA,1788522408677906.390	,0,NPU:2
2,LIBMEDIA,1788522408777886.940	,0,NPU:2
2,LIBMEDIA,1788522408877899.720	,0,NPU:2
2,LIBMEDIA,1788522408977919.030	,0,NPU:2
2,LIBMEDIA,1788522409077900.950	,0,NPU:2
2,LIBMEDIA,1788522409177920.590	,0,NPU:2
2,LIBMEDIA,1788522409277903.090	,0,NPU:2
2,LIBMEDIA,1788522409377939.190	,0,NPU:2
2,LIBMEDIA,1788522409477940.020	,0,NPU:2
2,LIBMEDIA,1788522409577925.070	,0,NPU:2
2,LIBMEDIA,1788522409677913.390	,0,NPU:2
2,LIBMEDIA,1788522409778505.600	,0,NPU:2
2,LIBMEDIA,1788522409877880.650	,0,NPU:2
2,LIBMEDIA,1788522409884448.780	,0,NPU:2
2,CCECPU,1788522391078023.490	,0,NPU:2
2,CCECPU,1788522391177937.070	,0,NPU:2
2,CCECPU,1788522391277935.640	,0,NPU:2
2,CCECPU,1788522391377927.650	,0,NPU:2
2,CCECPU,1788522391477926.110	,0,NPU:2
2,CCECPU,1788522391577931.290	,0,NPU:2
2,CCECPU,1788522391677920.690	,0,NPU:2
2,CCECPU,1788522391777924.450	,0,NPU:2
2,CCECPU,1788522391877922.070	,0,NPU:2
2,CCECPU,1788522391977925.940	,0,NPU:2
2,CCECPU,1788522392077937.630	,0,NPU:2
2,CCECPU,1788522392177916.260	,0,NPU:2
2,CCECPU,1788522392277917.700	,0,NPU:2
2,CCECPU,1788522392377914.280	,0,NPU:2
2,CCECPU,1788522392477913.470	,0,NPU:2
2,CCECPU,1788522392577913.330	,0,NPU:2
2,CCECPU,1788522392677914.200	,0,NPU:2
2,CCECPU,1788522392777911.600	,0,NPU:2
2,CCECPU,1788522392877912.410	,0,NPU:2
2,CCECPU,1788522392978016.170	,0,NPU:2
2,CCECPU,1788522393077977.060	,0,NPU:2
2,CCECPU,1788522393177974.590	,0,NPU:2
2,CCECPU,1788522393277964.030	,0,NPU:2
2,CCECPU,1788522393377945.550	,0,NPU:2
2,CCECPU,1788522393477976.680	,0,NPU:2
2,CCECPU,1788522393577984.080	,0,NPU:2
2,CCECPU,1788522393677968.900	,0,NPU:2
2,CCECPU,1788522393777954.940	,0,NPU:2
2,CCECPU,1788522393877942.990	,0,NPU:2
2,CCECPU,1788522393977961.280	,0,NPU:2
2,CCECPU,1788522394078013.090	,0,NPU:2
2,CCECPU,1788522394177974.520	,0,NPU:2
2,CCECPU,1788522394277964.210	,0,NPU:2
2,CCECPU,1788522394377950.280	,0,NPU:2
2,CCECPU,1788522394477952.390	,0,NPU:2
2,CCECPU,1788522394578016.640	,0,NPU:2
2,CCECPU,1788522394677977.300	,0,NPU:2
2,CCECPU,1788522394777969.400	,0,NPU:2
2,CCECPU,1788522394877962.180	,0,NPU:2
2,CCECPU,1788522394977965.600	,0,NPU:2
2,CCECPU,1788522395078008.720	,0,NPU:2
2,CCECPU,1788522395177977.430	,0,NPU:2
2,CCECPU,1788522395277957.970	,0,NPU:2
2,CCECPU,1788522395377930.270	,0,NPU:2
2,CCECPU,1788522395477921.620	,0,NPU:2
2,CCECPU,1788522395577936.500	,0,NPU:2
2,CCECPU,1788522395678003.450	,0,NPU:2
2,CCECPU,1788522395777928.150	,0,NPU:2
2,CCECPU,1788522395877927.960	,0,NPU:2
2,CCECPU,1788522395977921.590	,0,NPU:2
2,CCECPU,1788522396077916.940	,0,NPU:2
2,CCECPU,1788522396177923.490	,0,NPU:2
2,CCECPU,1788522396277996.560	,0,NPU:2
2,CCECPU,1788522396377924.140	,0,NPU:2
2,CCECPU,1788522396477922.640	,0,NPU:2
2,CCECPU,1788522396577981.300	,0,NPU:2
2,CCECPU,1788522396677932.570	,0,NPU:2
2,CCECPU,1788522396777925.720	,0,NPU:2
2,CCECPU,1788522396877997.210	,0,NPU:2
2,CCECPU,1788522396977942.920	,0,NPU:2
2,CCECPU,1788522397077970.710	,0,NPU:2
2,CCECPU,1788522397177936.970	,0,NPU:2
2,CCECPU,1788522397277933.350	,0,NPU:2
2,CCECPU,1788522397377993.820	,0,NPU:2
2,CCECPU,1788522397477951.390	,0,NPU:2
2,CCECPU,1788522397577956.900	,0,NPU:2
2,CCECPU,1788522397677924.020	,0,NPU:2
2,CCECPU,1788522397777934.420	,0,NPU:2
2,CCECPU,1788522397877963.890	,0,NPU:2
2,CCECPU,1788522397977969.880	,0,NPU:2
2,CCECPU,1788522398077954.400	,0,NPU:2
2,CCECPU,1788522398177927.840	,0,NPU:2
2,CCECPU,1788522398277921.670	,0,NPU:2
2,CCECPU,1788522398377958.450	,0,NPU:2
2,CCECPU,1788522398477974.110	,0,NPU:2
2,CCECPU,1788522398577953.640	,0,NPU:2
2,CCECPU,1788522398677911.610	,0,NPU:2
2,CCECPU,1788522398777930.720	,0,NPU:2
2,CCECPU,1788522398877925.070	,0,NPU:2
2,CCECPU,1788522398978009.620	,0,NPU:2
2,CCECPU,1788522399077942.860	,0,NPU:2
2,CCECPU,1788522399177944.700	,0,NPU:2
2,CCECPU,1788522399277916.870	,0,NPU:2
2,CCECPU,1788522399377916.990	,0,NPU:2
2,CCECPU,1788522399477993.320	,0,NPU:2
2,CCECPU,1788522399577921.240	,0,NPU:2
2,CCECPU,1788522399677921.770	,0,NPU:2
2,CCECPU,1788522399777919.970	,0,NPU:2
2,CCECPU,1788522399877912.580	,0,NPU:2
2,CCECPU,1788522399977983.870	,0,NPU:2
2,CCECPU,1788522400077927.200	,0,NPU:2
2,CCECPU,1788522400177927.440	,0,NPU:2
2,CCECPU,1788522400277926.000	,0,NPU:2
2,CCECPU,1788522400377927.760	,0,NPU:2
2,CCECPU,1788522400477988.310	,0,NPU:2
2,CCECPU,1788522400577934.210	,0,NPU:2
2,CCECPU,1788522400677909.290	,0,NPU:2
2,CCECPU,1788522400777918.620	,0,NPU:2
2,CCECPU,1788522400877909.760	,0,NPU:2
2,CCECPU,1788522400977969.760	,0,NPU:2
2,CCECPU,1788522401077942.050	,0,NPU:2
2,CCECPU,1788522401177920.180	,0,NPU:2
2,CCECPU,1788522401277910.480	,0,NPU:2
2,CCECPU,1788522401377925.770	,0,NPU:2
2,CCECPU,1788522401477900.310	,0,NPU:2
2,CCECPU,1788522401577954.960	,0,NPU:2
2,CCECPU,1788522401677921.360	,0,NPU:2
2,CCECPU,1788522401777916.770	,0,NPU:2
2,CCECPU,1788522401877925.470	,0,NPU:2
2,CCECPU,1788522401977916.920	,0,NPU:2
2,CCECPU,1788522402077974.830	,0,NPU:2
2,CCECPU,1788522402177902.680	,0,NPU:2
2,CCECPU,1788522402277918.870	,0,NPU:2
2,CCECPU,1788522402377922.760	,0,NPU:2
2,CCECPU,1788522402477903.590	,0,NPU:2
2,CCECPU,1788522402577942.340	,0,NPU:2
2,CCECPU,1788522402677919.030	,0,NPU:2
2,CCECPU,1788522402777911.780	,0,NPU:2
2,CCECPU,1788522402877922.630	,0,NPU:2
2,CCECPU,1788522402977905.570	,0,NPU:2
2,CCECPU,1788522403077934.900	,0,NPU:2
2,CCECPU,1788522403177942.120	,0,NPU:2
2,CCECPU,1788522403277908.370	,0,NPU:2
2,CCECPU,1788522403377927.360	,0,NPU:2
2,CCECPU,1788522403477900.620	,0,NPU:2
2,CCECPU,1788522403577899.530	,0,NPU:2
2,CCECPU,1788522403677942.630	,0,NPU:2
2,CCECPU,1788522403777925.020	,0,NPU:2
2,CCECPU,1788522403877912.590	,0,NPU:2
2,CCECPU,1788522403977901.400	,0,NPU:2
2,CCECPU,1788522404077891.260	,0,NPU:2
2,CCECPU,1788522404177954.260	,0,NPU:2
2,CCECPU,1788522404277915.290	,0,NPU:2
2,CCECPU,1788522404377906.970	,0,NPU:2
2,CCECPU,1788522404477897.920	,0,NPU:2
2,CCECPU,1788522404577890.250	,0,NPU:2
2,CCECPU,1788522404677934.570	,0,NPU:2
2,CCECPU,1788522404777930.310	,0,NPU:2
2,CCECPU,1788522404877897.690	,0,NPU:2
2,CCECPU,1788522404977898.970	,0,NPU:2
2,CCECPU,1788522405077895.540	,0,NPU:2
2,CCECPU,1788522405177902.050	,0,NPU:2
2,CCECPU,1788522405277949.200	,0,NPU:2
2,CCECPU,1788522405377893.890	,0,NPU:2
2,CCECPU,1788522405477907.290	,0,NPU:2
2,CCECPU,1788522405577893.850	,0,NPU:2
2,CCECPU,1788522405677886.100	,0,NPU:2
2,CCECPU,1788522405777954.290	,0,NPU:2
2,CCECPU,1788522405877885.890	,0,NPU:2
2,CCECPU,1788522405977898.270	,0,NPU:2
2,CCECPU,1788522406077889.750	,0,NPU:2
2,CCECPU,1788522406177915.880	,0,NPU:2
2,CCECPU,1788522406277936.440	,0,NPU:2
2,CCECPU,1788522406377897.670	,0,NPU:2
2,CCECPU,1788522406477888.140	,0,NPU:2
2,CCECPU,1788522406577897.320	,0,NPU:2
2,CCECPU,1788522406677907.770	,0,NPU:2
2,CCECPU,1788522406777934.210	,0,NPU:2
2,CCECPU,1788522406877907.300	,0,NPU:2
2,CCECPU,1788522406977909.710	,0,NPU:2
2,CCECPU,1788522407077929.020	,0,NPU:2
2,CCECPU,1788522407177909.460	,0,NPU:2
2,CCECPU,1788522407277917.990	,0,NPU:2
2,CCECPU,1788522407377925.380	,0,NPU:2
2,CCECPU,1788522407477894.670	,0,NPU:2
2,CCECPU,1788522407577895.450	,0,NPU:2
2,CCECPU,1788522407677906.380	,0,NPU:2
2,CCECPU,1788522407777884.020	,0,NPU:2
2,CCECPU,1788522407877934.230	,0,NPU:2
2,CCECPU,1788522407977893.050	,0,NPU:2
2,CCECPU,1788522408077898.630	,0,NPU:2
2,CCECPU,1788522408177899.180	,0,NPU:2
2,CCECPU,1788522408277883.110	,0,NPU:2
2,CCECPU,1788522408377926.070	,0,NPU:2
2,CCECPU,1788522408477888.490	,0,NPU:2
2,CCECPU,1788522408577895.200	,0,NPU:2
2,CCECPU,1788522408677906.390	,0,NPU:2
2,CCECPU,1788522408777886.940	,0,NPU:2
2,CCECPU,1788522408877899.720	,0,NPU:2
2,CCECPU,1788522408977919.030	,0,NPU:2
2,CCECPU,1788522409077900.950	,0,NPU:2
2,CCECPU,1788522409177920.590	,0,NPU:2
2,CCECPU,1788522409277903.090	,0,NPU:2
2,CCECPU,1788522409377939.190	,0,NPU:2
2,CCECPU,1788522409477940.020	,0,NPU:2
2,CCECPU,1788522409577925.070	,0,NPU:2
2,CCECPU,1788522409677913.390	,0,NPU:2
2,CCECPU,1788522409778505.600	,0,NPU:2
2,CCECPU,1788522409877880.650	,0,NPU:2
2,CCECPU,1788522409884448.780	,0,NPU:2
2,ASCENDDK,1788522391078023.490	,0,NPU:2
2,ASCENDDK,1788522391177937.070	,0,NPU:2
2,ASCENDDK,1788522391277935.640	,0,NPU:2
2,ASCENDDK,1788522391377927.650	,0,NPU:2
2,ASCENDDK,1788522391477926.110	,0,NPU:2
2,ASCENDDK,1788522391577931.290	,0,NPU:2
2,ASCENDDK,1788522391677920.690	,0,NPU:2
2,ASCENDDK,1788522391777924.450	,0,NPU:2
2,ASCENDDK,1788522391877922.070	,0,NPU:2
2,ASCENDDK,1788522391977925.940	,0,NPU:2
2,ASCENDDK,1788522392077937.630	,0,NPU:2
2,ASCENDDK,1788522392177916.260	,0,NPU:2
2,ASCENDDK,1788522392277917.700	,0,NPU:2
2,ASCENDDK,1788522392377914.280	,0,NPU:2
2,ASCENDDK,1788522392477913.470	,0,NPU:2
2,ASCENDDK,1788522392577913.330	,0,NPU:2
2,ASCENDDK,1788522392677914.200	,0,NPU:2
2,ASCENDDK,1788522392777911.600	,0,NPU:2
2,ASCENDDK,1788522392877912.410	,0,NPU:2
2,ASCENDDK,1788522392978016.170	,0,NPU:2
2,ASCENDDK,1788522393077977.060	,0,NPU:2
2,ASCENDDK,1788522393177974.590	,0,NPU:2
2,ASCENDDK,1788522393277964.030	,0,NPU:2
2,ASCENDDK,1788522393377945.550	,0,NPU:2
2,ASCENDDK,1788522393477976.680	,0,NPU:2
2,ASCENDDK,1788522393577984.080	,0,NPU:2
2,ASCENDDK,1788522393677968.900	,0,NPU:2
2,ASCENDDK,1788522393777954.940	,0,NPU:2
2,ASCENDDK,1788522393877942.990	,0,NPU:2
2,ASCENDDK,1788522393977961.280	,0,NPU:2
2,ASCENDDK,1788522394078013.090	,0,NPU:2
2,ASCENDDK,1788522394177974.520	,0,NPU:2
2,ASCENDDK,1788522394277964.210	,0,NPU:2
2,ASCENDDK,1788522394377950.280	,0,NPU:2
2,ASCENDDK,1788522394477952.390	,0,NPU:2
2,ASCENDDK,1788522394578016.640	,0,NPU:2
2,ASCENDDK,1788522394677977.300	,0,NPU:2
2,ASCENDDK,1788522394777969.400	,0,NPU:2
2,ASCENDDK,1788522394877962.180	,0,NPU:2
2,ASCENDDK,1788522394977965.600	,0,NPU:2
2,ASCENDDK,1788522395078008.720	,0,NPU:2
2,ASCENDDK,1788522395177977.430	,0,NPU:2
2,ASCENDDK,1788522395277957.970	,0,NPU:2
2,ASCENDDK,1788522395377930.270	,0,NPU:2
2,ASCENDDK,1788522395477921.620	,0,NPU:2
2,ASCENDDK,1788522395577936.500	,0,NPU:2
2,ASCENDDK,1788522395678003.450	,0,NPU:2
2,ASCENDDK,1788522395777928.150	,0,NPU:2
2,ASCENDDK,1788522395877927.960	,0,NPU:2
2,ASCENDDK,1788522395977921.590	,0,NPU:2
2,ASCENDDK,1788522396077916.940	,0,NPU:2
2,ASCENDDK,1788522396177923.490	,0,NPU:2
2,ASCENDDK,1788522396277996.560	,0,NPU:2
2,ASCENDDK,1788522396377924.140	,0,NPU:2
2,ASCENDDK,1788522396477922.640	,0,NPU:2
2,ASCENDDK,1788522396577981.300	,0,NPU:2
2,ASCENDDK,1788522396677932.570	,0,NPU:2
2,ASCENDDK,1788522396777925.720	,0,NPU:2
2,ASCENDDK,1788522396877997.210	,0,NPU:2
2,ASCENDDK,1788522396977942.920	,0,NPU:2
2,ASCENDDK,1788522397077970.710	,0,NPU:2
2,ASCENDDK,1788522397177936.970	,0,NPU:2
2,ASCENDDK,1788522397277933.350	,0,NPU:2
2,ASCENDDK,1788522397377993.820	,0,NPU:2
2,ASCENDDK,1788522397477951.390	,0,NPU:2
2,ASCENDDK,1788522397577956.900	,0,NPU:2
2,ASCENDDK,1788522397677924.020	,0,NPU:2
2,ASCENDDK,1788522397777934.420	,0,NPU:2
2,ASCENDDK,1788522397877963.890	,0,NPU:2
2,ASCENDDK,1788522397977969.880	,0,NPU:2
2,ASCENDDK,1788522398077954.400	,0,NPU:2
2,ASCENDDK,1788522398177927.840	,0,NPU:2
2,ASCENDDK,1788522398277921.670	,0,NPU:2
2,ASCENDDK,1788522398377958.450	,0,NPU:2
2,ASCENDDK,1788522398477974.110	,0,NPU:2
2,ASCENDDK,1788522398577953.640	,0,NPU:2
2,ASCENDDK,1788522398677911.610	,0,NPU:2
2,ASCENDDK,1788522398777930.720	,0,NPU:2
2,ASCENDDK,1788522398877925.070	,0,NPU:2
2,ASCENDDK,1788522398978009.620	,0,NPU:2
2,ASCENDDK,1788522399077942.860	,0,NPU:2
2,ASCENDDK,1788522399177944.700	,0,NPU:2
2,ASCENDDK,1788522399277916.870	,0,NPU:2
2,ASCENDDK,1788522399377916.990	,0,NPU:2
2,ASCENDDK,1788522399477993.320	,0,NPU:2
2,ASCENDDK,1788522399577921.240	,0,NPU:2
2,ASCENDDK,1788522399677921.770	,0,NPU:2
2,ASCENDDK,1788522399777919.970	,0,NPU:2
2,ASCENDDK,1788522399877912.580	,0,NPU:2
2,ASCENDDK,1788522399977983.870	,0,NPU:2
2,ASCENDDK,1788522400077927.200	,0,NPU:2
2,ASCENDDK,1788522400177927.440	,0,NPU:2
2,ASCENDDK,1788522400277926.000	,0,NPU:2
2,ASCENDDK,1788522400377927.760	,0,NPU:2
2,ASCENDDK,1788522400477988.310	,0,NPU:2
2,ASCENDDK,1788522400577934.210	,0,NPU:2
2,ASCENDDK,1788522400677909.290	,0,NPU:2
2,ASCENDDK,1788522400777918.620	,0,NPU:2
2,ASCENDDK,1788522400877909.760	,0,NPU:2
2,ASCENDDK,1788522400977969.760	,0,NPU:2
2,ASCENDDK,1788522401077942.050	,0,NPU:2
2,ASCENDDK,1788522401177920.180	,0,NPU:2
2,ASCENDDK,1788522401277910.480	,0,NPU:2
2,ASCENDDK,1788522401377925.770	,0,NPU:2
2,ASCENDDK,1788522401477900.310	,0,NPU:2
2,ASCENDDK,1788522401577954.960	,0,NPU:2
2,ASCENDDK,1788522401677921.360	,0,NPU:2
2,ASCENDDK,1788522401777916.770	,0,NPU:2
2,ASCENDDK,1788522401877925.470	,0,NPU:2
2,ASCENDDK,1788522401977916.920	,0,NPU:2
2,ASCENDDK,1788522402077974.830	,0,NPU:2
2,ASCENDDK,1788522402177902.680	,0,NPU:2
2,ASCENDDK,1788522402277918.870	,0,NPU:2
2,ASCENDDK,1788522402377922.760	,0,NPU:2
2,ASCENDDK,1788522402477903.590	,0,NPU:2
2,ASCENDDK,1788522402577942.340	,0,NPU:2
2,ASCENDDK,1788522402677919.030	,0,NPU:2
2,ASCENDDK,1788522402777911.780	,0,NPU:2
2,ASCENDDK,1788522402877922.630	,0,NPU:2
2,ASCENDDK,1788522402977905.570	,0,NPU:2
2,ASCENDDK,1788522403077934.900	,0,NPU:2
2,ASCENDDK,1788522403177942.120	,0,NPU:2
2,ASCENDDK,1788522403277908.370	,0,NPU:2
2,ASCENDDK,1788522403377927.360	,0,NPU:2
2,ASCENDDK,1788522403477900.620	,0,NPU:2
2,ASCENDDK,1788522403577899.530	,0,NPU:2
2,ASCENDDK,1788522403677942.630	,0,NPU:2
2,ASCENDDK,1788522403777925.020	,0,NPU:2
2,ASCENDDK,1788522403877912.590	,0,NPU:2
2,ASCENDDK,1788522403977901.400	,0,NPU:2
2,ASCENDDK,1788522404077891.260	,0,NPU:2
2,ASCENDDK,1788522404177954.260	,0,NPU:2
2,ASCENDDK,1788522404277915.290	,0,NPU:2
2,ASCENDDK,1788522404377906.970	,0,NPU:2
2,ASCENDDK,1788522404477897.920	,0,NPU:2
2,ASCENDDK,1788522404577890.250	,0,NPU:2
2,ASCENDDK,1788522404677934.570	,0,NPU:2
2,ASCENDDK,1788522404777930.310	,0,NPU:2
2,ASCENDDK,1788522404877897.690	,0,NPU:2
2,ASCENDDK,1788522404977898.970	,0,NPU:2
2,ASCENDDK,1788522405077895.540	,0,NPU:2
2,ASCENDDK,1788522405177902.050	,0,NPU:2
2,ASCENDDK,1788522405277949.200	,0,NPU:2
2,ASCENDDK,1788522405377893.890	,0,NPU:2
2,ASCENDDK,1788522405477907.290	,0,NPU:2
2,ASCENDDK,1788522405577893.850	,0,NPU:2
2,ASCENDDK,1788522405677886.100	,0,NPU:2
2,ASCENDDK,1788522405777954.290	,0,NPU:2
2,ASCENDDK,1788522405877885.890	,0,NPU:2
2,ASCENDDK,1788522405977898.270	,0,NPU:2
2,ASCENDDK,1788522406077889.750	,0,NPU:2
2,ASCENDDK,1788522406177915.880	,0,NPU:2
2,ASCENDDK,1788522406277936.440	,0,NPU:2
2,ASCENDDK,1788522406377897.670	,0,NPU:2
2,ASCENDDK,1788522406477888.140	,0,NPU:2
2,ASCENDDK,1788522406577897.320	,0,NPU:2
2,ASCENDDK,1788522406677907.770	,0,NPU:2
2,ASCENDDK,1788522406777934.210	,0,NPU:2
2,ASCENDDK,1788522406877907.300	,0,NPU:2
2,ASCENDDK,1788522406977909.710	,0,NPU:2
2,ASCENDDK,1788522407077929.020	,0,NPU:2
2,ASCENDDK,1788522407177909.460	,0,NPU:2
2,ASCENDDK,1788522407277917.990	,0,NPU:2
2,ASCENDDK,1788522407377925.380	,0,NPU:2
2,ASCENDDK,1788522407477894.670	,0,NPU:2
2,ASCENDDK,1788522407577895.450	,0,NPU:2
2,ASCENDDK,1788522407677906.380	,0,NPU:2
2,ASCENDDK,1788522407777884.020	,0,NPU:2
2,ASCENDDK,1788522407877934.230	,0,NPU:2
2,ASCENDDK,1788522407977893.050	,0,NPU:2
2,ASCENDDK,1788522408077898.630	,0,NPU:2
2,ASCENDDK,1788522408177899.180	,0,NPU:2
2,ASCENDDK,1788522408277883.110	,0,NPU:2
2,ASCENDDK,1788522408377926.070	,0,NPU:2
2,ASCENDDK,1788522408477888.490	,0,NPU:2
2,ASCENDDK,1788522408577895.200	,0,NPU:2
2,ASCENDDK,1788522408677906.390	,0,NPU:2
2,ASCENDDK,1788522408777886.940	,0,NPU:2
2,ASCENDDK,1788522408877899.720	,0,NPU:2
2,ASCENDDK,1788522408977919.030	,0,NPU:2
2,ASCENDDK,1788522409077900.950	,0,NPU:2
2,ASCENDDK,1788522409177920.590	,0,NPU:2
2,ASCENDDK,1788522409277903.090	,0,NPU:2
2,ASCENDDK,1788522409377939.190	,0,NPU:2
2,ASCENDDK,1788522409477940.020	,0,NPU:2
2,ASCENDDK,1788522409577925.070	,0,NPU:2
2,ASCENDDK,1788522409677913.390	,0,NPU:2
2,ASCENDDK,1788522409778505.600	,0,NPU:2
2,ASCENDDK,1788522409877880.650	,0,NPU:2
2,ASCENDDK,1788522409884448.780	,0,NPU:2
2,ROS,1788522391078023.490	,0,NPU:2
2,ROS,1788522391177937.070	,0,NPU:2
2,ROS,1788522391277935.640	,0,NPU:2
2,ROS,1788522391377927.650	,0,NPU:2
2,ROS,1788522391477926.110	,0,NPU:2
2,ROS,1788522391577931.290	,0,NPU:2
2,ROS,1788522391677920.690	,0,NPU:2
2,ROS,1788522391777924.450	,0,NPU:2
2,ROS,1788522391877922.070	,0,NPU:2
2,ROS,1788522391977925.940	,0,NPU:2
2,ROS,1788522392077937.630	,0,NPU:2
2,ROS,1788522392177916.260	,0,NPU:2
2,ROS,1788522392277917.700	,0,NPU:2
2,ROS,1788522392377914.280	,0,NPU:2
2,ROS,1788522392477913.470	,0,NPU:2
2,ROS,1788522392577913.330	,0,NPU:2
2,ROS,1788522392677914.200	,0,NPU:2
2,ROS,1788522392777911.600	,0,NPU:2
2,ROS,1788522392877912.410	,0,NPU:2
2,ROS,1788522392978016.170	,0,NPU:2
2,ROS,1788522393077977.060	,0,NPU:2
2,ROS,1788522393177974.590	,0,NPU:2
2,ROS,1788522393277964.030	,0,NPU:2
2,ROS,1788522393377945.550	,0,NPU:2
2,ROS,1788522393477976.680	,0,NPU:2
2,ROS,1788522393577984.080	,0,NPU:2
2,ROS,1788522393677968.900	,0,NPU:2
2,ROS,1788522393777954.940	,0,NPU:2
2,ROS,1788522393877942.990	,0,NPU:2
2,ROS,1788522393977961.280	,0,NPU:2
2,ROS,1788522394078013.090	,0,NPU:2
2,ROS,1788522394177974.520	,0,NPU:2
2,ROS,1788522394277964.210	,0,NPU:2
2,ROS,1788522394377950.280	,0,NPU:2
2,ROS,1788522394477952.390	,0,NPU:2
2,ROS,1788522394578016.640	,0,NPU:2
2,ROS,1788522394677977.300	,0,NPU:2
2,ROS,1788522394777969.400	,0,NPU:2
2,ROS,1788522394877962.180	,0,NPU:2
2,ROS,1788522394977965.600	,0,NPU:2
2,ROS,1788522395078008.720	,0,NPU:2
2,ROS,1788522395177977.430	,0,NPU:2
2,ROS,1788522395277957.970	,0,NPU:2
2,ROS,1788522395377930.270	,0,NPU:2
2,ROS,1788522395477921.620	,0,NPU:2
2,ROS,1788522395577936.500	,0,NPU:2
2,ROS,1788522395678003.450	,0,NPU:2
2,ROS,1788522395777928.150	,0,NPU:2
2,ROS,1788522395877927.960	,0,NPU:2
2,ROS,1788522395977921.590	,0,NPU:2
2,ROS,1788522396077916.940	,0,NPU:2
2,ROS,1788522396177923.490	,0,NPU:2
2,ROS,1788522396277996.560	,0,NPU:2
2,ROS,1788522396377924.140	,0,NPU:2
2,ROS,1788522396477922.640	,0,NPU:2
2,ROS,1788522396577981.300	,0,NPU:2
2,ROS,1788522396677932.570	,0,NPU:2
2,ROS,1788522396777925.720	,0,NPU:2
2,ROS,1788522396877997.210	,0,NPU:2
2,ROS,1788522396977942.920	,0,NPU:2
2,ROS,1788522397077970.710	,0,NPU:2
2,ROS,1788522397177936.970	,0,NPU:2
2,ROS,1788522397277933.350	,0,NPU:2
2,ROS,1788522397377993.820	,0,NPU:2
2,ROS,1788522397477951.390	,0,NPU:2
2,ROS,1788522397577956.900	,0,NPU:2
2,ROS,1788522397677924.020	,0,NPU:2
2,ROS,1788522397777934.420	,0,NPU:2
2,ROS,1788522397877963.890	,0,NPU:2
2,ROS,1788522397977969.880	,0,NPU:2
2,ROS,1788522398077954.400	,0,NPU:2
2,ROS,1788522398177927.840	,0,NPU:2
2,ROS,1788522398277921.670	,0,NPU:2
2,ROS,1788522398377958.450	,0,NPU:2
2,ROS,1788522398477974.110	,0,NPU:2
2,ROS,1788522398577953.640	,0,NPU:2
2,ROS,1788522398677911.610	,0,NPU:2
2,ROS,1788522398777930.720	,0,NPU:2
2,ROS,1788522398877925.070	,0,NPU:2
2,ROS,1788522398978009.620	,0,NPU:2
2,ROS,1788522399077942.860	,0,NPU:2
2,ROS,1788522399177944.700	,0,NPU:2
2,ROS,1788522399277916.870	,0,NPU:2
2,ROS,1788522399377916.990	,0,NPU:2
2,ROS,1788522399477993.320	,0,NPU:2
2,ROS,1788522399577921.240	,0,NPU:2
2,ROS,1788522399677921.770	,0,NPU:2
2,ROS,1788522399777919.970	,0,NPU:2
2,ROS,1788522399877912.580	,0,NPU:2
2,ROS,1788522399977983.870	,0,NPU:2
2,ROS,1788522400077927.200	,0,NPU:2
2,ROS,1788522400177927.440	,0,NPU:2
2,ROS,1788522400277926.000	,0,NPU:2
2,ROS,1788522400377927.760	,0,NPU:2
2,ROS,1788522400477988.310	,0,NPU:2
2,ROS,1788522400577934.210	,0,NPU:2
2,ROS,1788522400677909.290	,0,NPU:2
2,ROS,1788522400777918.620	,0,NPU:2
2,ROS,1788522400877909.760	,0,NPU:2
2,ROS,1788522400977969.760	,0,NPU:2
2,ROS,1788522401077942.050	,0,NPU:2
2,ROS,1788522401177920.180	,0,NPU:2
2,ROS,1788522401277910.480	,0,NPU:2
2,ROS,1788522401377925.770	,0,NPU:2
2,ROS,1788522401477900.310	,0,NPU:2
2,ROS,1788522401577954.960	,0,NPU:2
2,ROS,1788522401677921.360	,0,NPU:2
2,ROS,1788522401777916.770	,0,NPU:2
2,ROS,1788522401877925.470	,0,NPU:2
2,ROS,1788522401977916.920	,0,NPU:2
2,ROS,1788522402077974.830	,0,NPU:2
2,ROS,1788522402177902.680	,0,NPU:2
2,ROS,1788522402277918.870	,0,NPU:2
2,ROS,1788522402377922.760	,0,NPU:2
2,ROS,1788522402477903.590	,0,NPU:2
2,ROS,1788522402577942.340	,0,NPU:2
2,ROS,1788522402677919.030	,0,NPU:2
2,ROS,1788522402777911.780	,0,NPU:2
2,ROS,1788522402877922.630	,0,NPU:2
2,ROS,1788522402977905.570	,0,NPU:2
2,ROS,1788522403077934.900	,0,NPU:2
2,ROS,1788522403177942.120	,0,NPU:2
2,ROS,1788522403277908.370	,0,NPU:2
2,ROS,1788522403377927.360	,0,NPU:2
2,ROS,1788522403477900.620	,0,NPU:2
2,ROS,1788522403577899.530	,0,NPU:2
2,ROS,1788522403677942.630	,0,NPU:2
2,ROS,1788522403777925.020	,0,NPU:2
2,ROS,1788522403877912.590	,0,NPU:2
2,ROS,1788522403977901.400	,0,NPU:2
2,ROS,1788522404077891.260	,0,NPU:2
2,ROS,1788522404177954.260	,0,NPU:2
2,ROS,1788522404277915.290	,0,NPU:2
2,ROS,1788522404377906.970	,0,NPU:2
2,ROS,1788522404477897.920	,0,NPU:2
2,ROS,1788522404577890.250	,0,NPU:2
2,ROS,1788522404677934.570	,0,NPU:2
2,ROS,1788522404777930.310	,0,NPU:2
2,ROS,1788522404877897.690	,0,NPU:2
2,ROS,1788522404977898.970	,0,NPU:2
2,ROS,1788522405077895.540	,0,NPU:2
2,ROS,1788522405177902.050	,0,NPU:2
2,ROS,1788522405277949.200	,0,NPU:2
2,ROS,1788522405377893.890	,0,NPU:2
2,ROS,1788522405477907.290	,0,NPU:2
2,ROS,1788522405577893.850	,0,NPU:2
2,ROS,1788522405677886.100	,0,NPU:2
2,ROS,1788522405777954.290	,0,NPU:2
2,ROS,1788522405877885.890	,0,NPU:2
2,ROS,1788522405977898.270	,0,NPU:2
2,ROS,1788522406077889.750	,0,NPU:2
2,ROS,1788522406177915.880	,0,NPU:2
2,ROS,1788522406277936.440	,0,NPU:2
2,ROS,1788522406377897.670	,0,NPU:2
2,ROS,1788522406477888.140	,0,NPU:2
2,ROS,1788522406577897.320	,0,NPU:2
2,ROS,1788522406677907.770	,0,NPU:2
2,ROS,1788522406777934.210	,0,NPU:2
2,ROS,1788522406877907.300	,0,NPU:2
2,ROS,1788522406977909.710	,0,NPU:2
2,ROS,1788522407077929.020	,0,NPU:2
2,ROS,1788522407177909.460	,0,NPU:2
2,ROS,1788522407277917.990	,0,NPU:2
2,ROS,1788522407377925.380	,0,NPU:2
2,ROS,1788522407477894.670	,0,NPU:2
2,ROS,1788522407577895.450	,0,NPU:2
2,ROS,1788522407677906.380	,0,NPU:2
2,ROS,1788522407777884.020	,0,NPU:2
2,ROS,1788522407877934.230	,0,NPU:2
2,ROS,1788522407977893.050	,0,NPU:2
2,ROS,1788522408077898.630	,0,NPU:2
2,ROS,1788522408177899.180	,0,NPU:2
2,ROS,1788522408277883.110	,0,NPU:2
2,ROS,1788522408377926.070	,0,NPU:2
2,ROS,1788522408477888.490	,0,NPU:2
2,ROS,1788522408577895.200	,0,NPU:2
2,ROS,1788522408677906.390	,0,NPU:2
2,ROS,1788522408777886.940	,0,NPU:2
2,ROS,1788522408877899.720	,0,NPU:2
2,ROS,1788522408977919.030	,0,NPU:2
2,ROS,1788522409077900.950	,0,NPU:2
2,ROS,1788522409177920.590	,0,NPU:2
2,ROS,1788522409277903.090	,0,NPU:2
2,ROS,1788522409377939.190	,0,NPU:2
2,ROS,1788522409477940.020	,0,NPU:2
2,ROS,1788522409577925.070	,0,NPU:2
2,ROS,1788522409677913.390	,0,NPU:2
2,ROS,1788522409778505.600	,0,NPU:2
2,ROS,1788522409877880.650	,0,NPU:2
2,ROS,1788522409884448.780	,0,NPU:2
2,HCCP,1788522391078023.490	,0,NPU:2
2,HCCP,1788522391177937.070	,0,NPU:2
2,HCCP,1788522391277935.640	,0,NPU:2
2,HCCP,1788522391377927.650	,0,NPU:2
2,HCCP,1788522391477926.110	,0,NPU:2
2,HCCP,1788522391577931.290	,0,NPU:2
2,HCCP,1788522391677920.690	,0,NPU:2
2,HCCP,1788522391777924.450	,0,NPU:2
2,HCCP,1788522391877922.070	,0,NPU:2
2,HCCP,1788522391977925.940	,0,NPU:2
2,HCCP,1788522392077937.630	,0,NPU:2
2,HCCP,1788522392177916.260	,0,NPU:2
2,HCCP,1788522392277917.700	,0,NPU:2
2,HCCP,1788522392377914.280	,0,NPU:2
2,HCCP,1788522392477913.470	,0,NPU:2
2,HCCP,1788522392577913.330	,0,NPU:2
2,HCCP,1788522392677914.200	,0,NPU:2
2,HCCP,1788522392777911.600	,0,NPU:2
2,HCCP,1788522392877912.410	,0,NPU:2
2,HCCP,1788522392978016.170	,0,NPU:2
2,HCCP,1788522393077977.060	,0,NPU:2
2,HCCP,1788522393177974.590	,0,NPU:2
2,HCCP,1788522393277964.030	,0,NPU:2
2,HCCP,1788522393377945.550	,0,NPU:2
2,HCCP,1788522393477976.680	,0,NPU:2
2,HCCP,1788522393577984.080	,0,NPU:2
2,HCCP,1788522393677968.900	,0,NPU:2
2,HCCP,1788522393777954.940	,0,NPU:2
2,HCCP,1788522393877942.990	,0,NPU:2
2,HCCP,1788522393977961.280	,0,NPU:2
2,HCCP,1788522394078013.090	,0,NPU:2
2,HCCP,1788522394177974.520	,0,NPU:2
2,HCCP,1788522394277964.210	,0,NPU:2
2,HCCP,1788522394377950.280	,0,NPU:2
2,HCCP,1788522394477952.390	,0,NPU:2
2,HCCP,1788522394578016.640	,0,NPU:2
2,HCCP,1788522394677977.300	,0,NPU:2
2,HCCP,1788522394777969.400	,0,NPU:2
2,HCCP,1788522394877962.180	,0,NPU:2
2,HCCP,1788522394977965.600	,0,NPU:2
2,HCCP,1788522395078008.720	,0,NPU:2
2,HCCP,1788522395177977.430	,0,NPU:2
2,HCCP,1788522395277957.970	,0,NPU:2
2,HCCP,1788522395377930.270	,0,NPU:2
2,HCCP,1788522395477921.620	,0,NPU:2
2,HCCP,1788522395577936.500	,0,NPU:2
2,HCCP,1788522395678003.450	,0,NPU:2
2,HCCP,1788522395777928.150	,0,NPU:2
2,HCCP,1788522395877927.960	,0,NPU:2
2,HCCP,1788522395977921.590	,0,NPU:2
2,HCCP,1788522396077916.940	,0,NPU:2
2,HCCP,1788522396177923.490	,0,NPU:2
2,HCCP,1788522396277996.560	,0,NPU:2
2,HCCP,1788522396377924.140	,0,NPU:2
2,HCCP,1788522396477922.640	,0,NPU:2
2,HCCP,1788522396577981.300	,0,NPU:2
2,HCCP,1788522396677932.570	,0,NPU:2
2,HCCP,1788522396777925.720	,0,NPU:2
2,HCCP,1788522396877997.210	,0,NPU:2
2,HCCP,1788522396977942.920	,0,NPU:2
2,HCCP,1788522397077970.710	,0,NPU:2
2,HCCP,1788522397177936.970	,0,NPU:2
2,HCCP,1788522397277933.350	,0,NPU:2
2,HCCP,1788522397377993.820	,0,NPU:2
2,HCCP,1788522397477951.390	,0,NPU:2
2,HCCP,1788522397577956.900	,0,NPU:2
2,HCCP,1788522397677924.020	,0,NPU:2
2,HCCP,1788522397777934.420	,0,NPU:2
2,HCCP,1788522397877963.890	,0,NPU:2
2,HCCP,1788522397977969.880	,0,NPU:2
2,HCCP,1788522398077954.400	,0,NPU:2
2,HCCP,1788522398177927.840	,0,NPU:2
2,HCCP,1788522398277921.670	,0,NPU:2
2,HCCP,1788522398377958.450	,0,NPU:2
2,HCCP,1788522398477974.110	,0,NPU:2
2,HCCP,1788522398577953.640	,0,NPU:2
2,HCCP,1788522398677911.610	,0,NPU:2
2,HCCP,1788522398777930.720	,0,NPU:2
2,HCCP,1788522398877925.070	,0,NPU:2
2,HCCP,1788522398978009.620	,0,NPU:2
2,HCCP,1788522399077942.860	,0,NPU:2
2,HCCP,1788522399177944.700	,0,NPU:2
2,HCCP,1788522399277916.870	,0,NPU:2
2,HCCP,1788522399377916.990	,0,NPU:2
2,HCCP,1788522399477993.320	,0,NPU:2
2,HCCP,1788522399577921.240	,0,NPU:2
2,HCCP,1788522399677921.770	,0,NPU:2
2,HCCP,1788522399777919.970	,0,NPU:2
2,HCCP,1788522399877912.580	,0,NPU:2
2,HCCP,1788522399977983.870	,0,NPU:2
2,HCCP,1788522400077927.200	,0,NPU:2
2,HCCP,1788522400177927.440	,0,NPU:2
2,HCCP,1788522400277926.000	,0,NPU:2
2,HCCP,1788522400377927.760	,0,NPU:2
2,HCCP,1788522400477988.310	,0,NPU:2
2,HCCP,1788522400577934.210	,0,NPU:2
2,HCCP,1788522400677909.290	,0,NPU:2
2,HCCP,1788522400777918.620	,0,NPU:2
2,HCCP,1788522400877909.760	,0,NPU:2
2,HCCP,1788522400977969.760	,0,NPU:2
2,HCCP,1788522401077942.050	,0,NPU:2
2,HCCP,1788522401177920.180	,0,NPU:2
2,HCCP,1788522401277910.480	,0,NPU:2
2,HCCP,1788522401377925.770	,0,NPU:2
2,HCCP,1788522401477900.310	,0,NPU:2
2,HCCP,1788522401577954.960	,0,NPU:2
2,HCCP,1788522401677921.360	,0,NPU:2
2,HCCP,1788522401777916.770	,0,NPU:2
2,HCCP,1788522401877925.470	,0,NPU:2
2,HCCP,1788522401977916.920	,0,NPU:2
2,HCCP,1788522402077974.830	,0,NPU:2
2,HCCP,1788522402177902.680	,0,NPU:2
2,HCCP,1788522402277918.870	,0,NPU:2
2,HCCP,1788522402377922.760	,0,NPU:2
2,HCCP,1788522402477903.590	,0,NPU:2
2,HCCP,1788522402577942.340	,0,NPU:2
2,HCCP,1788522402677919.030	,0,NPU:2
2,HCCP,1788522402777911.780	,0,NPU:2
2,HCCP,1788522402877922.630	,0,NPU:2
2,HCCP,1788522402977905.570	,0,NPU:2
2,HCCP,1788522403077934.900	,0,NPU:2
2,HCCP,1788522403177942.120	,0,NPU:2
2,HCCP,1788522403277908.370	,0,NPU:2
2,HCCP,1788522403377927.360	,0,NPU:2
2,HCCP,1788522403477900.620	,0,NPU:2
2,HCCP,1788522403577899.530	,0,NPU:2
2,HCCP,1788522403677942.630	,0,NPU:2
2,HCCP,1788522403777925.020	,0,NPU:2
2,HCCP,1788522403877912.590	,0,NPU:2
2,HCCP,1788522403977901.400	,0,NPU:2
2,HCCP,1788522404077891.260	,0,NPU:2
2,HCCP,1788522404177954.260	,0,NPU:2
2,HCCP,1788522404277915.290	,0,NPU:2
2,HCCP,1788522404377906.970	,0,NPU:2
2,HCCP,1788522404477897.920	,0,NPU:2
2,HCCP,1788522404577890.250	,0,NPU:2
2,HCCP,1788522404677934.570	,0,NPU:2
2,HCCP,1788522404777930.310	,0,NPU:2
2,HCCP,1788522404877897.690	,0,NPU:2
2,HCCP,1788522404977898.970	,0,NPU:2
2,HCCP,1788522405077895.540	,0,NPU:2
2,HCCP,1788522405177902.050	,0,NPU:2
2,HCCP,1788522405277949.200	,0,NPU:2
2,HCCP,1788522405377893.890	,0,NPU:2
2,HCCP,1788522405477907.290	,0,NPU:2
2,HCCP,1788522405577893.850	,0,NPU:2
2,HCCP,1788522405677886.100	,0,NPU:2
2,HCCP,1788522405777954.290	,0,NPU:2
2,HCCP,1788522405877885.890	,0,NPU:2
2,HCCP,1788522405977898.270	,0,NPU:2
2,HCCP,1788522406077889.750	,0,NPU:2
2,HCCP,1788522406177915.880	,0,NPU:2
2,HCCP,1788522406277936.440	,0,NPU:2
2,HCCP,1788522406377897.670	,0,NPU:2
2,HCCP,1788522406477888.140	,0,NPU:2
2,HCCP,1788522406577897.320	,0,NPU:2
2,HCCP,1788522406677907.770	,0,NPU:2
2,HCCP,1788522406777934.210	,0,NPU:2
2,HCCP,1788522406877907.300	,0,NPU:2
2,HCCP,1788522406977909.710	,0,NPU:2
2,HCCP,1788522407077929.020	,0,NPU:2
2,HCCP,1788522407177909.460	,0,NPU:2
2,HCCP,1788522407277917.990	,0,NPU:2
2,HCCP,1788522407377925.380	,0,NPU:2
2,HCCP,1788522407477894.670	,0,NPU:2
2,HCCP,1788522407577895.450	,0,NPU:2
2,HCCP,1788522407677906.380	,0,NPU:2
2,HCCP,1788522407777884.020	,0,NPU:2
2,HCCP,1788522407877934.230	,0,NPU:2
2,HCCP,1788522407977893.050	,0,NPU:2
2,HCCP,1788522408077898.630	,0,NPU:2
2,HCCP,1788522408177899.180	,0,NPU:2
2,HCCP,1788522408277883.110	,0,NPU:2
2,HCCP,1788522408377926.070	,0,NPU:2
2,HCCP,1788522408477888.490	,0,NPU:2
2,HCCP,1788522408577895.200	,0,NPU:2
2,HCCP,1788522408677906.390	,0,NPU:2
2,HCCP,1788522408777886.940	,0,NPU:2
2,HCCP,1788522408877899.720	,0,NPU:2
2,HCCP,1788522408977919.030	,0,NPU:2
2,HCCP,1788522409077900.950	,0,NPU:2
2,HCCP,1788522409177920.590	,0,NPU:2
2,HCCP,1788522409277903.090	,0,NPU:2
2,HCCP,1788522409377939.190	,0,NPU:2
2,HCCP,1788522409477940.020	,0,NPU:2
2,HCCP,1788522409577925.070	,0,NPU:2
2,HCCP,1788522409677913.390	,0,NPU:2
2,HCCP,1788522409778505.600	,0,NPU:2
2,HCCP,1788522409877880.650	,0,NPU:2
2,HCCP,1788522409884448.780	,0,NPU:2
2,ROCE,1788522391078023.490	,0,NPU:2
2,ROCE,1788522391177937.070	,0,NPU:2
2,ROCE,1788522391277935.640	,0,NPU:2
2,ROCE,1788522391377927.650	,0,NPU:2
2,ROCE,1788522391477926.110	,0,NPU:2
2,ROCE,1788522391577931.290	,0,NPU:2
2,ROCE,1788522391677920.690	,0,NPU:2
2,ROCE,1788522391777924.450	,0,NPU:2
2,ROCE,1788522391877922.070	,0,NPU:2
2,ROCE,1788522391977925.940	,0,NPU:2
2,ROCE,1788522392077937.630	,0,NPU:2
2,ROCE,1788522392177916.260	,0,NPU:2
2,ROCE,1788522392277917.700	,0,NPU:2
2,ROCE,1788522392377914.280	,0,NPU:2
2,ROCE,1788522392477913.470	,0,NPU:2
2,ROCE,1788522392577913.330	,0,NPU:2
2,ROCE,1788522392677914.200	,0,NPU:2
2,ROCE,1788522392777911.600	,0,NPU:2
2,ROCE,1788522392877912.410	,0,NPU:2
2,ROCE,1788522392978016.170	,0,NPU:2
2,ROCE,1788522393077977.060	,0,NPU:2
2,ROCE,1788522393177974.590	,0,NPU:2
2,ROCE,1788522393277964.030	,0,NPU:2
2,ROCE,1788522393377945.550	,0,NPU:2
2,ROCE,1788522393477976.680	,0,NPU:2
2,ROCE,1788522393577984.080	,0,NPU:2
2,ROCE,1788522393677968.900	,0,NPU:2
2,ROCE,1788522393777954.940	,0,NPU:2
2,ROCE,1788522393877942.990	,0,NPU:2
2,ROCE,1788522393977961.280	,0,NPU:2
2,ROCE,1788522394078013.090	,0,NPU:2
2,ROCE,1788522394177974.520	,0,NPU:2
2,ROCE,1788522394277964.210	,0,NPU:2
2,ROCE,1788522394377950.280	,0,NPU:2
2,ROCE,1788522394477952.390	,0,NPU:2
2,ROCE,1788522394578016.640	,0,NPU:2
2,ROCE,1788522394677977.300	,0,NPU:2
2,ROCE,1788522394777969.400	,0,NPU:2
2,ROCE,1788522394877962.180	,0,NPU:2
2,ROCE,1788522394977965.600	,0,NPU:2
2,ROCE,1788522395078008.720	,0,NPU:2
2,ROCE,1788522395177977.430	,0,NPU:2
2,ROCE,1788522395277957.970	,0,NPU:2
2,ROCE,1788522395377930.270	,0,NPU:2
2,ROCE,1788522395477921.620	,0,NPU:2
2,ROCE,1788522395577936.500	,0,NPU:2
2,ROCE,1788522395678003.450	,0,NPU:2
2,ROCE,1788522395777928.150	,0,NPU:2
2,ROCE,1788522395877927.960	,0,NPU:2
2,ROCE,1788522395977921.590	,0,NPU:2
2,ROCE,1788522396077916.940	,0,NPU:2
2,ROCE,1788522396177923.490	,0,NPU:2
2,ROCE,1788522396277996.560	,0,NPU:2
2,ROCE,1788522396377924.140	,0,NPU:2
2,ROCE,1788522396477922.640	,0,NPU:2
2,ROCE,1788522396577981.300	,0,NPU:2
2,ROCE,1788522396677932.570	,0,NPU:2
2,ROCE,1788522396777925.720	,0,NPU:2
2,ROCE,1788522396877997.210	,0,NPU:2
2,ROCE,1788522396977942.920	,0,NPU:2
2,ROCE,1788522397077970.710	,0,NPU:2
2,ROCE,1788522397177936.970	,0,NPU:2
2,ROCE,1788522397277933.350	,0,NPU:2
2,ROCE,1788522397377993.820	,0,NPU:2
2,ROCE,1788522397477951.390	,0,NPU:2
2,ROCE,1788522397577956.900	,0,NPU:2
2,ROCE,1788522397677924.020	,0,NPU:2
2,ROCE,1788522397777934.420	,0,NPU:2
2,ROCE,1788522397877963.890	,0,NPU:2
2,ROCE,1788522397977969.880	,0,NPU:2
2,ROCE,1788522398077954.400	,0,NPU:2
2,ROCE,1788522398177927.840	,0,NPU:2
2,ROCE,1788522398277921.670	,0,NPU:2
2,ROCE,1788522398377958.450	,0,NPU:2
2,ROCE,1788522398477974.110	,0,NPU:2
2,ROCE,1788522398577953.640	,0,NPU:2
2,ROCE,1788522398677911.610	,0,NPU:2
2,ROCE,1788522398777930.720	,0,NPU:2
2,ROCE,1788522398877925.070	,0,NPU:2
2,ROCE,1788522398978009.620	,0,NPU:2
2,ROCE,1788522399077942.860	,0,NPU:2
2,ROCE,1788522399177944.700	,0,NPU:2
2,ROCE,1788522399277916.870	,0,NPU:2
2,ROCE,1788522399377916.990	,0,NPU:2
2,ROCE,1788522399477993.320	,0,NPU:2
2,ROCE,1788522399577921.240	,0,NPU:2
2,ROCE,1788522399677921.770	,0,NPU:2
2,ROCE,1788522399777919.970	,0,NPU:2
2,ROCE,1788522399877912.580	,0,NPU:2
2,ROCE,1788522399977983.870	,0,NPU:2
2,ROCE,1788522400077927.200	,0,NPU:2
2,ROCE,1788522400177927.440	,0,NPU:2
2,ROCE,1788522400277926.000	,0,NPU:2
2,ROCE,1788522400377927.760	,0,NPU:2
2,ROCE,1788522400477988.310	,0,NPU:2
2,ROCE,1788522400577934.210	,0,NPU:2
2,ROCE,1788522400677909.290	,0,NPU:2
2,ROCE,1788522400777918.620	,0,NPU:2
2,ROCE,1788522400877909.760	,0,NPU:2
2,ROCE,1788522400977969.760	,0,NPU:2
2,ROCE,1788522401077942.050	,0,NPU:2
2,ROCE,1788522401177920.180	,0,NPU:2
2,ROCE,1788522401277910.480	,0,NPU:2
2,ROCE,1788522401377925.770	,0,NPU:2
2,ROCE,1788522401477900.310	,0,NPU:2
2,ROCE,1788522401577954.960	,0,NPU:2
2,ROCE,1788522401677921.360	,0,NPU:2
2,ROCE,1788522401777916.770	,0,NPU:2
2,ROCE,1788522401877925.470	,0,NPU:2
2,ROCE,1788522401977916.920	,0,NPU:2
2,ROCE,1788522402077974.830	,0,NPU:2
2,ROCE,1788522402177902.680	,0,NPU:2
2,ROCE,1788522402277918.870	,0,NPU:2
2,ROCE,1788522402377922.760	,0,NPU:2
2,ROCE,1788522402477903.590	,0,NPU:2
2,ROCE,1788522402577942.340	,0,NPU:2
2,ROCE,1788522402677919.030	,0,NPU:2
2,ROCE,1788522402777911.780	,0,NPU:2
2,ROCE,1788522402877922.630	,0,NPU:2
2,ROCE,1788522402977905.570	,0,NPU:2
2,ROCE,1788522403077934.900	,0,NPU:2
2,ROCE,1788522403177942.120	,0,NPU:2
2,ROCE,1788522403277908.370	,0,NPU:2
2,ROCE,1788522403377927.360	,0,NPU:2
2,ROCE,1788522403477900.620	,0,NPU:2
2,ROCE,1788522403577899.530	,0,NPU:2
2,ROCE,1788522403677942.630	,0,NPU:2
2,ROCE,1788522403777925.020	,0,NPU:2
2,ROCE,1788522403877912.590	,0,NPU:2
2,ROCE,1788522403977901.400	,0,NPU:2
2,ROCE,1788522404077891.260	,0,NPU:2
2,ROCE,1788522404177954.260	,0,NPU:2
2,ROCE,1788522404277915.290	,0,NPU:2
2,ROCE,1788522404377906.970	,0,NPU:2
2,ROCE,1788522404477897.920	,0,NPU:2
2,ROCE,1788522404577890.250	,0,NPU:2
2,ROCE,1788522404677934.570	,0,NPU:2
2,ROCE,1788522404777930.310	,0,NPU:2
2,ROCE,1788522404877897.690	,0,NPU:2
2,ROCE,1788522404977898.970	,0,NPU:2
2,ROCE,1788522405077895.540	,0,NPU:2
2,ROCE,1788522405177902.050	,0,NPU:2
2,ROCE,1788522405277949.200	,0,NPU:2
2,ROCE,1788522405377893.890	,0,NPU:2
2,ROCE,1788522405477907.290	,0,NPU:2
2,ROCE,1788522405577893.850	,0,NPU:2
2,ROCE,1788522405677886.100	,0,NPU:2
2,ROCE,1788522405777954.290	,0,NPU:2
2,ROCE,1788522405877885.890	,0,NPU:2
2,ROCE,1788522405977898.270	,0,NPU:2
2,ROCE,1788522406077889.750	,0,NPU:2
2,ROCE,1788522406177915.880	,0,NPU:2
2,ROCE,1788522406277936.440	,0,NPU:2
2,ROCE,1788522406377897.670	,0,NPU:2
2,ROCE,1788522406477888.140	,0,NPU:2
2,ROCE,1788522406577897.320	,0,NPU:2
2,ROCE,1788522406677907.770	,0,NPU:2
2,ROCE,1788522406777934.210	,0,NPU:2
2,ROCE,1788522406877907.300	,0,NPU:2
2,ROCE,1788522406977909.710	,0,NPU:2
2,ROCE,1788522407077929.020	,0,NPU:2
2,ROCE,1788522407177909.460	,0,NPU:2
2,ROCE,1788522407277917.990	,0,NPU:2
2,ROCE,1788522407377925.380	,0,NPU:2
2,ROCE,1788522407477894.670	,0,NPU:2
2,ROCE,1788522407577895.450	,0,NPU:2
2,ROCE,1788522407677906.380	,0,NPU:2
2,ROCE,1788522407777884.020	,0,NPU:2
2,ROCE,1788522407877934.230	,0,NPU:2
2,ROCE,1788522407977893.050	,0,NPU:2
2,ROCE,1788522408077898.630	,0,NPU:2
2,ROCE,1788522408177899.180	,0,NPU:2
2,ROCE,1788522408277883.110	,0,NPU:2
2,ROCE,1788522408377926.070	,0,NPU:2
2,ROCE,1788522408477888.490	,0,NPU:2
2,ROCE,1788522408577895.200	,0,NPU:2
2,ROCE,1788522408677906.390	,0,NPU:2
2,ROCE,1788522408777886.940	,0,NPU:2
2,ROCE,1788522408877899.720	,0,NPU:2
2,ROCE,1788522408977919.030	,0,NPU:2
2,ROCE,1788522409077900.950	,0,NPU:2
2,ROCE,1788522409177920.590	,0,NPU:2
2,ROCE,1788522409277903.090	,0,NPU:2
2,ROCE,1788522409377939.190	,0,NPU:2
2,ROCE,1788522409477940.020	,0,NPU:2
2,ROCE,1788522409577925.070	,0,NPU:2
2,ROCE,1788522409677913.390	,0,NPU:2
2,ROCE,1788522409778505.600	,0,NPU:2
2,ROCE,1788522409877880.650	,0,NPU:2
2,ROCE,1788522409884448.780	,0,NPU:2
2,TEFUSION,1788522391078023.490	,0,NPU:2
2,TEFUSION,1788522391177937.070	,0,NPU:2
2,TEFUSION,1788522391277935.640	,0,NPU:2
2,TEFUSION,1788522391377927.650	,0,NPU:2
2,TEFUSION,1788522391477926.110	,0,NPU:2
2,TEFUSION,1788522391577931.290	,0,NPU:2
2,TEFUSION,1788522391677920.690	,0,NPU:2
2,TEFUSION,1788522391777924.450	,0,NPU:2
2,TEFUSION,1788522391877922.070	,0,NPU:2
2,TEFUSION,1788522391977925.940	,0,NPU:2
2,TEFUSION,1788522392077937.630	,0,NPU:2
2,TEFUSION,1788522392177916.260	,0,NPU:2
2,TEFUSION,1788522392277917.700	,0,NPU:2
2,TEFUSION,1788522392377914.280	,0,NPU:2
2,TEFUSION,1788522392477913.470	,0,NPU:2
2,TEFUSION,1788522392577913.330	,0,NPU:2
2,TEFUSION,1788522392677914.200	,0,NPU:2
2,TEFUSION,1788522392777911.600	,0,NPU:2
2,TEFUSION,1788522392877912.410	,0,NPU:2
2,TEFUSION,1788522392978016.170	,0,NPU:2
2,TEFUSION,1788522393077977.060	,0,NPU:2
2,TEFUSION,1788522393177974.590	,0,NPU:2
2,TEFUSION,1788522393277964.030	,0,NPU:2
2,TEFUSION,1788522393377945.550	,0,NPU:2
2,TEFUSION,1788522393477976.680	,0,NPU:2
2,TEFUSION,1788522393577984.080	,0,NPU:2
2,TEFUSION,1788522393677968.900	,0,NPU:2
2,TEFUSION,1788522393777954.940	,0,NPU:2
2,TEFUSION,1788522393877942.990	,0,NPU:2
2,TEFUSION,1788522393977961.280	,0,NPU:2
2,TEFUSION,1788522394078013.090	,0,NPU:2
2,TEFUSION,1788522394177974.520	,0,NPU:2
2,TEFUSION,1788522394277964.210	,0,NPU:2
2,TEFUSION,1788522394377950.280	,0,NPU:2
2,TEFUSION,1788522394477952.390	,0,NPU:2
2,TEFUSION,1788522394578016.640	,0,NPU:2
2,TEFUSION,1788522394677977.300	,0,NPU:2
2,TEFUSION,1788522394777969.400	,0,NPU:2
2,TEFUSION,1788522394877962.180	,0,NPU:2
2,TEFUSION,1788522394977965.600	,0,NPU:2
2,TEFUSION,1788522395078008.720	,0,NPU:2
2,TEFUSION,1788522395177977.430	,0,NPU:2
2,TEFUSION,1788522395277957.970	,0,NPU:2
2,TEFUSION,1788522395377930.270	,0,NPU:2
2,TEFUSION,1788522395477921.620	,0,NPU:2
2,TEFUSION,1788522395577936.500	,0,NPU:2
2,TEFUSION,1788522395678003.450	,0,NPU:2
2,TEFUSION,1788522395777928.150	,0,NPU:2
2,TEFUSION,1788522395877927.960	,0,NPU:2
2,TEFUSION,1788522395977921.590	,0,NPU:2
2,TEFUSION,1788522396077916.940	,0,NPU:2
2,TEFUSION,1788522396177923.490	,0,NPU:2
2,TEFUSION,1788522396277996.560	,0,NPU:2
2,TEFUSION,1788522396377924.140	,0,NPU:2
2,TEFUSION,1788522396477922.640	,0,NPU:2
2,TEFUSION,1788522396577981.300	,0,NPU:2
2,TEFUSION,1788522396677932.570	,0,NPU:2
2,TEFUSION,1788522396777925.720	,0,NPU:2
2,TEFUSION,1788522396877997.210	,0,NPU:2
2,TEFUSION,1788522396977942.920	,0,NPU:2
2,TEFUSION,1788522397077970.710	,0,NPU:2
2,TEFUSION,1788522397177936.970	,0,NPU:2
2,TEFUSION,1788522397277933.350	,0,NPU:2
2,TEFUSION,1788522397377993.820	,0,NPU:2
2,TEFUSION,1788522397477951.390	,0,NPU:2
2,TEFUSION,1788522397577956.900	,0,NPU:2
2,TEFUSION,1788522397677924.020	,0,NPU:2
2,TEFUSION,1788522397777934.420	,0,NPU:2
2,TEFUSION,1788522397877963.890	,0,NPU:2
2,TEFUSION,1788522397977969.880	,0,NPU:2
2,TEFUSION,1788522398077954.400	,0,NPU:2
2,TEFUSION,1788522398177927.840	,0,NPU:2
2,TEFUSION,1788522398277921.670	,0,NPU:2
2,TEFUSION,1788522398377958.450	,0,NPU:2
2,TEFUSION,1788522398477974.110	,0,NPU:2
2,TEFUSION,1788522398577953.640	,0,NPU:2
2,TEFUSION,1788522398677911.610	,0,NPU:2
2,TEFUSION,1788522398777930.720	,0,NPU:2
2,TEFUSION,1788522398877925.070	,0,NPU:2
2,TEFUSION,1788522398978009.620	,0,NPU:2
2,TEFUSION,1788522399077942.860	,0,NPU:2
2,TEFUSION,1788522399177944.700	,0,NPU:2
2,TEFUSION,1788522399277916.870	,0,NPU:2
2,TEFUSION,1788522399377916.990	,0,NPU:2
2,TEFUSION,1788522399477993.320	,0,NPU:2
2,TEFUSION,1788522399577921.240	,0,NPU:2
2,TEFUSION,1788522399677921.770	,0,NPU:2
2,TEFUSION,1788522399777919.970	,0,NPU:2
2,TEFUSION,1788522399877912.580	,0,NPU:2
2,TEFUSION,1788522399977983.870	,0,NPU:2
2,TEFUSION,1788522400077927.200	,0,NPU:2
2,TEFUSION,1788522400177927.440	,0,NPU:2
2,TEFUSION,1788522400277926.000	,0,NPU:2
2,TEFUSION,1788522400377927.760	,0,NPU:2
2,TEFUSION,1788522400477988.310	,0,NPU:2
2,TEFUSION,1788522400577934.210	,0,NPU:2
2,TEFUSION,1788522400677909.290	,0,NPU:2
2,TEFUSION,1788522400777918.620	,0,NPU:2
2,TEFUSION,1788522400877909.760	,0,NPU:2
2,TEFUSION,1788522400977969.760	,0,NPU:2
2,TEFUSION,1788522401077942.050	,0,NPU:2
2,TEFUSION,1788522401177920.180	,0,NPU:2
2,TEFUSION,1788522401277910.480	,0,NPU:2
2,TEFUSION,1788522401377925.770	,0,NPU:2
2,TEFUSION,1788522401477900.310	,0,NPU:2
2,TEFUSION,1788522401577954.960	,0,NPU:2
2,TEFUSION,1788522401677921.360	,0,NPU:2
2,TEFUSION,1788522401777916.770	,0,NPU:2
2,TEFUSION,1788522401877925.470	,0,NPU:2
2,TEFUSION,1788522401977916.920	,0,NPU:2
2,TEFUSION,1788522402077974.830	,0,NPU:2
2,TEFUSION,1788522402177902.680	,0,NPU:2
2,TEFUSION,1788522402277918.870	,0,NPU:2
2,TEFUSION,1788522402377922.760	,0,NPU:2
2,TEFUSION,1788522402477903.590	,0,NPU:2
2,TEFUSION,1788522402577942.340	,0,NPU:2
2,TEFUSION,1788522402677919.030	,0,NPU:2
2,TEFUSION,1788522402777911.780	,0,NPU:2
2,TEFUSION,1788522402877922.630	,0,NPU:2
2,TEFUSION,1788522402977905.570	,0,NPU:2
2,TEFUSION,1788522403077934.900	,0,NPU:2
2,TEFUSION,1788522403177942.120	,0,NPU:2
2,TEFUSION,1788522403277908.370	,0,NPU:2
2,TEFUSION,1788522403377927.360	,0,NPU:2
2,TEFUSION,1788522403477900.620	,0,NPU:2
2,TEFUSION,1788522403577899.530	,0,NPU:2
2,TEFUSION,1788522403677942.630	,0,NPU:2
2,TEFUSION,1788522403777925.020	,0,NPU:2
2,TEFUSION,1788522403877912.590	,0,NPU:2
2,TEFUSION,1788522403977901.400	,0,NPU:2
2,TEFUSION,1788522404077891.260	,0,NPU:2
2,TEFUSION,1788522404177954.260	,0,NPU:2
2,TEFUSION,1788522404277915.290	,0,NPU:2
2,TEFUSION,1788522404377906.970	,0,NPU:2
2,TEFUSION,1788522404477897.920	,0,NPU:2
2,TEFUSION,1788522404577890.250	,0,NPU:2
2,TEFUSION,1788522404677934.570	,0,NPU:2
2,TEFUSION,1788522404777930.310	,0,NPU:2
2,TEFUSION,1788522404877897.690	,0,NPU:2
2,TEFUSION,1788522404977898.970	,0,NPU:2
2,TEFUSION,1788522405077895.540	,0,NPU:2
2,TEFUSION,1788522405177902.050	,0,NPU:2
2,TEFUSION,1788522405277949.200	,0,NPU:2
2,TEFUSION,1788522405377893.890	,0,NPU:2
2,TEFUSION,1788522405477907.290	,0,NPU:2
2,TEFUSION,1788522405577893.850	,0,NPU:2
2,TEFUSION,1788522405677886.100	,0,NPU:2
2,TEFUSION,1788522405777954.290	,0,NPU:2
2,TEFUSION,1788522405877885.890	,0,NPU:2
2,TEFUSION,1788522405977898.270	,0,NPU:2
2,TEFUSION,1788522406077889.750	,0,NPU:2
2,TEFUSION,1788522406177915.880	,0,NPU:2
2,TEFUSION,1788522406277936.440	,0,NPU:2
2,TEFUSION,1788522406377897.670	,0,NPU:2
2,TEFUSION,1788522406477888.140	,0,NPU:2
2,TEFUSION,1788522406577897.320	,0,NPU:2
2,TEFUSION,1788522406677907.770	,0,NPU:2
2,TEFUSION,1788522406777934.210	,0,NPU:2
2,TEFUSION,1788522406877907.300	,0,NPU:2
2,TEFUSION,1788522406977909.710	,0,NPU:2
2,TEFUSION,1788522407077929.020	,0,NPU:2
2,TEFUSION,1788522407177909.460	,0,NPU:2
2,TEFUSION,1788522407277917.990	,0,NPU:2
2,TEFUSION,1788522407377925.380	,0,NPU:2
2,TEFUSION,1788522407477894.670	,0,NPU:2
2,TEFUSION,1788522407577895.450	,0,NPU:2
2,TEFUSION,1788522407677906.380	,0,NPU:2
2,TEFUSION,1788522407777884.020	,0,NPU:2
2,TEFUSION,1788522407877934.230	,0,NPU:2
2,TEFUSION,1788522407977893.050	,0,NPU:2
2,TEFUSION,1788522408077898.630	,0,NPU:2
2,TEFUSION,1788522408177899.180	,0,NPU:2
2,TEFUSION,1788522408277883.110	,0,NPU:2
2,TEFUSION,1788522408377926.070	,0,NPU:2
2,TEFUSION,1788522408477888.490	,0,NPU:2
2,TEFUSION,1788522408577895.200	,0,NPU:2
2,TEFUSION,1788522408677906.390	,0,NPU:2
2,TEFUSION,1788522408777886.940	,0,NPU:2
2,TEFUSION,1788522408877899.720	,0,NPU:2
2,TEFUSION,1788522408977919.030	,0,NPU:2
2,TEFUSION,1788522409077900.950	,0,NPU:2
2,TEFUSION,1788522409177920.590	,0,NPU:2
2,TEFUSION,1788522409277903.090	,0,NPU:2
2,TEFUSION,1788522409377939.190	,0,NPU:2
2,TEFUSION,1788522409477940.020	,0,NPU:2
2,TEFUSION,1788522409577925.070	,0,NPU:2
2,TEFUSION,1788522409677913.390	,0,NPU:2
2,TEFUSION,1788522409778505.600	,0,NPU:2
2,TEFUSION,1788522409877880.650	,0,NPU:2
2,TEFUSION,1788522409884448.780	,0,NPU:2
2,PROFILING,1788522391078023.490	,0,NPU:2
2,PROFILING,1788522391177937.070	,0,NPU:2
2,PROFILING,1788522391277935.640	,0,NPU:2
2,PROFILING,1788522391377927.650	,0,NPU:2
2,PROFILING,1788522391477926.110	,0,NPU:2
2,PROFILING,1788522391577931.290	,0,NPU:2
2,PROFILING,1788522391677920.690	,0,NPU:2
2,PROFILING,1788522391777924.450	,0,NPU:2
2,PROFILING,1788522391877922.070	,0,NPU:2
2,PROFILING,1788522391977925.940	,0,NPU:2
2,PROFILING,1788522392077937.630	,0,NPU:2
2,PROFILING,1788522392177916.260	,0,NPU:2
2,PROFILING,1788522392277917.700	,0,NPU:2
2,PROFILING,1788522392377914.280	,0,NPU:2
2,PROFILING,1788522392477913.470	,0,NPU:2
2,PROFILING,1788522392577913.330	,0,NPU:2
2,PROFILING,1788522392677914.200	,0,NPU:2
2,PROFILING,1788522392777911.600	,0,NPU:2
2,PROFILING,1788522392877912.410	,0,NPU:2
2,PROFILING,1788522392978016.170	,0,NPU:2
2,PROFILING,1788522393077977.060	,0,NPU:2
2,PROFILING,1788522393177974.590	,0,NPU:2
2,PROFILING,1788522393277964.030	,0,NPU:2
2,PROFILING,1788522393377945.550	,0,NPU:2
2,PROFILING,1788522393477976.680	,0,NPU:2
2,PROFILING,1788522393577984.080	,0,NPU:2
2,PROFILING,1788522393677968.900	,0,NPU:2
2,PROFILING,1788522393777954.940	,0,NPU:2
2,PROFILING,1788522393877942.990	,0,NPU:2
2,PROFILING,1788522393977961.280	,0,NPU:2
2,PROFILING,1788522394078013.090	,0,NPU:2
2,PROFILING,1788522394177974.520	,0,NPU:2
2,PROFILING,1788522394277964.210	,0,NPU:2
2,PROFILING,1788522394377950.280	,0,NPU:2
2,PROFILING,1788522394477952.390	,0,NPU:2
2,PROFILING,1788522394578016.640	,0,NPU:2
2,PROFILING,1788522394677977.300	,0,NPU:2
2,PROFILING,1788522394777969.400	,0,NPU:2
2,PROFILING,1788522394877962.180	,0,NPU:2
2,PROFILING,1788522394977965.600	,0,NPU:2
2,PROFILING,1788522395078008.720	,0,NPU:2
2,PROFILING,1788522395177977.430	,0,NPU:2
2,PROFILING,1788522395277957.970	,0,NPU:2
2,PROFILING,1788522395377930.270	,0,NPU:2
2,PROFILING,1788522395477921.620	,0,NPU:2
2,PROFILING,1788522395577936.500	,0,NPU:2
2,PROFILING,1788522395678003.450	,0,NPU:2
2,PROFILING,1788522395777928.150	,0,NPU:2
2,PROFILING,1788522395877927.960	,0,NPU:2
2,PROFILING,1788522395977921.590	,0,NPU:2
2,PROFILING,1788522396077916.940	,0,NPU:2
2,PROFILING,1788522396177923.490	,0,NPU:2
2,PROFILING,1788522396277996.560	,0,NPU:2
2,PROFILING,1788522396377924.140	,0,NPU:2
2,PROFILING,1788522396477922.640	,0,NPU:2
2,PROFILING,1788522396577981.300	,0,NPU:2
2,PROFILING,1788522396677932.570	,0,NPU:2
2,PROFILING,1788522396777925.720	,0,NPU:2
2,PROFILING,1788522396877997.210	,0,NPU:2
2,PROFILING,1788522396977942.920	,0,NPU:2
2,PROFILING,1788522397077970.710	,0,NPU:2
2,PROFILING,1788522397177936.970	,0,NPU:2
2,PROFILING,1788522397277933.350	,0,NPU:2
2,PROFILING,1788522397377993.820	,0,NPU:2
2,PROFILING,1788522397477951.390	,0,NPU:2
2,PROFILING,1788522397577956.900	,0,NPU:2
2,PROFILING,1788522397677924.020	,0,NPU:2
2,PROFILING,1788522397777934.420	,0,NPU:2
2,PROFILING,1788522397877963.890	,0,NPU:2
2,PROFILING,1788522397977969.880	,0,NPU:2
2,PROFILING,1788522398077954.400	,0,NPU:2
2,PROFILING,1788522398177927.840	,0,NPU:2
2,PROFILING,1788522398277921.670	,0,NPU:2
2,PROFILING,1788522398377958.450	,0,NPU:2
2,PROFILING,1788522398477974.110	,0,NPU:2
2,PROFILING,1788522398577953.640	,0,NPU:2
2,PROFILING,1788522398677911.610	,0,NPU:2
2,PROFILING,1788522398777930.720	,0,NPU:2
2,PROFILING,1788522398877925.070	,0,NPU:2
2,PROFILING,1788522398978009.620	,0,NPU:2
2,PROFILING,1788522399077942.860	,0,NPU:2
2,PROFILING,1788522399177944.700	,0,NPU:2
2,PROFILING,1788522399277916.870	,0,NPU:2
2,PROFILING,1788522399377916.990	,0,NPU:2
2,PROFILING,1788522399477993.320	,0,NPU:2
2,PROFILING,1788522399577921.240	,0,NPU:2
2,PROFILING,1788522399677921.770	,0,NPU:2
2,PROFILING,1788522399777919.970	,0,NPU:2
2,PROFILING,1788522399877912.580	,0,NPU:2
2,PROFILING,1788522399977983.870	,0,NPU:2
2,PROFILING,1788522400077927.200	,0,NPU:2
2,PROFILING,1788522400177927.440	,0,NPU:2
2,PROFILING,1788522400277926.000	,0,NPU:2
2,PROFILING,1788522400377927.760	,0,NPU:2
2,PROFILING,1788522400477988.310	,0,NPU:2
2,PROFILING,1788522400577934.210	,0,NPU:2
2,PROFILING,1788522400677909.290	,0,NPU:2
2,PROFILING,1788522400777918.620	,0,NPU:2
2,PROFILING,1788522400877909.760	,0,NPU:2
2,PROFILING,1788522400977969.760	,0,NPU:2
2,PROFILING,1788522401077942.050	,0,NPU:2
2,PROFILING,1788522401177920.180	,0,NPU:2
2,PROFILING,1788522401277910.480	,0,NPU:2
2,PROFILING,1788522401377925.770	,0,NPU:2
2,PROFILING,1788522401477900.310	,0,NPU:2
2,PROFILING,1788522401577954.960	,0,NPU:2
2,PROFILING,1788522401677921.360	,0,NPU:2
2,PROFILING,1788522401777916.770	,0,NPU:2
2,PROFILING,1788522401877925.470	,0,NPU:2
2,PROFILING,1788522401977916.920	,0,NPU:2
2,PROFILING,1788522402077974.830	,0,NPU:2
2,PROFILING,1788522402177902.680	,0,NPU:2
2,PROFILING,1788522402277918.870	,0,NPU:2
2,PROFILING,1788522402377922.760	,0,NPU:2
2,PROFILING,1788522402477903.590	,0,NPU:2
2,PROFILING,1788522402577942.340	,0,NPU:2
2,PROFILING,1788522402677919.030	,0,NPU:2
2,PROFILING,1788522402777911.780	,0,NPU:2
2,PROFILING,1788522402877922.630	,0,NPU:2
2,PROFILING,1788522402977905.570	,0,NPU:2
2,PROFILING,1788522403077934.900	,0,NPU:2
2,PROFILING,1788522403177942.120	,0,NPU:2
2,PROFILING,1788522403277908.370	,0,NPU:2
2,PROFILING,1788522403377927.360	,0,NPU:2
2,PROFILING,1788522403477900.620	,0,NPU:2
2,PROFILING,1788522403577899.530	,0,NPU:2
2,PROFILING,1788522403677942.630	,0,NPU:2
2,PROFILING,1788522403777925.020	,0,NPU:2
2,PROFILING,1788522403877912.590	,0,NPU:2
2,PROFILING,1788522403977901.400	,0,NPU:2
2,PROFILING,1788522404077891.260	,0,NPU:2
2,PROFILING,1788522404177954.260	,0,NPU:2
2,PROFILING,1788522404277915.290	,0,NPU:2
2,PROFILING,1788522404377906.970	,0,NPU:2
2,PROFILING,1788522404477897.920	,0,NPU:2
2,PROFILING,1788522404577890.250	,0,NPU:2
2,PROFILING,1788522404677934.570	,0,NPU:2
2,PROFILING,1788522404777930.310	,0,NPU:2
2,PROFILING,1788522404877897.690	,0,NPU:2
2,PROFILING,1788522404977898.970	,0,NPU:2
2,PROFILING,1788522405077895.540	,0,NPU:2
2,PROFILING,1788522405177902.050	,0,NPU:2
2,PROFILING,1788522405277949.200	,0,NPU:2
2,PROFILING,1788522405377893.890	,0,NPU:2
2,PROFILING,1788522405477907.290	,0,NPU:2
2,PROFILING,1788522405577893.850	,0,NPU:2
2,PROFILING,1788522405677886.100	,0,NPU:2
2,PROFILING,1788522405777954.290	,0,NPU:2
2,PROFILING,1788522405877885.890	,0,NPU:2
2,PROFILING,1788522405977898.270	,0,NPU:2
2,PROFILING,1788522406077889.750	,0,NPU:2
2,PROFILING,1788522406177915.880	,0,NPU:2
2,PROFILING,1788522406277936.440	,0,NPU:2
2,PROFILING,1788522406377897.670	,0,NPU:2
2,PROFILING,1788522406477888.140	,0,NPU:2
2,PROFILING,1788522406577897.320	,0,NPU:2
2,PROFILING,1788522406677907.770	,0,NPU:2
2,PROFILING,1788522406777934.210	,0,NPU:2
2,PROFILING,1788522406877907.300	,0,NPU:2
2,PROFILING,1788522406977909.710	,0,NPU:2
2,PROFILING,1788522407077929.020	,0,NPU:2
2,PROFILING,1788522407177909.460	,0,NPU:2
2,PROFILING,1788522407277917.990	,0,NPU:2
2,PROFILING,1788522407377925.380	,0,NPU:2
2,PROFILING,1788522407477894.670	,0,NPU:2
2,PROFILING,1788522407577895.450	,0,NPU:2
2,PROFILING,1788522407677906.380	,0,NPU:2
2,PROFILING,1788522407777884.020	,0,NPU:2
2,PROFILING,1788522407877934.230	,0,NPU:2
2,PROFILING,1788522407977893.050	,0,NPU:2
2,PROFILING,1788522408077898.630	,0,NPU:2
2,PROFILING,1788522408177899.180	,0,NPU:2
2,PROFILING,1788522408277883.110	,0,NPU:2
2,PROFILING,1788522408377926.070	,0,NPU:2
2,PROFILING,1788522408477888.490	,0,NPU:2
2,PROFILING,1788522408577895.200	,0,NPU:2
2,PROFILING,1788522408677906.390	,0,NPU:2
2,PROFILING,1788522408777886.940	,0,NPU:2
2,PROFILING,1788522408877899.720	,0,NPU:2
2,PROFILING,1788522408977919.030	,0,NPU:2
2,PROFILING,1788522409077900.950	,0,NPU:2
2,PROFILING,1788522409177920.590	,0,NPU:2
2,PROFILING,1788522409277903.090	,0,NPU:2
2,PROFILING,1788522409377939.190	,0,NPU:2
2,PROFILING,1788522409477940.020	,0,NPU:2
2,PROFILING,1788522409577925.070	,0,NPU:2
2,PROFILING,1788522409677913.390	,0,NPU:2
2,PROFILING,1788522409778505.600	,0,NPU:2
2,PROFILING,1788522409877880.650	,0,NPU:2
2,PROFILING,1788522409884448.780	,0,NPU:2
2,DP,1788522391078023.490	,0,NPU:2
2,DP,1788522391177937.070	,0,NPU:2
2,DP,1788522391277935.640	,0,NPU:2
2,DP,1788522391377927.650	,0,NPU:2
2,DP,1788522391477926.110	,0,NPU:2
2,DP,1788522391577931.290	,0,NPU:2
2,DP,1788522391677920.690	,0,NPU:2
2,DP,1788522391777924.450	,0,NPU:2
2,DP,1788522391877922.070	,0,NPU:2
2,DP,1788522391977925.940	,0,NPU:2
2,DP,1788522392077937.630	,0,NPU:2
2,DP,1788522392177916.260	,0,NPU:2
2,DP,1788522392277917.700	,0,NPU:2
2,DP,1788522392377914.280	,0,NPU:2
2,DP,1788522392477913.470	,0,NPU:2
2,DP,1788522392577913.330	,0,NPU:2
2,DP,1788522392677914.200	,0,NPU:2
2,DP,1788522392777911.600	,0,NPU:2
2,DP,1788522392877912.410	,0,NPU:2
2,DP,1788522392978016.170	,0,NPU:2
2,DP,1788522393077977.060	,0,NPU:2
2,DP,1788522393177974.590	,0,NPU:2
2,DP,1788522393277964.030	,0,NPU:2
2,DP,1788522393377945.550	,0,NPU:2
2,DP,1788522393477976.680	,0,NPU:2
2,DP,1788522393577984.080	,0,NPU:2
2,DP,1788522393677968.900	,0,NPU:2
2,DP,1788522393777954.940	,0,NPU:2
2,DP,1788522393877942.990	,0,NPU:2
2,DP,1788522393977961.280	,0,NPU:2
2,DP,1788522394078013.090	,0,NPU:2
2,DP,1788522394177974.520	,0,NPU:2
2,DP,1788522394277964.210	,0,NPU:2
2,DP,1788522394377950.280	,0,NPU:2
2,DP,1788522394477952.390	,0,NPU:2
2,DP,1788522394578016.640	,0,NPU:2
2,DP,1788522394677977.300	,0,NPU:2
2,DP,1788522394777969.400	,0,NPU:2
2,DP,1788522394877962.180	,0,NPU:2
2,DP,1788522394977965.600	,0,NPU:2
2,DP,1788522395078008.720	,0,NPU:2
2,DP,1788522395177977.430	,0,NPU:2
2,DP,1788522395277957.970	,0,NPU:2
2,DP,1788522395377930.270	,0,NPU:2
2,DP,1788522395477921.620	,0,NPU:2
2,DP,1788522395577936.500	,0,NPU:2
2,DP,1788522395678003.450	,0,NPU:2
2,DP,1788522395777928.150	,0,NPU:2
2,DP,1788522395877927.960	,0,NPU:2
2,DP,1788522395977921.590	,0,NPU:2
2,DP,1788522396077916.940	,0,NPU:2
2,DP,1788522396177923.490	,0,NPU:2
2,DP,1788522396277996.560	,0,NPU:2
2,DP,1788522396377924.140	,0,NPU:2
2,DP,1788522396477922.640	,0,NPU:2
2,DP,1788522396577981.300	,0,NPU:2
2,DP,1788522396677932.570	,0,NPU:2
2,DP,1788522396777925.720	,0,NPU:2
2,DP,1788522396877997.210	,0,NPU:2
2,DP,1788522396977942.920	,0,NPU:2
2,DP,1788522397077970.710	,0,NPU:2
2,DP,1788522397177936.970	,0,NPU:2
2,DP,1788522397277933.350	,0,NPU:2
2,DP,1788522397377993.820	,0,NPU:2
2,DP,1788522397477951.390	,0,NPU:2
2,DP,1788522397577956.900	,0,NPU:2
2,DP,1788522397677924.020	,0,NPU:2
2,DP,1788522397777934.420	,0,NPU:2
2,DP,1788522397877963.890	,0,NPU:2
2,DP,1788522397977969.880	,0,NPU:2
2,DP,1788522398077954.400	,0,NPU:2
2,DP,1788522398177927.840	,0,NPU:2
2,DP,1788522398277921.670	,0,NPU:2
2,DP,1788522398377958.450	,0,NPU:2
2,DP,1788522398477974.110	,0,NPU:2
2,DP,1788522398577953.640	,0,NPU:2
2,DP,1788522398677911.610	,0,NPU:2
2,DP,1788522398777930.720	,0,NPU:2
2,DP,1788522398877925.070	,0,NPU:2
2,DP,1788522398978009.620	,0,NPU:2
2,DP,1788522399077942.860	,0,NPU:2
2,DP,1788522399177944.700	,0,NPU:2
2,DP,1788522399277916.870	,0,NPU:2
2,DP,1788522399377916.990	,0,NPU:2
2,DP,1788522399477993.320	,0,NPU:2
2,DP,1788522399577921.240	,0,NPU:2
2,DP,1788522399677921.770	,0,NPU:2
2,DP,1788522399777919.970	,0,NPU:2
2,DP,1788522399877912.580	,0,NPU:2
2,DP,1788522399977983.870	,0,NPU:2
2,DP,1788522400077927.200	,0,NPU:2
2,DP,1788522400177927.440	,0,NPU:2
2,DP,1788522400277926.000	,0,NPU:2
2,DP,1788522400377927.760	,0,NPU:2
2,DP,1788522400477988.310	,0,NPU:2
2,DP,1788522400577934.210	,0,NPU:2
2,DP,1788522400677909.290	,0,NPU:2
2,DP,1788522400777918.620	,0,NPU:2
2,DP,1788522400877909.760	,0,NPU:2
2,DP,1788522400977969.760	,0,NPU:2
2,DP,1788522401077942.050	,0,NPU:2
2,DP,1788522401177920.180	,0,NPU:2
2,DP,1788522401277910.480	,0,NPU:2
2,DP,1788522401377925.770	,0,NPU:2
2,DP,1788522401477900.310	,0,NPU:2
2,DP,1788522401577954.960	,0,NPU:2
2,DP,1788522401677921.360	,0,NPU:2
2,DP,1788522401777916.770	,0,NPU:2
2,DP,1788522401877925.470	,0,NPU:2
2,DP,1788522401977916.920	,0,NPU:2
2,DP,1788522402077974.830	,0,NPU:2
2,DP,1788522402177902.680	,0,NPU:2
2,DP,1788522402277918.870	,0,NPU:2
2,DP,1788522402377922.760	,0,NPU:2
2,DP,1788522402477903.590	,0,NPU:2
2,DP,1788522402577942.340	,0,NPU:2
2,DP,1788522402677919.030	,0,NPU:2
2,DP,1788522402777911.780	,0,NPU:2
2,DP,1788522402877922.630	,0,NPU:2
2,DP,1788522402977905.570	,0,NPU:2
2,DP,1788522403077934.900	,0,NPU:2
2,DP,1788522403177942.120	,0,NPU:2
2,DP,1788522403277908.370	,0,NPU:2
2,DP,1788522403377927.360	,0,NPU:2
2,DP,1788522403477900.620	,0,NPU:2
2,DP,1788522403577899.530	,0,NPU:2
2,DP,1788522403677942.630	,0,NPU:2
2,DP,1788522403777925.020	,0,NPU:2
2,DP,1788522403877912.590	,0,NPU:2
2,DP,1788522403977901.400	,0,NPU:2
2,DP,1788522404077891.260	,0,NPU:2
2,DP,1788522404177954.260	,0,NPU:2
2,DP,1788522404277915.290	,0,NPU:2
2,DP,1788522404377906.970	,0,NPU:2
2,DP,1788522404477897.920	,0,NPU:2
2,DP,1788522404577890.250	,0,NPU:2
2,DP,1788522404677934.570	,0,NPU:2
2,DP,1788522404777930.310	,0,NPU:2
2,DP,1788522404877897.690	,0,NPU:2
2,DP,1788522404977898.970	,0,NPU:2
2,DP,1788522405077895.540	,0,NPU:2
2,DP,1788522405177902.050	,0,NPU:2
2,DP,1788522405277949.200	,0,NPU:2
2,DP,1788522405377893.890	,0,NPU:2
2,DP,1788522405477907.290	,0,NPU:2
2,DP,1788522405577893.850	,0,NPU:2
2,DP,1788522405677886.100	,0,NPU:2
2,DP,1788522405777954.290	,0,NPU:2
2,DP,1788522405877885.890	,0,NPU:2
2,DP,1788522405977898.270	,0,NPU:2
2,DP,1788522406077889.750	,0,NPU:2
2,DP,1788522406177915.880	,0,NPU:2
2,DP,1788522406277936.440	,0,NPU:2
2,DP,1788522406377897.670	,0,NPU:2
2,DP,1788522406477888.140	,0,NPU:2
2,DP,1788522406577897.320	,0,NPU:2
2,DP,1788522406677907.770	,0,NPU:2
2,DP,1788522406777934.210	,0,NPU:2
2,DP,1788522406877907.300	,0,NPU:2
2,DP,1788522406977909.710	,0,NPU:2
2,DP,1788522407077929.020	,0,NPU:2
2,DP,1788522407177909.460	,0,NPU:2
2,DP,1788522407277917.990	,0,NPU:2
2,DP,1788522407377925.380	,0,NPU:2
2,DP,1788522407477894.670	,0,NPU:2
2,DP,1788522407577895.450	,0,NPU:2
2,DP,1788522407677906.380	,0,NPU:2
2,DP,1788522407777884.020	,0,NPU:2
2,DP,1788522407877934.230	,0,NPU:2
2,DP,1788522407977893.050	,0,NPU:2
2,DP,1788522408077898.630	,0,NPU:2
2,DP,1788522408177899.180	,0,NPU:2
2,DP,1788522408277883.110	,0,NPU:2
2,DP,1788522408377926.070	,0,NPU:2
2,DP,1788522408477888.490	,0,NPU:2
2,DP,1788522408577895.200	,0,NPU:2
2,DP,1788522408677906.390	,0,NPU:2
2,DP,1788522408777886.940	,0,NPU:2
2,DP,1788522408877899.720	,0,NPU:2
2,DP,1788522408977919.030	,0,NPU:2
2,DP,1788522409077900.950	,0,NPU:2
2,DP,1788522409177920.590	,0,NPU:2
2,DP,1788522409277903.090	,0,NPU:2
2,DP,1788522409377939.190	,0,NPU:2
2,DP,1788522409477940.020	,0,NPU:2
2,DP,1788522409577925.070	,0,NPU:2
2,DP,1788522409677913.390	,0,NPU:2
2,DP,1788522409778505.600	,0,NPU:2
2,DP,1788522409877880.650	,0,NPU:2
2,DP,1788522409884448.780	,0,NPU:2
2,APP,1788522391078023.490	,18679808.0,NPU:2
2,APP,1788522391177937.070	,18679808.0,NPU:2
2,APP,1788522391277935.640	,18679808.0,NPU:2
2,APP,1788522391377927.650	,18679808.0,NPU:2
2,APP,1788522391477926.110	,18679808.0,NPU:2
2,APP,1788522391577931.290	,18679808.0,NPU:2
2,APP,1788522391677920.690	,18679808.0,NPU:2
2,APP,1788522391777924.450	,18679808.0,NPU:2
2,APP,1788522391877922.070	,18679808.0,NPU:2
2,APP,1788522391977925.940	,18679808.0,NPU:2
2,APP,1788522392077937.630	,18679808.0,NPU:2
2,APP,1788522392177916.260	,18679808.0,NPU:2
2,APP,1788522392277917.700	,18679808.0,NPU:2
2,APP,1788522392377914.280	,18679808.0,NPU:2
2,APP,1788522392477913.470	,18679808.0,NPU:2
2,APP,1788522392577913.330	,18679808.0,NPU:2
2,APP,1788522392677914.200	,18679808.0,NPU:2
2,APP,1788522392777911.600	,18679808.0,NPU:2
2,APP,1788522392877912.410	,18679808.0,NPU:2
2,APP,1788522392978016.170	,18679808.0,NPU:2
2,APP,1788522393077977.060	,18679808.0,NPU:2
2,APP,1788522393177974.590	,18679808.0,NPU:2
2,APP,1788522393277964.030	,18679808.0,NPU:2
2,APP,1788522393377945.550	,18679808.0,NPU:2
2,APP,1788522393477976.680	,18679808.0,NPU:2
2,APP,1788522393577984.080	,18679808.0,NPU:2
2,APP,1788522393677968.900	,18679808.0,NPU:2
2,APP,1788522393777954.940	,18679808.0,NPU:2
2,APP,1788522393877942.990	,18679808.0,NPU:2
2,APP,1788522393977961.280	,18679808.0,NPU:2
2,APP,1788522394078013.090	,18679808.0,NPU:2
2,APP,1788522394177974.520	,18679808.0,NPU:2
2,APP,1788522394277964.210	,18679808.0,NPU:2
2,APP,1788522394377950.280	,18679808.0,NPU:2
2,APP,1788522394477952.390	,18679808.0,NPU:2
2,APP,1788522394578016.640	,18679808.0,NPU:2
2,APP,1788522394677977.300	,18679808.0,NPU:2
2,APP,1788522394777969.400	,18679808.0,NPU:2
2,APP,1788522394877962.180	,18679808.0,NPU:2
2,APP,1788522394977965.600	,18679808.0,NPU:2
2,APP,1788522395078008.720	,18679808.0,NPU:2
2,APP,1788522395177977.430	,18679808.0,NPU:2
2,APP,1788522395277957.970	,18679808.0,NPU:2
2,APP,1788522395377930.270	,18679808.0,NPU:2
2,APP,1788522395477921.620	,18679808.0,NPU:2
2,APP,1788522395577936.500	,18679808.0,NPU:2
2,APP,1788522395678003.450	,18679808.0,NPU:2
2,APP,1788522395777928.150	,18679808.0,NPU:2
2,APP,1788522395877927.960	,18679808.0,NPU:2
2,APP,1788522395977921.590	,18679808.0,NPU:2
2,APP,1788522396077916.940	,18679808.0,NPU:2
2,APP,1788522396177923.490	,18679808.0,NPU:2
2,APP,1788522396277996.560	,18679808.0,NPU:2
2,APP,1788522396377924.140	,18679808.0,NPU:2
2,APP,1788522396477922.640	,18679808.0,NPU:2
2,APP,1788522396577981.300	,18679808.0,NPU:2
2,APP,1788522396677932.570	,18679808.0,NPU:2
2,APP,1788522396777925.720	,18679808.0,NPU:2
2,APP,1788522396877997.210	,18679808.0,NPU:2
2,APP,1788522396977942.920	,18679808.0,NPU:2
2,APP,1788522397077970.710	,18679808.0,NPU:2
2,APP,1788522397177936.970	,18679808.0,NPU:2
2,APP,1788522397277933.350	,18679808.0,NPU:2
2,APP,1788522397377993.820	,18679808.0,NPU:2
2,APP,1788522397477951.390	,18679808.0,NPU:2
2,APP,1788522397577956.900	,18679808.0,NPU:2
2,APP,1788522397677924.020	,18679808.0,NPU:2
2,APP,1788522397777934.420	,18679808.0,NPU:2
2,APP,1788522397877963.890	,18679808.0,NPU:2
2,APP,1788522397977969.880	,18679808.0,NPU:2
2,APP,1788522398077954.400	,18679808.0,NPU:2
2,APP,1788522398177927.840	,18679808.0,NPU:2
2,APP,1788522398277921.670	,18679808.0,NPU:2
2,APP,1788522398377958.450	,18679808.0,NPU:2
2,APP,1788522398477974.110	,18679808.0,NPU:2
2,APP,1788522398577953.640	,18679808.0,NPU:2
2,APP,1788522398677911.610	,18679808.0,NPU:2
2,APP,1788522398777930.720	,18679808.0,NPU:2
2,APP,1788522398877925.070	,18679808.0,NPU:2
2,APP,1788522398978009.620	,18679808.0,NPU:2
2,APP,1788522399077942.860	,18679808.0,NPU:2
2,APP,1788522399177944.700	,18679808.0,NPU:2
2,APP,1788522399277916.870	,18679808.0,NPU:2
2,APP,1788522399377916.990	,18679808.0,NPU:2
2,APP,1788522399477993.320	,18679808.0,NPU:2
2,APP,1788522399577921.240	,18679808.0,NPU:2
2,APP,1788522399677921.770	,18679808.0,NPU:2
2,APP,1788522399777919.970	,18679808.0,NPU:2
2,APP,1788522399877912.580	,18679808.0,NPU:2
2,APP,1788522399977983.870	,18679808.0,NPU:2
2,APP,1788522400077927.200	,18679808.0,NPU:2
2,APP,1788522400177927.440	,18679808.0,NPU:2
2,APP,1788522400277926.000	,18679808.0,NPU:2
2,APP,1788522400377927.760	,18679808.0,NPU:2
2,APP,1788522400477988.310	,18679808.0,NPU:2
2,APP,1788522400577934.210	,18679808.0,NPU:2
2,APP,1788522400677909.290	,18679808.0,NPU:2
2,APP,1788522400777918.620	,18679808.0,NPU:2
2,APP,1788522400877909.760	,18679808.0,NPU:2
2,APP,1788522400977969.760	,18679808.0,NPU:2
2,APP,1788522401077942.050	,18679808.0,NPU:2
2,APP,1788522401177920.180	,18679808.0,NPU:2
2,APP,1788522401277910.480	,18679808.0,NPU:2
2,APP,1788522401377925.770	,18679808.0,NPU:2
2,APP,1788522401477900.310	,18679808.0,NPU:2
2,APP,1788522401577954.960	,18679808.0,NPU:2
2,APP,1788522401677921.360	,18679808.0,NPU:2
2,APP,1788522401777916.770	,18679808.0,NPU:2
2,APP,1788522401877925.470	,18679808.0,NPU:2
2,APP,1788522401977916.920	,18679808.0,NPU:2
2,APP,1788522402077974.830	,18679808.0,NPU:2
2,APP,1788522402177902.680	,18679808.0,NPU:2
2,APP,1788522402277918.870	,18679808.0,NPU:2
2,APP,1788522402377922.760	,18679808.0,NPU:2
2,APP,1788522402477903.590	,18679808.0,NPU:2
2,APP,1788522402577942.340	,18679808.0,NPU:2
2,APP,1788522402677919.030	,18679808.0,NPU:2
2,APP,1788522402777911.780	,18679808.0,NPU:2
2,APP,1788522402877922.630	,18679808.0,NPU:2
2,APP,1788522402977905.570	,18679808.0,NPU:2
2,APP,1788522403077934.900	,18679808.0,NPU:2
2,APP,1788522403177942.120	,18679808.0,NPU:2
2,APP,1788522403277908.370	,18679808.0,NPU:2
2,APP,1788522403377927.360	,18679808.0,NPU:2
2,APP,1788522403477900.620	,18679808.0,NPU:2
2,APP,1788522403577899.530	,18679808.0,NPU:2
2,APP,1788522403677942.630	,18679808.0,NPU:2
2,APP,1788522403777925.020	,18679808.0,NPU:2
2,APP,1788522403877912.590	,18679808.0,NPU:2
2,APP,1788522403977901.400	,18679808.0,NPU:2
2,APP,1788522404077891.260	,18679808.0,NPU:2
2,APP,1788522404177954.260	,18679808.0,NPU:2
2,APP,1788522404277915.290	,18679808.0,NPU:2
2,APP,1788522404377906.970	,18679808.0,NPU:2
2,APP,1788522404477897.920	,18679808.0,NPU:2
2,APP,1788522404577890.250	,18679808.0,NPU:2
2,APP,1788522404677934.570	,18679808.0,NPU:2
2,APP,1788522404777930.310	,18679808.0,NPU:2
2,APP,1788522404877897.690	,18679808.0,NPU:2
2,APP,1788522404977898.970	,18679808.0,NPU:2
2,APP,1788522405077895.540	,18679808.0,NPU:2
2,APP,1788522405177902.050	,18679808.0,NPU:2
2,APP,1788522405277949.200	,18679808.0,NPU:2
2,APP,1788522405377893.890	,18679808.0,NPU:2
2,APP,1788522405477907.290	,18679808.0,NPU:2
2,APP,1788522405577893.850	,18679808.0,NPU:2
2,APP,1788522405677886.100	,18679808.0,NPU:2
2,APP,1788522405777954.290	,18679808.0,NPU:2
2,APP,1788522405877885.890	,18679808.0,NPU:2
2,APP,1788522405977898.270	,18679808.0,NPU:2
2,APP,1788522406077889.750	,18679808.0,NPU:2
2,APP,1788522406177915.880	,18679808.0,NPU:2
2,APP,1788522406277936.440	,18679808.0,NPU:2
2,APP,1788522406377897.670	,18679808.0,NPU:2
2,APP,1788522406477888.140	,18679808.0,NPU:2
2,APP,1788522406577897.320	,18679808.0,NPU:2
2,APP,1788522406677907.770	,18679808.0,NPU:2
2,APP,1788522406777934.210	,18679808.0,NPU:2
2,APP,1788522406877907.300	,18679808.0,NPU:2
2,APP,1788522406977909.710	,18679808.0,NPU:2
2,APP,1788522407077929.020	,18679808.0,NPU:2
2,APP,1788522407177909.460	,18679808.0,NPU:2
2,APP,1788522407277917.990	,18679808.0,NPU:2
2,APP,1788522407377925.380	,18679808.0,NPU:2
2,APP,1788522407477894.670	,18679808.0,NPU:2
2,APP,1788522407577895.450	,18679808.0,NPU:2
2,APP,1788522407677906.380	,18679808.0,NPU:2
2,APP,1788522407777884.020	,18679808.0,NPU:2
2,APP,1788522407877934.230	,18679808.0,NPU:2
2,APP,1788522407977893.050	,18679808.0,NPU:2
2,APP,1788522408077898.630	,18679808.0,NPU:2
2,APP,1788522408177899.180	,18679808.0,NPU:2
2,APP,1788522408277883.110	,18679808.0,NPU:2
2,APP,1788522408377926.070	,18679808.0,NPU:2
2,APP,1788522408477888.490	,18679808.0,NPU:2
2,APP,1788522408577895.200	,18679808.0,NPU:2
2,APP,1788522408677906.390	,18679808.0,NPU:2
2,APP,1788522408777886.940	,18679808.0,NPU:2
2,APP,1788522408877899.720	,18679808.0,NPU:2
2,APP,1788522408977919.030	,18679808.0,NPU:2
2,APP,1788522409077900.950	,18679808.0,NPU:2
2,APP,1788522409177920.590	,18679808.0,NPU:2
2,APP,1788522409277903.090	,18679808.0,NPU:2
2,APP,1788522409377939.190	,18679808.0,NPU:2
2,APP,1788522409477940.020	,18679808.0,NPU:2
2,APP,1788522409577925.070	,18679808.0,NPU:2
2,APP,1788522409677913.390	,18679808.0,NPU:2
2,APP,1788522409778505.600	,18679808.0,NPU:2
2,APP,1788522409877880.650	,18679808.0,NPU:2
2,APP,1788522409884448.780	,18679808.0,NPU:2
2,TS,1788522391078023.490	,0,NPU:2
2,TS,1788522391177937.070	,0,NPU:2
2,TS,1788522391277935.640	,0,NPU:2
2,TS,1788522391377927.650	,0,NPU:2
2,TS,1788522391477926.110	,0,NPU:2
2,TS,1788522391577931.290	,0,NPU:2
2,TS,1788522391677920.690	,0,NPU:2
2,TS,1788522391777924.450	,0,NPU:2
2,TS,1788522391877922.070	,0,NPU:2
2,TS,1788522391977925.940	,0,NPU:2
2,TS,1788522392077937.630	,0,NPU:2
2,TS,1788522392177916.260	,0,NPU:2
2,TS,1788522392277917.700	,0,NPU:2
2,TS,1788522392377914.280	,0,NPU:2
2,TS,1788522392477913.470	,0,NPU:2
2,TS,1788522392577913.330	,0,NPU:2
2,TS,1788522392677914.200	,0,NPU:2
2,TS,1788522392777911.600	,0,NPU:2
2,TS,1788522392877912.410	,0,NPU:2
2,TS,1788522392978016.170	,0,NPU:2
2,TS,1788522393077977.060	,0,NPU:2
2,TS,1788522393177974.590	,0,NPU:2
2,TS,1788522393277964.030	,0,NPU:2
2,TS,1788522393377945.550	,0,NPU:2
2,TS,1788522393477976.680	,0,NPU:2
2,TS,1788522393577984.080	,0,NPU:2
2,TS,1788522393677968.900	,0,NPU:2
2,TS,1788522393777954.940	,0,NPU:2
2,TS,1788522393877942.990	,0,NPU:2
2,TS,1788522393977961.280	,0,NPU:2
2,TS,1788522394078013.090	,0,NPU:2
2,TS,1788522394177974.520	,0,NPU:2
2,TS,1788522394277964.210	,0,NPU:2
2,TS,1788522394377950.280	,0,NPU:2
2,TS,1788522394477952.390	,0,NPU:2
2,TS,1788522394578016.640	,0,NPU:2
2,TS,1788522394677977.300	,0,NPU:2
2,TS,1788522394777969.400	,0,NPU:2
2,TS,1788522394877962.180	,0,NPU:2
2,TS,1788522394977965.600	,0,NPU:2
2,TS,1788522395078008.720	,0,NPU:2
2,TS,1788522395177977.430	,0,NPU:2
2,TS,1788522395277957.970	,0,NPU:2
2,TS,1788522395377930.270	,0,NPU:2
2,TS,1788522395477921.620	,0,NPU:2
2,TS,1788522395577936.500	,0,NPU:2
2,TS,1788522395678003.450	,0,NPU:2
2,TS,1788522395777928.150	,0,NPU:2
2,TS,1788522395877927.960	,0,NPU:2
2,TS,1788522395977921.590	,0,NPU:2
2,TS,1788522396077916.940	,0,NPU:2
2,TS,1788522396177923.490	,0,NPU:2
2,TS,1788522396277996.560	,0,NPU:2
2,TS,1788522396377924.140	,0,NPU:2
2,TS,1788522396477922.640	,0,NPU:2
2,TS,1788522396577981.300	,0,NPU:2
2,TS,1788522396677932.570	,0,NPU:2
2,TS,1788522396777925.720	,0,NPU:2
2,TS,1788522396877997.210	,0,NPU:2
2,TS,1788522396977942.920	,0,NPU:2
2,TS,1788522397077970.710	,0,NPU:2
2,TS,1788522397177936.970	,0,NPU:2
2,TS,1788522397277933.350	,0,NPU:2
2,TS,1788522397377993.820	,0,NPU:2
2,TS,1788522397477951.390	,0,NPU:2
2,TS,1788522397577956.900	,0,NPU:2
2,TS,1788522397677924.020	,0,NPU:2
2,TS,1788522397777934.420	,0,NPU:2
2,TS,1788522397877963.890	,0,NPU:2
2,TS,1788522397977969.880	,0,NPU:2
2,TS,1788522398077954.400	,0,NPU:2
2,TS,1788522398177927.840	,0,NPU:2
2,TS,1788522398277921.670	,0,NPU:2
2,TS,1788522398377958.450	,0,NPU:2
2,TS,1788522398477974.110	,0,NPU:2
2,TS,1788522398577953.640	,0,NPU:2
2,TS,1788522398677911.610	,0,NPU:2
2,TS,1788522398777930.720	,0,NPU:2
2,TS,1788522398877925.070	,0,NPU:2
2,TS,1788522398978009.620	,0,NPU:2
2,TS,1788522399077942.860	,0,NPU:2
2,TS,1788522399177944.700	,0,NPU:2
2,TS,1788522399277916.870	,0,NPU:2
2,TS,1788522399377916.990	,0,NPU:2
2,TS,1788522399477993.320	,0,NPU:2
2,TS,1788522399577921.240	,0,NPU:2
2,TS,1788522399677921.770	,0,NPU:2
2,TS,1788522399777919.970	,0,NPU:2
2,TS,1788522399877912.580	,0,NPU:2
2,TS,1788522399977983.870	,0,NPU:2
2,TS,1788522400077927.200	,0,NPU:2
2,TS,1788522400177927.440	,0,NPU:2
2,TS,1788522400277926.000	,0,NPU:2
2,TS,1788522400377927.760	,0,NPU:2
2,TS,1788522400477988.310	,0,NPU:2
2,TS,1788522400577934.210	,0,NPU:2
2,TS,1788522400677909.290	,0,NPU:2
2,TS,1788522400777918.620	,0,NPU:2
2,TS,1788522400877909.760	,0,NPU:2
2,TS,1788522400977969.760	,0,NPU:2
2,TS,1788522401077942.050	,0,NPU:2
2,TS,1788522401177920.180	,0,NPU:2
2,TS,1788522401277910.480	,0,NPU:2
2,TS,1788522401377925.770	,0,NPU:2
2,TS,1788522401477900.310	,0,NPU:2
2,TS,1788522401577954.960	,0,NPU:2
2,TS,1788522401677921.360	,0,NPU:2
2,TS,1788522401777916.770	,0,NPU:2
2,TS,1788522401877925.470	,0,NPU:2
2,TS,1788522401977916.920	,0,NPU:2
2,TS,1788522402077974.830	,0,NPU:2
2,TS,1788522402177902.680	,0,NPU:2
2,TS,1788522402277918.870	,0,NPU:2
2,TS,1788522402377922.760	,0,NPU:2
2,TS,1788522402477903.590	,0,NPU:2
2,TS,1788522402577942.340	,0,NPU:2
2,TS,1788522402677919.030	,0,NPU:2
2,TS,1788522402777911.780	,0,NPU:2
2,TS,1788522402877922.630	,0,NPU:2
2,TS,1788522402977905.570	,0,NPU:2
2,TS,1788522403077934.900	,0,NPU:2
2,TS,1788522403177942.120	,0,NPU:2
2,TS,1788522403277908.370	,0,NPU:2
2,TS,1788522403377927.360	,0,NPU:2
2,TS,1788522403477900.620	,0,NPU:2
2,TS,1788522403577899.530	,0,NPU:2
2,TS,1788522403677942.630	,0,NPU:2
2,TS,1788522403777925.020	,0,NPU:2
2,TS,1788522403877912.590	,0,NPU:2
2,TS,1788522403977901.400	,0,NPU:2
2,TS,1788522404077891.260	,0,NPU:2
2,TS,1788522404177954.260	,0,NPU:2
2,TS,1788522404277915.290	,0,NPU:2
2,TS,1788522404377906.970	,0,NPU:2
2,TS,1788522404477897.920	,0,NPU:2
2,TS,1788522404577890.250	,0,NPU:2
2,TS,1788522404677934.570	,0,NPU:2
2,TS,1788522404777930.310	,0,NPU:2
2,TS,1788522404877897.690	,0,NPU:2
2,TS,1788522404977898.970	,0,NPU:2
2,TS,1788522405077895.540	,0,NPU:2
2,TS,1788522405177902.050	,0,NPU:2
2,TS,1788522405277949.200	,0,NPU:2
2,TS,1788522405377893.890	,0,NPU:2
2,TS,1788522405477907.290	,0,NPU:2
2,TS,1788522405577893.850	,0,NPU:2
2,TS,1788522405677886.100	,0,NPU:2
2,TS,1788522405777954.290	,0,NPU:2
2,TS,1788522405877885.890	,0,NPU:2
2,TS,1788522405977898.270	,0,NPU:2
2,TS,1788522406077889.750	,0,NPU:2
2,TS,1788522406177915.880	,0,NPU:2
2,TS,1788522406277936.440	,0,NPU:2
2,TS,1788522406377897.670	,0,NPU:2
2,TS,1788522406477888.140	,0,NPU:2
2,TS,1788522406577897.320	,0,NPU:2
2,TS,1788522406677907.770	,0,NPU:2
2,TS,1788522406777934.210	,0,NPU:2
2,TS,1788522406877907.300	,0,NPU:2
2,TS,1788522406977909.710	,0,NPU:2
2,TS,1788522407077929.020	,0,NPU:2
2,TS,1788522407177909.460	,0,NPU:2
2,TS,1788522407277917.990	,0,NPU:2
2,TS,1788522407377925.380	,0,NPU:2
2,TS,1788522407477894.670	,0,NPU:2
2,TS,1788522407577895.450	,0,NPU:2
2,TS,1788522407677906.380	,0,NPU:2
2,TS,1788522407777884.020	,0,NPU:2
2,TS,1788522407877934.230	,0,NPU:2
2,TS,1788522407977893.050	,0,NPU:2
2,TS,1788522408077898.630	,0,NPU:2
2,TS,1788522408177899.180	,0,NPU:2
2,TS,1788522408277883.110	,0,NPU:2
2,TS,1788522408377926.070	,0,NPU:2
2,TS,1788522408477888.490	,0,NPU:2
2,TS,1788522408577895.200	,0,NPU:2
2,TS,1788522408677906.390	,0,NPU:2
2,TS,1788522408777886.940	,0,NPU:2
2,TS,1788522408877899.720	,0,NPU:2
2,TS,1788522408977919.030	,0,NPU:2
2,TS,1788522409077900.950	,0,NPU:2
2,TS,1788522409177920.590	,0,NPU:2
2,TS,1788522409277903.090	,0,NPU:2
2,TS,1788522409377939.190	,0,NPU:2
2,TS,1788522409477940.020	,0,NPU:2
2,TS,1788522409577925.070	,0,NPU:2
2,TS,1788522409677913.390	,0,NPU:2
2,TS,1788522409778505.600	,0,NPU:2
2,TS,1788522409877880.650	,0,NPU:2
2,TS,1788522409884448.780	,0,NPU:2
2,TSDUMP,1788522391078023.490	,0,NPU:2
2,TSDUMP,1788522391177937.070	,0,NPU:2
2,TSDUMP,1788522391277935.640	,0,NPU:2
2,TSDUMP,1788522391377927.650	,0,NPU:2
2,TSDUMP,1788522391477926.110	,0,NPU:2
2,TSDUMP,1788522391577931.290	,0,NPU:2
2,TSDUMP,1788522391677920.690	,0,NPU:2
2,TSDUMP,1788522391777924.450	,0,NPU:2
2,TSDUMP,1788522391877922.070	,0,NPU:2
2,TSDUMP,1788522391977925.940	,0,NPU:2
2,TSDUMP,1788522392077937.630	,0,NPU:2
2,TSDUMP,1788522392177916.260	,0,NPU:2
2,TSDUMP,1788522392277917.700	,0,NPU:2
2,TSDUMP,1788522392377914.280	,0,NPU:2
2,TSDUMP,1788522392477913.470	,0,NPU:2
2,TSDUMP,1788522392577913.330	,0,NPU:2
2,TSDUMP,1788522392677914.200	,0,NPU:2
2,TSDUMP,1788522392777911.600	,0,NPU:2
2,TSDUMP,1788522392877912.410	,0,NPU:2
2,TSDUMP,1788522392978016.170	,0,NPU:2
2,TSDUMP,1788522393077977.060	,0,NPU:2
2,TSDUMP,1788522393177974.590	,0,NPU:2
2,TSDUMP,1788522393277964.030	,0,NPU:2
2,TSDUMP,1788522393377945.550	,0,NPU:2
2,TSDUMP,1788522393477976.680	,0,NPU:2
2,TSDUMP,1788522393577984.080	,0,NPU:2
2,TSDUMP,1788522393677968.900	,0,NPU:2
2,TSDUMP,1788522393777954.940	,0,NPU:2
2,TSDUMP,1788522393877942.990	,0,NPU:2
2,TSDUMP,1788522393977961.280	,0,NPU:2
2,TSDUMP,1788522394078013.090	,0,NPU:2
2,TSDUMP,1788522394177974.520	,0,NPU:2
2,TSDUMP,1788522394277964.210	,0,NPU:2
2,TSDUMP,1788522394377950.280	,0,NPU:2
2,TSDUMP,1788522394477952.390	,0,NPU:2
2,TSDUMP,1788522394578016.640	,0,NPU:2
2,TSDUMP,1788522394677977.300	,0,NPU:2
2,TSDUMP,1788522394777969.400	,0,NPU:2
2,TSDUMP,1788522394877962.180	,0,NPU:2
2,TSDUMP,1788522394977965.600	,0,NPU:2
2,TSDUMP,1788522395078008.720	,0,NPU:2
2,TSDUMP,1788522395177977.430	,0,NPU:2
2,TSDUMP,1788522395277957.970	,0,NPU:2
2,TSDUMP,1788522395377930.270	,0,NPU:2
2,TSDUMP,1788522395477921.620	,0,NPU:2
2,TSDUMP,1788522395577936.500	,0,NPU:2
2,TSDUMP,1788522395678003.450	,0,NPU:2
2,TSDUMP,1788522395777928.150	,0,NPU:2
2,TSDUMP,1788522395877927.960	,0,NPU:2
2,TSDUMP,1788522395977921.590	,0,NPU:2
2,TSDUMP,1788522396077916.940	,0,NPU:2
2,TSDUMP,1788522396177923.490	,0,NPU:2
2,TSDUMP,1788522396277996.560	,0,NPU:2
2,TSDUMP,1788522396377924.140	,0,NPU:2
2,TSDUMP,1788522396477922.640	,0,NPU:2
2,TSDUMP,1788522396577981.300	,0,NPU:2
2,TSDUMP,1788522396677932.570	,0,NPU:2
2,TSDUMP,1788522396777925.720	,0,NPU:2
2,TSDUMP,1788522396877997.210	,0,NPU:2
2,TSDUMP,1788522396977942.920	,0,NPU:2
2,TSDUMP,1788522397077970.710	,0,NPU:2
2,TSDUMP,1788522397177936.970	,0,NPU:2
2,TSDUMP,1788522397277933.350	,0,NPU:2
2,TSDUMP,1788522397377993.820	,0,NPU:2
2,TSDUMP,1788522397477951.390	,0,NPU:2
2,TSDUMP,1788522397577956.900	,0,NPU:2
2,TSDUMP,1788522397677924.020	,0,NPU:2
2,TSDUMP,1788522397777934.420	,0,NPU:2
2,TSDUMP,1788522397877963.890	,0,NPU:2
2,TSDUMP,1788522397977969.880	,0,NPU:2
2,TSDUMP,1788522398077954.400	,0,NPU:2
2,TSDUMP,1788522398177927.840	,0,NPU:2
2,TSDUMP,1788522398277921.670	,0,NPU:2
2,TSDUMP,1788522398377958.450	,0,NPU:2
2,TSDUMP,1788522398477974.110	,0,NPU:2
2,TSDUMP,1788522398577953.640	,0,NPU:2
2,TSDUMP,1788522398677911.610	,0,NPU:2
2,TSDUMP,1788522398777930.720	,0,NPU:2
2,TSDUMP,1788522398877925.070	,0,NPU:2
2,TSDUMP,1788522398978009.620	,0,NPU:2
2,TSDUMP,1788522399077942.860	,0,NPU:2
2,TSDUMP,1788522399177944.700	,0,NPU:2
2,TSDUMP,1788522399277916.870	,0,NPU:2
2,TSDUMP,1788522399377916.990	,0,NPU:2
2,TSDUMP,1788522399477993.320	,0,NPU:2
2,TSDUMP,1788522399577921.240	,0,NPU:2
2,TSDUMP,1788522399677921.770	,0,NPU:2
2,TSDUMP,1788522399777919.970	,0,NPU:2
2,TSDUMP,1788522399877912.580	,0,NPU:2
2,TSDUMP,1788522399977983.870	,0,NPU:2
2,TSDUMP,1788522400077927.200	,0,NPU:2
2,TSDUMP,1788522400177927.440	,0,NPU:2
2,TSDUMP,1788522400277926.000	,0,NPU:2
2,TSDUMP,1788522400377927.760	,0,NPU:2
2,TSDUMP,1788522400477988.310	,0,NPU:2
2,TSDUMP,1788522400577934.210	,0,NPU:2
2,TSDUMP,1788522400677909.290	,0,NPU:2
2,TSDUMP,1788522400777918.620	,0,NPU:2
2,TSDUMP,1788522400877909.760	,0,NPU:2
2,TSDUMP,1788522400977969.760	,0,NPU:2
2,TSDUMP,1788522401077942.050	,0,NPU:2
2,TSDUMP,1788522401177920.180	,0,NPU:2
2,TSDUMP,1788522401277910.480	,0,NPU:2
2,TSDUMP,1788522401377925.770	,0,NPU:2
2,TSDUMP,1788522401477900.310	,0,NPU:2
2,TSDUMP,1788522401577954.960	,0,NPU:2
2,TSDUMP,1788522401677921.360	,0,NPU:2
2,TSDUMP,1788522401777916.770	,0,NPU:2
2,TSDUMP,1788522401877925.470	,0,NPU:2
2,TSDUMP,1788522401977916.920	,0,NPU:2
2,TSDUMP,1788522402077974.830	,0,NPU:2
2,TSDUMP,1788522402177902.680	,0,NPU:2
2,TSDUMP,1788522402277918.870	,0,NPU:2
2,TSDUMP,1788522402377922.760	,0,NPU:2
2,TSDUMP,1788522402477903.590	,0,NPU:2
2,TSDUMP,1788522402577942.340	,0,NPU:2
2,TSDUMP,1788522402677919.030	,0,NPU:2
2,TSDUMP,1788522402777911.780	,0,NPU:2
2,TSDUMP,1788522402877922.630	,0,NPU:2
2,TSDUMP,1788522402977905.570	,0,NPU:2
2,TSDUMP,1788522403077934.900	,0,NPU:2
2,TSDUMP,1788522403177942.120	,0,NPU:2
2,TSDUMP,1788522403277908.370	,0,NPU:2
2,TSDUMP,1788522403377927.360	,0,NPU:2
2,TSDUMP,1788522403477900.620	,0,NPU:2
2,TSDUMP,1788522403577899.530	,0,NPU:2
2,TSDUMP,1788522403677942.630	,0,NPU:2
2,TSDUMP,1788522403777925.020	,0,NPU:2
2,TSDUMP,1788522403877912.590	,0,NPU:2
2,TSDUMP,1788522403977901.400	,0,NPU:2
2,TSDUMP,1788522404077891.260	,0,NPU:2
2,TSDUMP,1788522404177954.260	,0,NPU:2
2,TSDUMP,1788522404277915.290	,0,NPU:2
2,TSDUMP,1788522404377906.970	,0,NPU:2
2,TSDUMP,1788522404477897.920	,0,NPU:2
2,TSDUMP,1788522404577890.250	,0,NPU:2
2,TSDUMP,1788522404677934.570	,0,NPU:2
2,TSDUMP,1788522404777930.310	,0,NPU:2
2,TSDUMP,1788522404877897.690	,0,NPU:2
2,TSDUMP,1788522404977898.970	,0,NPU:2
2,TSDUMP,1788522405077895.540	,0,NPU:2
2,TSDUMP,1788522405177902.050	,0,NPU:2
2,TSDUMP,1788522405277949.200	,0,NPU:2
2,TSDUMP,1788522405377893.890	,0,NPU:2
2,TSDUMP,1788522405477907.290	,0,NPU:2
2,TSDUMP,1788522405577893.850	,0,NPU:2
2,TSDUMP,1788522405677886.100	,0,NPU:2
2,TSDUMP,1788522405777954.290	,0,NPU:2
2,TSDUMP,1788522405877885.890	,0,NPU:2
2,TSDUMP,1788522405977898.270	,0,NPU:2
2,TSDUMP,1788522406077889.750	,0,NPU:2
2,TSDUMP,1788522406177915.880	,0,NPU:2
2,TSDUMP,1788522406277936.440	,0,NPU:2
2,TSDUMP,1788522406377897.670	,0,NPU:2
2,TSDUMP,1788522406477888.140	,0,NPU:2
2,TSDUMP,1788522406577897.320	,0,NPU:2
2,TSDUMP,1788522406677907.770	,0,NPU:2
2,TSDUMP,1788522406777934.210	,0,NPU:2
2,TSDUMP,1788522406877907.300	,0,NPU:2
2,TSDUMP,1788522406977909.710	,0,NPU:2
2,TSDUMP,1788522407077929.020	,0,NPU:2
2,TSDUMP,1788522407177909.460	,0,NPU:2
2,TSDUMP,1788522407277917.990	,0,NPU:2
2,TSDUMP,1788522407377925.380	,0,NPU:2
2,TSDUMP,1788522407477894.670	,0,NPU:2
2,TSDUMP,1788522407577895.450	,0,NPU:2
2,TSDUMP,1788522407677906.380	,0,NPU:2
2,TSDUMP,1788522407777884.020	,0,NPU:2
2,TSDUMP,1788522407877934.230	,0,NPU:2
2,TSDUMP,1788522407977893.050	,0,NPU:2
2,TSDUMP,1788522408077898.630	,0,NPU:2
2,TSDUMP,1788522408177899.180	,0,NPU:2
2,TSDUMP,1788522408277883.110	,0,NPU:2
2,TSDUMP,1788522408377926.070	,0,NPU:2
2,TSDUMP,1788522408477888.490	,0,NPU:2
2,TSDUMP,1788522408577895.200	,0,NPU:2
2,TSDUMP,1788522408677906.390	,0,NPU:2
2,TSDUMP,1788522408777886.940	,0,NPU:2
2,TSDUMP,1788522408877899.720	,0,NPU:2
2,TSDUMP,1788522408977919.030	,0,NPU:2
2,TSDUMP,1788522409077900.950	,0,NPU:2
2,TSDUMP,1788522409177920.590	,0,NPU:2
2,TSDUMP,1788522409277903.090	,0,NPU:2
2,TSDUMP,1788522409377939.190	,0,NPU:2
2,TSDUMP,1788522409477940.020	,0,NPU:2
2,TSDUMP,1788522409577925.070	,0,NPU:2
2,TSDUMP,1788522409677913.390	,0,NPU:2
2,TSDUMP,1788522409778505.600	,0,NPU:2
2,TSDUMP,1788522409877880.650	,0,NPU:2
2,TSDUMP,1788522409884448.780	,0,NPU:2
2,AICPU,1788522391078023.490	,0,NPU:2
2,AICPU,1788522391177937.070	,0,NPU:2
2,AICPU,1788522391277935.640	,0,NPU:2
2,AICPU,1788522391377927.650	,0,NPU:2
2,AICPU,1788522391477926.110	,0,NPU:2
2,AICPU,1788522391577931.290	,0,NPU:2
2,AICPU,1788522391677920.690	,0,NPU:2
2,AICPU,1788522391777924.450	,0,NPU:2
2,AICPU,1788522391877922.070	,0,NPU:2
2,AICPU,1788522391977925.940	,0,NPU:2
2,AICPU,1788522392077937.630	,0,NPU:2
2,AICPU,1788522392177916.260	,0,NPU:2
2,AICPU,1788522392277917.700	,0,NPU:2
2,AICPU,1788522392377914.280	,0,NPU:2
2,AICPU,1788522392477913.470	,0,NPU:2
2,AICPU,1788522392577913.330	,0,NPU:2
2,AICPU,1788522392677914.200	,0,NPU:2
2,AICPU,1788522392777911.600	,0,NPU:2
2,AICPU,1788522392877912.410	,0,NPU:2
2,AICPU,1788522392978016.170	,0,NPU:2
2,AICPU,1788522393077977.060	,0,NPU:2
2,AICPU,1788522393177974.590	,0,NPU:2
2,AICPU,1788522393277964.030	,0,NPU:2
2,AICPU,1788522393377945.550	,0,NPU:2
2,AICPU,1788522393477976.680	,0,NPU:2
2,AICPU,1788522393577984.080	,0,NPU:2
2,AICPU,1788522393677968.900	,0,NPU:2
2,AICPU,1788522393777954.940	,0,NPU:2
2,AICPU,1788522393877942.990	,0,NPU:2
2,AICPU,1788522393977961.280	,0,NPU:2
2,AICPU,1788522394078013.090	,0,NPU:2
2,AICPU,1788522394177974.520	,0,NPU:2
2,AICPU,1788522394277964.210	,0,NPU:2
2,AICPU,1788522394377950.280	,0,NPU:2
2,AICPU,1788522394477952.390	,0,NPU:2
2,AICPU,1788522394578016.640	,0,NPU:2
2,AICPU,1788522394677977.300	,0,NPU:2
2,AICPU,1788522394777969.400	,0,NPU:2
2,AICPU,1788522394877962.180	,0,NPU:2
2,AICPU,1788522394977965.600	,0,NPU:2
2,AICPU,1788522395078008.720	,0,NPU:2
2,AICPU,1788522395177977.430	,0,NPU:2
2,AICPU,1788522395277957.970	,0,NPU:2
2,AICPU,1788522395377930.270	,0,NPU:2
2,AICPU,1788522395477921.620	,0,NPU:2
2,AICPU,1788522395577936.500	,0,NPU:2
2,AICPU,1788522395678003.450	,0,NPU:2
2,AICPU,1788522395777928.150	,0,NPU:2
2,AICPU,1788522395877927.960	,0,NPU:2
2,AICPU,1788522395977921.590	,0,NPU:2
2,AICPU,1788522396077916.940	,0,NPU:2
2,AICPU,1788522396177923.490	,0,NPU:2
2,AICPU,1788522396277996.560	,0,NPU:2
2,AICPU,1788522396377924.140	,0,NPU:2
2,AICPU,1788522396477922.640	,0,NPU:2
2,AICPU,1788522396577981.300	,0,NPU:2
2,AICPU,1788522396677932.570	,0,NPU:2
2,AICPU,1788522396777925.720	,0,NPU:2
2,AICPU,1788522396877997.210	,0,NPU:2
2,AICPU,1788522396977942.920	,0,NPU:2
2,AICPU,1788522397077970.710	,0,NPU:2
2,AICPU,1788522397177936.970	,0,NPU:2
2,AICPU,1788522397277933.350	,0,NPU:2
2,AICPU,1788522397377993.820	,0,NPU:2
2,AICPU,1788522397477951.390	,0,NPU:2
2,AICPU,1788522397577956.900	,0,NPU:2
2,AICPU,1788522397677924.020	,0,NPU:2
2,AICPU,1788522397777934.420	,0,NPU:2
2,AICPU,1788522397877963.890	,0,NPU:2
2,AICPU,1788522397977969.880	,0,NPU:2
2,AICPU,1788522398077954.400	,0,NPU:2
2,AICPU,1788522398177927.840	,0,NPU:2
2,AICPU,1788522398277921.670	,0,NPU:2
2,AICPU,1788522398377958.450	,0,NPU:2
2,AICPU,1788522398477974.110	,0,NPU:2
2,AICPU,1788522398577953.640	,0,NPU:2
2,AICPU,1788522398677911.610	,0,NPU:2
2,AICPU,1788522398777930.720	,0,NPU:2
2,AICPU,1788522398877925.070	,0,NPU:2
2,AICPU,1788522398978009.620	,0,NPU:2
2,AICPU,1788522399077942.860	,0,NPU:2
2,AICPU,1788522399177944.700	,0,NPU:2
2,AICPU,1788522399277916.870	,0,NPU:2
2,AICPU,1788522399377916.990	,0,NPU:2
2,AICPU,1788522399477993.320	,0,NPU:2
2,AICPU,1788522399577921.240	,0,NPU:2
2,AICPU,1788522399677921.770	,0,NPU:2
2,AICPU,1788522399777919.970	,0,NPU:2
2,AICPU,1788522399877912.580	,0,NPU:2
2,AICPU,1788522399977983.870	,0,NPU:2
2,AICPU,1788522400077927.200	,0,NPU:2
2,AICPU,1788522400177927.440	,0,NPU:2
2,AICPU,1788522400277926.000	,0,NPU:2
2,AICPU,1788522400377927.760	,0,NPU:2
2,AICPU,1788522400477988.310	,0,NPU:2
2,AICPU,1788522400577934.210	,0,NPU:2
2,AICPU,1788522400677909.290	,0,NPU:2
2,AICPU,1788522400777918.620	,0,NPU:2
2,AICPU,1788522400877909.760	,0,NPU:2
2,AICPU,1788522400977969.760	,0,NPU:2
2,AICPU,1788522401077942.050	,0,NPU:2
2,AICPU,1788522401177920.180	,0,NPU:2
2,AICPU,1788522401277910.480	,0,NPU:2
2,AICPU,1788522401377925.770	,0,NPU:2
2,AICPU,1788522401477900.310	,0,NPU:2
2,AICPU,1788522401577954.960	,0,NPU:2
2,AICPU,1788522401677921.360	,0,NPU:2
2,AICPU,1788522401777916.770	,0,NPU:2
2,AICPU,1788522401877925.470	,0,NPU:2
2,AICPU,1788522401977916.920	,0,NPU:2
2,AICPU,1788522402077974.830	,0,NPU:2
2,AICPU,1788522402177902.680	,0,NPU:2
2,AICPU,1788522402277918.870	,0,NPU:2
2,AICPU,1788522402377922.760	,0,NPU:2
2,AICPU,1788522402477903.590	,0,NPU:2
2,AICPU,1788522402577942.340	,0,NPU:2
2,AICPU,1788522402677919.030	,0,NPU:2
2,AICPU,1788522402777911.780	,0,NPU:2
2,AICPU,1788522402877922.630	,0,NPU:2
2,AICPU,1788522402977905.570	,0,NPU:2
2,AICPU,1788522403077934.900	,0,NPU:2
2,AICPU,1788522403177942.120	,0,NPU:2
2,AICPU,1788522403277908.370	,0,NPU:2
2,AICPU,1788522403377927.360	,0,NPU:2
2,AICPU,1788522403477900.620	,0,NPU:2
2,AICPU,1788522403577899.530	,0,NPU:2
2,AICPU,1788522403677942.630	,0,NPU:2
2,AICPU,1788522403777925.020	,0,NPU:2
2,AICPU,1788522403877912.590	,0,NPU:2
2,AICPU,1788522403977901.400	,0,NPU:2
2,AICPU,1788522404077891.260	,0,NPU:2
2,AICPU,1788522404177954.260	,0,NPU:2
2,AICPU,1788522404277915.290	,0,NPU:2
2,AICPU,1788522404377906.970	,0,NPU:2
2,AICPU,1788522404477897.920	,0,NPU:2
2,AICPU,1788522404577890.250	,0,NPU:2
2,AICPU,1788522404677934.570	,0,NPU:2
2,AICPU,1788522404777930.310	,0,NPU:2
2,AICPU,1788522404877897.690	,0,NPU:2
2,AICPU,1788522404977898.970	,0,NPU:2
2,AICPU,1788522405077895.540	,0,NPU:2
2,AICPU,1788522405177902.050	,0,NPU:2
2,AICPU,1788522405277949.200	,0,NPU:2
2,AICPU,1788522405377893.890	,0,NPU:2
2,AICPU,1788522405477907.290	,0,NPU:2
2,AICPU,1788522405577893.850	,0,NPU:2
2,AICPU,1788522405677886.100	,0,NPU:2
2,AICPU,1788522405777954.290	,0,NPU:2
2,AICPU,1788522405877885.890	,0,NPU:2
2,AICPU,1788522405977898.270	,0,NPU:2
2,AICPU,1788522406077889.750	,0,NPU:2
2,AICPU,1788522406177915.880	,0,NPU:2
2,AICPU,1788522406277936.440	,0,NPU:2
2,AICPU,1788522406377897.670	,0,NPU:2
2,AICPU,1788522406477888.140	,0,NPU:2
2,AICPU,1788522406577897.320	,0,NPU:2
2,AICPU,1788522406677907.770	,0,NPU:2
2,AICPU,1788522406777934.210	,0,NPU:2
2,AICPU,1788522406877907.300	,0,NPU:2
2,AICPU,1788522406977909.710	,0,NPU:2
2,AICPU,1788522407077929.020	,0,NPU:2
2,AICPU,1788522407177909.460	,0,NPU:2
2,AICPU,1788522407277917.990	,0,NPU:2
2,AICPU,1788522407377925.380	,0,NPU:2
2,AICPU,1788522407477894.670	,0,NPU:2
2,AICPU,1788522407577895.450	,0,NPU:2
2,AICPU,1788522407677906.380	,0,NPU:2
2,AICPU,1788522407777884.020	,0,NPU:2
2,AICPU,1788522407877934.230	,0,NPU:2
2,AICPU,1788522407977893.050	,0,NPU:2
2,AICPU,1788522408077898.630	,0,NPU:2
2,AICPU,1788522408177899.180	,0,NPU:2
2,AICPU,1788522408277883.110	,0,NPU:2
2,AICPU,1788522408377926.070	,0,NPU:2
2,AICPU,1788522408477888.490	,0,NPU:2
2,AICPU,1788522408577895.200	,0,NPU:2
2,AICPU,1788522408677906.390	,0,NPU:2
2,AICPU,1788522408777886.940	,0,NPU:2
2,AICPU,1788522408877899.720	,0,NPU:2
2,AICPU,1788522408977919.030	,0,NPU:2
2,AICPU,1788522409077900.950	,0,NPU:2
2,AICPU,1788522409177920.590	,0,NPU:2
2,AICPU,1788522409277903.090	,0,NPU:2
2,AICPU,1788522409377939.190	,0,NPU:2
2,AICPU,1788522409477940.020	,0,NPU:2
2,AICPU,1788522409577925.070	,0,NPU:2
2,AICPU,1788522409677913.390	,0,NPU:2
2,AICPU,1788522409778505.600	,0,NPU:2
2,AICPU,1788522409877880.650	,0,NPU:2
2,AICPU,1788522409884448.780	,0,NPU:2
2,LP,1788522391078023.490	,0,NPU:2
2,LP,1788522391177937.070	,0,NPU:2
2,LP,1788522391277935.640	,0,NPU:2
2,LP,1788522391377927.650	,0,NPU:2
2,LP,1788522391477926.110	,0,NPU:2
2,LP,1788522391577931.290	,0,NPU:2
2,LP,1788522391677920.690	,0,NPU:2
2,LP,1788522391777924.450	,0,NPU:2
2,LP,1788522391877922.070	,0,NPU:2
2,LP,1788522391977925.940	,0,NPU:2
2,LP,1788522392077937.630	,0,NPU:2
2,LP,1788522392177916.260	,0,NPU:2
2,LP,1788522392277917.700	,0,NPU:2
2,LP,1788522392377914.280	,0,NPU:2
2,LP,1788522392477913.470	,0,NPU:2
2,LP,1788522392577913.330	,0,NPU:2
2,LP,1788522392677914.200	,0,NPU:2
2,LP,1788522392777911.600	,0,NPU:2
2,LP,1788522392877912.410	,0,NPU:2
2,LP,1788522392978016.170	,0,NPU:2
2,LP,1788522393077977.060	,0,NPU:2
2,LP,1788522393177974.590	,0,NPU:2
2,LP,1788522393277964.030	,0,NPU:2
2,LP,1788522393377945.550	,0,NPU:2
2,LP,1788522393477976.680	,0,NPU:2
2,LP,1788522393577984.080	,0,NPU:2
2,LP,1788522393677968.900	,0,NPU:2
2,LP,1788522393777954.940	,0,NPU:2
2,LP,1788522393877942.990	,0,NPU:2
2,LP,1788522393977961.280	,0,NPU:2
2,LP,1788522394078013.090	,0,NPU:2
2,LP,1788522394177974.520	,0,NPU:2
2,LP,1788522394277964.210	,0,NPU:2
2,LP,1788522394377950.280	,0,NPU:2
2,LP,1788522394477952.390	,0,NPU:2
2,LP,1788522394578016.640	,0,NPU:2
2,LP,1788522394677977.300	,0,NPU:2
2,LP,1788522394777969.400	,0,NPU:2
2,LP,1788522394877962.180	,0,NPU:2
2,LP,1788522394977965.600	,0,NPU:2
2,LP,1788522395078008.720	,0,NPU:2
2,LP,1788522395177977.430	,0,NPU:2
2,LP,1788522395277957.970	,0,NPU:2
2,LP,1788522395377930.270	,0,NPU:2
2,LP,1788522395477921.620	,0,NPU:2
2,LP,1788522395577936.500	,0,NPU:2
2,LP,1788522395678003.450	,0,NPU:2
2,LP,1788522395777928.150	,0,NPU:2
2,LP,1788522395877927.960	,0,NPU:2
2,LP,1788522395977921.590	,0,NPU:2
2,LP,1788522396077916.940	,0,NPU:2
2,LP,1788522396177923.490	,0,NPU:2
2,LP,1788522396277996.560	,0,NPU:2
2,LP,1788522396377924.140	,0,NPU:2
2,LP,1788522396477922.640	,0,NPU:2
2,LP,1788522396577981.300	,0,NPU:2
2,LP,1788522396677932.570	,0,NPU:2
2,LP,1788522396777925.720	,0,NPU:2
2,LP,1788522396877997.210	,0,NPU:2
2,LP,1788522396977942.920	,0,NPU:2
2,LP,1788522397077970.710	,0,NPU:2
2,LP,1788522397177936.970	,0,NPU:2
2,LP,1788522397277933.350	,0,NPU:2
2,LP,1788522397377993.820	,0,NPU:2
2,LP,1788522397477951.390	,0,NPU:2
2,LP,1788522397577956.900	,0,NPU:2
2,LP,1788522397677924.020	,0,NPU:2
2,LP,1788522397777934.420	,0,NPU:2
2,LP,1788522397877963.890	,0,NPU:2
2,LP,1788522397977969.880	,0,NPU:2
2,LP,1788522398077954.400	,0,NPU:2
2,LP,1788522398177927.840	,0,NPU:2
2,LP,1788522398277921.670	,0,NPU:2
2,LP,1788522398377958.450	,0,NPU:2
2,LP,1788522398477974.110	,0,NPU:2
2,LP,1788522398577953.640	,0,NPU:2
2,LP,1788522398677911.610	,0,NPU:2
2,LP,1788522398777930.720	,0,NPU:2
2,LP,1788522398877925.070	,0,NPU:2
2,LP,1788522398978009.620	,0,NPU:2
2,LP,1788522399077942.860	,0,NPU:2
2,LP,1788522399177944.700	,0,NPU:2
2,LP,1788522399277916.870	,0,NPU:2
2,LP,1788522399377916.990	,0,NPU:2
2,LP,1788522399477993.320	,0,NPU:2
2,LP,1788522399577921.240	,0,NPU:2
2,LP,1788522399677921.770	,0,NPU:2
2,LP,1788522399777919.970	,0,NPU:2
2,LP,1788522399877912.580	,0,NPU:2
2,LP,1788522399977983.870	,0,NPU:2
2,LP,1788522400077927.200	,0,NPU:2
2,LP,1788522400177927.440	,0,NPU:2
2,LP,1788522400277926.000	,0,NPU:2
2,LP,1788522400377927.760	,0,NPU:2
2,LP,1788522400477988.310	,0,NPU:2
2,LP,1788522400577934.210	,0,NPU:2
2,LP,1788522400677909.290	,0,NPU:2
2,LP,1788522400777918.620	,0,NPU:2
2,LP,1788522400877909.760	,0,NPU:2
2,LP,1788522400977969.760	,0,NPU:2
2,LP,1788522401077942.050	,0,NPU:2
2,LP,1788522401177920.180	,0,NPU:2
2,LP,1788522401277910.480	,0,NPU:2
2,LP,1788522401377925.770	,0,NPU:2
2,LP,1788522401477900.310	,0,NPU:2
2,LP,1788522401577954.960	,0,NPU:2
2,LP,1788522401677921.360	,0,NPU:2
2,LP,1788522401777916.770	,0,NPU:2
2,LP,1788522401877925.470	,0,NPU:2
2,LP,1788522401977916.920	,0,NPU:2
2,LP,1788522402077974.830	,0,NPU:2
2,LP,1788522402177902.680	,0,NPU:2
2,LP,1788522402277918.870	,0,NPU:2
2,LP,1788522402377922.760	,0,NPU:2
2,LP,1788522402477903.590	,0,NPU:2
2,LP,1788522402577942.340	,0,NPU:2
2,LP,1788522402677919.030	,0,NPU:2
2,LP,1788522402777911.780	,0,NPU:2
2,LP,1788522402877922.630	,0,NPU:2
2,LP,1788522402977905.570	,0,NPU:2
2,LP,1788522403077934.900	,0,NPU:2
2,LP,1788522403177942.120	,0,NPU:2
2,LP,1788522403277908.370	,0,NPU:2
2,LP,1788522403377927.360	,0,NPU:2
2,LP,1788522403477900.620	,0,NPU:2
2,LP,1788522403577899.530	,0,NPU:2
2,LP,1788522403677942.630	,0,NPU:2
2,LP,1788522403777925.020	,0,NPU:2
2,LP,1788522403877912.590	,0,NPU:2
2,LP,1788522403977901.400	,0,NPU:2
2,LP,1788522404077891.260	,0,NPU:2
2,LP,1788522404177954.260	,0,NPU:2
2,LP,1788522404277915.290	,0,NPU:2
2,LP,1788522404377906.970	,0,NPU:2
2,LP,1788522404477897.920	,0,NPU:2
2,LP,1788522404577890.250	,0,NPU:2
2,LP,1788522404677934.570	,0,NPU:2
2,LP,1788522404777930.310	,0,NPU:2
2,LP,1788522404877897.690	,0,NPU:2
2,LP,1788522404977898.970	,0,NPU:2
2,LP,1788522405077895.540	,0,NPU:2
2,LP,1788522405177902.050	,0,NPU:2
2,LP,1788522405277949.200	,0,NPU:2
2,LP,1788522405377893.890	,0,NPU:2
2,LP,1788522405477907.290	,0,NPU:2
2,LP,1788522405577893.850	,0,NPU:2
2,LP,1788522405677886.100	,0,NPU:2
2,LP,1788522405777954.290	,0,NPU:2
2,LP,1788522405877885.890	,0,NPU:2
2,LP,1788522405977898.270	,0,NPU:2
2,LP,1788522406077889.750	,0,NPU:2
2,LP,1788522406177915.880	,0,NPU:2
2,LP,1788522406277936.440	,0,NPU:2
2,LP,1788522406377897.670	,0,NPU:2
2,LP,1788522406477888.140	,0,NPU:2
2,LP,1788522406577897.320	,0,NPU:2
2,LP,1788522406677907.770	,0,NPU:2
2,LP,1788522406777934.210	,0,NPU:2
2,LP,1788522406877907.300	,0,NPU:2
2,LP,1788522406977909.710	,0,NPU:2
2,LP,1788522407077929.020	,0,NPU:2
2,LP,1788522407177909.460	,0,NPU:2
2,LP,1788522407277917.990	,0,NPU:2
2,LP,1788522407377925.380	,0,NPU:2
2,LP,1788522407477894.670	,0,NPU:2
2,LP,1788522407577895.450	,0,NPU:2
2,LP,1788522407677906.380	,0,NPU:2
2,LP,1788522407777884.020	,0,NPU:2
2,LP,1788522407877934.230	,0,NPU:2
2,LP,1788522407977893.050	,0,NPU:2
2,LP,1788522408077898.630	,0,NPU:2
2,LP,1788522408177899.180	,0,NPU:2
2,LP,1788522408277883.110	,0,NPU:2
2,LP,1788522408377926.070	,0,NPU:2
2,LP,1788522408477888.490	,0,NPU:2
2,LP,1788522408577895.200	,0,NPU:2
2,LP,1788522408677906.390	,0,NPU:2
2,LP,1788522408777886.940	,0,NPU:2
2,LP,1788522408877899.720	,0,NPU:2
2,LP,1788522408977919.030	,0,NPU:2
2,LP,1788522409077900.950	,0,NPU:2
2,LP,1788522409177920.590	,0,NPU:2
2,LP,1788522409277903.090	,0,NPU:2
2,LP,1788522409377939.190	,0,NPU:2
2,LP,1788522409477940.020	,0,NPU:2
2,LP,1788522409577925.070	,0,NPU:2
2,LP,1788522409677913.390	,0,NPU:2
2,LP,1788522409778505.600	,0,NPU:2
2,LP,1788522409877880.650	,0,NPU:2
2,LP,1788522409884448.780	,0,NPU:2
2,TDT,1788522391078023.490	,0,NPU:2
2,TDT,1788522391177937.070	,0,NPU:2
2,TDT,1788522391277935.640	,0,NPU:2
2,TDT,1788522391377927.650	,0,NPU:2
2,TDT,1788522391477926.110	,0,NPU:2
2,TDT,1788522391577931.290	,0,NPU:2
2,TDT,1788522391677920.690	,0,NPU:2
2,TDT,1788522391777924.450	,0,NPU:2
2,TDT,1788522391877922.070	,0,NPU:2
2,TDT,1788522391977925.940	,0,NPU:2
2,TDT,1788522392077937.630	,0,NPU:2
2,TDT,1788522392177916.260	,0,NPU:2
2,TDT,1788522392277917.700	,0,NPU:2
2,TDT,1788522392377914.280	,0,NPU:2
2,TDT,1788522392477913.470	,0,NPU:2
2,TDT,1788522392577913.330	,0,NPU:2
2,TDT,1788522392677914.200	,0,NPU:2
2,TDT,1788522392777911.600	,0,NPU:2
2,TDT,1788522392877912.410	,0,NPU:2
2,TDT,1788522392978016.170	,0,NPU:2
2,TDT,1788522393077977.060	,0,NPU:2
2,TDT,1788522393177974.590	,0,NPU:2
2,TDT,1788522393277964.030	,0,NPU:2
2,TDT,1788522393377945.550	,0,NPU:2
2,TDT,1788522393477976.680	,0,NPU:2
2,TDT,1788522393577984.080	,0,NPU:2
2,TDT,1788522393677968.900	,0,NPU:2
2,TDT,1788522393777954.940	,0,NPU:2
2,TDT,1788522393877942.990	,0,NPU:2
2,TDT,1788522393977961.280	,0,NPU:2
2,TDT,1788522394078013.090	,0,NPU:2
2,TDT,1788522394177974.520	,0,NPU:2
2,TDT,1788522394277964.210	,0,NPU:2
2,TDT,1788522394377950.280	,0,NPU:2
2,TDT,1788522394477952.390	,0,NPU:2
2,TDT,1788522394578016.640	,0,NPU:2
2,TDT,1788522394677977.300	,0,NPU:2
2,TDT,1788522394777969.400	,0,NPU:2
2,TDT,1788522394877962.180	,0,NPU:2
2,TDT,1788522394977965.600	,0,NPU:2
2,TDT,1788522395078008.720	,0,NPU:2
2,TDT,1788522395177977.430	,0,NPU:2
2,TDT,1788522395277957.970	,0,NPU:2
2,TDT,1788522395377930.270	,0,NPU:2
2,TDT,1788522395477921.620	,0,NPU:2
2,TDT,1788522395577936.500	,0,NPU:2
2,TDT,1788522395678003.450	,0,NPU:2
2,TDT,1788522395777928.150	,0,NPU:2
2,TDT,1788522395877927.960	,0,NPU:2
2,TDT,1788522395977921.590	,0,NPU:2
2,TDT,1788522396077916.940	,0,NPU:2
2,TDT,1788522396177923.490	,0,NPU:2
2,TDT,1788522396277996.560	,0,NPU:2
2,TDT,1788522396377924.140	,0,NPU:2
2,TDT,1788522396477922.640	,0,NPU:2
2,TDT,1788522396577981.300	,0,NPU:2
2,TDT,1788522396677932.570	,0,NPU:2
2,TDT,1788522396777925.720	,0,NPU:2
2,TDT,1788522396877997.210	,0,NPU:2
2,TDT,1788522396977942.920	,0,NPU:2
2,TDT,1788522397077970.710	,0,NPU:2
2,TDT,1788522397177936.970	,0,NPU:2
2,TDT,1788522397277933.350	,0,NPU:2
2,TDT,1788522397377993.820	,0,NPU:2
2,TDT,1788522397477951.390	,0,NPU:2
2,TDT,1788522397577956.900	,0,NPU:2
2,TDT,1788522397677924.020	,0,NPU:2
2,TDT,1788522397777934.420	,0,NPU:2
2,TDT,1788522397877963.890	,0,NPU:2
2,TDT,1788522397977969.880	,0,NPU:2
2,TDT,1788522398077954.400	,0,NPU:2
2,TDT,1788522398177927.840	,0,NPU:2
2,TDT,1788522398277921.670	,0,NPU:2
2,TDT,1788522398377958.450	,0,NPU:2
2,TDT,1788522398477974.110	,0,NPU:2
2,TDT,1788522398577953.640	,0,NPU:2
2,TDT,1788522398677911.610	,0,NPU:2
2,TDT,1788522398777930.720	,0,NPU:2
2,TDT,1788522398877925.070	,0,NPU:2
2,TDT,1788522398978009.620	,0,NPU:2
2,TDT,1788522399077942.860	,0,NPU:2
2,TDT,1788522399177944.700	,0,NPU:2
2,TDT,1788522399277916.870	,0,NPU:2
2,TDT,1788522399377916.990	,0,NPU:2
2,TDT,1788522399477993.320	,0,NPU:2
2,TDT,1788522399577921.240	,0,NPU:2
2,TDT,1788522399677921.770	,0,NPU:2
2,TDT,1788522399777919.970	,0,NPU:2
2,TDT,1788522399877912.580	,0,NPU:2
2,TDT,1788522399977983.870	,0,NPU:2
2,TDT,1788522400077927.200	,0,NPU:2
2,TDT,1788522400177927.440	,0,NPU:2
2,TDT,1788522400277926.000	,0,NPU:2
2,TDT,1788522400377927.760	,0,NPU:2
2,TDT,1788522400477988.310	,0,NPU:2
2,TDT,1788522400577934.210	,0,NPU:2
2,TDT,1788522400677909.290	,0,NPU:2
2,TDT,1788522400777918.620	,0,NPU:2
2,TDT,1788522400877909.760	,0,NPU:2
2,TDT,1788522400977969.760	,0,NPU:2
2,TDT,1788522401077942.050	,0,NPU:2
2,TDT,1788522401177920.180	,0,NPU:2
2,TDT,1788522401277910.480	,0,NPU:2
2,TDT,1788522401377925.770	,0,NPU:2
2,TDT,1788522401477900.310	,0,NPU:2
2,TDT,1788522401577954.960	,0,NPU:2
2,TDT,1788522401677921.360	,0,NPU:2
2,TDT,1788522401777916.770	,0,NPU:2
2,TDT,1788522401877925.470	,0,NPU:2
2,TDT,1788522401977916.920	,0,NPU:2
2,TDT,1788522402077974.830	,0,NPU:2
2,TDT,1788522402177902.680	,0,NPU:2
2,TDT,1788522402277918.870	,0,NPU:2
2,TDT,1788522402377922.760	,0,NPU:2
2,TDT,1788522402477903.590	,0,NPU:2
2,TDT,1788522402577942.340	,0,NPU:2
2,TDT,1788522402677919.030	,0,NPU:2
2,TDT,1788522402777911.780	,0,NPU:2
2,TDT,1788522402877922.630	,0,NPU:2
2,TDT,1788522402977905.570	,0,NPU:2
2,TDT,1788522403077934.900	,0,NPU:2
2,TDT,1788522403177942.120	,0,NPU:2
2,TDT,1788522403277908.370	,0,NPU:2
2,TDT,1788522403377927.360	,0,NPU:2
2,TDT,1788522403477900.620	,0,NPU:2
2,TDT,1788522403577899.530	,0,NPU:2
2,TDT,1788522403677942.630	,0,NPU:2
2,TDT,1788522403777925.020	,0,NPU:2
2,TDT,1788522403877912.590	,0,NPU:2
2,TDT,1788522403977901.400	,0,NPU:2
2,TDT,1788522404077891.260	,0,NPU:2
2,TDT,1788522404177954.260	,0,NPU:2
2,TDT,1788522404277915.290	,0,NPU:2
2,TDT,1788522404377906.970	,0,NPU:2
2,TDT,1788522404477897.920	,0,NPU:2
2,TDT,1788522404577890.250	,0,NPU:2
2,TDT,1788522404677934.570	,0,NPU:2
2,TDT,1788522404777930.310	,0,NPU:2
2,TDT,1788522404877897.690	,0,NPU:2
2,TDT,1788522404977898.970	,0,NPU:2
2,TDT,1788522405077895.540	,0,NPU:2
2,TDT,1788522405177902.050	,0,NPU:2
2,TDT,1788522405277949.200	,0,NPU:2
2,TDT,1788522405377893.890	,0,NPU:2
2,TDT,1788522405477907.290	,0,NPU:2
2,TDT,1788522405577893.850	,0,NPU:2
2,TDT,1788522405677886.100	,0,NPU:2
2,TDT,1788522405777954.290	,0,NPU:2
2,TDT,1788522405877885.890	,0,NPU:2
2,TDT,1788522405977898.270	,0,NPU:2
2,TDT,1788522406077889.750	,0,NPU:2
2,TDT,1788522406177915.880	,0,NPU:2
2,TDT,1788522406277936.440	,0,NPU:2
2,TDT,1788522406377897.670	,0,NPU:2
2,TDT,1788522406477888.140	,0,NPU:2
2,TDT,1788522406577897.320	,0,NPU:2
2,TDT,1788522406677907.770	,0,NPU:2
2,TDT,1788522406777934.210	,0,NPU:2
2,TDT,1788522406877907.300	,0,NPU:2
2,TDT,1788522406977909.710	,0,NPU:2
2,TDT,1788522407077929.020	,0,NPU:2
2,TDT,1788522407177909.460	,0,NPU:2
2,TDT,1788522407277917.990	,0,NPU:2
2,TDT,1788522407377925.380	,0,NPU:2
2,TDT,1788522407477894.670	,0,NPU:2
2,TDT,1788522407577895.450	,0,NPU:2
2,TDT,1788522407677906.380	,0,NPU:2
2,TDT,1788522407777884.020	,0,NPU:2
2,TDT,1788522407877934.230	,0,NPU:2
2,TDT,1788522407977893.050	,0,NPU:2
2,TDT,1788522408077898.630	,0,NPU:2
2,TDT,1788522408177899.180	,0,NPU:2
2,TDT,1788522408277883.110	,0,NPU:2
2,TDT,1788522408377926.070	,0,NPU:2
2,TDT,1788522408477888.490	,0,NPU:2
2,TDT,1788522408577895.200	,0,NPU:2
2,TDT,1788522408677906.390	,0,NPU:2
2,TDT,1788522408777886.940	,0,NPU:2
2,TDT,1788522408877899.720	,0,NPU:2
2,TDT,1788522408977919.030	,0,NPU:2
2,TDT,1788522409077900.950	,0,NPU:2
2,TDT,1788522409177920.590	,0,NPU:2
2,TDT,1788522409277903.090	,0,NPU:2
2,TDT,1788522409377939.190	,0,NPU:2
2,TDT,1788522409477940.020	,0,NPU:2
2,TDT,1788522409577925.070	,0,NPU:2
2,TDT,1788522409677913.390	,0,NPU:2
2,TDT,1788522409778505.600	,0,NPU:2
2,TDT,1788522409877880.650	,0,NPU:2
2,TDT,1788522409884448.780	,0,NPU:2
2,FE,1788522391078023.490	,0,NPU:2
2,FE,1788522391177937.070	,0,NPU:2
2,FE,1788522391277935.640	,0,NPU:2
2,FE,1788522391377927.650	,0,NPU:2
2,FE,1788522391477926.110	,0,NPU:2
2,FE,1788522391577931.290	,0,NPU:2
2,FE,1788522391677920.690	,0,NPU:2
2,FE,1788522391777924.450	,0,NPU:2
2,FE,1788522391877922.070	,0,NPU:2
2,FE,1788522391977925.940	,0,NPU:2
2,FE,1788522392077937.630	,0,NPU:2
2,FE,1788522392177916.260	,0,NPU:2
2,FE,1788522392277917.700	,0,NPU:2
2,FE,1788522392377914.280	,0,NPU:2
2,FE,1788522392477913.470	,0,NPU:2
2,FE,1788522392577913.330	,0,NPU:2
2,FE,1788522392677914.200	,0,NPU:2
2,FE,1788522392777911.600	,0,NPU:2
2,FE,1788522392877912.410	,0,NPU:2
2,FE,1788522392978016.170	,0,NPU:2
2,FE,1788522393077977.060	,0,NPU:2
2,FE,1788522393177974.590	,0,NPU:2
2,FE,1788522393277964.030	,0,NPU:2
2,FE,1788522393377945.550	,0,NPU:2
2,FE,1788522393477976.680	,0,NPU:2
2,FE,1788522393577984.080	,0,NPU:2
2,FE,1788522393677968.900	,0,NPU:2
2,FE,1788522393777954.940	,0,NPU:2
2,FE,1788522393877942.990	,0,NPU:2
2,FE,1788522393977961.280	,0,NPU:2
2,FE,1788522394078013.090	,0,NPU:2
2,FE,1788522394177974.520	,0,NPU:2
2,FE,1788522394277964.210	,0,NPU:2
2,FE,1788522394377950.280	,0,NPU:2
2,FE,1788522394477952.390	,0,NPU:2
2,FE,1788522394578016.640	,0,NPU:2
2,FE,1788522394677977.300	,0,NPU:2
2,FE,1788522394777969.400	,0,NPU:2
2,FE,1788522394877962.180	,0,NPU:2
2,FE,1788522394977965.600	,0,NPU:2
2,FE,1788522395078008.720	,0,NPU:2
2,FE,1788522395177977.430	,0,NPU:2
2,FE,1788522395277957.970	,0,NPU:2
2,FE,1788522395377930.270	,0,NPU:2
2,FE,1788522395477921.620	,0,NPU:2
2,FE,1788522395577936.500	,0,NPU:2
2,FE,1788522395678003.450	,0,NPU:2
2,FE,1788522395777928.150	,0,NPU:2
2,FE,1788522395877927.960	,0,NPU:2
2,FE,1788522395977921.590	,0,NPU:2
2,FE,1788522396077916.940	,0,NPU:2
2,FE,1788522396177923.490	,0,NPU:2
2,FE,1788522396277996.560	,0,NPU:2
2,FE,1788522396377924.140	,0,NPU:2
2,FE,1788522396477922.640	,0,NPU:2
2,FE,1788522396577981.300	,0,NPU:2
2,FE,1788522396677932.570	,0,NPU:2
2,FE,1788522396777925.720	,0,NPU:2
2,FE,1788522396877997.210	,0,NPU:2
2,FE,1788522396977942.920	,0,NPU:2
2,FE,1788522397077970.710	,0,NPU:2
2,FE,1788522397177936.970	,0,NPU:2
2,FE,1788522397277933.350	,0,NPU:2
2,FE,1788522397377993.820	,0,NPU:2
2,FE,1788522397477951.390	,0,NPU:2
2,FE,1788522397577956.900	,0,NPU:2
2,FE,1788522397677924.020	,0,NPU:2
2,FE,1788522397777934.420	,0,NPU:2
2,FE,1788522397877963.890	,0,NPU:2
2,FE,1788522397977969.880	,0,NPU:2
2,FE,1788522398077954.400	,0,NPU:2
2,FE,1788522398177927.840	,0,NPU:2
2,FE,1788522398277921.670	,0,NPU:2
2,FE,1788522398377958.450	,0,NPU:2
2,FE,1788522398477974.110	,0,NPU:2
2,FE,1788522398577953.640	,0,NPU:2
2,FE,1788522398677911.610	,0,NPU:2
2,FE,1788522398777930.720	,0,NPU:2
2,FE,1788522398877925.070	,0,NPU:2
2,FE,1788522398978009.620	,0,NPU:2
2,FE,1788522399077942.860	,0,NPU:2
2,FE,1788522399177944.700	,0,NPU:2
2,FE,1788522399277916.870	,0,NPU:2
2,FE,1788522399377916.990	,0,NPU:2
2,FE,1788522399477993.320	,0,NPU:2
2,FE,1788522399577921.240	,0,NPU:2
2,FE,1788522399677921.770	,0,NPU:2
2,FE,1788522399777919.970	,0,NPU:2
2,FE,1788522399877912.580	,0,NPU:2
2,FE,1788522399977983.870	,0,NPU:2
2,FE,1788522400077927.200	,0,NPU:2
2,FE,1788522400177927.440	,0,NPU:2
2,FE,1788522400277926.000	,0,NPU:2
2,FE,1788522400377927.760	,0,NPU:2
2,FE,1788522400477988.310	,0,NPU:2
2,FE,1788522400577934.210	,0,NPU:2
2,FE,1788522400677909.290	,0,NPU:2
2,FE,1788522400777918.620	,0,NPU:2
2,FE,1788522400877909.760	,0,NPU:2
2,FE,1788522400977969.760	,0,NPU:2
2,FE,1788522401077942.050	,0,NPU:2
2,FE,1788522401177920.180	,0,NPU:2
2,FE,1788522401277910.480	,0,NPU:2
2,FE,1788522401377925.770	,0,NPU:2
2,FE,1788522401477900.310	,0,NPU:2
2,FE,1788522401577954.960	,0,NPU:2
2,FE,1788522401677921.360	,0,NPU:2
2,FE,1788522401777916.770	,0,NPU:2
2,FE,1788522401877925.470	,0,NPU:2
2,FE,1788522401977916.920	,0,NPU:2
2,FE,1788522402077974.830	,0,NPU:2
2,FE,1788522402177902.680	,0,NPU:2
2,FE,1788522402277918.870	,0,NPU:2
2,FE,1788522402377922.760	,0,NPU:2
2,FE,1788522402477903.590	,0,NPU:2
2,FE,1788522402577942.340	,0,NPU:2
2,FE,1788522402677919.030	,0,NPU:2
2,FE,1788522402777911.780	,0,NPU:2
2,FE,1788522402877922.630	,0,NPU:2
2,FE,1788522402977905.570	,0,NPU:2
2,FE,1788522403077934.900	,0,NPU:2
2,FE,1788522403177942.120	,0,NPU:2
2,FE,1788522403277908.370	,0,NPU:2
2,FE,1788522403377927.360	,0,NPU:2
2,FE,1788522403477900.620	,0,NPU:2
2,FE,1788522403577899.530	,0,NPU:2
2,FE,1788522403677942.630	,0,NPU:2
2,FE,1788522403777925.020	,0,NPU:2
2,FE,1788522403877912.590	,0,NPU:2
2,FE,1788522403977901.400	,0,NPU:2
2,FE,1788522404077891.260	,0,NPU:2
2,FE,1788522404177954.260	,0,NPU:2
2,FE,1788522404277915.290	,0,NPU:2
2,FE,1788522404377906.970	,0,NPU:2
2,FE,1788522404477897.920	,0,NPU:2
2,FE,1788522404577890.250	,0,NPU:2
2,FE,1788522404677934.570	,0,NPU:2
2,FE,1788522404777930.310	,0,NPU:2
2,FE,1788522404877897.690	,0,NPU:2
2,FE,1788522404977898.970	,0,NPU:2
2,FE,1788522405077895.540	,0,NPU:2
2,FE,1788522405177902.050	,0,NPU:2
2,FE,1788522405277949.200	,0,NPU:2
2,FE,1788522405377893.890	,0,NPU:2
2,FE,1788522405477907.290	,0,NPU:2
2,FE,1788522405577893.850	,0,NPU:2
2,FE,1788522405677886.100	,0,NPU:2
2,FE,1788522405777954.290	,0,NPU:2
2,FE,1788522405877885.890	,0,NPU:2
2,FE,1788522405977898.270	,0,NPU:2
2,FE,1788522406077889.750	,0,NPU:2
2,FE,1788522406177915.880	,0,NPU:2
2,FE,1788522406277936.440	,0,NPU:2
2,FE,1788522406377897.670	,0,NPU:2
2,FE,1788522406477888.140	,0,NPU:2
2,FE,1788522406577897.320	,0,NPU:2
2,FE,1788522406677907.770	,0,NPU:2
2,FE,1788522406777934.210	,0,NPU:2
2,FE,1788522406877907.300	,0,NPU:2
2,FE,1788522406977909.710	,0,NPU:2
2,FE,1788522407077929.020	,0,NPU:2
2,FE,1788522407177909.460	,0,NPU:2
2,FE,1788522407277917.990	,0,NPU:2
2,FE,1788522407377925.380	,0,NPU:2
2,FE,1788522407477894.670	,0,NPU:2
2,FE,1788522407577895.450	,0,NPU:2
2,FE,1788522407677906.380	,0,NPU:2
2,FE,1788522407777884.020	,0,NPU:2
2,FE,1788522407877934.230	,0,NPU:2
2,FE,1788522407977893.050	,0,NPU:2
2,FE,1788522408077898.630	,0,NPU:2
2,FE,1788522408177899.180	,0,NPU:2
2,FE,1788522408277883.110	,0,NPU:2
2,FE,1788522408377926.070	,0,NPU:2
2,FE,1788522408477888.490	,0,NPU:2
2,FE,1788522408577895.200	,0,NPU:2
2,FE,1788522408677906.390	,0,NPU:2
2,FE,1788522408777886.940	,0,NPU:2
2,FE,1788522408877899.720	,0,NPU:2
2,FE,1788522408977919.030	,0,NPU:2
2,FE,1788522409077900.950	,0,NPU:2
2,FE,1788522409177920.590	,0,NPU:2
2,FE,1788522409277903.090	,0,NPU:2
2,FE,1788522409377939.190	,0,NPU:2
2,FE,1788522409477940.020	,0,NPU:2
2,FE,1788522409577925.070	,0,NPU:2
2,FE,1788522409677913.390	,0,NPU:2
2,FE,1788522409778505.600	,0,NPU:2
2,FE,1788522409877880.650	,0,NPU:2
2,FE,1788522409884448.780	,0,NPU:2
2,MD,1788522391078023.490	,0,NPU:2
2,MD,1788522391177937.070	,0,NPU:2
2,MD,1788522391277935.640	,0,NPU:2
2,MD,1788522391377927.650	,0,NPU:2
2,MD,1788522391477926.110	,0,NPU:2
2,MD,1788522391577931.290	,0,NPU:2
2,MD,1788522391677920.690	,0,NPU:2
2,MD,1788522391777924.450	,0,NPU:2
2,MD,1788522391877922.070	,0,NPU:2
2,MD,1788522391977925.940	,0,NPU:2
2,MD,1788522392077937.630	,0,NPU:2
2,MD,1788522392177916.260	,0,NPU:2
2,MD,1788522392277917.700	,0,NPU:2
2,MD,1788522392377914.280	,0,NPU:2
2,MD,1788522392477913.470	,0,NPU:2
2,MD,1788522392577913.330	,0,NPU:2
2,MD,1788522392677914.200	,0,NPU:2
2,MD,1788522392777911.600	,0,NPU:2
2,MD,1788522392877912.410	,0,NPU:2
2,MD,1788522392978016.170	,0,NPU:2
2,MD,1788522393077977.060	,0,NPU:2
2,MD,1788522393177974.590	,0,NPU:2
2,MD,1788522393277964.030	,0,NPU:2
2,MD,1788522393377945.550	,0,NPU:2
2,MD,1788522393477976.680	,0,NPU:2
2,MD,1788522393577984.080	,0,NPU:2
2,MD,1788522393677968.900	,0,NPU:2
2,MD,1788522393777954.940	,0,NPU:2
2,MD,1788522393877942.990	,0,NPU:2
2,MD,1788522393977961.280	,0,NPU:2
2,MD,1788522394078013.090	,0,NPU:2
2,MD,1788522394177974.520	,0,NPU:2
2,MD,1788522394277964.210	,0,NPU:2
2,MD,1788522394377950.280	,0,NPU:2
2,MD,1788522394477952.390	,0,NPU:2
2,MD,1788522394578016.640	,0,NPU:2
2,MD,1788522394677977.300	,0,NPU:2
2,MD,1788522394777969.400	,0,NPU:2
2,MD,1788522394877962.180	,0,NPU:2
2,MD,1788522394977965.600	,0,NPU:2
2,MD,1788522395078008.720	,0,NPU:2
2,MD,1788522395177977.430	,0,NPU:2
2,MD,1788522395277957.970	,0,NPU:2
2,MD,1788522395377930.270	,0,NPU:2
2,MD,1788522395477921.620	,0,NPU:2
2,MD,1788522395577936.500	,0,NPU:2
2,MD,1788522395678003.450	,0,NPU:2
2,MD,1788522395777928.150	,0,NPU:2
2,MD,1788522395877927.960	,0,NPU:2
2,MD,1788522395977921.590	,0,NPU:2
2,MD,1788522396077916.940	,0,NPU:2
2,MD,1788522396177923.490	,0,NPU:2
2,MD,1788522396277996.560	,0,NPU:2
2,MD,1788522396377924.140	,0,NPU:2
2,MD,1788522396477922.640	,0,NPU:2
2,MD,1788522396577981.300	,0,NPU:2
2,MD,1788522396677932.570	,0,NPU:2
2,MD,1788522396777925.720	,0,NPU:2
2,MD,1788522396877997.210	,0,NPU:2
2,MD,1788522396977942.920	,0,NPU:2
2,MD,1788522397077970.710	,0,NPU:2
2,MD,1788522397177936.970	,0,NPU:2
2,MD,1788522397277933.350	,0,NPU:2
2,MD,1788522397377993.820	,0,NPU:2
2,MD,1788522397477951.390	,0,NPU:2
2,MD,1788522397577956.900	,0,NPU:2
2,MD,1788522397677924.020	,0,NPU:2
2,MD,1788522397777934.420	,0,NPU:2
2,MD,1788522397877963.890	,0,NPU:2
2,MD,1788522397977969.880	,0,NPU:2
2,MD,1788522398077954.400	,0,NPU:2
2,MD,1788522398177927.840	,0,NPU:2
2,MD,1788522398277921.670	,0,NPU:2
2,MD,1788522398377958.450	,0,NPU:2
2,MD,1788522398477974.110	,0,NPU:2
2,MD,1788522398577953.640	,0,NPU:2
2,MD,1788522398677911.610	,0,NPU:2
2,MD,1788522398777930.720	,0,NPU:2
2,MD,1788522398877925.070	,0,NPU:2
2,MD,1788522398978009.620	,0,NPU:2
2,MD,1788522399077942.860	,0,NPU:2
2,MD,1788522399177944.700	,0,NPU:2
2,MD,1788522399277916.870	,0,NPU:2
2,MD,1788522399377916.990	,0,NPU:2
2,MD,1788522399477993.320	,0,NPU:2
2,MD,1788522399577921.240	,0,NPU:2
2,MD,1788522399677921.770	,0,NPU:2
2,MD,1788522399777919.970	,0,NPU:2
2,MD,1788522399877912.580	,0,NPU:2
2,MD,1788522399977983.870	,0,NPU:2
2,MD,1788522400077927.200	,0,NPU:2
2,MD,1788522400177927.440	,0,NPU:2
2,MD,1788522400277926.000	,0,NPU:2
2,MD,1788522400377927.760	,0,NPU:2
2,MD,1788522400477988.310	,0,NPU:2
2,MD,1788522400577934.210	,0,NPU:2
2,MD,1788522400677909.290	,0,NPU:2
2,MD,1788522400777918.620	,0,NPU:2
2,MD,1788522400877909.760	,0,NPU:2
2,MD,1788522400977969.760	,0,NPU:2
2,MD,1788522401077942.050	,0,NPU:2
2,MD,1788522401177920.180	,0,NPU:2
2,MD,1788522401277910.480	,0,NPU:2
2,MD,1788522401377925.770	,0,NPU:2
2,MD,1788522401477900.310	,0,NPU:2
2,MD,1788522401577954.960	,0,NPU:2
2,MD,1788522401677921.360	,0,NPU:2
2,MD,1788522401777916.770	,0,NPU:2
2,MD,1788522401877925.470	,0,NPU:2
2,MD,1788522401977916.920	,0,NPU:2
2,MD,1788522402077974.830	,0,NPU:2
2,MD,1788522402177902.680	,0,NPU:2
2,MD,1788522402277918.870	,0,NPU:2
2,MD,1788522402377922.760	,0,NPU:2
2,MD,1788522402477903.590	,0,NPU:2
2,MD,1788522402577942.340	,0,NPU:2
2,MD,1788522402677919.030	,0,NPU:2
2,MD,1788522402777911.780	,0,NPU:2
2,MD,1788522402877922.630	,0,NPU:2
2,MD,1788522402977905.570	,0,NPU:2
2,MD,1788522403077934.900	,0,NPU:2
2,MD,1788522403177942.120	,0,NPU:2
2,MD,1788522403277908.370	,0,NPU:2
2,MD,1788522403377927.360	,0,NPU:2
2,MD,1788522403477900.620	,0,NPU:2
2,MD,1788522403577899.530	,0,NPU:2
2,MD,1788522403677942.630	,0,NPU:2
2,MD,1788522403777925.020	,0,NPU:2
2,MD,1788522403877912.590	,0,NPU:2
2,MD,1788522403977901.400	,0,NPU:2
2,MD,1788522404077891.260	,0,NPU:2
2,MD,1788522404177954.260	,0,NPU:2
2,MD,1788522404277915.290	,0,NPU:2
2,MD,1788522404377906.970	,0,NPU:2
2,MD,1788522404477897.920	,0,NPU:2
2,MD,1788522404577890.250	,0,NPU:2
2,MD,1788522404677934.570	,0,NPU:2
2,MD,1788522404777930.310	,0,NPU:2
2,MD,1788522404877897.690	,0,NPU:2
2,MD,1788522404977898.970	,0,NPU:2
2,MD,1788522405077895.540	,0,NPU:2
2,MD,1788522405177902.050	,0,NPU:2
2,MD,1788522405277949.200	,0,NPU:2
2,MD,1788522405377893.890	,0,NPU:2
2,MD,1788522405477907.290	,0,NPU:2
2,MD,1788522405577893.850	,0,NPU:2
2,MD,1788522405677886.100	,0,NPU:2
2,MD,1788522405777954.290	,0,NPU:2
2,MD,1788522405877885.890	,0,NPU:2
2,MD,1788522405977898.270	,0,NPU:2
2,MD,1788522406077889.750	,0,NPU:2
2,MD,1788522406177915.880	,0,NPU:2
2,MD,1788522406277936.440	,0,NPU:2
2,MD,1788522406377897.670	,0,NPU:2
2,MD,1788522406477888.140	,0,NPU:2
2,MD,1788522406577897.320	,0,NPU:2
2,MD,1788522406677907.770	,0,NPU:2
2,MD,1788522406777934.210	,0,NPU:2
2,MD,1788522406877907.300	,0,NPU:2
2,MD,1788522406977909.710	,0,NPU:2
2,MD,1788522407077929.020	,0,NPU:2
2,MD,1788522407177909.460	,0,NPU:2
2,MD,1788522407277917.990	,0,NPU:2
2,MD,1788522407377925.380	,0,NPU:2
2,MD,1788522407477894.670	,0,NPU:2
2,MD,1788522407577895.450	,0,NPU:2
2,MD,1788522407677906.380	,0,NPU:2
2,MD,1788522407777884.020	,0,NPU:2
2,MD,1788522407877934.230	,0,NPU:2
2,MD,1788522407977893.050	,0,NPU:2
2,MD,1788522408077898.630	,0,NPU:2
2,MD,1788522408177899.180	,0,NPU:2
2,MD,1788522408277883.110	,0,NPU:2
2,MD,1788522408377926.070	,0,NPU:2
2,MD,1788522408477888.490	,0,NPU:2
2,MD,1788522408577895.200	,0,NPU:2
2,MD,1788522408677906.390	,0,NPU:2
2,MD,1788522408777886.940	,0,NPU:2
2,MD,1788522408877899.720	,0,NPU:2
2,MD,1788522408977919.030	,0,NPU:2
2,MD,1788522409077900.950	,0,NPU:2
2,MD,1788522409177920.590	,0,NPU:2
2,MD,1788522409277903.090	,0,NPU:2
2,MD,1788522409377939.190	,0,NPU:2
2,MD,1788522409477940.020	,0,NPU:2
2,MD,1788522409577925.070	,0,NPU:2
2,MD,1788522409677913.390	,0,NPU:2
2,MD,1788522409778505.600	,0,NPU:2
2,MD,1788522409877880.650	,0,NPU:2
2,MD,1788522409884448.780	,0,NPU:2
2,MB,1788522391078023.490	,0,NPU:2
2,MB,1788522391177937.070	,0,NPU:2
2,MB,1788522391277935.640	,0,NPU:2
2,MB,1788522391377927.650	,0,NPU:2
2,MB,1788522391477926.110	,0,NPU:2
2,MB,1788522391577931.290	,0,NPU:2
2,MB,1788522391677920.690	,0,NPU:2
2,MB,1788522391777924.450	,0,NPU:2
2,MB,1788522391877922.070	,0,NPU:2
2,MB,1788522391977925.940	,0,NPU:2
2,MB,1788522392077937.630	,0,NPU:2
2,MB,1788522392177916.260	,0,NPU:2
2,MB,1788522392277917.700	,0,NPU:2
2,MB,1788522392377914.280	,0,NPU:2
2,MB,1788522392477913.470	,0,NPU:2
2,MB,1788522392577913.330	,0,NPU:2
2,MB,1788522392677914.200	,0,NPU:2
2,MB,1788522392777911.600	,0,NPU:2
2,MB,1788522392877912.410	,0,NPU:2
2,MB,1788522392978016.170	,0,NPU:2
2,MB,1788522393077977.060	,0,NPU:2
2,MB,1788522393177974.590	,0,NPU:2
2,MB,1788522393277964.030	,0,NPU:2
2,MB,1788522393377945.550	,0,NPU:2
2,MB,1788522393477976.680	,0,NPU:2
2,MB,1788522393577984.080	,0,NPU:2
2,MB,1788522393677968.900	,0,NPU:2
2,MB,1788522393777954.940	,0,NPU:2
2,MB,1788522393877942.990	,0,NPU:2
2,MB,1788522393977961.280	,0,NPU:2
2,MB,1788522394078013.090	,0,NPU:2
2,MB,1788522394177974.520	,0,NPU:2
2,MB,1788522394277964.210	,0,NPU:2
2,MB,1788522394377950.280	,0,NPU:2
2,MB,1788522394477952.390	,0,NPU:2
2,MB,1788522394578016.640	,0,NPU:2
2,MB,1788522394677977.300	,0,NPU:2
2,MB,1788522394777969.400	,0,NPU:2
2,MB,1788522394877962.180	,0,NPU:2
2,MB,1788522394977965.600	,0,NPU:2
2,MB,1788522395078008.720	,0,NPU:2
2,MB,1788522395177977.430	,0,NPU:2
2,MB,1788522395277957.970	,0,NPU:2
2,MB,1788522395377930.270	,0,NPU:2
2,MB,1788522395477921.620	,0,NPU:2
2,MB,1788522395577936.500	,0,NPU:2
2,MB,1788522395678003.450	,0,NPU:2
2,MB,1788522395777928.150	,0,NPU:2
2,MB,1788522395877927.960	,0,NPU:2
2,MB,1788522395977921.590	,0,NPU:2
2,MB,1788522396077916.940	,0,NPU:2
2,MB,1788522396177923.490	,0,NPU:2
2,MB,1788522396277996.560	,0,NPU:2
2,MB,1788522396377924.140	,0,NPU:2
2,MB,1788522396477922.640	,0,NPU:2
2,MB,1788522396577981.300	,0,NPU:2
2,MB,1788522396677932.570	,0,NPU:2
2,MB,1788522396777925.720	,0,NPU:2
2,MB,1788522396877997.210	,0,NPU:2
2,MB,1788522396977942.920	,0,NPU:2
2,MB,1788522397077970.710	,0,NPU:2
2,MB,1788522397177936.970	,0,NPU:2
2,MB,1788522397277933.350	,0,NPU:2
2,MB,1788522397377993.820	,0,NPU:2
2,MB,1788522397477951.390	,0,NPU:2
2,MB,1788522397577956.900	,0,NPU:2
2,MB,1788522397677924.020	,0,NPU:2
2,MB,1788522397777934.420	,0,NPU:2
2,MB,1788522397877963.890	,0,NPU:2
2,MB,1788522397977969.880	,0,NPU:2
2,MB,1788522398077954.400	,0,NPU:2
2,MB,1788522398177927.840	,0,NPU:2
2,MB,1788522398277921.670	,0,NPU:2
2,MB,1788522398377958.450	,0,NPU:2
2,MB,1788522398477974.110	,0,NPU:2
2,MB,1788522398577953.640	,0,NPU:2
2,MB,1788522398677911.610	,0,NPU:2
2,MB,1788522398777930.720	,0,NPU:2
2,MB,1788522398877925.070	,0,NPU:2
2,MB,1788522398978009.620	,0,NPU:2
2,MB,1788522399077942.860	,0,NPU:2
2,MB,1788522399177944.700	,0,NPU:2
2,MB,1788522399277916.870	,0,NPU:2
2,MB,1788522399377916.990	,0,NPU:2
2,MB,1788522399477993.320	,0,NPU:2
2,MB,1788522399577921.240	,0,NPU:2
2,MB,1788522399677921.770	,0,NPU:2
2,MB,1788522399777919.970	,0,NPU:2
2,MB,1788522399877912.580	,0,NPU:2
2,MB,1788522399977983.870	,0,NPU:2
2,MB,1788522400077927.200	,0,NPU:2
2,MB,1788522400177927.440	,0,NPU:2
2,MB,1788522400277926.000	,0,NPU:2
2,MB,1788522400377927.760	,0,NPU:2
2,MB,1788522400477988.310	,0,NPU:2
2,MB,1788522400577934.210	,0,NPU:2
2,MB,1788522400677909.290	,0,NPU:2
2,MB,1788522400777918.620	,0,NPU:2
2,MB,1788522400877909.760	,0,NPU:2
2,MB,1788522400977969.760	,0,NPU:2
2,MB,1788522401077942.050	,0,NPU:2
2,MB,1788522401177920.180	,0,NPU:2
2,MB,1788522401277910.480	,0,NPU:2
2,MB,1788522401377925.770	,0,NPU:2
2,MB,1788522401477900.310	,0,NPU:2
2,MB,1788522401577954.960	,0,NPU:2
2,MB,1788522401677921.360	,0,NPU:2
2,MB,1788522401777916.770	,0,NPU:2
2,MB,1788522401877925.470	,0,NPU:2
2,MB,1788522401977916.920	,0,NPU:2
2,MB,1788522402077974.830	,0,NPU:2
2,MB,1788522402177902.680	,0,NPU:2
2,MB,1788522402277918.870	,0,NPU:2
2,MB,1788522402377922.760	,0,NPU:2
2,MB,1788522402477903.590	,0,NPU:2
2,MB,1788522402577942.340	,0,NPU:2
2,MB,1788522402677919.030	,0,NPU:2
2,MB,1788522402777911.780	,0,NPU:2
2,MB,1788522402877922.630	,0,NPU:2
2,MB,1788522402977905.570	,0,NPU:2
2,MB,1788522403077934.900	,0,NPU:2
2,MB,1788522403177942.120	,0,NPU:2
2,MB,1788522403277908.370	,0,NPU:2
2,MB,1788522403377927.360	,0,NPU:2
2,MB,1788522403477900.620	,0,NPU:2
2,MB,1788522403577899.530	,0,NPU:2
2,MB,1788522403677942.630	,0,NPU:2
2,MB,1788522403777925.020	,0,NPU:2
2,MB,1788522403877912.590	,0,NPU:2
2,MB,1788522403977901.400	,0,NPU:2
2,MB,1788522404077891.260	,0,NPU:2
2,MB,1788522404177954.260	,0,NPU:2
2,MB,1788522404277915.290	,0,NPU:2
2,MB,1788522404377906.970	,0,NPU:2
2,MB,1788522404477897.920	,0,NPU:2
2,MB,1788522404577890.250	,0,NPU:2
2,MB,1788522404677934.570	,0,NPU:2
2,MB,1788522404777930.310	,0,NPU:2
2,MB,1788522404877897.690	,0,NPU:2
2,MB,1788522404977898.970	,0,NPU:2
2,MB,1788522405077895.540	,0,NPU:2
2,MB,1788522405177902.050	,0,NPU:2
2,MB,1788522405277949.200	,0,NPU:2
2,MB,1788522405377893.890	,0,NPU:2
2,MB,1788522405477907.290	,0,NPU:2
2,MB,1788522405577893.850	,0,NPU:2
2,MB,1788522405677886.100	,0,NPU:2
2,MB,1788522405777954.290	,0,NPU:2
2,MB,1788522405877885.890	,0,NPU:2
2,MB,1788522405977898.270	,0,NPU:2
2,MB,1788522406077889.750	,0,NPU:2
2,MB,1788522406177915.880	,0,NPU:2
2,MB,1788522406277936.440	,0,NPU:2
2,MB,1788522406377897.670	,0,NPU:2
2,MB,1788522406477888.140	,0,NPU:2
2,MB,1788522406577897.320	,0,NPU:2
2,MB,1788522406677907.770	,0,NPU:2
2,MB,1788522406777934.210	,0,NPU:2
2,MB,1788522406877907.300	,0,NPU:2
2,MB,1788522406977909.710	,0,NPU:2
2,MB,1788522407077929.020	,0,NPU:2
2,MB,1788522407177909.460	,0,NPU:2
2,MB,1788522407277917.990	,0,NPU:2
2,MB,1788522407377925.380	,0,NPU:2
2,MB,1788522407477894.670	,0,NPU:2
2,MB,1788522407577895.450	,0,NPU:2
2,MB,1788522407677906.380	,0,NPU:2
2,MB,1788522407777884.020	,0,NPU:2
2,MB,1788522407877934.230	,0,NPU:2
2,MB,1788522407977893.050	,0,NPU:2
2,MB,1788522408077898.630	,0,NPU:2
2,MB,1788522408177899.180	,0,NPU:2
2,MB,1788522408277883.110	,0,NPU:2
2,MB,1788522408377926.070	,0,NPU:2
2,MB,1788522408477888.490	,0,NPU:2
2,MB,1788522408577895.200	,0,NPU:2
2,MB,1788522408677906.390	,0,NPU:2
2,MB,1788522408777886.940	,0,NPU:2
2,MB,1788522408877899.720	,0,NPU:2
2,MB,1788522408977919.030	,0,NPU:2
2,MB,1788522409077900.950	,0,NPU:2
2,MB,1788522409177920.590	,0,NPU:2
2,MB,1788522409277903.090	,0,NPU:2
2,MB,1788522409377939.190	,0,NPU:2
2,MB,1788522409477940.020	,0,NPU:2
2,MB,1788522409577925.070	,0,NPU:2
2,MB,1788522409677913.390	,0,NPU:2
2,MB,1788522409778505.600	,0,NPU:2
2,MB,1788522409877880.650	,0,NPU:2
2,MB,1788522409884448.780	,0,NPU:2
2,ME,1788522391078023.490	,0,NPU:2
2,ME,1788522391177937.070	,0,NPU:2
2,ME,1788522391277935.640	,0,NPU:2
2,ME,1788522391377927.650	,0,NPU:2
2,ME,1788522391477926.110	,0,NPU:2
2,ME,1788522391577931.290	,0,NPU:2
2,ME,1788522391677920.690	,0,NPU:2
2,ME,1788522391777924.450	,0,NPU:2
2,ME,1788522391877922.070	,0,NPU:2
2,ME,1788522391977925.940	,0,NPU:2
2,ME,1788522392077937.630	,0,NPU:2
2,ME,1788522392177916.260	,0,NPU:2
2,ME,1788522392277917.700	,0,NPU:2
2,ME,1788522392377914.280	,0,NPU:2
2,ME,1788522392477913.470	,0,NPU:2
2,ME,1788522392577913.330	,0,NPU:2
2,ME,1788522392677914.200	,0,NPU:2
2,ME,1788522392777911.600	,0,NPU:2
2,ME,1788522392877912.410	,0,NPU:2
2,ME,1788522392978016.170	,0,NPU:2
2,ME,1788522393077977.060	,0,NPU:2
2,ME,1788522393177974.590	,0,NPU:2
2,ME,1788522393277964.030	,0,NPU:2
2,ME,1788522393377945.550	,0,NPU:2
2,ME,1788522393477976.680	,0,NPU:2
2,ME,1788522393577984.080	,0,NPU:2
2,ME,1788522393677968.900	,0,NPU:2
2,ME,1788522393777954.940	,0,NPU:2
2,ME,1788522393877942.990	,0,NPU:2
2,ME,1788522393977961.280	,0,NPU:2
2,ME,1788522394078013.090	,0,NPU:2
2,ME,1788522394177974.520	,0,NPU:2
2,ME,1788522394277964.210	,0,NPU:2
2,ME,1788522394377950.280	,0,NPU:2
2,ME,1788522394477952.390	,0,NPU:2
2,ME,1788522394578016.640	,0,NPU:2
2,ME,1788522394677977.300	,0,NPU:2
2,ME,1788522394777969.400	,0,NPU:2
2,ME,1788522394877962.180	,0,NPU:2
2,ME,1788522394977965.600	,0,NPU:2
2,ME,1788522395078008.720	,0,NPU:2
2,ME,1788522395177977.430	,0,NPU:2
2,ME,1788522395277957.970	,0,NPU:2
2,ME,1788522395377930.270	,0,NPU:2
2,ME,1788522395477921.620	,0,NPU:2
2,ME,1788522395577936.500	,0,NPU:2
2,ME,1788522395678003.450	,0,NPU:2
2,ME,1788522395777928.150	,0,NPU:2
2,ME,1788522395877927.960	,0,NPU:2
2,ME,1788522395977921.590	,0,NPU:2
2,ME,1788522396077916.940	,0,NPU:2
2,ME,1788522396177923.490	,0,NPU:2
2,ME,1788522396277996.560	,0,NPU:2
2,ME,1788522396377924.140	,0,NPU:2
2,ME,1788522396477922.640	,0,NPU:2
2,ME,1788522396577981.300	,0,NPU:2
2,ME,1788522396677932.570	,0,NPU:2
2,ME,1788522396777925.720	,0,NPU:2
2,ME,1788522396877997.210	,0,NPU:2
2,ME,1788522396977942.920	,0,NPU:2
2,ME,1788522397077970.710	,0,NPU:2
2,ME,1788522397177936.970	,0,NPU:2
2,ME,1788522397277933.350	,0,NPU:2
2,ME,1788522397377993.820	,0,NPU:2
2,ME,1788522397477951.390	,0,NPU:2
2,ME,1788522397577956.900	,0,NPU:2
2,ME,1788522397677924.020	,0,NPU:2
2,ME,1788522397777934.420	,0,NPU:2
2,ME,1788522397877963.890	,0,NPU:2
2,ME,1788522397977969.880	,0,NPU:2
2,ME,1788522398077954.400	,0,NPU:2
2,ME,1788522398177927.840	,0,NPU:2
2,ME,1788522398277921.670	,0,NPU:2
2,ME,1788522398377958.450	,0,NPU:2
2,ME,1788522398477974.110	,0,NPU:2
2,ME,1788522398577953.640	,0,NPU:2
2,ME,1788522398677911.610	,0,NPU:2
2,ME,1788522398777930.720	,0,NPU:2
2,ME,1788522398877925.070	,0,NPU:2
2,ME,1788522398978009.620	,0,NPU:2
2,ME,1788522399077942.860	,0,NPU:2
2,ME,1788522399177944.700	,0,NPU:2
2,ME,1788522399277916.870	,0,NPU:2
2,ME,1788522399377916.990	,0,NPU:2
2,ME,1788522399477993.320	,0,NPU:2
2,ME,1788522399577921.240	,0,NPU:2
2,ME,1788522399677921.770	,0,NPU:2
2,ME,1788522399777919.970	,0,NPU:2
2,ME,1788522399877912.580	,0,NPU:2
2,ME,1788522399977983.870	,0,NPU:2
2,ME,1788522400077927.200	,0,NPU:2
2,ME,1788522400177927.440	,0,NPU:2
2,ME,1788522400277926.000	,0,NPU:2
2,ME,1788522400377927.760	,0,NPU:2
2,ME,1788522400477988.310	,0,NPU:2
2,ME,1788522400577934.210	,0,NPU:2
2,ME,1788522400677909.290	,0,NPU:2
2,ME,1788522400777918.620	,0,NPU:2
2,ME,1788522400877909.760	,0,NPU:2
2,ME,1788522400977969.760	,0,NPU:2
2,ME,1788522401077942.050	,0,NPU:2
2,ME,1788522401177920.180	,0,NPU:2
2,ME,1788522401277910.480	,0,NPU:2
2,ME,1788522401377925.770	,0,NPU:2
2,ME,1788522401477900.310	,0,NPU:2
2,ME,1788522401577954.960	,0,NPU:2
2,ME,1788522401677921.360	,0,NPU:2
2,ME,1788522401777916.770	,0,NPU:2
2,ME,1788522401877925.470	,0,NPU:2
2,ME,1788522401977916.920	,0,NPU:2
2,ME,1788522402077974.830	,0,NPU:2
2,ME,1788522402177902.680	,0,NPU:2
2,ME,1788522402277918.870	,0,NPU:2
2,ME,1788522402377922.760	,0,NPU:2
2,ME,1788522402477903.590	,0,NPU:2
2,ME,1788522402577942.340	,0,NPU:2
2,ME,1788522402677919.030	,0,NPU:2
2,ME,1788522402777911.780	,0,NPU:2
2,ME,1788522402877922.630	,0,NPU:2
2,ME,1788522402977905.570	,0,NPU:2
2,ME,1788522403077934.900	,0,NPU:2
2,ME,1788522403177942.120	,0,NPU:2
2,ME,1788522403277908.370	,0,NPU:2
2,ME,1788522403377927.360	,0,NPU:2
2,ME,1788522403477900.620	,0,NPU:2
2,ME,1788522403577899.530	,0,NPU:2
2,ME,1788522403677942.630	,0,NPU:2
2,ME,1788522403777925.020	,0,NPU:2
2,ME,1788522403877912.590	,0,NPU:2
2,ME,1788522403977901.400	,0,NPU:2
2,ME,1788522404077891.260	,0,NPU:2
2,ME,1788522404177954.260	,0,NPU:2
2,ME,1788522404277915.290	,0,NPU:2
2,ME,1788522404377906.970	,0,NPU:2
2,ME,1788522404477897.920	,0,NPU:2
2,ME,1788522404577890.250	,0,NPU:2
2,ME,1788522404677934.570	,0,NPU:2
2,ME,1788522404777930.310	,0,NPU:2
2,ME,1788522404877897.690	,0,NPU:2
2,ME,1788522404977898.970	,0,NPU:2
2,ME,1788522405077895.540	,0,NPU:2
2,ME,1788522405177902.050	,0,NPU:2
2,ME,1788522405277949.200	,0,NPU:2
2,ME,1788522405377893.890	,0,NPU:2
2,ME,1788522405477907.290	,0,NPU:2
2,ME,1788522405577893.850	,0,NPU:2
2,ME,1788522405677886.100	,0,NPU:2
2,ME,1788522405777954.290	,0,NPU:2
2,ME,1788522405877885.890	,0,NPU:2
2,ME,1788522405977898.270	,0,NPU:2
2,ME,1788522406077889.750	,0,NPU:2
2,ME,1788522406177915.880	,0,NPU:2
2,ME,1788522406277936.440	,0,NPU:2
2,ME,1788522406377897.670	,0,NPU:2
2,ME,1788522406477888.140	,0,NPU:2
2,ME,1788522406577897.320	,0,NPU:2
2,ME,1788522406677907.770	,0,NPU:2
2,ME,1788522406777934.210	,0,NPU:2
2,ME,1788522406877907.300	,0,NPU:2
2,ME,1788522406977909.710	,0,NPU:2
2,ME,1788522407077929.020	,0,NPU:2
2,ME,1788522407177909.460	,0,NPU:2
2,ME,1788522407277917.990	,0,NPU:2
2,ME,1788522407377925.380	,0,NPU:2
2,ME,1788522407477894.670	,0,NPU:2
2,ME,1788522407577895.450	,0,NPU:2
2,ME,1788522407677906.380	,0,NPU:2
2,ME,1788522407777884.020	,0,NPU:2
2,ME,1788522407877934.230	,0,NPU:2
2,ME,1788522407977893.050	,0,NPU:2
2,ME,1788522408077898.630	,0,NPU:2
2,ME,1788522408177899.180	,0,NPU:2
2,ME,1788522408277883.110	,0,NPU:2
2,ME,1788522408377926.070	,0,NPU:2
2,ME,1788522408477888.490	,0,NPU:2
2,ME,1788522408577895.200	,0,NPU:2
2,ME,1788522408677906.390	,0,NPU:2
2,ME,1788522408777886.940	,0,NPU:2
2,ME,1788522408877899.720	,0,NPU:2
2,ME,1788522408977919.030	,0,NPU:2
2,ME,1788522409077900.950	,0,NPU:2
2,ME,1788522409177920.590	,0,NPU:2
2,ME,1788522409277903.090	,0,NPU:2
2,ME,1788522409377939.190	,0,NPU:2
2,ME,1788522409477940.020	,0,NPU:2
2,ME,1788522409577925.070	,0,NPU:2
2,ME,1788522409677913.390	,0,NPU:2
2,ME,1788522409778505.600	,0,NPU:2
2,ME,1788522409877880.650	,0,NPU:2
2,ME,1788522409884448.780	,0,NPU:2
2,IMU,1788522391078023.490	,0,NPU:2
2,IMU,1788522391177937.070	,0,NPU:2
2,IMU,1788522391277935.640	,0,NPU:2
2,IMU,1788522391377927.650	,0,NPU:2
2,IMU,1788522391477926.110	,0,NPU:2
2,IMU,1788522391577931.290	,0,NPU:2
2,IMU,1788522391677920.690	,0,NPU:2
2,IMU,1788522391777924.450	,0,NPU:2
2,IMU,1788522391877922.070	,0,NPU:2
2,IMU,1788522391977925.940	,0,NPU:2
2,IMU,1788522392077937.630	,0,NPU:2
2,IMU,1788522392177916.260	,0,NPU:2
2,IMU,1788522392277917.700	,0,NPU:2
2,IMU,1788522392377914.280	,0,NPU:2
2,IMU,1788522392477913.470	,0,NPU:2
2,IMU,1788522392577913.330	,0,NPU:2
2,IMU,1788522392677914.200	,0,NPU:2
2,IMU,1788522392777911.600	,0,NPU:2
2,IMU,1788522392877912.410	,0,NPU:2
2,IMU,1788522392978016.170	,0,NPU:2
2,IMU,1788522393077977.060	,0,NPU:2
2,IMU,1788522393177974.590	,0,NPU:2
2,IMU,1788522393277964.030	,0,NPU:2
2,IMU,1788522393377945.550	,0,NPU:2
2,IMU,1788522393477976.680	,0,NPU:2
2,IMU,1788522393577984.080	,0,NPU:2
2,IMU,1788522393677968.900	,0,NPU:2
2,IMU,1788522393777954.940	,0,NPU:2
2,IMU,1788522393877942.990	,0,NPU:2
2,IMU,1788522393977961.280	,0,NPU:2
2,IMU,1788522394078013.090	,0,NPU:2
2,IMU,1788522394177974.520	,0,NPU:2
2,IMU,1788522394277964.210	,0,NPU:2
2,IMU,1788522394377950.280	,0,NPU:2
2,IMU,1788522394477952.390	,0,NPU:2
2,IMU,1788522394578016.640	,0,NPU:2
2,IMU,1788522394677977.300	,0,NPU:2
2,IMU,1788522394777969.400	,0,NPU:2
2,IMU,1788522394877962.180	,0,NPU:2
2,IMU,1788522394977965.600	,0,NPU:2
2,IMU,1788522395078008.720	,0,NPU:2
2,IMU,1788522395177977.430	,0,NPU:2
2,IMU,1788522395277957.970	,0,NPU:2
2,IMU,1788522395377930.270	,0,NPU:2
2,IMU,1788522395477921.620	,0,NPU:2
2,IMU,1788522395577936.500	,0,NPU:2
2,IMU,1788522395678003.450	,0,NPU:2
2,IMU,1788522395777928.150	,0,NPU:2
2,IMU,1788522395877927.960	,0,NPU:2
2,IMU,1788522395977921.590	,0,NPU:2
2,IMU,1788522396077916.940	,0,NPU:2
2,IMU,1788522396177923.490	,0,NPU:2
2,IMU,1788522396277996.560	,0,NPU:2
2,IMU,1788522396377924.140	,0,NPU:2
2,IMU,1788522396477922.640	,0,NPU:2
2,IMU,1788522396577981.300	,0,NPU:2
2,IMU,1788522396677932.570	,0,NPU:2
2,IMU,1788522396777925.720	,0,NPU:2
2,IMU,1788522396877997.210	,0,NPU:2
2,IMU,1788522396977942.920	,0,NPU:2
2,IMU,1788522397077970.710	,0,NPU:2
2,IMU,1788522397177936.970	,0,NPU:2
2,IMU,1788522397277933.350	,0,NPU:2
2,IMU,1788522397377993.820	,0,NPU:2
2,IMU,1788522397477951.390	,0,NPU:2
2,IMU,1788522397577956.900	,0,NPU:2
2,IMU,1788522397677924.020	,0,NPU:2
2,IMU,1788522397777934.420	,0,NPU:2
2,IMU,1788522397877963.890	,0,NPU:2
2,IMU,1788522397977969.880	,0,NPU:2
2,IMU,1788522398077954.400	,0,NPU:2
2,IMU,1788522398177927.840	,0,NPU:2
2,IMU,1788522398277921.670	,0,NPU:2
2,IMU,1788522398377958.450	,0,NPU:2
2,IMU,1788522398477974.110	,0,NPU:2
2,IMU,1788522398577953.640	,0,NPU:2
2,IMU,1788522398677911.610	,0,NPU:2
2,IMU,1788522398777930.720	,0,NPU:2
2,IMU,1788522398877925.070	,0,NPU:2
2,IMU,1788522398978009.620	,0,NPU:2
2,IMU,1788522399077942.860	,0,NPU:2
2,IMU,1788522399177944.700	,0,NPU:2
2,IMU,1788522399277916.870	,0,NPU:2
2,IMU,1788522399377916.990	,0,NPU:2
2,IMU,1788522399477993.320	,0,NPU:2
2,IMU,1788522399577921.240	,0,NPU:2
2,IMU,1788522399677921.770	,0,NPU:2
2,IMU,1788522399777919.970	,0,NPU:2
2,IMU,1788522399877912.580	,0,NPU:2
2,IMU,1788522399977983.870	,0,NPU:2
2,IMU,1788522400077927.200	,0,NPU:2
2,IMU,1788522400177927.440	,0,NPU:2
2,IMU,1788522400277926.000	,0,NPU:2
2,IMU,1788522400377927.760	,0,NPU:2
2,IMU,1788522400477988.310	,0,NPU:2
2,IMU,1788522400577934.210	,0,NPU:2
2,IMU,1788522400677909.290	,0,NPU:2
2,IMU,1788522400777918.620	,0,NPU:2
2,IMU,1788522400877909.760	,0,NPU:2
2,IMU,1788522400977969.760	,0,NPU:2
2,IMU,1788522401077942.050	,0,NPU:2
2,IMU,1788522401177920.180	,0,NPU:2
2,IMU,1788522401277910.480	,0,NPU:2
2,IMU,1788522401377925.770	,0,NPU:2
2,IMU,1788522401477900.310	,0,NPU:2
2,IMU,1788522401577954.960	,0,NPU:2
2,IMU,1788522401677921.360	,0,NPU:2
2,IMU,1788522401777916.770	,0,NPU:2
2,IMU,1788522401877925.470	,0,NPU:2
2,IMU,1788522401977916.920	,0,NPU:2
2,IMU,1788522402077974.830	,0,NPU:2
2,IMU,1788522402177902.680	,0,NPU:2
2,IMU,1788522402277918.870	,0,NPU:2
2,IMU,1788522402377922.760	,0,NPU:2
2,IMU,1788522402477903.590	,0,NPU:2
2,IMU,1788522402577942.340	,0,NPU:2
2,IMU,1788522402677919.030	,0,NPU:2
2,IMU,1788522402777911.780	,0,NPU:2
2,IMU,1788522402877922.630	,0,NPU:2
2,IMU,1788522402977905.570	,0,NPU:2
2,IMU,1788522403077934.900	,0,NPU:2
2,IMU,1788522403177942.120	,0,NPU:2
2,IMU,1788522403277908.370	,0,NPU:2
2,IMU,1788522403377927.360	,0,NPU:2
2,IMU,1788522403477900.620	,0,NPU:2
2,IMU,1788522403577899.530	,0,NPU:2
2,IMU,1788522403677942.630	,0,NPU:2
2,IMU,1788522403777925.020	,0,NPU:2
2,IMU,1788522403877912.590	,0,NPU:2
2,IMU,1788522403977901.400	,0,NPU:2
2,IMU,1788522404077891.260	,0,NPU:2
2,IMU,1788522404177954.260	,0,NPU:2
2,IMU,1788522404277915.290	,0,NPU:2
2,IMU,1788522404377906.970	,0,NPU:2
2,IMU,1788522404477897.920	,0,NPU:2
2,IMU,1788522404577890.250	,0,NPU:2
2,IMU,1788522404677934.570	,0,NPU:2
2,IMU,1788522404777930.310	,0,NPU:2
2,IMU,1788522404877897.690	,0,NPU:2
2,IMU,1788522404977898.970	,0,NPU:2
2,IMU,1788522405077895.540	,0,NPU:2
2,IMU,1788522405177902.050	,0,NPU:2
2,IMU,1788522405277949.200	,0,NPU:2
2,IMU,1788522405377893.890	,0,NPU:2
2,IMU,1788522405477907.290	,0,NPU:2
2,IMU,1788522405577893.850	,0,NPU:2
2,IMU,1788522405677886.100	,0,NPU:2
2,IMU,1788522405777954.290	,0,NPU:2
2,IMU,1788522405877885.890	,0,NPU:2
2,IMU,1788522405977898.270	,0,NPU:2
2,IMU,1788522406077889.750	,0,NPU:2
2,IMU,1788522406177915.880	,0,NPU:2
2,IMU,1788522406277936.440	,0,NPU:2
2,IMU,1788522406377897.670	,0,NPU:2
2,IMU,1788522406477888.140	,0,NPU:2
2,IMU,1788522406577897.320	,0,NPU:2
2,IMU,1788522406677907.770	,0,NPU:2
2,IMU,1788522406777934.210	,0,NPU:2
2,IMU,1788522406877907.300	,0,NPU:2
2,IMU,1788522406977909.710	,0,NPU:2
2,IMU,1788522407077929.020	,0,NPU:2
2,IMU,1788522407177909.460	,0,NPU:2
2,IMU,1788522407277917.990	,0,NPU:2
2,IMU,1788522407377925.380	,0,NPU:2
2,IMU,1788522407477894.670	,0,NPU:2
2,IMU,1788522407577895.450	,0,NPU:2
2,IMU,1788522407677906.380	,0,NPU:2
2,IMU,1788522407777884.020	,0,NPU:2
2,IMU,1788522407877934.230	,0,NPU:2
2,IMU,1788522407977893.050	,0,NPU:2
2,IMU,1788522408077898.630	,0,NPU:2
2,IMU,1788522408177899.180	,0,NPU:2
2,IMU,1788522408277883.110	,0,NPU:2
2,IMU,1788522408377926.070	,0,NPU:2
2,IMU,1788522408477888.490	,0,NPU:2
2,IMU,1788522408577895.200	,0,NPU:2
2,IMU,1788522408677906.390	,0,NPU:2
2,IMU,1788522408777886.940	,0,NPU:2
2,IMU,1788522408877899.720	,0,NPU:2
2,IMU,1788522408977919.030	,0,NPU:2
2,IMU,1788522409077900.950	,0,NPU:2
2,IMU,1788522409177920.590	,0,NPU:2
2,IMU,1788522409277903.090	,0,NPU:2
2,IMU,1788522409377939.190	,0,NPU:2
2,IMU,1788522409477940.020	,0,NPU:2
2,IMU,1788522409577925.070	,0,NPU:2
2,IMU,1788522409677913.390	,0,NPU:2
2,IMU,1788522409778505.600	,0,NPU:2
2,IMU,1788522409877880.650	,0,NPU:2
2,IMU,1788522409884448.780	,0,NPU:2
2,IMP,1788522391078023.490	,0,NPU:2
2,IMP,1788522391177937.070	,0,NPU:2
2,IMP,1788522391277935.640	,0,NPU:2
2,IMP,1788522391377927.650	,0,NPU:2
2,IMP,1788522391477926.110	,0,NPU:2
2,IMP,1788522391577931.290	,0,NPU:2
2,IMP,1788522391677920.690	,0,NPU:2
2,IMP,1788522391777924.450	,0,NPU:2
2,IMP,1788522391877922.070	,0,NPU:2
2,IMP,1788522391977925.940	,0,NPU:2
2,IMP,1788522392077937.630	,0,NPU:2
2,IMP,1788522392177916.260	,0,NPU:2
2,IMP,1788522392277917.700	,0,NPU:2
2,IMP,1788522392377914.280	,0,NPU:2
2,IMP,1788522392477913.470	,0,NPU:2
2,IMP,1788522392577913.330	,0,NPU:2
2,IMP,1788522392677914.200	,0,NPU:2
2,IMP,1788522392777911.600	,0,NPU:2
2,IMP,1788522392877912.410	,0,NPU:2
2,IMP,1788522392978016.170	,0,NPU:2
2,IMP,1788522393077977.060	,0,NPU:2
2,IMP,1788522393177974.590	,0,NPU:2
2,IMP,1788522393277964.030	,0,NPU:2
2,IMP,1788522393377945.550	,0,NPU:2
2,IMP,1788522393477976.680	,0,NPU:2
2,IMP,1788522393577984.080	,0,NPU:2
2,IMP,1788522393677968.900	,0,NPU:2
2,IMP,1788522393777954.940	,0,NPU:2
2,IMP,1788522393877942.990	,0,NPU:2
2,IMP,1788522393977961.280	,0,NPU:2
2,IMP,1788522394078013.090	,0,NPU:2
2,IMP,1788522394177974.520	,0,NPU:2
2,IMP,1788522394277964.210	,0,NPU:2
2,IMP,1788522394377950.280	,0,NPU:2
2,IMP,1788522394477952.390	,0,NPU:2
2,IMP,1788522394578016.640	,0,NPU:2
2,IMP,1788522394677977.300	,0,NPU:2
2,IMP,1788522394777969.400	,0,NPU:2
2,IMP,1788522394877962.180	,0,NPU:2
2,IMP,1788522394977965.600	,0,NPU:2
2,IMP,1788522395078008.720	,0,NPU:2
2,IMP,1788522395177977.430	,0,NPU:2
2,IMP,1788522395277957.970	,0,NPU:2
2,IMP,1788522395377930.270	,0,NPU:2
2,IMP,1788522395477921.620	,0,NPU:2
2,IMP,1788522395577936.500	,0,NPU:2
2,IMP,1788522395678003.450	,0,NPU:2
2,IMP,1788522395777928.150	,0,NPU:2
2,IMP,1788522395877927.960	,0,NPU:2
2,IMP,1788522395977921.590	,0,NPU:2
2,IMP,1788522396077916.940	,0,NPU:2
2,IMP,1788522396177923.490	,0,NPU:2
2,IMP,1788522396277996.560	,0,NPU:2
2,IMP,1788522396377924.140	,0,NPU:2
2,IMP,1788522396477922.640	,0,NPU:2
2,IMP,1788522396577981.300	,0,NPU:2
2,IMP,1788522396677932.570	,0,NPU:2
2,IMP,1788522396777925.720	,0,NPU:2
2,IMP,1788522396877997.210	,0,NPU:2
2,IMP,1788522396977942.920	,0,NPU:2
2,IMP,1788522397077970.710	,0,NPU:2
2,IMP,1788522397177936.970	,0,NPU:2
2,IMP,1788522397277933.350	,0,NPU:2
2,IMP,1788522397377993.820	,0,NPU:2
2,IMP,1788522397477951.390	,0,NPU:2
2,IMP,1788522397577956.900	,0,NPU:2
2,IMP,1788522397677924.020	,0,NPU:2
2,IMP,1788522397777934.420	,0,NPU:2
2,IMP,1788522397877963.890	,0,NPU:2
2,IMP,1788522397977969.880	,0,NPU:2
2,IMP,1788522398077954.400	,0,NPU:2
2,IMP,1788522398177927.840	,0,NPU:2
2,IMP,1788522398277921.670	,0,NPU:2
2,IMP,1788522398377958.450	,0,NPU:2
2,IMP,1788522398477974.110	,0,NPU:2
2,IMP,1788522398577953.640	,0,NPU:2
2,IMP,1788522398677911.610	,0,NPU:2
2,IMP,1788522398777930.720	,0,NPU:2
2,IMP,1788522398877925.070	,0,NPU:2
2,IMP,1788522398978009.620	,0,NPU:2
2,IMP,1788522399077942.860	,0,NPU:2
2,IMP,1788522399177944.700	,0,NPU:2
2,IMP,1788522399277916.870	,0,NPU:2
2,IMP,1788522399377916.990	,0,NPU:2
2,IMP,1788522399477993.320	,0,NPU:2
2,IMP,1788522399577921.240	,0,NPU:2
2,IMP,1788522399677921.770	,0,NPU:2
2,IMP,1788522399777919.970	,0,NPU:2
2,IMP,1788522399877912.580	,0,NPU:2
2,IMP,1788522399977983.870	,0,NPU:2
2,IMP,1788522400077927.200	,0,NPU:2
2,IMP,1788522400177927.440	,0,NPU:2
2,IMP,1788522400277926.000	,0,NPU:2
2,IMP,1788522400377927.760	,0,NPU:2
2,IMP,1788522400477988.310	,0,NPU:2
2,IMP,1788522400577934.210	,0,NPU:2
2,IMP,1788522400677909.290	,0,NPU:2
2,IMP,1788522400777918.620	,0,NPU:2
2,IMP,1788522400877909.760	,0,NPU:2
2,IMP,1788522400977969.760	,0,NPU:2
2,IMP,1788522401077942.050	,0,NPU:2
2,IMP,1788522401177920.180	,0,NPU:2
2,IMP,1788522401277910.480	,0,NPU:2
2,IMP,1788522401377925.770	,0,NPU:2
2,IMP,1788522401477900.310	,0,NPU:2
2,IMP,1788522401577954.960	,0,NPU:2
2,IMP,1788522401677921.360	,0,NPU:2
2,IMP,1788522401777916.770	,0,NPU:2
2,IMP,1788522401877925.470	,0,NPU:2
2,IMP,1788522401977916.920	,0,NPU:2
2,IMP,1788522402077974.830	,0,NPU:2
2,IMP,1788522402177902.680	,0,NPU:2
2,IMP,1788522402277918.870	,0,NPU:2
2,IMP,1788522402377922.760	,0,NPU:2
2,IMP,1788522402477903.590	,0,NPU:2
2,IMP,1788522402577942.340	,0,NPU:2
2,IMP,1788522402677919.030	,0,NPU:2
2,IMP,1788522402777911.780	,0,NPU:2
2,IMP,1788522402877922.630	,0,NPU:2
2,IMP,1788522402977905.570	,0,NPU:2
2,IMP,1788522403077934.900	,0,NPU:2
2,IMP,1788522403177942.120	,0,NPU:2
2,IMP,1788522403277908.370	,0,NPU:2
2,IMP,1788522403377927.360	,0,NPU:2
2,IMP,1788522403477900.620	,0,NPU:2
2,IMP,1788522403577899.530	,0,NPU:2
2,IMP,1788522403677942.630	,0,NPU:2
2,IMP,1788522403777925.020	,0,NPU:2
2,IMP,1788522403877912.590	,0,NPU:2
2,IMP,1788522403977901.400	,0,NPU:2
2,IMP,1788522404077891.260	,0,NPU:2
2,IMP,1788522404177954.260	,0,NPU:2
2,IMP,1788522404277915.290	,0,NPU:2
2,IMP,1788522404377906.970	,0,NPU:2
2,IMP,1788522404477897.920	,0,NPU:2
2,IMP,1788522404577890.250	,0,NPU:2
2,IMP,1788522404677934.570	,0,NPU:2
2,IMP,1788522404777930.310	,0,NPU:2
2,IMP,1788522404877897.690	,0,NPU:2
2,IMP,1788522404977898.970	,0,NPU:2
2,IMP,1788522405077895.540	,0,NPU:2
2,IMP,1788522405177902.050	,0,NPU:2
2,IMP,1788522405277949.200	,0,NPU:2
2,IMP,1788522405377893.890	,0,NPU:2
2,IMP,1788522405477907.290	,0,NPU:2
2,IMP,1788522405577893.850	,0,NPU:2
2,IMP,1788522405677886.100	,0,NPU:2
2,IMP,1788522405777954.290	,0,NPU:2
2,IMP,1788522405877885.890	,0,NPU:2
2,IMP,1788522405977898.270	,0,NPU:2
2,IMP,1788522406077889.750	,0,NPU:2
2,IMP,1788522406177915.880	,0,NPU:2
2,IMP,1788522406277936.440	,0,NPU:2
2,IMP,1788522406377897.670	,0,NPU:2
2,IMP,1788522406477888.140	,0,NPU:2
2,IMP,1788522406577897.320	,0,NPU:2
2,IMP,1788522406677907.770	,0,NPU:2
2,IMP,1788522406777934.210	,0,NPU:2
2,IMP,1788522406877907.300	,0,NPU:2
2,IMP,1788522406977909.710	,0,NPU:2
2,IMP,1788522407077929.020	,0,NPU:2
2,IMP,1788522407177909.460	,0,NPU:2
2,IMP,1788522407277917.990	,0,NPU:2
2,IMP,1788522407377925.380	,0,NPU:2
2,IMP,1788522407477894.670	,0,NPU:2
2,IMP,1788522407577895.450	,0,NPU:2
2,IMP,1788522407677906.380	,0,NPU:2
2,IMP,1788522407777884.020	,0,NPU:2
2,IMP,1788522407877934.230	,0,NPU:2
2,IMP,1788522407977893.050	,0,NPU:2
2,IMP,1788522408077898.630	,0,NPU:2
2,IMP,1788522408177899.180	,0,NPU:2
2,IMP,1788522408277883.110	,0,NPU:2
2,IMP,1788522408377926.070	,0,NPU:2
2,IMP,1788522408477888.490	,0,NPU:2
2,IMP,1788522408577895.200	,0,NPU:2
2,IMP,1788522408677906.390	,0,NPU:2
2,IMP,1788522408777886.940	,0,NPU:2
2,IMP,1788522408877899.720	,0,NPU:2
2,IMP,1788522408977919.030	,0,NPU:2
2,IMP,1788522409077900.950	,0,NPU:2
2,IMP,1788522409177920.590	,0,NPU:2
2,IMP,1788522409277903.090	,0,NPU:2
2,IMP,1788522409377939.190	,0,NPU:2
2,IMP,1788522409477940.020	,0,NPU:2
2,IMP,1788522409577925.070	,0,NPU:2
2,IMP,1788522409677913.390	,0,NPU:2
2,IMP,1788522409778505.600	,0,NPU:2
2,IMP,1788522409877880.650	,0,NPU:2
2,IMP,1788522409884448.780	,0,NPU:2
2,GE,1788522391078023.490	,2184.0,NPU:2
2,GE,1788522391177937.070	,2184.0,NPU:2
2,GE,1788522391277935.640	,2184.0,NPU:2
2,GE,1788522391377927.650	,2184.0,NPU:2
2,GE,1788522391477926.110	,2184.0,NPU:2
2,GE,1788522391577931.290	,2184.0,NPU:2
2,GE,1788522391677920.690	,2184.0,NPU:2
2,GE,1788522391777924.450	,2184.0,NPU:2
2,GE,1788522391877922.070	,2184.0,NPU:2
2,GE,1788522391977925.940	,2184.0,NPU:2
2,GE,1788522392077937.630	,2184.0,NPU:2
2,GE,1788522392177916.260	,2184.0,NPU:2
2,GE,1788522392277917.700	,2184.0,NPU:2
2,GE,1788522392377914.280	,2184.0,NPU:2
2,GE,1788522392477913.470	,2184.0,NPU:2
2,GE,1788522392577913.330	,2184.0,NPU:2
2,GE,1788522392677914.200	,2184.0,NPU:2
2,GE,1788522392777911.600	,2184.0,NPU:2
2,GE,1788522392877912.410	,2184.0,NPU:2
2,GE,1788522392978016.170	,2184.0,NPU:2
2,GE,1788522393077977.060	,2184.0,NPU:2
2,GE,1788522393177974.590	,2184.0,NPU:2
2,GE,1788522393277964.030	,2184.0,NPU:2
2,GE,1788522393377945.550	,2184.0,NPU:2
2,GE,1788522393477976.680	,2184.0,NPU:2
2,GE,1788522393577984.080	,2184.0,NPU:2
2,GE,1788522393677968.900	,2184.0,NPU:2
2,GE,1788522393777954.940	,2184.0,NPU:2
2,GE,1788522393877942.990	,2184.0,NPU:2
2,GE,1788522393977961.280	,2184.0,NPU:2
2,GE,1788522394078013.090	,2184.0,NPU:2
2,GE,1788522394177974.520	,2184.0,NPU:2
2,GE,1788522394277964.210	,2184.0,NPU:2
2,GE,1788522394377950.280	,2184.0,NPU:2
2,GE,1788522394477952.390	,2184.0,NPU:2
2,GE,1788522394578016.640	,2184.0,NPU:2
2,GE,1788522394677977.300	,2184.0,NPU:2
2,GE,1788522394777969.400	,2184.0,NPU:2
2,GE,1788522394877962.180	,2184.0,NPU:2
2,GE,1788522394977965.600	,2184.0,NPU:2
2,GE,1788522395078008.720	,2184.0,NPU:2
2,GE,1788522395177977.430	,2184.0,NPU:2
2,GE,1788522395277957.970	,2184.0,NPU:2
2,GE,1788522395377930.270	,2184.0,NPU:2
2,GE,1788522395477921.620	,2184.0,NPU:2
2,GE,1788522395577936.500	,2184.0,NPU:2
2,GE,1788522395678003.450	,2184.0,NPU:2
2,GE,1788522395777928.150	,2184.0,NPU:2
2,GE,1788522395877927.960	,2184.0,NPU:2
2,GE,1788522395977921.590	,2184.0,NPU:2
2,GE,1788522396077916.940	,2184.0,NPU:2
2,GE,1788522396177923.490	,2184.0,NPU:2
2,GE,1788522396277996.560	,2184.0,NPU:2
2,GE,1788522396377924.140	,2184.0,NPU:2
2,GE,1788522396477922.640	,2184.0,NPU:2
2,GE,1788522396577981.300	,2184.0,NPU:2
2,GE,1788522396677932.570	,2184.0,NPU:2
2,GE,1788522396777925.720	,2184.0,NPU:2
2,GE,1788522396877997.210	,2184.0,NPU:2
2,GE,1788522396977942.920	,2184.0,NPU:2
2,GE,1788522397077970.710	,2184.0,NPU:2
2,GE,1788522397177936.970	,2184.0,NPU:2
2,GE,1788522397277933.350	,2184.0,NPU:2
2,GE,1788522397377993.820	,2184.0,NPU:2
2,GE,1788522397477951.390	,2184.0,NPU:2
2,GE,1788522397577956.900	,2184.0,NPU:2
2,GE,1788522397677924.020	,2184.0,NPU:2
2,GE,1788522397777934.420	,2184.0,NPU:2
2,GE,1788522397877963.890	,2184.0,NPU:2
2,GE,1788522397977969.880	,2184.0,NPU:2
2,GE,1788522398077954.400	,2184.0,NPU:2
2,GE,1788522398177927.840	,2184.0,NPU:2
2,GE,1788522398277921.670	,2184.0,NPU:2
2,GE,1788522398377958.450	,2184.0,NPU:2
2,GE,1788522398477974.110	,2184.0,NPU:2
2,GE,1788522398577953.640	,2184.0,NPU:2
2,GE,1788522398677911.610	,2184.0,NPU:2
2,GE,1788522398777930.720	,2184.0,NPU:2
2,GE,1788522398877925.070	,2184.0,NPU:2
2,GE,1788522398978009.620	,2184.0,NPU:2
2,GE,1788522399077942.860	,2184.0,NPU:2
2,GE,1788522399177944.700	,2184.0,NPU:2
2,GE,1788522399277916.870	,2184.0,NPU:2
2,GE,1788522399377916.990	,2184.0,NPU:2
2,GE,1788522399477993.320	,2184.0,NPU:2
2,GE,1788522399577921.240	,2184.0,NPU:2
2,GE,1788522399677921.770	,2184.0,NPU:2
2,GE,1788522399777919.970	,2184.0,NPU:2
2,GE,1788522399877912.580	,2184.0,NPU:2
2,GE,1788522399977983.870	,2184.0,NPU:2
2,GE,1788522400077927.200	,2184.0,NPU:2
2,GE,1788522400177927.440	,2184.0,NPU:2
2,GE,1788522400277926.000	,2184.0,NPU:2
2,GE,1788522400377927.760	,2184.0,NPU:2
2,GE,1788522400477988.310	,2184.0,NPU:2
2,GE,1788522400577934.210	,2184.0,NPU:2
2,GE,1788522400677909.290	,2184.0,NPU:2
2,GE,1788522400777918.620	,2184.0,NPU:2
2,GE,1788522400877909.760	,2184.0,NPU:2
2,GE,1788522400977969.760	,2184.0,NPU:2
2,GE,1788522401077942.050	,2184.0,NPU:2
2,GE,1788522401177920.180	,2184.0,NPU:2
2,GE,1788522401277910.480	,2184.0,NPU:2
2,GE,1788522401377925.770	,2184.0,NPU:2
2,GE,1788522401477900.310	,2184.0,NPU:2
2,GE,1788522401577954.960	,2184.0,NPU:2
2,GE,1788522401677921.360	,2184.0,NPU:2
2,GE,1788522401777916.770	,2184.0,NPU:2
2,GE,1788522401877925.470	,2184.0,NPU:2
2,GE,1788522401977916.920	,2184.0,NPU:2
2,GE,1788522402077974.830	,2184.0,NPU:2
2,GE,1788522402177902.680	,2184.0,NPU:2
2,GE,1788522402277918.870	,2184.0,NPU:2
2,GE,1788522402377922.760	,2184.0,NPU:2
2,GE,1788522402477903.590	,2184.0,NPU:2
2,GE,1788522402577942.340	,2184.0,NPU:2
2,GE,1788522402677919.030	,2184.0,NPU:2
2,GE,1788522402777911.780	,2184.0,NPU:2
2,GE,1788522402877922.630	,2184.0,NPU:2
2,GE,1788522402977905.570	,2184.0,NPU:2
2,GE,1788522403077934.900	,2184.0,NPU:2
2,GE,1788522403177942.120	,2184.0,NPU:2
2,GE,1788522403277908.370	,2184.0,NPU:2
2,GE,1788522403377927.360	,2184.0,NPU:2
2,GE,1788522403477900.620	,2184.0,NPU:2
2,GE,1788522403577899.530	,2184.0,NPU:2
2,GE,1788522403677942.630	,2184.0,NPU:2
2,GE,1788522403777925.020	,2184.0,NPU:2
2,GE,1788522403877912.590	,2184.0,NPU:2
2,GE,1788522403977901.400	,2184.0,NPU:2
2,GE,1788522404077891.260	,2184.0,NPU:2
2,GE,1788522404177954.260	,2184.0,NPU:2
2,GE,1788522404277915.290	,2184.0,NPU:2
2,GE,1788522404377906.970	,2184.0,NPU:2
2,GE,1788522404477897.920	,2184.0,NPU:2
2,GE,1788522404577890.250	,2184.0,NPU:2
2,GE,1788522404677934.570	,2184.0,NPU:2
2,GE,1788522404777930.310	,2184.0,NPU:2
2,GE,1788522404877897.690	,2184.0,NPU:2
2,GE,1788522404977898.970	,2184.0,NPU:2
2,GE,1788522405077895.540	,2184.0,NPU:2
2,GE,1788522405177902.050	,2184.0,NPU:2
2,GE,1788522405277949.200	,2184.0,NPU:2
2,GE,1788522405377893.890	,2184.0,NPU:2
2,GE,1788522405477907.290	,2184.0,NPU:2
2,GE,1788522405577893.850	,2184.0,NPU:2
2,GE,1788522405677886.100	,2184.0,NPU:2
2,GE,1788522405777954.290	,2184.0,NPU:2
2,GE,1788522405877885.890	,2184.0,NPU:2
2,GE,1788522405977898.270	,2184.0,NPU:2
2,GE,1788522406077889.750	,2184.0,NPU:2
2,GE,1788522406177915.880	,2184.0,NPU:2
2,GE,1788522406277936.440	,2184.0,NPU:2
2,GE,1788522406377897.670	,2184.0,NPU:2
2,GE,1788522406477888.140	,2184.0,NPU:2
2,GE,1788522406577897.320	,2184.0,NPU:2
2,GE,1788522406677907.770	,2184.0,NPU:2
2,GE,1788522406777934.210	,2184.0,NPU:2
2,GE,1788522406877907.300	,2184.0,NPU:2
2,GE,1788522406977909.710	,2184.0,NPU:2
2,GE,1788522407077929.020	,2184.0,NPU:2
2,GE,1788522407177909.460	,2184.0,NPU:2
2,GE,1788522407277917.990	,2184.0,NPU:2
2,GE,1788522407377925.380	,2184.0,NPU:2
2,GE,1788522407477894.670	,2184.0,NPU:2
2,GE,1788522407577895.450	,2184.0,NPU:2
2,GE,1788522407677906.380	,2184.0,NPU:2
2,GE,1788522407777884.020	,2184.0,NPU:2
2,GE,1788522407877934.230	,2184.0,NPU:2
2,GE,1788522407977893.050	,2184.0,NPU:2
2,GE,1788522408077898.630	,2184.0,NPU:2
2,GE,1788522408177899.180	,2184.0,NPU:2
2,GE,1788522408277883.110	,2184.0,NPU:2
2,GE,1788522408377926.070	,2184.0,NPU:2
2,GE,1788522408477888.490	,2184.0,NPU:2
2,GE,1788522408577895.200	,2184.0,NPU:2
2,GE,1788522408677906.390	,2184.0,NPU:2
2,GE,1788522408777886.940	,2184.0,NPU:2
2,GE,1788522408877899.720	,2184.0,NPU:2
2,GE,1788522408977919.030	,2184.0,NPU:2
2,GE,1788522409077900.950	,2184.0,NPU:2
2,GE,1788522409177920.590	,2184.0,NPU:2
2,GE,1788522409277903.090	,2184.0,NPU:2
2,GE,1788522409377939.190	,2184.0,NPU:2
2,GE,1788522409477940.020	,2184.0,NPU:2
2,GE,1788522409577925.070	,2184.0,NPU:2
2,GE,1788522409677913.390	,2184.0,NPU:2
2,GE,1788522409778505.600	,580.0,NPU:2
2,GE,1788522409877880.650	,580.0,NPU:2
2,GE,1788522409884448.780	,580.0,NPU:2
2,MDCFUSA,1788522391078023.490	,0,NPU:2
2,MDCFUSA,1788522391177937.070	,0,NPU:2
2,MDCFUSA,1788522391277935.640	,0,NPU:2
2,MDCFUSA,1788522391377927.650	,0,NPU:2
2,MDCFUSA,1788522391477926.110	,0,NPU:2
2,MDCFUSA,1788522391577931.290	,0,NPU:2
2,MDCFUSA,1788522391677920.690	,0,NPU:2
2,MDCFUSA,1788522391777924.450	,0,NPU:2
2,MDCFUSA,1788522391877922.070	,0,NPU:2
2,MDCFUSA,1788522391977925.940	,0,NPU:2
2,MDCFUSA,1788522392077937.630	,0,NPU:2
2,MDCFUSA,1788522392177916.260	,0,NPU:2
2,MDCFUSA,1788522392277917.700	,0,NPU:2
2,MDCFUSA,1788522392377914.280	,0,NPU:2
2,MDCFUSA,1788522392477913.470	,0,NPU:2
2,MDCFUSA,1788522392577913.330	,0,NPU:2
2,MDCFUSA,1788522392677914.200	,0,NPU:2
2,MDCFUSA,1788522392777911.600	,0,NPU:2
2,MDCFUSA,1788522392877912.410	,0,NPU:2
2,MDCFUSA,1788522392978016.170	,0,NPU:2
2,MDCFUSA,1788522393077977.060	,0,NPU:2
2,MDCFUSA,1788522393177974.590	,0,NPU:2
2,MDCFUSA,1788522393277964.030	,0,NPU:2
2,MDCFUSA,1788522393377945.550	,0,NPU:2
2,MDCFUSA,1788522393477976.680	,0,NPU:2
2,MDCFUSA,1788522393577984.080	,0,NPU:2
2,MDCFUSA,1788522393677968.900	,0,NPU:2
2,MDCFUSA,1788522393777954.940	,0,NPU:2
2,MDCFUSA,1788522393877942.990	,0,NPU:2
2,MDCFUSA,1788522393977961.280	,0,NPU:2
2,MDCFUSA,1788522394078013.090	,0,NPU:2
2,MDCFUSA,1788522394177974.520	,0,NPU:2
2,MDCFUSA,1788522394277964.210	,0,NPU:2
2,MDCFUSA,1788522394377950.280	,0,NPU:2
2,MDCFUSA,1788522394477952.390	,0,NPU:2
2,MDCFUSA,1788522394578016.640	,0,NPU:2
2,MDCFUSA,1788522394677977.300	,0,NPU:2
2,MDCFUSA,1788522394777969.400	,0,NPU:2
2,MDCFUSA,1788522394877962.180	,0,NPU:2
2,MDCFUSA,1788522394977965.600	,0,NPU:2
2,MDCFUSA,1788522395078008.720	,0,NPU:2
2,MDCFUSA,1788522395177977.430	,0,NPU:2
2,MDCFUSA,1788522395277957.970	,0,NPU:2
2,MDCFUSA,1788522395377930.270	,0,NPU:2
2,MDCFUSA,1788522395477921.620	,0,NPU:2
2,MDCFUSA,1788522395577936.500	,0,NPU:2
2,MDCFUSA,1788522395678003.450	,0,NPU:2
2,MDCFUSA,1788522395777928.150	,0,NPU:2
2,MDCFUSA,1788522395877927.960	,0,NPU:2
2,MDCFUSA,1788522395977921.590	,0,NPU:2
2,MDCFUSA,1788522396077916.940	,0,NPU:2
2,MDCFUSA,1788522396177923.490	,0,NPU:2
2,MDCFUSA,1788522396277996.560	,0,NPU:2
2,MDCFUSA,1788522396377924.140	,0,NPU:2
2,MDCFUSA,1788522396477922.640	,0,NPU:2
2,MDCFUSA,1788522396577981.300	,0,NPU:2
2,MDCFUSA,1788522396677932.570	,0,NPU:2
2,MDCFUSA,1788522396777925.720	,0,NPU:2
2,MDCFUSA,1788522396877997.210	,0,NPU:2
2,MDCFUSA,1788522396977942.920	,0,NPU:2
2,MDCFUSA,1788522397077970.710	,0,NPU:2
2,MDCFUSA,1788522397177936.970	,0,NPU:2
2,MDCFUSA,1788522397277933.350	,0,NPU:2
2,MDCFUSA,1788522397377993.820	,0,NPU:2
2,MDCFUSA,1788522397477951.390	,0,NPU:2
2,MDCFUSA,1788522397577956.900	,0,NPU:2
2,MDCFUSA,1788522397677924.020	,0,NPU:2
2,MDCFUSA,1788522397777934.420	,0,NPU:2
2,MDCFUSA,1788522397877963.890	,0,NPU:2
2,MDCFUSA,1788522397977969.880	,0,NPU:2
2,MDCFUSA,1788522398077954.400	,0,NPU:2
2,MDCFUSA,1788522398177927.840	,0,NPU:2
2,MDCFUSA,1788522398277921.670	,0,NPU:2
2,MDCFUSA,1788522398377958.450	,0,NPU:2
2,MDCFUSA,1788522398477974.110	,0,NPU:2
2,MDCFUSA,1788522398577953.640	,0,NPU:2
2,MDCFUSA,1788522398677911.610	,0,NPU:2
2,MDCFUSA,1788522398777930.720	,0,NPU:2
2,MDCFUSA,1788522398877925.070	,0,NPU:2
2,MDCFUSA,1788522398978009.620	,0,NPU:2
2,MDCFUSA,1788522399077942.860	,0,NPU:2
2,MDCFUSA,1788522399177944.700	,0,NPU:2
2,MDCFUSA,1788522399277916.870	,0,NPU:2
2,MDCFUSA,1788522399377916.990	,0,NPU:2
2,MDCFUSA,1788522399477993.320	,0,NPU:2
2,MDCFUSA,1788522399577921.240	,0,NPU:2
2,MDCFUSA,1788522399677921.770	,0,NPU:2
2,MDCFUSA,1788522399777919.970	,0,NPU:2
2,MDCFUSA,1788522399877912.580	,0,NPU:2
2,MDCFUSA,1788522399977983.870	,0,NPU:2
2,MDCFUSA,1788522400077927.200	,0,NPU:2
2,MDCFUSA,1788522400177927.440	,0,NPU:2
2,MDCFUSA,1788522400277926.000	,0,NPU:2
2,MDCFUSA,1788522400377927.760	,0,NPU:2
2,MDCFUSA,1788522400477988.310	,0,NPU:2
2,MDCFUSA,1788522400577934.210	,0,NPU:2
2,MDCFUSA,1788522400677909.290	,0,NPU:2
2,MDCFUSA,1788522400777918.620	,0,NPU:2
2,MDCFUSA,1788522400877909.760	,0,NPU:2
2,MDCFUSA,1788522400977969.760	,0,NPU:2
2,MDCFUSA,1788522401077942.050	,0,NPU:2
2,MDCFUSA,1788522401177920.180	,0,NPU:2
2,MDCFUSA,1788522401277910.480	,0,NPU:2
2,MDCFUSA,1788522401377925.770	,0,NPU:2
2,MDCFUSA,1788522401477900.310	,0,NPU:2
2,MDCFUSA,1788522401577954.960	,0,NPU:2
2,MDCFUSA,1788522401677921.360	,0,NPU:2
2,MDCFUSA,1788522401777916.770	,0,NPU:2
2,MDCFUSA,1788522401877925.470	,0,NPU:2
2,MDCFUSA,1788522401977916.920	,0,NPU:2
2,MDCFUSA,1788522402077974.830	,0,NPU:2
2,MDCFUSA,1788522402177902.680	,0,NPU:2
2,MDCFUSA,1788522402277918.870	,0,NPU:2
2,MDCFUSA,1788522402377922.760	,0,NPU:2
2,MDCFUSA,1788522402477903.590	,0,NPU:2
2,MDCFUSA,1788522402577942.340	,0,NPU:2
2,MDCFUSA,1788522402677919.030	,0,NPU:2
2,MDCFUSA,1788522402777911.780	,0,NPU:2
2,MDCFUSA,1788522402877922.630	,0,NPU:2
2,MDCFUSA,1788522402977905.570	,0,NPU:2
2,MDCFUSA,1788522403077934.900	,0,NPU:2
2,MDCFUSA,1788522403177942.120	,0,NPU:2
2,MDCFUSA,1788522403277908.370	,0,NPU:2
2,MDCFUSA,1788522403377927.360	,0,NPU:2
2,MDCFUSA,1788522403477900.620	,0,NPU:2
2,MDCFUSA,1788522403577899.530	,0,NPU:2
2,MDCFUSA,1788522403677942.630	,0,NPU:2
2,MDCFUSA,1788522403777925.020	,0,NPU:2
2,MDCFUSA,1788522403877912.590	,0,NPU:2
2,MDCFUSA,1788522403977901.400	,0,NPU:2
2,MDCFUSA,1788522404077891.260	,0,NPU:2
2,MDCFUSA,1788522404177954.260	,0,NPU:2
2,MDCFUSA,1788522404277915.290	,0,NPU:2
2,MDCFUSA,1788522404377906.970	,0,NPU:2
2,MDCFUSA,1788522404477897.920	,0,NPU:2
2,MDCFUSA,1788522404577890.250	,0,NPU:2
2,MDCFUSA,1788522404677934.570	,0,NPU:2
2,MDCFUSA,1788522404777930.310	,0,NPU:2
2,MDCFUSA,1788522404877897.690	,0,NPU:2
2,MDCFUSA,1788522404977898.970	,0,NPU:2
2,MDCFUSA,1788522405077895.540	,0,NPU:2
2,MDCFUSA,1788522405177902.050	,0,NPU:2
2,MDCFUSA,1788522405277949.200	,0,NPU:2
2,MDCFUSA,1788522405377893.890	,0,NPU:2
2,MDCFUSA,1788522405477907.290	,0,NPU:2
2,MDCFUSA,1788522405577893.850	,0,NPU:2
2,MDCFUSA,1788522405677886.100	,0,NPU:2
2,MDCFUSA,1788522405777954.290	,0,NPU:2
2,MDCFUSA,1788522405877885.890	,0,NPU:2
2,MDCFUSA,1788522405977898.270	,0,NPU:2
2,MDCFUSA,1788522406077889.750	,0,NPU:2
2,MDCFUSA,1788522406177915.880	,0,NPU:2
2,MDCFUSA,1788522406277936.440	,0,NPU:2
2,MDCFUSA,1788522406377897.670	,0,NPU:2
2,MDCFUSA,1788522406477888.140	,0,NPU:2
2,MDCFUSA,1788522406577897.320	,0,NPU:2
2,MDCFUSA,1788522406677907.770	,0,NPU:2
2,MDCFUSA,1788522406777934.210	,0,NPU:2
2,MDCFUSA,1788522406877907.300	,0,NPU:2
2,MDCFUSA,1788522406977909.710	,0,NPU:2
2,MDCFUSA,1788522407077929.020	,0,NPU:2
2,MDCFUSA,1788522407177909.460	,0,NPU:2
2,MDCFUSA,1788522407277917.990	,0,NPU:2
2,MDCFUSA,1788522407377925.380	,0,NPU:2
2,MDCFUSA,1788522407477894.670	,0,NPU:2
2,MDCFUSA,1788522407577895.450	,0,NPU:2
2,MDCFUSA,1788522407677906.380	,0,NPU:2
2,MDCFUSA,1788522407777884.020	,0,NPU:2
2,MDCFUSA,1788522407877934.230	,0,NPU:2
2,MDCFUSA,1788522407977893.050	,0,NPU:2
2,MDCFUSA,1788522408077898.630	,0,NPU:2
2,MDCFUSA,1788522408177899.180	,0,NPU:2
2,MDCFUSA,1788522408277883.110	,0,NPU:2
2,MDCFUSA,1788522408377926.070	,0,NPU:2
2,MDCFUSA,1788522408477888.490	,0,NPU:2
2,MDCFUSA,1788522408577895.200	,0,NPU:2
2,MDCFUSA,1788522408677906.390	,0,NPU:2
2,MDCFUSA,1788522408777886.940	,0,NPU:2
2,MDCFUSA,1788522408877899.720	,0,NPU:2
2,MDCFUSA,1788522408977919.030	,0,NPU:2
2,MDCFUSA,1788522409077900.950	,0,NPU:2
2,MDCFUSA,1788522409177920.590	,0,NPU:2
2,MDCFUSA,1788522409277903.090	,0,NPU:2
2,MDCFUSA,1788522409377939.190	,0,NPU:2
2,MDCFUSA,1788522409477940.020	,0,NPU:2
2,MDCFUSA,1788522409577925.070	,0,NPU:2
2,MDCFUSA,1788522409677913.390	,0,NPU:2
2,MDCFUSA,1788522409778505.600	,0,NPU:2
2,MDCFUSA,1788522409877880.650	,0,NPU:2
2,MDCFUSA,1788522409884448.780	,0,NPU:2
2,CAMERA,1788522391078023.490	,0,NPU:2
2,CAMERA,1788522391177937.070	,0,NPU:2
2,CAMERA,1788522391277935.640	,0,NPU:2
2,CAMERA,1788522391377927.650	,0,NPU:2
2,CAMERA,1788522391477926.110	,0,NPU:2
2,CAMERA,1788522391577931.290	,0,NPU:2
2,CAMERA,1788522391677920.690	,0,NPU:2
2,CAMERA,1788522391777924.450	,0,NPU:2
2,CAMERA,1788522391877922.070	,0,NPU:2
2,CAMERA,1788522391977925.940	,0,NPU:2
2,CAMERA,1788522392077937.630	,0,NPU:2
2,CAMERA,1788522392177916.260	,0,NPU:2
2,CAMERA,1788522392277917.700	,0,NPU:2
2,CAMERA,1788522392377914.280	,0,NPU:2
2,CAMERA,1788522392477913.470	,0,NPU:2
2,CAMERA,1788522392577913.330	,0,NPU:2
2,CAMERA,1788522392677914.200	,0,NPU:2
2,CAMERA,1788522392777911.600	,0,NPU:2
2,CAMERA,1788522392877912.410	,0,NPU:2
2,CAMERA,1788522392978016.170	,0,NPU:2
2,CAMERA,1788522393077977.060	,0,NPU:2
2,CAMERA,1788522393177974.590	,0,NPU:2
2,CAMERA,1788522393277964.030	,0,NPU:2
2,CAMERA,1788522393377945.550	,0,NPU:2
2,CAMERA,1788522393477976.680	,0,NPU:2
2,CAMERA,1788522393577984.080	,0,NPU:2
2,CAMERA,1788522393677968.900	,0,NPU:2
2,CAMERA,1788522393777954.940	,0,NPU:2
2,CAMERA,1788522393877942.990	,0,NPU:2
2,CAMERA,1788522393977961.280	,0,NPU:2
2,CAMERA,1788522394078013.090	,0,NPU:2
2,CAMERA,1788522394177974.520	,0,NPU:2
2,CAMERA,1788522394277964.210	,0,NPU:2
2,CAMERA,1788522394377950.280	,0,NPU:2
2,CAMERA,1788522394477952.390	,0,NPU:2
2,CAMERA,1788522394578016.640	,0,NPU:2
2,CAMERA,1788522394677977.300	,0,NPU:2
2,CAMERA,1788522394777969.400	,0,NPU:2
2,CAMERA,1788522394877962.180	,0,NPU:2
2,CAMERA,1788522394977965.600	,0,NPU:2
2,CAMERA,1788522395078008.720	,0,NPU:2
2,CAMERA,1788522395177977.430	,0,NPU:2
2,CAMERA,1788522395277957.970	,0,NPU:2
2,CAMERA,1788522395377930.270	,0,NPU:2
2,CAMERA,1788522395477921.620	,0,NPU:2
2,CAMERA,1788522395577936.500	,0,NPU:2
2,CAMERA,1788522395678003.450	,0,NPU:2
2,CAMERA,1788522395777928.150	,0,NPU:2
2,CAMERA,1788522395877927.960	,0,NPU:2
2,CAMERA,1788522395977921.590	,0,NPU:2
2,CAMERA,1788522396077916.940	,0,NPU:2
2,CAMERA,1788522396177923.490	,0,NPU:2
2,CAMERA,1788522396277996.560	,0,NPU:2
2,CAMERA,1788522396377924.140	,0,NPU:2
2,CAMERA,1788522396477922.640	,0,NPU:2
2,CAMERA,1788522396577981.300	,0,NPU:2
2,CAMERA,1788522396677932.570	,0,NPU:2
2,CAMERA,1788522396777925.720	,0,NPU:2
2,CAMERA,1788522396877997.210	,0,NPU:2
2,CAMERA,1788522396977942.920	,0,NPU:2
2,CAMERA,1788522397077970.710	,0,NPU:2
2,CAMERA,1788522397177936.970	,0,NPU:2
2,CAMERA,1788522397277933.350	,0,NPU:2
2,CAMERA,1788522397377993.820	,0,NPU:2
2,CAMERA,1788522397477951.390	,0,NPU:2
2,CAMERA,1788522397577956.900	,0,NPU:2
2,CAMERA,1788522397677924.020	,0,NPU:2
2,CAMERA,1788522397777934.420	,0,NPU:2
2,CAMERA,1788522397877963.890	,0,NPU:2
2,CAMERA,1788522397977969.880	,0,NPU:2
2,CAMERA,1788522398077954.400	,0,NPU:2
2,CAMERA,1788522398177927.840	,0,NPU:2
2,CAMERA,1788522398277921.670	,0,NPU:2
2,CAMERA,1788522398377958.450	,0,NPU:2
2,CAMERA,1788522398477974.110	,0,NPU:2
2,CAMERA,1788522398577953.640	,0,NPU:2
2,CAMERA,1788522398677911.610	,0,NPU:2
2,CAMERA,1788522398777930.720	,0,NPU:2
2,CAMERA,1788522398877925.070	,0,NPU:2
2,CAMERA,1788522398978009.620	,0,NPU:2
2,CAMERA,1788522399077942.860	,0,NPU:2
2,CAMERA,1788522399177944.700	,0,NPU:2
2,CAMERA,1788522399277916.870	,0,NPU:2
2,CAMERA,1788522399377916.990	,0,NPU:2
2,CAMERA,1788522399477993.320	,0,NPU:2
2,CAMERA,1788522399577921.240	,0,NPU:2
2,CAMERA,1788522399677921.770	,0,NPU:2
2,CAMERA,1788522399777919.970	,0,NPU:2
2,CAMERA,1788522399877912.580	,0,NPU:2
2,CAMERA,1788522399977983.870	,0,NPU:2
2,CAMERA,1788522400077927.200	,0,NPU:2
2,CAMERA,1788522400177927.440	,0,NPU:2
2,CAMERA,1788522400277926.000	,0,NPU:2
2,CAMERA,1788522400377927.760	,0,NPU:2
2,CAMERA,1788522400477988.310	,0,NPU:2
2,CAMERA,1788522400577934.210	,0,NPU:2
2,CAMERA,1788522400677909.290	,0,NPU:2
2,CAMERA,1788522400777918.620	,0,NPU:2
2,CAMERA,1788522400877909.760	,0,NPU:2
2,CAMERA,1788522400977969.760	,0,NPU:2
2,CAMERA,1788522401077942.050	,0,NPU:2
2,CAMERA,1788522401177920.180	,0,NPU:2
2,CAMERA,1788522401277910.480	,0,NPU:2
2,CAMERA,1788522401377925.770	,0,NPU:2
2,CAMERA,1788522401477900.310	,0,NPU:2
2,CAMERA,1788522401577954.960	,0,NPU:2
2,CAMERA,1788522401677921.360	,0,NPU:2
2,CAMERA,1788522401777916.770	,0,NPU:2
2,CAMERA,1788522401877925.470	,0,NPU:2
2,CAMERA,1788522401977916.920	,0,NPU:2
2,CAMERA,1788522402077974.830	,0,NPU:2
2,CAMERA,1788522402177902.680	,0,NPU:2
2,CAMERA,1788522402277918.870	,0,NPU:2
2,CAMERA,1788522402377922.760	,0,NPU:2
2,CAMERA,1788522402477903.590	,0,NPU:2
2,CAMERA,1788522402577942.340	,0,NPU:2
2,CAMERA,1788522402677919.030	,0,NPU:2
2,CAMERA,1788522402777911.780	,0,NPU:2
2,CAMERA,1788522402877922.630	,0,NPU:2
2,CAMERA,1788522402977905.570	,0,NPU:2
2,CAMERA,1788522403077934.900	,0,NPU:2
2,CAMERA,1788522403177942.120	,0,NPU:2
2,CAMERA,1788522403277908.370	,0,NPU:2
2,CAMERA,1788522403377927.360	,0,NPU:2
2,CAMERA,1788522403477900.620	,0,NPU:2
2,CAMERA,1788522403577899.530	,0,NPU:2
2,CAMERA,1788522403677942.630	,0,NPU:2
2,CAMERA,1788522403777925.020	,0,NPU:2
2,CAMERA,1788522403877912.590	,0,NPU:2
2,CAMERA,1788522403977901.400	,0,NPU:2
2,CAMERA,1788522404077891.260	,0,NPU:2
2,CAMERA,1788522404177954.260	,0,NPU:2
2,CAMERA,1788522404277915.290	,0,NPU:2
2,CAMERA,1788522404377906.970	,0,NPU:2
2,CAMERA,1788522404477897.920	,0,NPU:2
2,CAMERA,1788522404577890.250	,0,NPU:2
2,CAMERA,1788522404677934.570	,0,NPU:2
2,CAMERA,1788522404777930.310	,0,NPU:2
2,CAMERA,1788522404877897.690	,0,NPU:2
2,CAMERA,1788522404977898.970	,0,NPU:2
2,CAMERA,1788522405077895.540	,0,NPU:2
2,CAMERA,1788522405177902.050	,0,NPU:2
2,CAMERA,1788522405277949.200	,0,NPU:2
2,CAMERA,1788522405377893.890	,0,NPU:2
2,CAMERA,1788522405477907.290	,0,NPU:2
2,CAMERA,1788522405577893.850	,0,NPU:2
2,CAMERA,1788522405677886.100	,0,NPU:2
2,CAMERA,1788522405777954.290	,0,NPU:2
2,CAMERA,1788522405877885.890	,0,NPU:2
2,CAMERA,1788522405977898.270	,0,NPU:2
2,CAMERA,1788522406077889.750	,0,NPU:2
2,CAMERA,1788522406177915.880	,0,NPU:2
2,CAMERA,1788522406277936.440	,0,NPU:2
2,CAMERA,1788522406377897.670	,0,NPU:2
2,CAMERA,1788522406477888.140	,0,NPU:2
2,CAMERA,1788522406577897.320	,0,NPU:2
2,CAMERA,1788522406677907.770	,0,NPU:2
2,CAMERA,1788522406777934.210	,0,NPU:2
2,CAMERA,1788522406877907.300	,0,NPU:2
2,CAMERA,1788522406977909.710	,0,NPU:2
2,CAMERA,1788522407077929.020	,0,NPU:2
2,CAMERA,1788522407177909.460	,0,NPU:2
2,CAMERA,1788522407277917.990	,0,NPU:2
2,CAMERA,1788522407377925.380	,0,NPU:2
2,CAMERA,1788522407477894.670	,0,NPU:2
2,CAMERA,1788522407577895.450	,0,NPU:2
2,CAMERA,1788522407677906.380	,0,NPU:2
2,CAMERA,1788522407777884.020	,0,NPU:2
2,CAMERA,1788522407877934.230	,0,NPU:2
2,CAMERA,1788522407977893.050	,0,NPU:2
2,CAMERA,1788522408077898.630	,0,NPU:2
2,CAMERA,1788522408177899.180	,0,NPU:2
2,CAMERA,1788522408277883.110	,0,NPU:2
2,CAMERA,1788522408377926.070	,0,NPU:2
2,CAMERA,1788522408477888.490	,0,NPU:2
2,CAMERA,1788522408577895.200	,0,NPU:2
2,CAMERA,1788522408677906.390	,0,NPU:2
2,CAMERA,1788522408777886.940	,0,NPU:2
2,CAMERA,1788522408877899.720	,0,NPU:2
2,CAMERA,1788522408977919.030	,0,NPU:2
2,CAMERA,1788522409077900.950	,0,NPU:2
2,CAMERA,1788522409177920.590	,0,NPU:2
2,CAMERA,1788522409277903.090	,0,NPU:2
2,CAMERA,1788522409377939.190	,0,NPU:2
2,CAMERA,1788522409477940.020	,0,NPU:2
2,CAMERA,1788522409577925.070	,0,NPU:2
2,CAMERA,1788522409677913.390	,0,NPU:2
2,CAMERA,1788522409778505.600	,0,NPU:2
2,CAMERA,1788522409877880.650	,0,NPU:2
2,CAMERA,1788522409884448.780	,0,NPU:2
2,ASCENDCL,1788522391078023.490	,0,NPU:2
2,ASCENDCL,1788522391177937.070	,0,NPU:2
2,ASCENDCL,1788522391277935.640	,0,NPU:2
2,ASCENDCL,1788522391377927.650	,0,NPU:2
2,ASCENDCL,1788522391477926.110	,0,NPU:2
2,ASCENDCL,1788522391577931.290	,0,NPU:2
2,ASCENDCL,1788522391677920.690	,0,NPU:2
2,ASCENDCL,1788522391777924.450	,0,NPU:2
2,ASCENDCL,1788522391877922.070	,0,NPU:2
2,ASCENDCL,1788522391977925.940	,0,NPU:2
2,ASCENDCL,1788522392077937.630	,0,NPU:2
2,ASCENDCL,1788522392177916.260	,0,NPU:2
2,ASCENDCL,1788522392277917.700	,0,NPU:2
2,ASCENDCL,1788522392377914.280	,0,NPU:2
2,ASCENDCL,1788522392477913.470	,0,NPU:2
2,ASCENDCL,1788522392577913.330	,0,NPU:2
2,ASCENDCL,1788522392677914.200	,0,NPU:2
2,ASCENDCL,1788522392777911.600	,0,NPU:2
2,ASCENDCL,1788522392877912.410	,0,NPU:2
2,ASCENDCL,1788522392978016.170	,0,NPU:2
2,ASCENDCL,1788522393077977.060	,0,NPU:2
2,ASCENDCL,1788522393177974.590	,0,NPU:2
2,ASCENDCL,1788522393277964.030	,0,NPU:2
2,ASCENDCL,1788522393377945.550	,0,NPU:2
2,ASCENDCL,1788522393477976.680	,0,NPU:2
2,ASCENDCL,1788522393577984.080	,0,NPU:2
2,ASCENDCL,1788522393677968.900	,0,NPU:2
2,ASCENDCL,1788522393777954.940	,0,NPU:2
2,ASCENDCL,1788522393877942.990	,0,NPU:2
2,ASCENDCL,1788522393977961.280	,0,NPU:2
2,ASCENDCL,1788522394078013.090	,0,NPU:2
2,ASCENDCL,1788522394177974.520	,0,NPU:2
2,ASCENDCL,1788522394277964.210	,0,NPU:2
2,ASCENDCL,1788522394377950.280	,0,NPU:2
2,ASCENDCL,1788522394477952.390	,0,NPU:2
2,ASCENDCL,1788522394578016.640	,0,NPU:2
2,ASCENDCL,1788522394677977.300	,0,NPU:2
2,ASCENDCL,1788522394777969.400	,0,NPU:2
2,ASCENDCL,1788522394877962.180	,0,NPU:2
2,ASCENDCL,1788522394977965.600	,0,NPU:2
2,ASCENDCL,1788522395078008.720	,0,NPU:2
2,ASCENDCL,1788522395177977.430	,0,NPU:2
2,ASCENDCL,1788522395277957.970	,0,NPU:2
2,ASCENDCL,1788522395377930.270	,0,NPU:2
2,ASCENDCL,1788522395477921.620	,0,NPU:2
2,ASCENDCL,1788522395577936.500	,0,NPU:2
2,ASCENDCL,1788522395678003.450	,0,NPU:2
2,ASCENDCL,1788522395777928.150	,0,NPU:2
2,ASCENDCL,1788522395877927.960	,0,NPU:2
2,ASCENDCL,1788522395977921.590	,0,NPU:2
2,ASCENDCL,1788522396077916.940	,0,NPU:2
2,ASCENDCL,1788522396177923.490	,0,NPU:2
2,ASCENDCL,1788522396277996.560	,0,NPU:2
2,ASCENDCL,1788522396377924.140	,0,NPU:2
2,ASCENDCL,1788522396477922.640	,0,NPU:2
2,ASCENDCL,1788522396577981.300	,0,NPU:2
2,ASCENDCL,1788522396677932.570	,0,NPU:2
2,ASCENDCL,1788522396777925.720	,0,NPU:2
2,ASCENDCL,1788522396877997.210	,0,NPU:2
2,ASCENDCL,1788522396977942.920	,0,NPU:2
2,ASCENDCL,1788522397077970.710	,0,NPU:2
2,ASCENDCL,1788522397177936.970	,0,NPU:2
2,ASCENDCL,1788522397277933.350	,0,NPU:2
2,ASCENDCL,1788522397377993.820	,0,NPU:2
2,ASCENDCL,1788522397477951.390	,0,NPU:2
2,ASCENDCL,1788522397577956.900	,0,NPU:2
2,ASCENDCL,1788522397677924.020	,0,NPU:2
2,ASCENDCL,1788522397777934.420	,0,NPU:2
2,ASCENDCL,1788522397877963.890	,0,NPU:2
2,ASCENDCL,1788522397977969.880	,0,NPU:2
2,ASCENDCL,1788522398077954.400	,0,NPU:2
2,ASCENDCL,1788522398177927.840	,0,NPU:2
2,ASCENDCL,1788522398277921.670	,0,NPU:2
2,ASCENDCL,1788522398377958.450	,0,NPU:2
2,ASCENDCL,1788522398477974.110	,0,NPU:2
2,ASCENDCL,1788522398577953.640	,0,NPU:2
2,ASCENDCL,1788522398677911.610	,0,NPU:2
2,ASCENDCL,1788522398777930.720	,0,NPU:2
2,ASCENDCL,1788522398877925.070	,0,NPU:2
2,ASCENDCL,1788522398978009.620	,0,NPU:2
2,ASCENDCL,1788522399077942.860	,0,NPU:2
2,ASCENDCL,1788522399177944.700	,0,NPU:2
2,ASCENDCL,1788522399277916.870	,0,NPU:2
2,ASCENDCL,1788522399377916.990	,0,NPU:2
2,ASCENDCL,1788522399477993.320	,0,NPU:2
2,ASCENDCL,1788522399577921.240	,0,NPU:2
2,ASCENDCL,1788522399677921.770	,0,NPU:2
2,ASCENDCL,1788522399777919.970	,0,NPU:2
2,ASCENDCL,1788522399877912.580	,0,NPU:2
2,ASCENDCL,1788522399977983.870	,0,NPU:2
2,ASCENDCL,1788522400077927.200	,0,NPU:2
2,ASCENDCL,1788522400177927.440	,0,NPU:2
2,ASCENDCL,1788522400277926.000	,0,NPU:2
2,ASCENDCL,1788522400377927.760	,0,NPU:2
2,ASCENDCL,1788522400477988.310	,0,NPU:2
2,ASCENDCL,1788522400577934.210	,0,NPU:2
2,ASCENDCL,1788522400677909.290	,0,NPU:2
2,ASCENDCL,1788522400777918.620	,0,NPU:2
2,ASCENDCL,1788522400877909.760	,0,NPU:2
2,ASCENDCL,1788522400977969.760	,0,NPU:2
2,ASCENDCL,1788522401077942.050	,0,NPU:2
2,ASCENDCL,1788522401177920.180	,0,NPU:2
2,ASCENDCL,1788522401277910.480	,0,NPU:2
2,ASCENDCL,1788522401377925.770	,0,NPU:2
2,ASCENDCL,1788522401477900.310	,0,NPU:2
2,ASCENDCL,1788522401577954.960	,0,NPU:2
2,ASCENDCL,1788522401677921.360	,0,NPU:2
2,ASCENDCL,1788522401777916.770	,0,NPU:2
2,ASCENDCL,1788522401877925.470	,0,NPU:2
2,ASCENDCL,1788522401977916.920	,0,NPU:2
2,ASCENDCL,1788522402077974.830	,0,NPU:2
2,ASCENDCL,1788522402177902.680	,0,NPU:2
2,ASCENDCL,1788522402277918.870	,0,NPU:2
2,ASCENDCL,1788522402377922.760	,0,NPU:2
2,ASCENDCL,1788522402477903.590	,0,NPU:2
2,ASCENDCL,1788522402577942.340	,0,NPU:2
2,ASCENDCL,1788522402677919.030	,0,NPU:2
2,ASCENDCL,1788522402777911.780	,0,NPU:2
2,ASCENDCL,1788522402877922.630	,0,NPU:2
2,ASCENDCL,1788522402977905.570	,0,NPU:2
2,ASCENDCL,1788522403077934.900	,0,NPU:2
2,ASCENDCL,1788522403177942.120	,0,NPU:2
2,ASCENDCL,1788522403277908.370	,0,NPU:2
2,ASCENDCL,1788522403377927.360	,0,NPU:2
2,ASCENDCL,1788522403477900.620	,0,NPU:2
2,ASCENDCL,1788522403577899.530	,0,NPU:2
2,ASCENDCL,1788522403677942.630	,0,NPU:2
2,ASCENDCL,1788522403777925.020	,0,NPU:2
2,ASCENDCL,1788522403877912.590	,0,NPU:2
2,ASCENDCL,1788522403977901.400	,0,NPU:2
2,ASCENDCL,1788522404077891.260	,0,NPU:2
2,ASCENDCL,1788522404177954.260	,0,NPU:2
2,ASCENDCL,1788522404277915.290	,0,NPU:2
2,ASCENDCL,1788522404377906.970	,0,NPU:2
2,ASCENDCL,1788522404477897.920	,0,NPU:2
2,ASCENDCL,1788522404577890.250	,0,NPU:2
2,ASCENDCL,1788522404677934.570	,0,NPU:2
2,ASCENDCL,1788522404777930.310	,0,NPU:2
2,ASCENDCL,1788522404877897.690	,0,NPU:2
2,ASCENDCL,1788522404977898.970	,0,NPU:2
2,ASCENDCL,1788522405077895.540	,0,NPU:2
2,ASCENDCL,1788522405177902.050	,0,NPU:2
2,ASCENDCL,1788522405277949.200	,0,NPU:2
2,ASCENDCL,1788522405377893.890	,0,NPU:2
2,ASCENDCL,1788522405477907.290	,0,NPU:2
2,ASCENDCL,1788522405577893.850	,0,NPU:2
2,ASCENDCL,1788522405677886.100	,0,NPU:2
2,ASCENDCL,1788522405777954.290	,0,NPU:2
2,ASCENDCL,1788522405877885.890	,0,NPU:2
2,ASCENDCL,1788522405977898.270	,0,NPU:2
2,ASCENDCL,1788522406077889.750	,0,NPU:2
2,ASCENDCL,1788522406177915.880	,0,NPU:2
2,ASCENDCL,1788522406277936.440	,0,NPU:2
2,ASCENDCL,1788522406377897.670	,0,NPU:2
2,ASCENDCL,1788522406477888.140	,0,NPU:2
2,ASCENDCL,1788522406577897.320	,0,NPU:2
2,ASCENDCL,1788522406677907.770	,0,NPU:2
2,ASCENDCL,1788522406777934.210	,0,NPU:2
2,ASCENDCL,1788522406877907.300	,0,NPU:2
2,ASCENDCL,1788522406977909.710	,0,NPU:2
2,ASCENDCL,1788522407077929.020	,0,NPU:2
2,ASCENDCL,1788522407177909.460	,0,NPU:2
2,ASCENDCL,1788522407277917.990	,0,NPU:2
2,ASCENDCL,1788522407377925.380	,0,NPU:2
2,ASCENDCL,1788522407477894.670	,0,NPU:2
2,ASCENDCL,1788522407577895.450	,0,NPU:2
2,ASCENDCL,1788522407677906.380	,0,NPU:2
2,ASCENDCL,1788522407777884.020	,0,NPU:2
2,ASCENDCL,1788522407877934.230	,0,NPU:2
2,ASCENDCL,1788522407977893.050	,0,NPU:2
2,ASCENDCL,1788522408077898.630	,0,NPU:2
2,ASCENDCL,1788522408177899.180	,0,NPU:2
2,ASCENDCL,1788522408277883.110	,0,NPU:2
2,ASCENDCL,1788522408377926.070	,0,NPU:2
2,ASCENDCL,1788522408477888.490	,0,NPU:2
2,ASCENDCL,1788522408577895.200	,0,NPU:2
2,ASCENDCL,1788522408677906.390	,0,NPU:2
2,ASCENDCL,1788522408777886.940	,0,NPU:2
2,ASCENDCL,1788522408877899.720	,0,NPU:2
2,ASCENDCL,1788522408977919.030	,0,NPU:2
2,ASCENDCL,1788522409077900.950	,0,NPU:2
2,ASCENDCL,1788522409177920.590	,0,NPU:2
2,ASCENDCL,1788522409277903.090	,0,NPU:2
2,ASCENDCL,1788522409377939.190	,0,NPU:2
2,ASCENDCL,1788522409477940.020	,0,NPU:2
2,ASCENDCL,1788522409577925.070	,0,NPU:2
2,ASCENDCL,1788522409677913.390	,0,NPU:2
2,ASCENDCL,1788522409778505.600	,0,NPU:2
2,ASCENDCL,1788522409877880.650	,0,NPU:2
2,ASCENDCL,1788522409884448.780	,0,NPU:2
2,TEEOS,1788522391078023.490	,0,NPU:2
2,TEEOS,1788522391177937.070	,0,NPU:2
2,TEEOS,1788522391277935.640	,0,NPU:2
2,TEEOS,1788522391377927.650	,0,NPU:2
2,TEEOS,1788522391477926.110	,0,NPU:2
2,TEEOS,1788522391577931.290	,0,NPU:2
2,TEEOS,1788522391677920.690	,0,NPU:2
2,TEEOS,1788522391777924.450	,0,NPU:2
2,TEEOS,1788522391877922.070	,0,NPU:2
2,TEEOS,1788522391977925.940	,0,NPU:2
2,TEEOS,1788522392077937.630	,0,NPU:2
2,TEEOS,1788522392177916.260	,0,NPU:2
2,TEEOS,1788522392277917.700	,0,NPU:2
2,TEEOS,1788522392377914.280	,0,NPU:2
2,TEEOS,1788522392477913.470	,0,NPU:2
2,TEEOS,1788522392577913.330	,0,NPU:2
2,TEEOS,1788522392677914.200	,0,NPU:2
2,TEEOS,1788522392777911.600	,0,NPU:2
2,TEEOS,1788522392877912.410	,0,NPU:2
2,TEEOS,1788522392978016.170	,0,NPU:2
2,TEEOS,1788522393077977.060	,0,NPU:2
2,TEEOS,1788522393177974.590	,0,NPU:2
2,TEEOS,1788522393277964.030	,0,NPU:2
2,TEEOS,1788522393377945.550	,0,NPU:2
2,TEEOS,1788522393477976.680	,0,NPU:2
2,TEEOS,1788522393577984.080	,0,NPU:2
2,TEEOS,1788522393677968.900	,0,NPU:2
2,TEEOS,1788522393777954.940	,0,NPU:2
2,TEEOS,1788522393877942.990	,0,NPU:2
2,TEEOS,1788522393977961.280	,0,NPU:2
2,TEEOS,1788522394078013.090	,0,NPU:2
2,TEEOS,1788522394177974.520	,0,NPU:2
2,TEEOS,1788522394277964.210	,0,NPU:2
2,TEEOS,1788522394377950.280	,0,NPU:2
2,TEEOS,1788522394477952.390	,0,NPU:2
2,TEEOS,1788522394578016.640	,0,NPU:2
2,TEEOS,1788522394677977.300	,0,NPU:2
2,TEEOS,1788522394777969.400	,0,NPU:2
2,TEEOS,1788522394877962.180	,0,NPU:2
2,TEEOS,1788522394977965.600	,0,NPU:2
2,TEEOS,1788522395078008.720	,0,NPU:2
2,TEEOS,1788522395177977.430	,0,NPU:2
2,TEEOS,1788522395277957.970	,0,NPU:2
2,TEEOS,1788522395377930.270	,0,NPU:2
2,TEEOS,1788522395477921.620	,0,NPU:2
2,TEEOS,1788522395577936.500	,0,NPU:2
2,TEEOS,1788522395678003.450	,0,NPU:2
2,TEEOS,1788522395777928.150	,0,NPU:2
2,TEEOS,1788522395877927.960	,0,NPU:2
2,TEEOS,1788522395977921.590	,0,NPU:2
2,TEEOS,1788522396077916.940	,0,NPU:2
2,TEEOS,1788522396177923.490	,0,NPU:2
2,TEEOS,1788522396277996.560	,0,NPU:2
2,TEEOS,1788522396377924.140	,0,NPU:2
2,TEEOS,1788522396477922.640	,0,NPU:2
2,TEEOS,1788522396577981.300	,0,NPU:2
2,TEEOS,1788522396677932.570	,0,NPU:2
2,TEEOS,1788522396777925.720	,0,NPU:2
2,TEEOS,1788522396877997.210	,0,NPU:2
2,TEEOS,1788522396977942.920	,0,NPU:2
2,TEEOS,1788522397077970.710	,0,NPU:2
2,TEEOS,1788522397177936.970	,0,NPU:2
2,TEEOS,1788522397277933.350	,0,NPU:2
2,TEEOS,1788522397377993.820	,0,NPU:2
2,TEEOS,1788522397477951.390	,0,NPU:2
2,TEEOS,1788522397577956.900	,0,NPU:2
2,TEEOS,1788522397677924.020	,0,NPU:2
2,TEEOS,1788522397777934.420	,0,NPU:2
2,TEEOS,1788522397877963.890	,0,NPU:2
2,TEEOS,1788522397977969.880	,0,NPU:2
2,TEEOS,1788522398077954.400	,0,NPU:2
2,TEEOS,1788522398177927.840	,0,NPU:2
2,TEEOS,1788522398277921.670	,0,NPU:2
2,TEEOS,1788522398377958.450	,0,NPU:2
2,TEEOS,1788522398477974.110	,0,NPU:2
2,TEEOS,1788522398577953.640	,0,NPU:2
2,TEEOS,1788522398677911.610	,0,NPU:2
2,TEEOS,1788522398777930.720	,0,NPU:2
2,TEEOS,1788522398877925.070	,0,NPU:2
2,TEEOS,1788522398978009.620	,0,NPU:2
2,TEEOS,1788522399077942.860	,0,NPU:2
2,TEEOS,1788522399177944.700	,0,NPU:2
2,TEEOS,1788522399277916.870	,0,NPU:2
2,TEEOS,1788522399377916.990	,0,NPU:2
2,TEEOS,1788522399477993.320	,0,NPU:2
2,TEEOS,1788522399577921.240	,0,NPU:2
2,TEEOS,1788522399677921.770	,0,NPU:2
2,TEEOS,1788522399777919.970	,0,NPU:2
2,TEEOS,1788522399877912.580	,0,NPU:2
2,TEEOS,1788522399977983.870	,0,NPU:2
2,TEEOS,1788522400077927.200	,0,NPU:2
2,TEEOS,1788522400177927.440	,0,NPU:2
2,TEEOS,1788522400277926.000	,0,NPU:2
2,TEEOS,1788522400377927.760	,0,NPU:2
2,TEEOS,1788522400477988.310	,0,NPU:2
2,TEEOS,1788522400577934.210	,0,NPU:2
2,TEEOS,1788522400677909.290	,0,NPU:2
2,TEEOS,1788522400777918.620	,0,NPU:2
2,TEEOS,1788522400877909.760	,0,NPU:2
2,TEEOS,1788522400977969.760	,0,NPU:2
2,TEEOS,1788522401077942.050	,0,NPU:2
2,TEEOS,1788522401177920.180	,0,NPU:2
2,TEEOS,1788522401277910.480	,0,NPU:2
2,TEEOS,1788522401377925.770	,0,NPU:2
2,TEEOS,1788522401477900.310	,0,NPU:2
2,TEEOS,1788522401577954.960	,0,NPU:2
2,TEEOS,1788522401677921.360	,0,NPU:2
2,TEEOS,1788522401777916.770	,0,NPU:2
2,TEEOS,1788522401877925.470	,0,NPU:2
2,TEEOS,1788522401977916.920	,0,NPU:2
2,TEEOS,1788522402077974.830	,0,NPU:2
2,TEEOS,1788522402177902.680	,0,NPU:2
2,TEEOS,1788522402277918.870	,0,NPU:2
2,TEEOS,1788522402377922.760	,0,NPU:2
2,TEEOS,1788522402477903.590	,0,NPU:2
2,TEEOS,1788522402577942.340	,0,NPU:2
2,TEEOS,1788522402677919.030	,0,NPU:2
2,TEEOS,1788522402777911.780	,0,NPU:2
2,TEEOS,1788522402877922.630	,0,NPU:2
2,TEEOS,1788522402977905.570	,0,NPU:2
2,TEEOS,1788522403077934.900	,0,NPU:2
2,TEEOS,1788522403177942.120	,0,NPU:2
2,TEEOS,1788522403277908.370	,0,NPU:2
2,TEEOS,1788522403377927.360	,0,NPU:2
2,TEEOS,1788522403477900.620	,0,NPU:2
2,TEEOS,1788522403577899.530	,0,NPU:2
2,TEEOS,1788522403677942.630	,0,NPU:2
2,TEEOS,1788522403777925.020	,0,NPU:2
2,TEEOS,1788522403877912.590	,0,NPU:2
2,TEEOS,1788522403977901.400	,0,NPU:2
2,TEEOS,1788522404077891.260	,0,NPU:2
2,TEEOS,1788522404177954.260	,0,NPU:2
2,TEEOS,1788522404277915.290	,0,NPU:2
2,TEEOS,1788522404377906.970	,0,NPU:2
2,TEEOS,1788522404477897.920	,0,NPU:2
2,TEEOS,1788522404577890.250	,0,NPU:2
2,TEEOS,1788522404677934.570	,0,NPU:2
2,TEEOS,1788522404777930.310	,0,NPU:2
2,TEEOS,1788522404877897.690	,0,NPU:2
2,TEEOS,1788522404977898.970	,0,NPU:2
2,TEEOS,1788522405077895.540	,0,NPU:2
2,TEEOS,1788522405177902.050	,0,NPU:2
2,TEEOS,1788522405277949.200	,0,NPU:2
2,TEEOS,1788522405377893.890	,0,NPU:2
2,TEEOS,1788522405477907.290	,0,NPU:2
2,TEEOS,1788522405577893.850	,0,NPU:2
2,TEEOS,1788522405677886.100	,0,NPU:2
2,TEEOS,1788522405777954.290	,0,NPU:2
2,TEEOS,1788522405877885.890	,0,NPU:2
2,TEEOS,1788522405977898.270	,0,NPU:2
2,TEEOS,1788522406077889.750	,0,NPU:2
2,TEEOS,1788522406177915.880	,0,NPU:2
2,TEEOS,1788522406277936.440	,0,NPU:2
2,TEEOS,1788522406377897.670	,0,NPU:2
2,TEEOS,1788522406477888.140	,0,NPU:2
2,TEEOS,1788522406577897.320	,0,NPU:2
2,TEEOS,1788522406677907.770	,0,NPU:2
2,TEEOS,1788522406777934.210	,0,NPU:2
2,TEEOS,1788522406877907.300	,0,NPU:2
2,TEEOS,1788522406977909.710	,0,NPU:2
2,TEEOS,1788522407077929.020	,0,NPU:2
2,TEEOS,1788522407177909.460	,0,NPU:2
2,TEEOS,1788522407277917.990	,0,NPU:2
2,TEEOS,1788522407377925.380	,0,NPU:2
2,TEEOS,1788522407477894.670	,0,NPU:2
2,TEEOS,1788522407577895.450	,0,NPU:2
2,TEEOS,1788522407677906.380	,0,NPU:2
2,TEEOS,1788522407777884.020	,0,NPU:2
2,TEEOS,1788522407877934.230	,0,NPU:2
2,TEEOS,1788522407977893.050	,0,NPU:2
2,TEEOS,1788522408077898.630	,0,NPU:2
2,TEEOS,1788522408177899.180	,0,NPU:2
2,TEEOS,1788522408277883.110	,0,NPU:2
2,TEEOS,1788522408377926.070	,0,NPU:2
2,TEEOS,1788522408477888.490	,0,NPU:2
2,TEEOS,1788522408577895.200	,0,NPU:2
2,TEEOS,1788522408677906.390	,0,NPU:2
2,TEEOS,1788522408777886.940	,0,NPU:2
2,TEEOS,1788522408877899.720	,0,NPU:2
2,TEEOS,1788522408977919.030	,0,NPU:2
2,TEEOS,1788522409077900.950	,0,NPU:2
2,TEEOS,1788522409177920.590	,0,NPU:2
2,TEEOS,1788522409277903.090	,0,NPU:2
2,TEEOS,1788522409377939.190	,0,NPU:2
2,TEEOS,1788522409477940.020	,0,NPU:2
2,TEEOS,1788522409577925.070	,0,NPU:2
2,TEEOS,1788522409677913.390	,0,NPU:2
2,TEEOS,1788522409778505.600	,0,NPU:2
2,TEEOS,1788522409877880.650	,0,NPU:2
2,TEEOS,1788522409884448.780	,0,NPU:2
2,ISP,1788522391078023.490	,0,NPU:2
2,ISP,1788522391177937.070	,0,NPU:2
2,ISP,1788522391277935.640	,0,NPU:2
2,ISP,1788522391377927.650	,0,NPU:2
2,ISP,1788522391477926.110	,0,NPU:2
2,ISP,1788522391577931.290	,0,NPU:2
2,ISP,1788522391677920.690	,0,NPU:2
2,ISP,1788522391777924.450	,0,NPU:2
2,ISP,1788522391877922.070	,0,NPU:2
2,ISP,1788522391977925.940	,0,NPU:2
2,ISP,1788522392077937.630	,0,NPU:2
2,ISP,1788522392177916.260	,0,NPU:2
2,ISP,1788522392277917.700	,0,NPU:2
2,ISP,1788522392377914.280	,0,NPU:2
2,ISP,1788522392477913.470	,0,NPU:2
2,ISP,1788522392577913.330	,0,NPU:2
2,ISP,1788522392677914.200	,0,NPU:2
2,ISP,1788522392777911.600	,0,NPU:2
2,ISP,1788522392877912.410	,0,NPU:2
2,ISP,1788522392978016.170	,0,NPU:2
2,ISP,1788522393077977.060	,0,NPU:2
2,ISP,1788522393177974.590	,0,NPU:2
2,ISP,1788522393277964.030	,0,NPU:2
2,ISP,1788522393377945.550	,0,NPU:2
2,ISP,1788522393477976.680	,0,NPU:2
2,ISP,1788522393577984.080	,0,NPU:2
2,ISP,1788522393677968.900	,0,NPU:2
2,ISP,1788522393777954.940	,0,NPU:2
2,ISP,1788522393877942.990	,0,NPU:2
2,ISP,1788522393977961.280	,0,NPU:2
2,ISP,1788522394078013.090	,0,NPU:2
2,ISP,1788522394177974.520	,0,NPU:2
2,ISP,1788522394277964.210	,0,NPU:2
2,ISP,1788522394377950.280	,0,NPU:2
2,ISP,1788522394477952.390	,0,NPU:2
2,ISP,1788522394578016.640	,0,NPU:2
2,ISP,1788522394677977.300	,0,NPU:2
2,ISP,1788522394777969.400	,0,NPU:2
2,ISP,1788522394877962.180	,0,NPU:2
2,ISP,1788522394977965.600	,0,NPU:2
2,ISP,1788522395078008.720	,0,NPU:2
2,ISP,1788522395177977.430	,0,NPU:2
2,ISP,1788522395277957.970	,0,NPU:2
2,ISP,1788522395377930.270	,0,NPU:2
2,ISP,1788522395477921.620	,0,NPU:2
2,ISP,1788522395577936.500	,0,NPU:2
2,ISP,1788522395678003.450	,0,NPU:2
2,ISP,1788522395777928.150	,0,NPU:2
2,ISP,1788522395877927.960	,0,NPU:2
2,ISP,1788522395977921.590	,0,NPU:2
2,ISP,1788522396077916.940	,0,NPU:2
2,ISP,1788522396177923.490	,0,NPU:2
2,ISP,1788522396277996.560	,0,NPU:2
2,ISP,1788522396377924.140	,0,NPU:2
2,ISP,1788522396477922.640	,0,NPU:2
2,ISP,1788522396577981.300	,0,NPU:2
2,ISP,1788522396677932.570	,0,NPU:2
2,ISP,1788522396777925.720	,0,NPU:2
2,ISP,1788522396877997.210	,0,NPU:2
2,ISP,1788522396977942.920	,0,NPU:2
2,ISP,1788522397077970.710	,0,NPU:2
2,ISP,1788522397177936.970	,0,NPU:2
2,ISP,1788522397277933.350	,0,NPU:2
2,ISP,1788522397377993.820	,0,NPU:2
2,ISP,1788522397477951.390	,0,NPU:2
2,ISP,1788522397577956.900	,0,NPU:2
2,ISP,1788522397677924.020	,0,NPU:2
2,ISP,1788522397777934.420	,0,NPU:2
2,ISP,1788522397877963.890	,0,NPU:2
2,ISP,1788522397977969.880	,0,NPU:2
2,ISP,1788522398077954.400	,0,NPU:2
2,ISP,1788522398177927.840	,0,NPU:2
2,ISP,1788522398277921.670	,0,NPU:2
2,ISP,1788522398377958.450	,0,NPU:2
2,ISP,1788522398477974.110	,0,NPU:2
2,ISP,1788522398577953.640	,0,NPU:2
2,ISP,1788522398677911.610	,0,NPU:2
2,ISP,1788522398777930.720	,0,NPU:2
2,ISP,1788522398877925.070	,0,NPU:2
2,ISP,1788522398978009.620	,0,NPU:2
2,ISP,1788522399077942.860	,0,NPU:2
2,ISP,1788522399177944.700	,0,NPU:2
2,ISP,1788522399277916.870	,0,NPU:2
2,ISP,1788522399377916.990	,0,NPU:2
2,ISP,1788522399477993.320	,0,NPU:2
2,ISP,1788522399577921.240	,0,NPU:2
2,ISP,1788522399677921.770	,0,NPU:2
2,ISP,1788522399777919.970	,0,NPU:2
2,ISP,1788522399877912.580	,0,NPU:2
2,ISP,1788522399977983.870	,0,NPU:2
2,ISP,1788522400077927.200	,0,NPU:2
2,ISP,1788522400177927.440	,0,NPU:2
2,ISP,1788522400277926.000	,0,NPU:2
2,ISP,1788522400377927.760	,0,NPU:2
2,ISP,1788522400477988.310	,0,NPU:2
2,ISP,1788522400577934.210	,0,NPU:2
2,ISP,1788522400677909.290	,0,NPU:2
2,ISP,1788522400777918.620	,0,NPU:2
2,ISP,1788522400877909.760	,0,NPU:2
2,ISP,1788522400977969.760	,0,NPU:2
2,ISP,1788522401077942.050	,0,NPU:2
2,ISP,1788522401177920.180	,0,NPU:2
2,ISP,1788522401277910.480	,0,NPU:2
2,ISP,1788522401377925.770	,0,NPU:2
2,ISP,1788522401477900.310	,0,NPU:2
2,ISP,1788522401577954.960	,0,NPU:2
2,ISP,1788522401677921.360	,0,NPU:2
2,ISP,1788522401777916.770	,0,NPU:2
2,ISP,1788522401877925.470	,0,NPU:2
2,ISP,1788522401977916.920	,0,NPU:2
2,ISP,1788522402077974.830	,0,NPU:2
2,ISP,1788522402177902.680	,0,NPU:2
2,ISP,1788522402277918.870	,0,NPU:2
2,ISP,1788522402377922.760	,0,NPU:2
2,ISP,1788522402477903.590	,0,NPU:2
2,ISP,1788522402577942.340	,0,NPU:2
2,ISP,1788522402677919.030	,0,NPU:2
2,ISP,1788522402777911.780	,0,NPU:2
2,ISP,1788522402877922.630	,0,NPU:2
2,ISP,1788522402977905.570	,0,NPU:2
2,ISP,1788522403077934.900	,0,NPU:2
2,ISP,1788522403177942.120	,0,NPU:2
2,ISP,1788522403277908.370	,0,NPU:2
2,ISP,1788522403377927.360	,0,NPU:2
2,ISP,1788522403477900.620	,0,NPU:2
2,ISP,1788522403577899.530	,0,NPU:2
2,ISP,1788522403677942.630	,0,NPU:2
2,ISP,1788522403777925.020	,0,NPU:2
2,ISP,1788522403877912.590	,0,NPU:2
2,ISP,1788522403977901.400	,0,NPU:2
2,ISP,1788522404077891.260	,0,NPU:2
2,ISP,1788522404177954.260	,0,NPU:2
2,ISP,1788522404277915.290	,0,NPU:2
2,ISP,1788522404377906.970	,0,NPU:2
2,ISP,1788522404477897.920	,0,NPU:2
2,ISP,1788522404577890.250	,0,NPU:2
2,ISP,1788522404677934.570	,0,NPU:2
2,ISP,1788522404777930.310	,0,NPU:2
2,ISP,1788522404877897.690	,0,NPU:2
2,ISP,1788522404977898.970	,0,NPU:2
2,ISP,1788522405077895.540	,0,NPU:2
2,ISP,1788522405177902.050	,0,NPU:2
2,ISP,1788522405277949.200	,0,NPU:2
2,ISP,1788522405377893.890	,0,NPU:2
2,ISP,1788522405477907.290	,0,NPU:2
2,ISP,1788522405577893.850	,0,NPU:2
2,ISP,1788522405677886.100	,0,NPU:2
2,ISP,1788522405777954.290	,0,NPU:2
2,ISP,1788522405877885.890	,0,NPU:2
2,ISP,1788522405977898.270	,0,NPU:2
2,ISP,1788522406077889.750	,0,NPU:2
2,ISP,1788522406177915.880	,0,NPU:2
2,ISP,1788522406277936.440	,0,NPU:2
2,ISP,1788522406377897.670	,0,NPU:2
2,ISP,1788522406477888.140	,0,NPU:2
2,ISP,1788522406577897.320	,0,NPU:2
2,ISP,1788522406677907.770	,0,NPU:2
2,ISP,1788522406777934.210	,0,NPU:2
2,ISP,1788522406877907.300	,0,NPU:2
2,ISP,1788522406977909.710	,0,NPU:2
2,ISP,1788522407077929.020	,0,NPU:2
2,ISP,1788522407177909.460	,0,NPU:2
2,ISP,1788522407277917.990	,0,NPU:2
2,ISP,1788522407377925.380	,0,NPU:2
2,ISP,1788522407477894.670	,0,NPU:2
2,ISP,1788522407577895.450	,0,NPU:2
2,ISP,1788522407677906.380	,0,NPU:2
2,ISP,1788522407777884.020	,0,NPU:2
2,ISP,1788522407877934.230	,0,NPU:2
2,ISP,1788522407977893.050	,0,NPU:2
2,ISP,1788522408077898.630	,0,NPU:2
2,ISP,1788522408177899.180	,0,NPU:2
2,ISP,1788522408277883.110	,0,NPU:2
2,ISP,1788522408377926.070	,0,NPU:2
2,ISP,1788522408477888.490	,0,NPU:2
2,ISP,1788522408577895.200	,0,NPU:2
2,ISP,1788522408677906.390	,0,NPU:2
2,ISP,1788522408777886.940	,0,NPU:2
2,ISP,1788522408877899.720	,0,NPU:2
2,ISP,1788522408977919.030	,0,NPU:2
2,ISP,1788522409077900.950	,0,NPU:2
2,ISP,1788522409177920.590	,0,NPU:2
2,ISP,1788522409277903.090	,0,NPU:2
2,ISP,1788522409377939.190	,0,NPU:2
2,ISP,1788522409477940.020	,0,NPU:2
2,ISP,1788522409577925.070	,0,NPU:2
2,ISP,1788522409677913.390	,0,NPU:2
2,ISP,1788522409778505.600	,0,NPU:2
2,ISP,1788522409877880.650	,0,NPU:2
2,ISP,1788522409884448.780	,0,NPU:2
2,SIS,1788522391078023.490	,0,NPU:2
2,SIS,1788522391177937.070	,0,NPU:2
2,SIS,1788522391277935.640	,0,NPU:2
2,SIS,1788522391377927.650	,0,NPU:2
2,SIS,1788522391477926.110	,0,NPU:2
2,SIS,1788522391577931.290	,0,NPU:2
2,SIS,1788522391677920.690	,0,NPU:2
2,SIS,1788522391777924.450	,0,NPU:2
2,SIS,1788522391877922.070	,0,NPU:2
2,SIS,1788522391977925.940	,0,NPU:2
2,SIS,1788522392077937.630	,0,NPU:2
2,SIS,1788522392177916.260	,0,NPU:2
2,SIS,1788522392277917.700	,0,NPU:2
2,SIS,1788522392377914.280	,0,NPU:2
2,SIS,1788522392477913.470	,0,NPU:2
2,SIS,1788522392577913.330	,0,NPU:2
2,SIS,1788522392677914.200	,0,NPU:2
2,SIS,1788522392777911.600	,0,NPU:2
2,SIS,1788522392877912.410	,0,NPU:2
2,SIS,1788522392978016.170	,0,NPU:2
2,SIS,1788522393077977.060	,0,NPU:2
2,SIS,1788522393177974.590	,0,NPU:2
2,SIS,1788522393277964.030	,0,NPU:2
2,SIS,1788522393377945.550	,0,NPU:2
2,SIS,1788522393477976.680	,0,NPU:2
2,SIS,1788522393577984.080	,0,NPU:2
2,SIS,1788522393677968.900	,0,NPU:2
2,SIS,1788522393777954.940	,0,NPU:2
2,SIS,1788522393877942.990	,0,NPU:2
2,SIS,1788522393977961.280	,0,NPU:2
2,SIS,1788522394078013.090	,0,NPU:2
2,SIS,1788522394177974.520	,0,NPU:2
2,SIS,1788522394277964.210	,0,NPU:2
2,SIS,1788522394377950.280	,0,NPU:2
2,SIS,1788522394477952.390	,0,NPU:2
2,SIS,1788522394578016.640	,0,NPU:2
2,SIS,1788522394677977.300	,0,NPU:2
2,SIS,1788522394777969.400	,0,NPU:2
2,SIS,1788522394877962.180	,0,NPU:2
2,SIS,1788522394977965.600	,0,NPU:2
2,SIS,1788522395078008.720	,0,NPU:2
2,SIS,1788522395177977.430	,0,NPU:2
2,SIS,1788522395277957.970	,0,NPU:2
2,SIS,1788522395377930.270	,0,NPU:2
2,SIS,1788522395477921.620	,0,NPU:2
2,SIS,1788522395577936.500	,0,NPU:2
2,SIS,1788522395678003.450	,0,NPU:2
2,SIS,1788522395777928.150	,0,NPU:2
2,SIS,1788522395877927.960	,0,NPU:2
2,SIS,1788522395977921.590	,0,NPU:2
2,SIS,1788522396077916.940	,0,NPU:2
2,SIS,1788522396177923.490	,0,NPU:2
2,SIS,1788522396277996.560	,0,NPU:2
2,SIS,1788522396377924.140	,0,NPU:2
2,SIS,1788522396477922.640	,0,NPU:2
2,SIS,1788522396577981.300	,0,NPU:2
2,SIS,1788522396677932.570	,0,NPU:2
2,SIS,1788522396777925.720	,0,NPU:2
2,SIS,1788522396877997.210	,0,NPU:2
2,SIS,1788522396977942.920	,0,NPU:2
2,SIS,1788522397077970.710	,0,NPU:2
2,SIS,1788522397177936.970	,0,NPU:2
2,SIS,1788522397277933.350	,0,NPU:2
2,SIS,1788522397377993.820	,0,NPU:2
2,SIS,1788522397477951.390	,0,NPU:2
2,SIS,1788522397577956.900	,0,NPU:2
2,SIS,1788522397677924.020	,0,NPU:2
2,SIS,1788522397777934.420	,0,NPU:2
2,SIS,1788522397877963.890	,0,NPU:2
2,SIS,1788522397977969.880	,0,NPU:2
2,SIS,1788522398077954.400	,0,NPU:2
2,SIS,1788522398177927.840	,0,NPU:2
2,SIS,1788522398277921.670	,0,NPU:2
2,SIS,1788522398377958.450	,0,NPU:2
2,SIS,1788522398477974.110	,0,NPU:2
2,SIS,1788522398577953.640	,0,NPU:2
2,SIS,1788522398677911.610	,0,NPU:2
2,SIS,1788522398777930.720	,0,NPU:2
2,SIS,1788522398877925.070	,0,NPU:2
2,SIS,1788522398978009.620	,0,NPU:2
2,SIS,1788522399077942.860	,0,NPU:2
2,SIS,1788522399177944.700	,0,NPU:2
2,SIS,1788522399277916.870	,0,NPU:2
2,SIS,1788522399377916.990	,0,NPU:2
2,SIS,1788522399477993.320	,0,NPU:2
2,SIS,1788522399577921.240	,0,NPU:2
2,SIS,1788522399677921.770	,0,NPU:2
2,SIS,1788522399777919.970	,0,NPU:2
2,SIS,1788522399877912.580	,0,NPU:2
2,SIS,1788522399977983.870	,0,NPU:2
2,SIS,1788522400077927.200	,0,NPU:2
2,SIS,1788522400177927.440	,0,NPU:2
2,SIS,1788522400277926.000	,0,NPU:2
2,SIS,1788522400377927.760	,0,NPU:2
2,SIS,1788522400477988.310	,0,NPU:2
2,SIS,1788522400577934.210	,0,NPU:2
2,SIS,1788522400677909.290	,0,NPU:2
2,SIS,1788522400777918.620	,0,NPU:2
2,SIS,1788522400877909.760	,0,NPU:2
2,SIS,1788522400977969.760	,0,NPU:2
2,SIS,1788522401077942.050	,0,NPU:2
2,SIS,1788522401177920.180	,0,NPU:2
2,SIS,1788522401277910.480	,0,NPU:2
2,SIS,1788522401377925.770	,0,NPU:2
2,SIS,1788522401477900.310	,0,NPU:2
2,SIS,1788522401577954.960	,0,NPU:2
2,SIS,1788522401677921.360	,0,NPU:2
2,SIS,1788522401777916.770	,0,NPU:2
2,SIS,1788522401877925.470	,0,NPU:2
2,SIS,1788522401977916.920	,0,NPU:2
2,SIS,1788522402077974.830	,0,NPU:2
2,SIS,1788522402177902.680	,0,NPU:2
2,SIS,1788522402277918.870	,0,NPU:2
2,SIS,1788522402377922.760	,0,NPU:2
2,SIS,1788522402477903.590	,0,NPU:2
2,SIS,1788522402577942.340	,0,NPU:2
2,SIS,1788522402677919.030	,0,NPU:2
2,SIS,1788522402777911.780	,0,NPU:2
2,SIS,1788522402877922.630	,0,NPU:2
2,SIS,1788522402977905.570	,0,NPU:2
2,SIS,1788522403077934.900	,0,NPU:2
2,SIS,1788522403177942.120	,0,NPU:2
2,SIS,1788522403277908.370	,0,NPU:2
2,SIS,1788522403377927.360	,0,NPU:2
2,SIS,1788522403477900.620	,0,NPU:2
2,SIS,1788522403577899.530	,0,NPU:2
2,SIS,1788522403677942.630	,0,NPU:2
2,SIS,1788522403777925.020	,0,NPU:2
2,SIS,1788522403877912.590	,0,NPU:2
2,SIS,1788522403977901.400	,0,NPU:2
2,SIS,1788522404077891.260	,0,NPU:2
2,SIS,1788522404177954.260	,0,NPU:2
2,SIS,1788522404277915.290	,0,NPU:2
2,SIS,1788522404377906.970	,0,NPU:2
2,SIS,1788522404477897.920	,0,NPU:2
2,SIS,1788522404577890.250	,0,NPU:2
2,SIS,1788522404677934.570	,0,NPU:2
2,SIS,1788522404777930.310	,0,NPU:2
2,SIS,1788522404877897.690	,0,NPU:2
2,SIS,1788522404977898.970	,0,NPU:2
2,SIS,1788522405077895.540	,0,NPU:2
2,SIS,1788522405177902.050	,0,NPU:2
2,SIS,1788522405277949.200	,0,NPU:2
2,SIS,1788522405377893.890	,0,NPU:2
2,SIS,1788522405477907.290	,0,NPU:2
2,SIS,1788522405577893.850	,0,NPU:2
2,SIS,1788522405677886.100	,0,NPU:2
2,SIS,1788522405777954.290	,0,NPU:2
2,SIS,1788522405877885.890	,0,NPU:2
2,SIS,1788522405977898.270	,0,NPU:2
2,SIS,1788522406077889.750	,0,NPU:2
2,SIS,1788522406177915.880	,0,NPU:2
2,SIS,1788522406277936.440	,0,NPU:2
2,SIS,1788522406377897.670	,0,NPU:2
2,SIS,1788522406477888.140	,0,NPU:2
2,SIS,1788522406577897.320	,0,NPU:2
2,SIS,1788522406677907.770	,0,NPU:2
2,SIS,1788522406777934.210	,0,NPU:2
2,SIS,1788522406877907.300	,0,NPU:2
2,SIS,1788522406977909.710	,0,NPU:2
2,SIS,1788522407077929.020	,0,NPU:2
2,SIS,1788522407177909.460	,0,NPU:2
2,SIS,1788522407277917.990	,0,NPU:2
2,SIS,1788522407377925.380	,0,NPU:2
2,SIS,1788522407477894.670	,0,NPU:2
2,SIS,1788522407577895.450	,0,NPU:2
2,SIS,1788522407677906.380	,0,NPU:2
2,SIS,1788522407777884.020	,0,NPU:2
2,SIS,1788522407877934.230	,0,NPU:2
2,SIS,1788522407977893.050	,0,NPU:2
2,SIS,1788522408077898.630	,0,NPU:2
2,SIS,1788522408177899.180	,0,NPU:2
2,SIS,1788522408277883.110	,0,NPU:2
2,SIS,1788522408377926.070	,0,NPU:2
2,SIS,1788522408477888.490	,0,NPU:2
2,SIS,1788522408577895.200	,0,NPU:2
2,SIS,1788522408677906.390	,0,NPU:2
2,SIS,1788522408777886.940	,0,NPU:2
2,SIS,1788522408877899.720	,0,NPU:2
2,SIS,1788522408977919.030	,0,NPU:2
2,SIS,1788522409077900.950	,0,NPU:2
2,SIS,1788522409177920.590	,0,NPU:2
2,SIS,1788522409277903.090	,0,NPU:2
2,SIS,1788522409377939.190	,0,NPU:2
2,SIS,1788522409477940.020	,0,NPU:2
2,SIS,1788522409577925.070	,0,NPU:2
2,SIS,1788522409677913.390	,0,NPU:2
2,SIS,1788522409778505.600	,0,NPU:2
2,SIS,1788522409877880.650	,0,NPU:2
2,SIS,1788522409884448.780	,0,NPU:2
2,HSM,1788522391078023.490	,0,NPU:2
2,HSM,1788522391177937.070	,0,NPU:2
2,HSM,1788522391277935.640	,0,NPU:2
2,HSM,1788522391377927.650	,0,NPU:2
2,HSM,1788522391477926.110	,0,NPU:2
2,HSM,1788522391577931.290	,0,NPU:2
2,HSM,1788522391677920.690	,0,NPU:2
2,HSM,1788522391777924.450	,0,NPU:2
2,HSM,1788522391877922.070	,0,NPU:2
2,HSM,1788522391977925.940	,0,NPU:2
2,HSM,1788522392077937.630	,0,NPU:2
2,HSM,1788522392177916.260	,0,NPU:2
2,HSM,1788522392277917.700	,0,NPU:2
2,HSM,1788522392377914.280	,0,NPU:2
2,HSM,1788522392477913.470	,0,NPU:2
2,HSM,1788522392577913.330	,0,NPU:2
2,HSM,1788522392677914.200	,0,NPU:2
2,HSM,1788522392777911.600	,0,NPU:2
2,HSM,1788522392877912.410	,0,NPU:2
2,HSM,1788522392978016.170	,0,NPU:2
2,HSM,1788522393077977.060	,0,NPU:2
2,HSM,1788522393177974.590	,0,NPU:2
2,HSM,1788522393277964.030	,0,NPU:2
2,HSM,1788522393377945.550	,0,NPU:2
2,HSM,1788522393477976.680	,0,NPU:2
2,HSM,1788522393577984.080	,0,NPU:2
2,HSM,1788522393677968.900	,0,NPU:2
2,HSM,1788522393777954.940	,0,NPU:2
2,HSM,1788522393877942.990	,0,NPU:2
2,HSM,1788522393977961.280	,0,NPU:2
2,HSM,1788522394078013.090	,0,NPU:2
2,HSM,1788522394177974.520	,0,NPU:2
2,HSM,1788522394277964.210	,0,NPU:2
2,HSM,1788522394377950.280	,0,NPU:2
2,HSM,1788522394477952.390	,0,NPU:2
2,HSM,1788522394578016.640	,0,NPU:2
2,HSM,1788522394677977.300	,0,NPU:2
2,HSM,1788522394777969.400	,0,NPU:2
2,HSM,1788522394877962.180	,0,NPU:2
2,HSM,1788522394977965.600	,0,NPU:2
2,HSM,1788522395078008.720	,0,NPU:2
2,HSM,1788522395177977.430	,0,NPU:2
2,HSM,1788522395277957.970	,0,NPU:2
2,HSM,1788522395377930.270	,0,NPU:2
2,HSM,1788522395477921.620	,0,NPU:2
2,HSM,1788522395577936.500	,0,NPU:2
2,HSM,1788522395678003.450	,0,NPU:2
2,HSM,1788522395777928.150	,0,NPU:2
2,HSM,1788522395877927.960	,0,NPU:2
2,HSM,1788522395977921.590	,0,NPU:2
2,HSM,1788522396077916.940	,0,NPU:2
2,HSM,1788522396177923.490	,0,NPU:2
2,HSM,1788522396277996.560	,0,NPU:2
2,HSM,1788522396377924.140	,0,NPU:2
2,HSM,1788522396477922.640	,0,NPU:2
2,HSM,1788522396577981.300	,0,NPU:2
2,HSM,1788522396677932.570	,0,NPU:2
2,HSM,1788522396777925.720	,0,NPU:2
2,HSM,1788522396877997.210	,0,NPU:2
2,HSM,1788522396977942.920	,0,NPU:2
2,HSM,1788522397077970.710	,0,NPU:2
2,HSM,1788522397177936.970	,0,NPU:2
2,HSM,1788522397277933.350	,0,NPU:2
2,HSM,1788522397377993.820	,0,NPU:2
2,HSM,1788522397477951.390	,0,NPU:2
2,HSM,1788522397577956.900	,0,NPU:2
2,HSM,1788522397677924.020	,0,NPU:2
2,HSM,1788522397777934.420	,0,NPU:2
2,HSM,1788522397877963.890	,0,NPU:2
2,HSM,1788522397977969.880	,0,NPU:2
2,HSM,1788522398077954.400	,0,NPU:2
2,HSM,1788522398177927.840	,0,NPU:2
2,HSM,1788522398277921.670	,0,NPU:2
2,HSM,1788522398377958.450	,0,NPU:2
2,HSM,1788522398477974.110	,0,NPU:2
2,HSM,1788522398577953.640	,0,NPU:2
2,HSM,1788522398677911.610	,0,NPU:2
2,HSM,1788522398777930.720	,0,NPU:2
2,HSM,1788522398877925.070	,0,NPU:2
2,HSM,1788522398978009.620	,0,NPU:2
2,HSM,1788522399077942.860	,0,NPU:2
2,HSM,1788522399177944.700	,0,NPU:2
2,HSM,1788522399277916.870	,0,NPU:2
2,HSM,1788522399377916.990	,0,NPU:2
2,HSM,1788522399477993.320	,0,NPU:2
2,HSM,1788522399577921.240	,0,NPU:2
2,HSM,1788522399677921.770	,0,NPU:2
2,HSM,1788522399777919.970	,0,NPU:2
2,HSM,1788522399877912.580	,0,NPU:2
2,HSM,1788522399977983.870	,0,NPU:2
2,HSM,1788522400077927.200	,0,NPU:2
2,HSM,1788522400177927.440	,0,NPU:2
2,HSM,1788522400277926.000	,0,NPU:2
2,HSM,1788522400377927.760	,0,NPU:2
2,HSM,1788522400477988.310	,0,NPU:2
2,HSM,1788522400577934.210	,0,NPU:2
2,HSM,1788522400677909.290	,0,NPU:2
2,HSM,1788522400777918.620	,0,NPU:2
2,HSM,1788522400877909.760	,0,NPU:2
2,HSM,1788522400977969.760	,0,NPU:2
2,HSM,1788522401077942.050	,0,NPU:2
2,HSM,1788522401177920.180	,0,NPU:2
2,HSM,1788522401277910.480	,0,NPU:2
2,HSM,1788522401377925.770	,0,NPU:2
2,HSM,1788522401477900.310	,0,NPU:2
2,HSM,1788522401577954.960	,0,NPU:2
2,HSM,1788522401677921.360	,0,NPU:2
2,HSM,1788522401777916.770	,0,NPU:2
2,HSM,1788522401877925.470	,0,NPU:2
2,HSM,1788522401977916.920	,0,NPU:2
2,HSM,1788522402077974.830	,0,NPU:2
2,HSM,1788522402177902.680	,0,NPU:2
2,HSM,1788522402277918.870	,0,NPU:2
2,HSM,1788522402377922.760	,0,NPU:2
2,HSM,1788522402477903.590	,0,NPU:2
2,HSM,1788522402577942.340	,0,NPU:2
2,HSM,1788522402677919.030	,0,NPU:2
2,HSM,1788522402777911.780	,0,NPU:2
2,HSM,1788522402877922.630	,0,NPU:2
2,HSM,1788522402977905.570	,0,NPU:2
2,HSM,1788522403077934.900	,0,NPU:2
2,HSM,1788522403177942.120	,0,NPU:2
2,HSM,1788522403277908.370	,0,NPU:2
2,HSM,1788522403377927.360	,0,NPU:2
2,HSM,1788522403477900.620	,0,NPU:2
2,HSM,1788522403577899.530	,0,NPU:2
2,HSM,1788522403677942.630	,0,NPU:2
2,HSM,1788522403777925.020	,0,NPU:2
2,HSM,1788522403877912.590	,0,NPU:2
2,HSM,1788522403977901.400	,0,NPU:2
2,HSM,1788522404077891.260	,0,NPU:2
2,HSM,1788522404177954.260	,0,NPU:2
2,HSM,1788522404277915.290	,0,NPU:2
2,HSM,1788522404377906.970	,0,NPU:2
2,HSM,1788522404477897.920	,0,NPU:2
2,HSM,1788522404577890.250	,0,NPU:2
2,HSM,1788522404677934.570	,0,NPU:2
2,HSM,1788522404777930.310	,0,NPU:2
2,HSM,1788522404877897.690	,0,NPU:2
2,HSM,1788522404977898.970	,0,NPU:2
2,HSM,1788522405077895.540	,0,NPU:2
2,HSM,1788522405177902.050	,0,NPU:2
2,HSM,1788522405277949.200	,0,NPU:2
2,HSM,1788522405377893.890	,0,NPU:2
2,HSM,1788522405477907.290	,0,NPU:2
2,HSM,1788522405577893.850	,0,NPU:2
2,HSM,1788522405677886.100	,0,NPU:2
2,HSM,1788522405777954.290	,0,NPU:2
2,HSM,1788522405877885.890	,0,NPU:2
2,HSM,1788522405977898.270	,0,NPU:2
2,HSM,1788522406077889.750	,0,NPU:2
2,HSM,1788522406177915.880	,0,NPU:2
2,HSM,1788522406277936.440	,0,NPU:2
2,HSM,1788522406377897.670	,0,NPU:2
2,HSM,1788522406477888.140	,0,NPU:2
2,HSM,1788522406577897.320	,0,NPU:2
2,HSM,1788522406677907.770	,0,NPU:2
2,HSM,1788522406777934.210	,0,NPU:2
2,HSM,1788522406877907.300	,0,NPU:2
2,HSM,1788522406977909.710	,0,NPU:2
2,HSM,1788522407077929.020	,0,NPU:2
2,HSM,1788522407177909.460	,0,NPU:2
2,HSM,1788522407277917.990	,0,NPU:2
2,HSM,1788522407377925.380	,0,NPU:2
2,HSM,1788522407477894.670	,0,NPU:2
2,HSM,1788522407577895.450	,0,NPU:2
2,HSM,1788522407677906.380	,0,NPU:2
2,HSM,1788522407777884.020	,0,NPU:2
2,HSM,1788522407877934.230	,0,NPU:2
2,HSM,1788522407977893.050	,0,NPU:2
2,HSM,1788522408077898.630	,0,NPU:2
2,HSM,1788522408177899.180	,0,NPU:2
2,HSM,1788522408277883.110	,0,NPU:2
2,HSM,1788522408377926.070	,0,NPU:2
2,HSM,1788522408477888.490	,0,NPU:2
2,HSM,1788522408577895.200	,0,NPU:2
2,HSM,1788522408677906.390	,0,NPU:2
2,HSM,1788522408777886.940	,0,NPU:2
2,HSM,1788522408877899.720	,0,NPU:2
2,HSM,1788522408977919.030	,0,NPU:2
2,HSM,1788522409077900.950	,0,NPU:2
2,HSM,1788522409177920.590	,0,NPU:2
2,HSM,1788522409277903.090	,0,NPU:2
2,HSM,1788522409377939.190	,0,NPU:2
2,HSM,1788522409477940.020	,0,NPU:2
2,HSM,1788522409577925.070	,0,NPU:2
2,HSM,1788522409677913.390	,0,NPU:2
2,HSM,1788522409778505.600	,0,NPU:2
2,HSM,1788522409877880.650	,0,NPU:2
2,HSM,1788522409884448.780	,0,NPU:2
2,DSS,1788522391078023.490	,0,NPU:2
2,DSS,1788522391177937.070	,0,NPU:2
2,DSS,1788522391277935.640	,0,NPU:2
2,DSS,1788522391377927.650	,0,NPU:2
2,DSS,1788522391477926.110	,0,NPU:2
2,DSS,1788522391577931.290	,0,NPU:2
2,DSS,1788522391677920.690	,0,NPU:2
2,DSS,1788522391777924.450	,0,NPU:2
2,DSS,1788522391877922.070	,0,NPU:2
2,DSS,1788522391977925.940	,0,NPU:2
2,DSS,1788522392077937.630	,0,NPU:2
2,DSS,1788522392177916.260	,0,NPU:2
2,DSS,1788522392277917.700	,0,NPU:2
2,DSS,1788522392377914.280	,0,NPU:2
2,DSS,1788522392477913.470	,0,NPU:2
2,DSS,1788522392577913.330	,0,NPU:2
2,DSS,1788522392677914.200	,0,NPU:2
2,DSS,1788522392777911.600	,0,NPU:2
2,DSS,1788522392877912.410	,0,NPU:2
2,DSS,1788522392978016.170	,0,NPU:2
2,DSS,1788522393077977.060	,0,NPU:2
2,DSS,1788522393177974.590	,0,NPU:2
2,DSS,1788522393277964.030	,0,NPU:2
2,DSS,1788522393377945.550	,0,NPU:2
2,DSS,1788522393477976.680	,0,NPU:2
2,DSS,1788522393577984.080	,0,NPU:2
2,DSS,1788522393677968.900	,0,NPU:2
2,DSS,1788522393777954.940	,0,NPU:2
2,DSS,1788522393877942.990	,0,NPU:2
2,DSS,1788522393977961.280	,0,NPU:2
2,DSS,1788522394078013.090	,0,NPU:2
2,DSS,1788522394177974.520	,0,NPU:2
2,DSS,1788522394277964.210	,0,NPU:2
2,DSS,1788522394377950.280	,0,NPU:2
2,DSS,1788522394477952.390	,0,NPU:2
2,DSS,1788522394578016.640	,0,NPU:2
2,DSS,1788522394677977.300	,0,NPU:2
2,DSS,1788522394777969.400	,0,NPU:2
2,DSS,1788522394877962.180	,0,NPU:2
2,DSS,1788522394977965.600	,0,NPU:2
2,DSS,1788522395078008.720	,0,NPU:2
2,DSS,1788522395177977.430	,0,NPU:2
2,DSS,1788522395277957.970	,0,NPU:2
2,DSS,1788522395377930.270	,0,NPU:2
2,DSS,1788522395477921.620	,0,NPU:2
2,DSS,1788522395577936.500	,0,NPU:2
2,DSS,1788522395678003.450	,0,NPU:2
2,DSS,1788522395777928.150	,0,NPU:2
2,DSS,1788522395877927.960	,0,NPU:2
2,DSS,1788522395977921.590	,0,NPU:2
2,DSS,1788522396077916.940	,0,NPU:2
2,DSS,1788522396177923.490	,0,NPU:2
2,DSS,1788522396277996.560	,0,NPU:2
2,DSS,1788522396377924.140	,0,NPU:2
2,DSS,1788522396477922.640	,0,NPU:2
2,DSS,1788522396577981.300	,0,NPU:2
2,DSS,1788522396677932.570	,0,NPU:2
2,DSS,1788522396777925.720	,0,NPU:2
2,DSS,1788522396877997.210	,0,NPU:2
2,DSS,1788522396977942.920	,0,NPU:2
2,DSS,1788522397077970.710	,0,NPU:2
2,DSS,1788522397177936.970	,0,NPU:2
2,DSS,1788522397277933.350	,0,NPU:2
2,DSS,1788522397377993.820	,0,NPU:2
2,DSS,1788522397477951.390	,0,NPU:2
2,DSS,1788522397577956.900	,0,NPU:2
2,DSS,1788522397677924.020	,0,NPU:2
2,DSS,1788522397777934.420	,0,NPU:2
2,DSS,1788522397877963.890	,0,NPU:2
2,DSS,1788522397977969.880	,0,NPU:2
2,DSS,1788522398077954.400	,0,NPU:2
2,DSS,1788522398177927.840	,0,NPU:2
2,DSS,1788522398277921.670	,0,NPU:2
2,DSS,1788522398377958.450	,0,NPU:2
2,DSS,1788522398477974.110	,0,NPU:2
2,DSS,1788522398577953.640	,0,NPU:2
2,DSS,1788522398677911.610	,0,NPU:2
2,DSS,1788522398777930.720	,0,NPU:2
2,DSS,1788522398877925.070	,0,NPU:2
2,DSS,1788522398978009.620	,0,NPU:2
2,DSS,1788522399077942.860	,0,NPU:2
2,DSS,1788522399177944.700	,0,NPU:2
2,DSS,1788522399277916.870	,0,NPU:2
2,DSS,1788522399377916.990	,0,NPU:2
2,DSS,1788522399477993.320	,0,NPU:2
2,DSS,1788522399577921.240	,0,NPU:2
2,DSS,1788522399677921.770	,0,NPU:2
2,DSS,1788522399777919.970	,0,NPU:2
2,DSS,1788522399877912.580	,0,NPU:2
2,DSS,1788522399977983.870	,0,NPU:2
2,DSS,1788522400077927.200	,0,NPU:2
2,DSS,1788522400177927.440	,0,NPU:2
2,DSS,1788522400277926.000	,0,NPU:2
2,DSS,1788522400377927.760	,0,NPU:2
2,DSS,1788522400477988.310	,0,NPU:2
2,DSS,1788522400577934.210	,0,NPU:2
2,DSS,1788522400677909.290	,0,NPU:2
2,DSS,1788522400777918.620	,0,NPU:2
2,DSS,1788522400877909.760	,0,NPU:2
2,DSS,1788522400977969.760	,0,NPU:2
2,DSS,1788522401077942.050	,0,NPU:2
2,DSS,1788522401177920.180	,0,NPU:2
2,DSS,1788522401277910.480	,0,NPU:2
2,DSS,1788522401377925.770	,0,NPU:2
2,DSS,1788522401477900.310	,0,NPU:2
2,DSS,1788522401577954.960	,0,NPU:2
2,DSS,1788522401677921.360	,0,NPU:2
2,DSS,1788522401777916.770	,0,NPU:2
2,DSS,1788522401877925.470	,0,NPU:2
2,DSS,1788522401977916.920	,0,NPU:2
2,DSS,1788522402077974.830	,0,NPU:2
2,DSS,1788522402177902.680	,0,NPU:2
2,DSS,1788522402277918.870	,0,NPU:2
2,DSS,1788522402377922.760	,0,NPU:2
2,DSS,1788522402477903.590	,0,NPU:2
2,DSS,1788522402577942.340	,0,NPU:2
2,DSS,1788522402677919.030	,0,NPU:2
2,DSS,1788522402777911.780	,0,NPU:2
2,DSS,1788522402877922.630	,0,NPU:2
2,DSS,1788522402977905.570	,0,NPU:2
2,DSS,1788522403077934.900	,0,NPU:2
2,DSS,1788522403177942.120	,0,NPU:2
2,DSS,1788522403277908.370	,0,NPU:2
2,DSS,1788522403377927.360	,0,NPU:2
2,DSS,1788522403477900.620	,0,NPU:2
2,DSS,1788522403577899.530	,0,NPU:2
2,DSS,1788522403677942.630	,0,NPU:2
2,DSS,1788522403777925.020	,0,NPU:2
2,DSS,1788522403877912.590	,0,NPU:2
2,DSS,1788522403977901.400	,0,NPU:2
2,DSS,1788522404077891.260	,0,NPU:2
2,DSS,1788522404177954.260	,0,NPU:2
2,DSS,1788522404277915.290	,0,NPU:2
2,DSS,1788522404377906.970	,0,NPU:2
2,DSS,1788522404477897.920	,0,NPU:2
2,DSS,1788522404577890.250	,0,NPU:2
2,DSS,1788522404677934.570	,0,NPU:2
2,DSS,1788522404777930.310	,0,NPU:2
2,DSS,1788522404877897.690	,0,NPU:2
2,DSS,1788522404977898.970	,0,NPU:2
2,DSS,1788522405077895.540	,0,NPU:2
2,DSS,1788522405177902.050	,0,NPU:2
2,DSS,1788522405277949.200	,0,NPU:2
2,DSS,1788522405377893.890	,0,NPU:2
2,DSS,1788522405477907.290	,0,NPU:2
2,DSS,1788522405577893.850	,0,NPU:2
2,DSS,1788522405677886.100	,0,NPU:2
2,DSS,1788522405777954.290	,0,NPU:2
2,DSS,1788522405877885.890	,0,NPU:2
2,DSS,1788522405977898.270	,0,NPU:2
2,DSS,1788522406077889.750	,0,NPU:2
2,DSS,1788522406177915.880	,0,NPU:2
2,DSS,1788522406277936.440	,0,NPU:2
2,DSS,1788522406377897.670	,0,NPU:2
2,DSS,1788522406477888.140	,0,NPU:2
2,DSS,1788522406577897.320	,0,NPU:2
2,DSS,1788522406677907.770	,0,NPU:2
2,DSS,1788522406777934.210	,0,NPU:2
2,DSS,1788522406877907.300	,0,NPU:2
2,DSS,1788522406977909.710	,0,NPU:2
2,DSS,1788522407077929.020	,0,NPU:2
2,DSS,1788522407177909.460	,0,NPU:2
2,DSS,1788522407277917.990	,0,NPU:2
2,DSS,1788522407377925.380	,0,NPU:2
2,DSS,1788522407477894.670	,0,NPU:2
2,DSS,1788522407577895.450	,0,NPU:2
2,DSS,1788522407677906.380	,0,NPU:2
2,DSS,1788522407777884.020	,0,NPU:2
2,DSS,1788522407877934.230	,0,NPU:2
2,DSS,1788522407977893.050	,0,NPU:2
2,DSS,1788522408077898.630	,0,NPU:2
2,DSS,1788522408177899.180	,0,NPU:2
2,DSS,1788522408277883.110	,0,NPU:2
2,DSS,1788522408377926.070	,0,NPU:2
2,DSS,1788522408477888.490	,0,NPU:2
2,DSS,1788522408577895.200	,0,NPU:2
2,DSS,1788522408677906.390	,0,NPU:2
2,DSS,1788522408777886.940	,0,NPU:2
2,DSS,1788522408877899.720	,0,NPU:2
2,DSS,1788522408977919.030	,0,NPU:2
2,DSS,1788522409077900.950	,0,NPU:2
2,DSS,1788522409177920.590	,0,NPU:2
2,DSS,1788522409277903.090	,0,NPU:2
2,DSS,1788522409377939.190	,0,NPU:2
2,DSS,1788522409477940.020	,0,NPU:2
2,DSS,1788522409577925.070	,0,NPU:2
2,DSS,1788522409677913.390	,0,NPU:2
2,DSS,1788522409778505.600	,0,NPU:2
2,DSS,1788522409877880.650	,0,NPU:2
2,DSS,1788522409884448.780	,0,NPU:2
2,PROCMGR,1788522391078023.490	,0,NPU:2
2,PROCMGR,1788522391177937.070	,0,NPU:2
2,PROCMGR,1788522391277935.640	,0,NPU:2
2,PROCMGR,1788522391377927.650	,0,NPU:2
2,PROCMGR,1788522391477926.110	,0,NPU:2
2,PROCMGR,1788522391577931.290	,0,NPU:2
2,PROCMGR,1788522391677920.690	,0,NPU:2
2,PROCMGR,1788522391777924.450	,0,NPU:2
2,PROCMGR,1788522391877922.070	,0,NPU:2
2,PROCMGR,1788522391977925.940	,0,NPU:2
2,PROCMGR,1788522392077937.630	,0,NPU:2
2,PROCMGR,1788522392177916.260	,0,NPU:2
2,PROCMGR,1788522392277917.700	,0,NPU:2
2,PROCMGR,1788522392377914.280	,0,NPU:2
2,PROCMGR,1788522392477913.470	,0,NPU:2
2,PROCMGR,1788522392577913.330	,0,NPU:2
2,PROCMGR,1788522392677914.200	,0,NPU:2
2,PROCMGR,1788522392777911.600	,0,NPU:2
2,PROCMGR,1788522392877912.410	,0,NPU:2
2,PROCMGR,1788522392978016.170	,0,NPU:2
2,PROCMGR,1788522393077977.060	,0,NPU:2
2,PROCMGR,1788522393177974.590	,0,NPU:2
2,PROCMGR,1788522393277964.030	,0,NPU:2
2,PROCMGR,1788522393377945.550	,0,NPU:2
2,PROCMGR,1788522393477976.680	,0,NPU:2
2,PROCMGR,1788522393577984.080	,0,NPU:2
2,PROCMGR,1788522393677968.900	,0,NPU:2
2,PROCMGR,1788522393777954.940	,0,NPU:2
2,PROCMGR,1788522393877942.990	,0,NPU:2
2,PROCMGR,1788522393977961.280	,0,NPU:2
2,PROCMGR,1788522394078013.090	,0,NPU:2
2,PROCMGR,1788522394177974.520	,0,NPU:2
2,PROCMGR,1788522394277964.210	,0,NPU:2
2,PROCMGR,1788522394377950.280	,0,NPU:2
2,PROCMGR,1788522394477952.390	,0,NPU:2
2,PROCMGR,1788522394578016.640	,0,NPU:2
2,PROCMGR,1788522394677977.300	,0,NPU:2
2,PROCMGR,1788522394777969.400	,0,NPU:2
2,PROCMGR,1788522394877962.180	,0,NPU:2
2,PROCMGR,1788522394977965.600	,0,NPU:2
2,PROCMGR,1788522395078008.720	,0,NPU:2
2,PROCMGR,1788522395177977.430	,0,NPU:2
2,PROCMGR,1788522395277957.970	,0,NPU:2
2,PROCMGR,1788522395377930.270	,0,NPU:2
2,PROCMGR,1788522395477921.620	,0,NPU:2
2,PROCMGR,1788522395577936.500	,0,NPU:2
2,PROCMGR,1788522395678003.450	,0,NPU:2
2,PROCMGR,1788522395777928.150	,0,NPU:2
2,PROCMGR,1788522395877927.960	,0,NPU:2
2,PROCMGR,1788522395977921.590	,0,NPU:2
2,PROCMGR,1788522396077916.940	,0,NPU:2
2,PROCMGR,1788522396177923.490	,0,NPU:2
2,PROCMGR,1788522396277996.560	,0,NPU:2
2,PROCMGR,1788522396377924.140	,0,NPU:2
2,PROCMGR,1788522396477922.640	,0,NPU:2
2,PROCMGR,1788522396577981.300	,0,NPU:2
2,PROCMGR,1788522396677932.570	,0,NPU:2
2,PROCMGR,1788522396777925.720	,0,NPU:2
2,PROCMGR,1788522396877997.210	,0,NPU:2
2,PROCMGR,1788522396977942.920	,0,NPU:2
2,PROCMGR,1788522397077970.710	,0,NPU:2
2,PROCMGR,1788522397177936.970	,0,NPU:2
2,PROCMGR,1788522397277933.350	,0,NPU:2
2,PROCMGR,1788522397377993.820	,0,NPU:2
2,PROCMGR,1788522397477951.390	,0,NPU:2
2,PROCMGR,1788522397577956.900	,0,NPU:2
2,PROCMGR,1788522397677924.020	,0,NPU:2
2,PROCMGR,1788522397777934.420	,0,NPU:2
2,PROCMGR,1788522397877963.890	,0,NPU:2
2,PROCMGR,1788522397977969.880	,0,NPU:2
2,PROCMGR,1788522398077954.400	,0,NPU:2
2,PROCMGR,1788522398177927.840	,0,NPU:2
2,PROCMGR,1788522398277921.670	,0,NPU:2
2,PROCMGR,1788522398377958.450	,0,NPU:2
2,PROCMGR,1788522398477974.110	,0,NPU:2
2,PROCMGR,1788522398577953.640	,0,NPU:2
2,PROCMGR,1788522398677911.610	,0,NPU:2
2,PROCMGR,1788522398777930.720	,0,NPU:2
2,PROCMGR,1788522398877925.070	,0,NPU:2
2,PROCMGR,1788522398978009.620	,0,NPU:2
2,PROCMGR,1788522399077942.860	,0,NPU:2
2,PROCMGR,1788522399177944.700	,0,NPU:2
2,PROCMGR,1788522399277916.870	,0,NPU:2
2,PROCMGR,1788522399377916.990	,0,NPU:2
2,PROCMGR,1788522399477993.320	,0,NPU:2
2,PROCMGR,1788522399577921.240	,0,NPU:2
2,PROCMGR,1788522399677921.770	,0,NPU:2
2,PROCMGR,1788522399777919.970	,0,NPU:2
2,PROCMGR,1788522399877912.580	,0,NPU:2
2,PROCMGR,1788522399977983.870	,0,NPU:2
2,PROCMGR,1788522400077927.200	,0,NPU:2
2,PROCMGR,1788522400177927.440	,0,NPU:2
2,PROCMGR,1788522400277926.000	,0,NPU:2
2,PROCMGR,1788522400377927.760	,0,NPU:2
2,PROCMGR,1788522400477988.310	,0,NPU:2
2,PROCMGR,1788522400577934.210	,0,NPU:2
2,PROCMGR,1788522400677909.290	,0,NPU:2
2,PROCMGR,1788522400777918.620	,0,NPU:2
2,PROCMGR,1788522400877909.760	,0,NPU:2
2,PROCMGR,1788522400977969.760	,0,NPU:2
2,PROCMGR,1788522401077942.050	,0,NPU:2
2,PROCMGR,1788522401177920.180	,0,NPU:2
2,PROCMGR,1788522401277910.480	,0,NPU:2
2,PROCMGR,1788522401377925.770	,0,NPU:2
2,PROCMGR,1788522401477900.310	,0,NPU:2
2,PROCMGR,1788522401577954.960	,0,NPU:2
2,PROCMGR,1788522401677921.360	,0,NPU:2
2,PROCMGR,1788522401777916.770	,0,NPU:2
2,PROCMGR,1788522401877925.470	,0,NPU:2
2,PROCMGR,1788522401977916.920	,0,NPU:2
2,PROCMGR,1788522402077974.830	,0,NPU:2
2,PROCMGR,1788522402177902.680	,0,NPU:2
2,PROCMGR,1788522402277918.870	,0,NPU:2
2,PROCMGR,1788522402377922.760	,0,NPU:2
2,PROCMGR,1788522402477903.590	,0,NPU:2
2,PROCMGR,1788522402577942.340	,0,NPU:2
2,PROCMGR,1788522402677919.030	,0,NPU:2
2,PROCMGR,1788522402777911.780	,0,NPU:2
2,PROCMGR,1788522402877922.630	,0,NPU:2
2,PROCMGR,1788522402977905.570	,0,NPU:2
2,PROCMGR,1788522403077934.900	,0,NPU:2
2,PROCMGR,1788522403177942.120	,0,NPU:2
2,PROCMGR,1788522403277908.370	,0,NPU:2
2,PROCMGR,1788522403377927.360	,0,NPU:2
2,PROCMGR,1788522403477900.620	,0,NPU:2
2,PROCMGR,1788522403577899.530	,0,NPU:2
2,PROCMGR,1788522403677942.630	,0,NPU:2
2,PROCMGR,1788522403777925.020	,0,NPU:2
2,PROCMGR,1788522403877912.590	,0,NPU:2
2,PROCMGR,1788522403977901.400	,0,NPU:2
2,PROCMGR,1788522404077891.260	,0,NPU:2
2,PROCMGR,1788522404177954.260	,0,NPU:2
2,PROCMGR,1788522404277915.290	,0,NPU:2
2,PROCMGR,1788522404377906.970	,0,NPU:2
2,PROCMGR,1788522404477897.920	,0,NPU:2
2,PROCMGR,1788522404577890.250	,0,NPU:2
2,PROCMGR,1788522404677934.570	,0,NPU:2
2,PROCMGR,1788522404777930.310	,0,NPU:2
2,PROCMGR,1788522404877897.690	,0,NPU:2
2,PROCMGR,1788522404977898.970	,0,NPU:2
2,PROCMGR,1788522405077895.540	,0,NPU:2
2,PROCMGR,1788522405177902.050	,0,NPU:2
2,PROCMGR,1788522405277949.200	,0,NPU:2
2,PROCMGR,1788522405377893.890	,0,NPU:2
2,PROCMGR,1788522405477907.290	,0,NPU:2
2,PROCMGR,1788522405577893.850	,0,NPU:2
2,PROCMGR,1788522405677886.100	,0,NPU:2
2,PROCMGR,1788522405777954.290	,0,NPU:2
2,PROCMGR,1788522405877885.890	,0,NPU:2
2,PROCMGR,1788522405977898.270	,0,NPU:2
2,PROCMGR,1788522406077889.750	,0,NPU:2
2,PROCMGR,1788522406177915.880	,0,NPU:2
2,PROCMGR,1788522406277936.440	,0,NPU:2
2,PROCMGR,1788522406377897.670	,0,NPU:2
2,PROCMGR,1788522406477888.140	,0,NPU:2
2,PROCMGR,1788522406577897.320	,0,NPU:2
2,PROCMGR,1788522406677907.770	,0,NPU:2
2,PROCMGR,1788522406777934.210	,0,NPU:2
2,PROCMGR,1788522406877907.300	,0,NPU:2
2,PROCMGR,1788522406977909.710	,0,NPU:2
2,PROCMGR,1788522407077929.020	,0,NPU:2
2,PROCMGR,1788522407177909.460	,0,NPU:2
2,PROCMGR,1788522407277917.990	,0,NPU:2
2,PROCMGR,1788522407377925.380	,0,NPU:2
2,PROCMGR,1788522407477894.670	,0,NPU:2
2,PROCMGR,1788522407577895.450	,0,NPU:2
2,PROCMGR,1788522407677906.380	,0,NPU:2
2,PROCMGR,1788522407777884.020	,0,NPU:2
2,PROCMGR,1788522407877934.230	,0,NPU:2
2,PROCMGR,1788522407977893.050	,0,NPU:2
2,PROCMGR,1788522408077898.630	,0,NPU:2
2,PROCMGR,1788522408177899.180	,0,NPU:2
2,PROCMGR,1788522408277883.110	,0,NPU:2
2,PROCMGR,1788522408377926.070	,0,NPU:2
2,PROCMGR,1788522408477888.490	,0,NPU:2
2,PROCMGR,1788522408577895.200	,0,NPU:2
2,PROCMGR,1788522408677906.390	,0,NPU:2
2,PROCMGR,1788522408777886.940	,0,NPU:2
2,PROCMGR,1788522408877899.720	,0,NPU:2
2,PROCMGR,1788522408977919.030	,0,NPU:2
2,PROCMGR,1788522409077900.950	,0,NPU:2
2,PROCMGR,1788522409177920.590	,0,NPU:2
2,PROCMGR,1788522409277903.090	,0,NPU:2
2,PROCMGR,1788522409377939.190	,0,NPU:2
2,PROCMGR,1788522409477940.020	,0,NPU:2
2,PROCMGR,1788522409577925.070	,0,NPU:2
2,PROCMGR,1788522409677913.390	,0,NPU:2
2,PROCMGR,1788522409778505.600	,0,NPU:2
2,PROCMGR,1788522409877880.650	,0,NPU:2
2,PROCMGR,1788522409884448.780	,0,NPU:2
2,BBOX,1788522391078023.490	,0,NPU:2
2,BBOX,1788522391177937.070	,0,NPU:2
2,BBOX,1788522391277935.640	,0,NPU:2
2,BBOX,1788522391377927.650	,0,NPU:2
2,BBOX,1788522391477926.110	,0,NPU:2
2,BBOX,1788522391577931.290	,0,NPU:2
2,BBOX,1788522391677920.690	,0,NPU:2
2,BBOX,1788522391777924.450	,0,NPU:2
2,BBOX,1788522391877922.070	,0,NPU:2
2,BBOX,1788522391977925.940	,0,NPU:2
2,BBOX,1788522392077937.630	,0,NPU:2
2,BBOX,1788522392177916.260	,0,NPU:2
2,BBOX,1788522392277917.700	,0,NPU:2
2,BBOX,1788522392377914.280	,0,NPU:2
2,BBOX,1788522392477913.470	,0,NPU:2
2,BBOX,1788522392577913.330	,0,NPU:2
2,BBOX,1788522392677914.200	,0,NPU:2
2,BBOX,1788522392777911.600	,0,NPU:2
2,BBOX,1788522392877912.410	,0,NPU:2
2,BBOX,1788522392978016.170	,0,NPU:2
2,BBOX,1788522393077977.060	,0,NPU:2
2,BBOX,1788522393177974.590	,0,NPU:2
2,BBOX,1788522393277964.030	,0,NPU:2
2,BBOX,1788522393377945.550	,0,NPU:2
2,BBOX,1788522393477976.680	,0,NPU:2
2,BBOX,1788522393577984.080	,0,NPU:2
2,BBOX,1788522393677968.900	,0,NPU:2
2,BBOX,1788522393777954.940	,0,NPU:2
2,BBOX,1788522393877942.990	,0,NPU:2
2,BBOX,1788522393977961.280	,0,NPU:2
2,BBOX,1788522394078013.090	,0,NPU:2
2,BBOX,1788522394177974.520	,0,NPU:2
2,BBOX,1788522394277964.210	,0,NPU:2
2,BBOX,1788522394377950.280	,0,NPU:2
2,BBOX,1788522394477952.390	,0,NPU:2
2,BBOX,1788522394578016.640	,0,NPU:2
2,BBOX,1788522394677977.300	,0,NPU:2
2,BBOX,1788522394777969.400	,0,NPU:2
2,BBOX,1788522394877962.180	,0,NPU:2
2,BBOX,1788522394977965.600	,0,NPU:2
2,BBOX,1788522395078008.720	,0,NPU:2
2,BBOX,1788522395177977.430	,0,NPU:2
2,BBOX,1788522395277957.970	,0,NPU:2
2,BBOX,1788522395377930.270	,0,NPU:2
2,BBOX,1788522395477921.620	,0,NPU:2
2,BBOX,1788522395577936.500	,0,NPU:2
2,BBOX,1788522395678003.450	,0,NPU:2
2,BBOX,1788522395777928.150	,0,NPU:2
2,BBOX,1788522395877927.960	,0,NPU:2
2,BBOX,1788522395977921.590	,0,NPU:2
2,BBOX,1788522396077916.940	,0,NPU:2
2,BBOX,1788522396177923.490	,0,NPU:2
2,BBOX,1788522396277996.560	,0,NPU:2
2,BBOX,1788522396377924.140	,0,NPU:2
2,BBOX,1788522396477922.640	,0,NPU:2
2,BBOX,1788522396577981.300	,0,NPU:2
2,BBOX,1788522396677932.570	,0,NPU:2
2,BBOX,1788522396777925.720	,0,NPU:2
2,BBOX,1788522396877997.210	,0,NPU:2
2,BBOX,1788522396977942.920	,0,NPU:2
2,BBOX,1788522397077970.710	,0,NPU:2
2,BBOX,1788522397177936.970	,0,NPU:2
2,BBOX,1788522397277933.350	,0,NPU:2
2,BBOX,1788522397377993.820	,0,NPU:2
2,BBOX,1788522397477951.390	,0,NPU:2
2,BBOX,1788522397577956.900	,0,NPU:2
2,BBOX,1788522397677924.020	,0,NPU:2
2,BBOX,1788522397777934.420	,0,NPU:2
2,BBOX,1788522397877963.890	,0,NPU:2
2,BBOX,1788522397977969.880	,0,NPU:2
2,BBOX,1788522398077954.400	,0,NPU:2
2,BBOX,1788522398177927.840	,0,NPU:2
2,BBOX,1788522398277921.670	,0,NPU:2
2,BBOX,1788522398377958.450	,0,NPU:2
2,BBOX,1788522398477974.110	,0,NPU:2
2,BBOX,1788522398577953.640	,0,NPU:2
2,BBOX,1788522398677911.610	,0,NPU:2
2,BBOX,1788522398777930.720	,0,NPU:2
2,BBOX,1788522398877925.070	,0,NPU:2
2,BBOX,1788522398978009.620	,0,NPU:2
2,BBOX,1788522399077942.860	,0,NPU:2
2,BBOX,1788522399177944.700	,0,NPU:2
2,BBOX,1788522399277916.870	,0,NPU:2
2,BBOX,1788522399377916.990	,0,NPU:2
2,BBOX,1788522399477993.320	,0,NPU:2
2,BBOX,1788522399577921.240	,0,NPU:2
2,BBOX,1788522399677921.770	,0,NPU:2
2,BBOX,1788522399777919.970	,0,NPU:2
2,BBOX,1788522399877912.580	,0,NPU:2
2,BBOX,1788522399977983.870	,0,NPU:2
2,BBOX,1788522400077927.200	,0,NPU:2
2,BBOX,1788522400177927.440	,0,NPU:2
2,BBOX,1788522400277926.000	,0,NPU:2
2,BBOX,1788522400377927.760	,0,NPU:2
2,BBOX,1788522400477988.310	,0,NPU:2
2,BBOX,1788522400577934.210	,0,NPU:2
2,BBOX,1788522400677909.290	,0,NPU:2
2,BBOX,1788522400777918.620	,0,NPU:2
2,BBOX,1788522400877909.760	,0,NPU:2
2,BBOX,1788522400977969.760	,0,NPU:2
2,BBOX,1788522401077942.050	,0,NPU:2
2,BBOX,1788522401177920.180	,0,NPU:2
2,BBOX,1788522401277910.480	,0,NPU:2
2,BBOX,1788522401377925.770	,0,NPU:2
2,BBOX,1788522401477900.310	,0,NPU:2
2,BBOX,1788522401577954.960	,0,NPU:2
2,BBOX,1788522401677921.360	,0,NPU:2
2,BBOX,1788522401777916.770	,0,NPU:2
2,BBOX,1788522401877925.470	,0,NPU:2
2,BBOX,1788522401977916.920	,0,NPU:2
2,BBOX,1788522402077974.830	,0,NPU:2
2,BBOX,1788522402177902.680	,0,NPU:2
2,BBOX,1788522402277918.870	,0,NPU:2
2,BBOX,1788522402377922.760	,0,NPU:2
2,BBOX,1788522402477903.590	,0,NPU:2
2,BBOX,1788522402577942.340	,0,NPU:2
2,BBOX,1788522402677919.030	,0,NPU:2
2,BBOX,1788522402777911.780	,0,NPU:2
2,BBOX,1788522402877922.630	,0,NPU:2
2,BBOX,1788522402977905.570	,0,NPU:2
2,BBOX,1788522403077934.900	,0,NPU:2
2,BBOX,1788522403177942.120	,0,NPU:2
2,BBOX,1788522403277908.370	,0,NPU:2
2,BBOX,1788522403377927.360	,0,NPU:2
2,BBOX,1788522403477900.620	,0,NPU:2
2,BBOX,1788522403577899.530	,0,NPU:2
2,BBOX,1788522403677942.630	,0,NPU:2
2,BBOX,1788522403777925.020	,0,NPU:2
2,BBOX,1788522403877912.590	,0,NPU:2
2,BBOX,1788522403977901.400	,0,NPU:2
2,BBOX,1788522404077891.260	,0,NPU:2
2,BBOX,1788522404177954.260	,0,NPU:2
2,BBOX,1788522404277915.290	,0,NPU:2
2,BBOX,1788522404377906.970	,0,NPU:2
2,BBOX,1788522404477897.920	,0,NPU:2
2,BBOX,1788522404577890.250	,0,NPU:2
2,BBOX,1788522404677934.570	,0,NPU:2
2,BBOX,1788522404777930.310	,0,NPU:2
2,BBOX,1788522404877897.690	,0,NPU:2
2,BBOX,1788522404977898.970	,0,NPU:2
2,BBOX,1788522405077895.540	,0,NPU:2
2,BBOX,1788522405177902.050	,0,NPU:2
2,BBOX,1788522405277949.200	,0,NPU:2
2,BBOX,1788522405377893.890	,0,NPU:2
2,BBOX,1788522405477907.290	,0,NPU:2
2,BBOX,1788522405577893.850	,0,NPU:2
2,BBOX,1788522405677886.100	,0,NPU:2
2,BBOX,1788522405777954.290	,0,NPU:2
2,BBOX,1788522405877885.890	,0,NPU:2
2,BBOX,1788522405977898.270	,0,NPU:2
2,BBOX,1788522406077889.750	,0,NPU:2
2,BBOX,1788522406177915.880	,0,NPU:2
2,BBOX,1788522406277936.440	,0,NPU:2
2,BBOX,1788522406377897.670	,0,NPU:2
2,BBOX,1788522406477888.140	,0,NPU:2
2,BBOX,1788522406577897.320	,0,NPU:2
2,BBOX,1788522406677907.770	,0,NPU:2
2,BBOX,1788522406777934.210	,0,NPU:2
2,BBOX,1788522406877907.300	,0,NPU:2
2,BBOX,1788522406977909.710	,0,NPU:2
2,BBOX,1788522407077929.020	,0,NPU:2
2,BBOX,1788522407177909.460	,0,NPU:2
2,BBOX,1788522407277917.990	,0,NPU:2
2,BBOX,1788522407377925.380	,0,NPU:2
2,BBOX,1788522407477894.670	,0,NPU:2
2,BBOX,1788522407577895.450	,0,NPU:2
2,BBOX,1788522407677906.380	,0,NPU:2
2,BBOX,1788522407777884.020	,0,NPU:2
2,BBOX,1788522407877934.230	,0,NPU:2
2,BBOX,1788522407977893.050	,0,NPU:2
2,BBOX,1788522408077898.630	,0,NPU:2
2,BBOX,1788522408177899.180	,0,NPU:2
2,BBOX,1788522408277883.110	,0,NPU:2
2,BBOX,1788522408377926.070	,0,NPU:2
2,BBOX,1788522408477888.490	,0,NPU:2
2,BBOX,1788522408577895.200	,0,NPU:2
2,BBOX,1788522408677906.390	,0,NPU:2
2,BBOX,1788522408777886.940	,0,NPU:2
2,BBOX,1788522408877899.720	,0,NPU:2
2,BBOX,1788522408977919.030	,0,NPU:2
2,BBOX,1788522409077900.950	,0,NPU:2
2,BBOX,1788522409177920.590	,0,NPU:2
2,BBOX,1788522409277903.090	,0,NPU:2
2,BBOX,1788522409377939.190	,0,NPU:2
2,BBOX,1788522409477940.020	,0,NPU:2
2,BBOX,1788522409577925.070	,0,NPU:2
2,BBOX,1788522409677913.390	,0,NPU:2
2,BBOX,1788522409778505.600	,0,NPU:2
2,BBOX,1788522409877880.650	,0,NPU:2
2,BBOX,1788522409884448.780	,0,NPU:2
2,AIVECTOR,1788522391078023.490	,0,NPU:2
2,AIVECTOR,1788522391177937.070	,0,NPU:2
2,AIVECTOR,1788522391277935.640	,0,NPU:2
2,AIVECTOR,1788522391377927.650	,0,NPU:2
2,AIVECTOR,1788522391477926.110	,0,NPU:2
2,AIVECTOR,1788522391577931.290	,0,NPU:2
2,AIVECTOR,1788522391677920.690	,0,NPU:2
2,AIVECTOR,1788522391777924.450	,0,NPU:2
2,AIVECTOR,1788522391877922.070	,0,NPU:2
2,AIVECTOR,1788522391977925.940	,0,NPU:2
2,AIVECTOR,1788522392077937.630	,0,NPU:2
2,AIVECTOR,1788522392177916.260	,0,NPU:2
2,AIVECTOR,1788522392277917.700	,0,NPU:2
2,AIVECTOR,1788522392377914.280	,0,NPU:2
2,AIVECTOR,1788522392477913.470	,0,NPU:2
2,AIVECTOR,1788522392577913.330	,0,NPU:2
2,AIVECTOR,1788522392677914.200	,0,NPU:2
2,AIVECTOR,1788522392777911.600	,0,NPU:2
2,AIVECTOR,1788522392877912.410	,0,NPU:2
2,AIVECTOR,1788522392978016.170	,0,NPU:2
2,AIVECTOR,1788522393077977.060	,0,NPU:2
2,AIVECTOR,1788522393177974.590	,0,NPU:2
2,AIVECTOR,1788522393277964.030	,0,NPU:2
2,AIVECTOR,1788522393377945.550	,0,NPU:2
2,AIVECTOR,1788522393477976.680	,0,NPU:2
2,AIVECTOR,1788522393577984.080	,0,NPU:2
2,AIVECTOR,1788522393677968.900	,0,NPU:2
2,AIVECTOR,1788522393777954.940	,0,NPU:2
2,AIVECTOR,1788522393877942.990	,0,NPU:2
2,AIVECTOR,1788522393977961.280	,0,NPU:2
2,AIVECTOR,1788522394078013.090	,0,NPU:2
2,AIVECTOR,1788522394177974.520	,0,NPU:2
2,AIVECTOR,1788522394277964.210	,0,NPU:2
2,AIVECTOR,1788522394377950.280	,0,NPU:2
2,AIVECTOR,1788522394477952.390	,0,NPU:2
2,AIVECTOR,1788522394578016.640	,0,NPU:2
2,AIVECTOR,1788522394677977.300	,0,NPU:2
2,AIVECTOR,1788522394777969.400	,0,NPU:2
2,AIVECTOR,1788522394877962.180	,0,NPU:2
2,AIVECTOR,1788522394977965.600	,0,NPU:2
2,AIVECTOR,1788522395078008.720	,0,NPU:2
2,AIVECTOR,1788522395177977.430	,0,NPU:2
2,AIVECTOR,1788522395277957.970	,0,NPU:2
2,AIVECTOR,1788522395377930.270	,0,NPU:2
2,AIVECTOR,1788522395477921.620	,0,NPU:2
2,AIVECTOR,1788522395577936.500	,0,NPU:2
2,AIVECTOR,1788522395678003.450	,0,NPU:2
2,AIVECTOR,1788522395777928.150	,0,NPU:2
2,AIVECTOR,1788522395877927.960	,0,NPU:2
2,AIVECTOR,1788522395977921.590	,0,NPU:2
2,AIVECTOR,1788522396077916.940	,0,NPU:2
2,AIVECTOR,1788522396177923.490	,0,NPU:2
2,AIVECTOR,1788522396277996.560	,0,NPU:2
2,AIVECTOR,1788522396377924.140	,0,NPU:2
2,AIVECTOR,1788522396477922.640	,0,NPU:2
2,AIVECTOR,1788522396577981.300	,0,NPU:2
2,AIVECTOR,1788522396677932.570	,0,NPU:2
2,AIVECTOR,1788522396777925.720	,0,NPU:2
2,AIVECTOR,1788522396877997.210	,0,NPU:2
2,AIVECTOR,1788522396977942.920	,0,NPU:2
2,AIVECTOR,1788522397077970.710	,0,NPU:2
2,AIVECTOR,1788522397177936.970	,0,NPU:2
2,AIVECTOR,1788522397277933.350	,0,NPU:2
2,AIVECTOR,1788522397377993.820	,0,NPU:2
2,AIVECTOR,1788522397477951.390	,0,NPU:2
2,AIVECTOR,1788522397577956.900	,0,NPU:2
2,AIVECTOR,1788522397677924.020	,0,NPU:2
2,AIVECTOR,1788522397777934.420	,0,NPU:2
2,AIVECTOR,1788522397877963.890	,0,NPU:2
2,AIVECTOR,1788522397977969.880	,0,NPU:2
2,AIVECTOR,1788522398077954.400	,0,NPU:2
2,AIVECTOR,1788522398177927.840	,0,NPU:2
2,AIVECTOR,1788522398277921.670	,0,NPU:2
2,AIVECTOR,1788522398377958.450	,0,NPU:2
2,AIVECTOR,1788522398477974.110	,0,NPU:2
2,AIVECTOR,1788522398577953.640	,0,NPU:2
2,AIVECTOR,1788522398677911.610	,0,NPU:2
2,AIVECTOR,1788522398777930.720	,0,NPU:2
2,AIVECTOR,1788522398877925.070	,0,NPU:2
2,AIVECTOR,1788522398978009.620	,0,NPU:2
2,AIVECTOR,1788522399077942.860	,0,NPU:2
2,AIVECTOR,1788522399177944.700	,0,NPU:2
2,AIVECTOR,1788522399277916.870	,0,NPU:2
2,AIVECTOR,1788522399377916.990	,0,NPU:2
2,AIVECTOR,1788522399477993.320	,0,NPU:2
2,AIVECTOR,1788522399577921.240	,0,NPU:2
2,AIVECTOR,1788522399677921.770	,0,NPU:2
2,AIVECTOR,1788522399777919.970	,0,NPU:2
2,AIVECTOR,1788522399877912.580	,0,NPU:2
2,AIVECTOR,1788522399977983.870	,0,NPU:2
2,AIVECTOR,1788522400077927.200	,0,NPU:2
2,AIVECTOR,1788522400177927.440	,0,NPU:2
2,AIVECTOR,1788522400277926.000	,0,NPU:2
2,AIVECTOR,1788522400377927.760	,0,NPU:2
2,AIVECTOR,1788522400477988.310	,0,NPU:2
2,AIVECTOR,1788522400577934.210	,0,NPU:2
2,AIVECTOR,1788522400677909.290	,0,NPU:2
2,AIVECTOR,1788522400777918.620	,0,NPU:2
2,AIVECTOR,1788522400877909.760	,0,NPU:2
2,AIVECTOR,1788522400977969.760	,0,NPU:2
2,AIVECTOR,1788522401077942.050	,0,NPU:2
2,AIVECTOR,1788522401177920.180	,0,NPU:2
2,AIVECTOR,1788522401277910.480	,0,NPU:2
2,AIVECTOR,1788522401377925.770	,0,NPU:2
2,AIVECTOR,1788522401477900.310	,0,NPU:2
2,AIVECTOR,1788522401577954.960	,0,NPU:2
2,AIVECTOR,1788522401677921.360	,0,NPU:2
2,AIVECTOR,1788522401777916.770	,0,NPU:2
2,AIVECTOR,1788522401877925.470	,0,NPU:2
2,AIVECTOR,1788522401977916.920	,0,NPU:2
2,AIVECTOR,1788522402077974.830	,0,NPU:2
2,AIVECTOR,1788522402177902.680	,0,NPU:2
2,AIVECTOR,1788522402277918.870	,0,NPU:2
2,AIVECTOR,1788522402377922.760	,0,NPU:2
2,AIVECTOR,1788522402477903.590	,0,NPU:2
2,AIVECTOR,1788522402577942.340	,0,NPU:2
2,AIVECTOR,1788522402677919.030	,0,NPU:2
2,AIVECTOR,1788522402777911.780	,0,NPU:2
2,AIVECTOR,1788522402877922.630	,0,NPU:2
2,AIVECTOR,1788522402977905.570	,0,NPU:2
2,AIVECTOR,1788522403077934.900	,0,NPU:2
2,AIVECTOR,1788522403177942.120	,0,NPU:2
2,AIVECTOR,1788522403277908.370	,0,NPU:2
2,AIVECTOR,1788522403377927.360	,0,NPU:2
2,AIVECTOR,1788522403477900.620	,0,NPU:2
2,AIVECTOR,1788522403577899.530	,0,NPU:2
2,AIVECTOR,1788522403677942.630	,0,NPU:2
2,AIVECTOR,1788522403777925.020	,0,NPU:2
2,AIVECTOR,1788522403877912.590	,0,NPU:2
2,AIVECTOR,1788522403977901.400	,0,NPU:2
2,AIVECTOR,1788522404077891.260	,0,NPU:2
2,AIVECTOR,1788522404177954.260	,0,NPU:2
2,AIVECTOR,1788522404277915.290	,0,NPU:2
2,AIVECTOR,1788522404377906.970	,0,NPU:2
2,AIVECTOR,1788522404477897.920	,0,NPU:2
2,AIVECTOR,1788522404577890.250	,0,NPU:2
2,AIVECTOR,1788522404677934.570	,0,NPU:2
2,AIVECTOR,1788522404777930.310	,0,NPU:2
2,AIVECTOR,1788522404877897.690	,0,NPU:2
2,AIVECTOR,1788522404977898.970	,0,NPU:2
2,AIVECTOR,1788522405077895.540	,0,NPU:2
2,AIVECTOR,1788522405177902.050	,0,NPU:2
2,AIVECTOR,1788522405277949.200	,0,NPU:2
2,AIVECTOR,1788522405377893.890	,0,NPU:2
2,AIVECTOR,1788522405477907.290	,0,NPU:2
2,AIVECTOR,1788522405577893.850	,0,NPU:2
2,AIVECTOR,1788522405677886.100	,0,NPU:2
2,AIVECTOR,1788522405777954.290	,0,NPU:2
2,AIVECTOR,1788522405877885.890	,0,NPU:2
2,AIVECTOR,1788522405977898.270	,0,NPU:2
2,AIVECTOR,1788522406077889.750	,0,NPU:2
2,AIVECTOR,1788522406177915.880	,0,NPU:2
2,AIVECTOR,1788522406277936.440	,0,NPU:2
2,AIVECTOR,1788522406377897.670	,0,NPU:2
2,AIVECTOR,1788522406477888.140	,0,NPU:2
2,AIVECTOR,1788522406577897.320	,0,NPU:2
2,AIVECTOR,1788522406677907.770	,0,NPU:2
2,AIVECTOR,1788522406777934.210	,0,NPU:2
2,AIVECTOR,1788522406877907.300	,0,NPU:2
2,AIVECTOR,1788522406977909.710	,0,NPU:2
2,AIVECTOR,1788522407077929.020	,0,NPU:2
2,AIVECTOR,1788522407177909.460	,0,NPU:2
2,AIVECTOR,1788522407277917.990	,0,NPU:2
2,AIVECTOR,1788522407377925.380	,0,NPU:2
2,AIVECTOR,1788522407477894.670	,0,NPU:2
2,AIVECTOR,1788522407577895.450	,0,NPU:2
2,AIVECTOR,1788522407677906.380	,0,NPU:2
2,AIVECTOR,1788522407777884.020	,0,NPU:2
2,AIVECTOR,1788522407877934.230	,0,NPU:2
2,AIVECTOR,1788522407977893.050	,0,NPU:2
2,AIVECTOR,1788522408077898.630	,0,NPU:2
2,AIVECTOR,1788522408177899.180	,0,NPU:2
2,AIVECTOR,1788522408277883.110	,0,NPU:2
2,AIVECTOR,1788522408377926.070	,0,NPU:2
2,AIVECTOR,1788522408477888.490	,0,NPU:2
2,AIVECTOR,1788522408577895.200	,0,NPU:2
2,AIVECTOR,1788522408677906.390	,0,NPU:2
2,AIVECTOR,1788522408777886.940	,0,NPU:2
2,AIVECTOR,1788522408877899.720	,0,NPU:2
2,AIVECTOR,1788522408977919.030	,0,NPU:2
2,AIVECTOR,1788522409077900.950	,0,NPU:2
2,AIVECTOR,1788522409177920.590	,0,NPU:2
2,AIVECTOR,1788522409277903.090	,0,NPU:2
2,AIVECTOR,1788522409377939.190	,0,NPU:2
2,AIVECTOR,1788522409477940.020	,0,NPU:2
2,AIVECTOR,1788522409577925.070	,0,NPU:2
2,AIVECTOR,1788522409677913.390	,0,NPU:2
2,AIVECTOR,1788522409778505.600	,0,NPU:2
2,AIVECTOR,1788522409877880.650	,0,NPU:2
2,AIVECTOR,1788522409884448.780	,0,NPU:2
2,TBE,1788522391078023.490	,0,NPU:2
2,TBE,1788522391177937.070	,0,NPU:2
2,TBE,1788522391277935.640	,0,NPU:2
2,TBE,1788522391377927.650	,0,NPU:2
2,TBE,1788522391477926.110	,0,NPU:2
2,TBE,1788522391577931.290	,0,NPU:2
2,TBE,1788522391677920.690	,0,NPU:2
2,TBE,1788522391777924.450	,0,NPU:2
2,TBE,1788522391877922.070	,0,NPU:2
2,TBE,1788522391977925.940	,0,NPU:2
2,TBE,1788522392077937.630	,0,NPU:2
2,TBE,1788522392177916.260	,0,NPU:2
2,TBE,1788522392277917.700	,0,NPU:2
2,TBE,1788522392377914.280	,0,NPU:2
2,TBE,1788522392477913.470	,0,NPU:2
2,TBE,1788522392577913.330	,0,NPU:2
2,TBE,1788522392677914.200	,0,NPU:2
2,TBE,1788522392777911.600	,0,NPU:2
2,TBE,1788522392877912.410	,0,NPU:2
2,TBE,1788522392978016.170	,0,NPU:2
2,TBE,1788522393077977.060	,0,NPU:2
2,TBE,1788522393177974.590	,0,NPU:2
2,TBE,1788522393277964.030	,0,NPU:2
2,TBE,1788522393377945.550	,0,NPU:2
2,TBE,1788522393477976.680	,0,NPU:2
2,TBE,1788522393577984.080	,0,NPU:2
2,TBE,1788522393677968.900	,0,NPU:2
2,TBE,1788522393777954.940	,0,NPU:2
2,TBE,1788522393877942.990	,0,NPU:2
2,TBE,1788522393977961.280	,0,NPU:2
2,TBE,1788522394078013.090	,0,NPU:2
2,TBE,1788522394177974.520	,0,NPU:2
2,TBE,1788522394277964.210	,0,NPU:2
2,TBE,1788522394377950.280	,0,NPU:2
2,TBE,1788522394477952.390	,0,NPU:2
2,TBE,1788522394578016.640	,0,NPU:2
2,TBE,1788522394677977.300	,0,NPU:2
2,TBE,1788522394777969.400	,0,NPU:2
2,TBE,1788522394877962.180	,0,NPU:2
2,TBE,1788522394977965.600	,0,NPU:2
2,TBE,1788522395078008.720	,0,NPU:2
2,TBE,1788522395177977.430	,0,NPU:2
2,TBE,1788522395277957.970	,0,NPU:2
2,TBE,1788522395377930.270	,0,NPU:2
2,TBE,1788522395477921.620	,0,NPU:2
2,TBE,1788522395577936.500	,0,NPU:2
2,TBE,1788522395678003.450	,0,NPU:2
2,TBE,1788522395777928.150	,0,NPU:2
2,TBE,1788522395877927.960	,0,NPU:2
2,TBE,1788522395977921.590	,0,NPU:2
2,TBE,1788522396077916.940	,0,NPU:2
2,TBE,1788522396177923.490	,0,NPU:2
2,TBE,1788522396277996.560	,0,NPU:2
2,TBE,1788522396377924.140	,0,NPU:2
2,TBE,1788522396477922.640	,0,NPU:2
2,TBE,1788522396577981.300	,0,NPU:2
2,TBE,1788522396677932.570	,0,NPU:2
2,TBE,1788522396777925.720	,0,NPU:2
2,TBE,1788522396877997.210	,0,NPU:2
2,TBE,1788522396977942.920	,0,NPU:2
2,TBE,1788522397077970.710	,0,NPU:2
2,TBE,1788522397177936.970	,0,NPU:2
2,TBE,1788522397277933.350	,0,NPU:2
2,TBE,1788522397377993.820	,0,NPU:2
2,TBE,1788522397477951.390	,0,NPU:2
2,TBE,1788522397577956.900	,0,NPU:2
2,TBE,1788522397677924.020	,0,NPU:2
2,TBE,1788522397777934.420	,0,NPU:2
2,TBE,1788522397877963.890	,0,NPU:2
2,TBE,1788522397977969.880	,0,NPU:2
2,TBE,1788522398077954.400	,0,NPU:2
2,TBE,1788522398177927.840	,0,NPU:2
2,TBE,1788522398277921.670	,0,NPU:2
2,TBE,1788522398377958.450	,0,NPU:2
2,TBE,1788522398477974.110	,0,NPU:2
2,TBE,1788522398577953.640	,0,NPU:2
2,TBE,1788522398677911.610	,0,NPU:2
2,TBE,1788522398777930.720	,0,NPU:2
2,TBE,1788522398877925.070	,0,NPU:2
2,TBE,1788522398978009.620	,0,NPU:2
2,TBE,1788522399077942.860	,0,NPU:2
2,TBE,1788522399177944.700	,0,NPU:2
2,TBE,1788522399277916.870	,0,NPU:2
2,TBE,1788522399377916.990	,0,NPU:2
2,TBE,1788522399477993.320	,0,NPU:2
2,TBE,1788522399577921.240	,0,NPU:2
2,TBE,1788522399677921.770	,0,NPU:2
2,TBE,1788522399777919.970	,0,NPU:2
2,TBE,1788522399877912.580	,0,NPU:2
2,TBE,1788522399977983.870	,0,NPU:2
2,TBE,1788522400077927.200	,0,NPU:2
2,TBE,1788522400177927.440	,0,NPU:2
2,TBE,1788522400277926.000	,0,NPU:2
2,TBE,1788522400377927.760	,0,NPU:2
2,TBE,1788522400477988.310	,0,NPU:2
2,TBE,1788522400577934.210	,0,NPU:2
2,TBE,1788522400677909.290	,0,NPU:2
2,TBE,1788522400777918.620	,0,NPU:2
2,TBE,1788522400877909.760	,0,NPU:2
2,TBE,1788522400977969.760	,0,NPU:2
2,TBE,1788522401077942.050	,0,NPU:2
2,TBE,1788522401177920.180	,0,NPU:2
2,TBE,1788522401277910.480	,0,NPU:2
2,TBE,1788522401377925.770	,0,NPU:2
2,TBE,1788522401477900.310	,0,NPU:2
2,TBE,1788522401577954.960	,0,NPU:2
2,TBE,1788522401677921.360	,0,NPU:2
2,TBE,1788522401777916.770	,0,NPU:2
2,TBE,1788522401877925.470	,0,NPU:2
2,TBE,1788522401977916.920	,0,NPU:2
2,TBE,1788522402077974.830	,0,NPU:2
2,TBE,1788522402177902.680	,0,NPU:2
2,TBE,1788522402277918.870	,0,NPU:2
2,TBE,1788522402377922.760	,0,NPU:2
2,TBE,1788522402477903.590	,0,NPU:2
2,TBE,1788522402577942.340	,0,NPU:2
2,TBE,1788522402677919.030	,0,NPU:2
2,TBE,1788522402777911.780	,0,NPU:2
2,TBE,1788522402877922.630	,0,NPU:2
2,TBE,1788522402977905.570	,0,NPU:2
2,TBE,1788522403077934.900	,0,NPU:2
2,TBE,1788522403177942.120	,0,NPU:2
2,TBE,1788522403277908.370	,0,NPU:2
2,TBE,1788522403377927.360	,0,NPU:2
2,TBE,1788522403477900.620	,0,NPU:2
2,TBE,1788522403577899.530	,0,NPU:2
2,TBE,1788522403677942.630	,0,NPU:2
2,TBE,1788522403777925.020	,0,NPU:2
2,TBE,1788522403877912.590	,0,NPU:2
2,TBE,1788522403977901.400	,0,NPU:2
2,TBE,1788522404077891.260	,0,NPU:2
2,TBE,1788522404177954.260	,0,NPU:2
2,TBE,1788522404277915.290	,0,NPU:2
2,TBE,1788522404377906.970	,0,NPU:2
2,TBE,1788522404477897.920	,0,NPU:2
2,TBE,1788522404577890.250	,0,NPU:2
2,TBE,1788522404677934.570	,0,NPU:2
2,TBE,1788522404777930.310	,0,NPU:2
2,TBE,1788522404877897.690	,0,NPU:2
2,TBE,1788522404977898.970	,0,NPU:2
2,TBE,1788522405077895.540	,0,NPU:2
2,TBE,1788522405177902.050	,0,NPU:2
2,TBE,1788522405277949.200	,0,NPU:2
2,TBE,1788522405377893.890	,0,NPU:2
2,TBE,1788522405477907.290	,0,NPU:2
2,TBE,1788522405577893.850	,0,NPU:2
2,TBE,1788522405677886.100	,0,NPU:2
2,TBE,1788522405777954.290	,0,NPU:2
2,TBE,1788522405877885.890	,0,NPU:2
2,TBE,1788522405977898.270	,0,NPU:2
2,TBE,1788522406077889.750	,0,NPU:2
2,TBE,1788522406177915.880	,0,NPU:2
2,TBE,1788522406277936.440	,0,NPU:2
2,TBE,1788522406377897.670	,0,NPU:2
2,TBE,1788522406477888.140	,0,NPU:2
2,TBE,1788522406577897.320	,0,NPU:2
2,TBE,1788522406677907.770	,0,NPU:2
2,TBE,1788522406777934.210	,0,NPU:2
2,TBE,1788522406877907.300	,0,NPU:2
2,TBE,1788522406977909.710	,0,NPU:2
2,TBE,1788522407077929.020	,0,NPU:2
2,TBE,1788522407177909.460	,0,NPU:2
2,TBE,1788522407277917.990	,0,NPU:2
2,TBE,1788522407377925.380	,0,NPU:2
2,TBE,1788522407477894.670	,0,NPU:2
2,TBE,1788522407577895.450	,0,NPU:2
2,TBE,1788522407677906.380	,0,NPU:2
2,TBE,1788522407777884.020	,0,NPU:2
2,TBE,1788522407877934.230	,0,NPU:2
2,TBE,1788522407977893.050	,0,NPU:2
2,TBE,1788522408077898.630	,0,NPU:2
2,TBE,1788522408177899.180	,0,NPU:2
2,TBE,1788522408277883.110	,0,NPU:2
2,TBE,1788522408377926.070	,0,NPU:2
2,TBE,1788522408477888.490	,0,NPU:2
2,TBE,1788522408577895.200	,0,NPU:2
2,TBE,1788522408677906.390	,0,NPU:2
2,TBE,1788522408777886.940	,0,NPU:2
2,TBE,1788522408877899.720	,0,NPU:2
2,TBE,1788522408977919.030	,0,NPU:2
2,TBE,1788522409077900.950	,0,NPU:2
2,TBE,1788522409177920.590	,0,NPU:2
2,TBE,1788522409277903.090	,0,NPU:2
2,TBE,1788522409377939.190	,0,NPU:2
2,TBE,1788522409477940.020	,0,NPU:2
2,TBE,1788522409577925.070	,0,NPU:2
2,TBE,1788522409677913.390	,0,NPU:2
2,TBE,1788522409778505.600	,0,NPU:2
2,TBE,1788522409877880.650	,0,NPU:2
2,TBE,1788522409884448.780	,0,NPU:2
2,FV,1788522391078023.490	,0,NPU:2
2,FV,1788522391177937.070	,0,NPU:2
2,FV,1788522391277935.640	,0,NPU:2
2,FV,1788522391377927.650	,0,NPU:2
2,FV,1788522391477926.110	,0,NPU:2
2,FV,1788522391577931.290	,0,NPU:2
2,FV,1788522391677920.690	,0,NPU:2
2,FV,1788522391777924.450	,0,NPU:2
2,FV,1788522391877922.070	,0,NPU:2
2,FV,1788522391977925.940	,0,NPU:2
2,FV,1788522392077937.630	,0,NPU:2
2,FV,1788522392177916.260	,0,NPU:2
2,FV,1788522392277917.700	,0,NPU:2
2,FV,1788522392377914.280	,0,NPU:2
2,FV,1788522392477913.470	,0,NPU:2
2,FV,1788522392577913.330	,0,NPU:2
2,FV,1788522392677914.200	,0,NPU:2
2,FV,1788522392777911.600	,0,NPU:2
2,FV,1788522392877912.410	,0,NPU:2
2,FV,1788522392978016.170	,0,NPU:2
2,FV,1788522393077977.060	,0,NPU:2
2,FV,1788522393177974.590	,0,NPU:2
2,FV,1788522393277964.030	,0,NPU:2
2,FV,1788522393377945.550	,0,NPU:2
2,FV,1788522393477976.680	,0,NPU:2
2,FV,1788522393577984.080	,0,NPU:2
2,FV,1788522393677968.900	,0,NPU:2
2,FV,1788522393777954.940	,0,NPU:2
2,FV,1788522393877942.990	,0,NPU:2
2,FV,1788522393977961.280	,0,NPU:2
2,FV,1788522394078013.090	,0,NPU:2
2,FV,1788522394177974.520	,0,NPU:2
2,FV,1788522394277964.210	,0,NPU:2
2,FV,1788522394377950.280	,0,NPU:2
2,FV,1788522394477952.390	,0,NPU:2
2,FV,1788522394578016.640	,0,NPU:2
2,FV,1788522394677977.300	,0,NPU:2
2,FV,1788522394777969.400	,0,NPU:2
2,FV,1788522394877962.180	,0,NPU:2
2,FV,1788522394977965.600	,0,NPU:2
2,FV,1788522395078008.720	,0,NPU:2
2,FV,1788522395177977.430	,0,NPU:2
2,FV,1788522395277957.970	,0,NPU:2
2,FV,1788522395377930.270	,0,NPU:2
2,FV,1788522395477921.620	,0,NPU:2
2,FV,1788522395577936.500	,0,NPU:2
2,FV,1788522395678003.450	,0,NPU:2
2,FV,1788522395777928.150	,0,NPU:2
2,FV,1788522395877927.960	,0,NPU:2
2,FV,1788522395977921.590	,0,NPU:2
2,FV,1788522396077916.940	,0,NPU:2
2,FV,1788522396177923.490	,0,NPU:2
2,FV,1788522396277996.560	,0,NPU:2
2,FV,1788522396377924.140	,0,NPU:2
2,FV,1788522396477922.640	,0,NPU:2
2,FV,1788522396577981.300	,0,NPU:2
2,FV,1788522396677932.570	,0,NPU:2
2,FV,1788522396777925.720	,0,NPU:2
2,FV,1788522396877997.210	,0,NPU:2
2,FV,1788522396977942.920	,0,NPU:2
2,FV,1788522397077970.710	,0,NPU:2
2,FV,1788522397177936.970	,0,NPU:2
2,FV,1788522397277933.350	,0,NPU:2
2,FV,1788522397377993.820	,0,NPU:2
2,FV,1788522397477951.390	,0,NPU:2
2,FV,1788522397577956.900	,0,NPU:2
2,FV,1788522397677924.020	,0,NPU:2
2,FV,1788522397777934.420	,0,NPU:2
2,FV,1788522397877963.890	,0,NPU:2
2,FV,1788522397977969.880	,0,NPU:2
2,FV,1788522398077954.400	,0,NPU:2
2,FV,1788522398177927.840	,0,NPU:2
2,FV,1788522398277921.670	,0,NPU:2
2,FV,1788522398377958.450	,0,NPU:2
2,FV,1788522398477974.110	,0,NPU:2
2,FV,1788522398577953.640	,0,NPU:2
2,FV,1788522398677911.610	,0,NPU:2
2,FV,1788522398777930.720	,0,NPU:2
2,FV,1788522398877925.070	,0,NPU:2
2,FV,1788522398978009.620	,0,NPU:2
2,FV,1788522399077942.860	,0,NPU:2
2,FV,1788522399177944.700	,0,NPU:2
2,FV,1788522399277916.870	,0,NPU:2
2,FV,1788522399377916.990	,0,NPU:2
2,FV,1788522399477993.320	,0,NPU:2
2,FV,1788522399577921.240	,0,NPU:2
2,FV,1788522399677921.770	,0,NPU:2
2,FV,1788522399777919.970	,0,NPU:2
2,FV,1788522399877912.580	,0,NPU:2
2,FV,1788522399977983.870	,0,NPU:2
2,FV,1788522400077927.200	,0,NPU:2
2,FV,1788522400177927.440	,0,NPU:2
2,FV,1788522400277926.000	,0,NPU:2
2,FV,1788522400377927.760	,0,NPU:2
2,FV,1788522400477988.310	,0,NPU:2
2,FV,1788522400577934.210	,0,NPU:2
2,FV,1788522400677909.290	,0,NPU:2
2,FV,1788522400777918.620	,0,NPU:2
2,FV,1788522400877909.760	,0,NPU:2
2,FV,1788522400977969.760	,0,NPU:2
2,FV,1788522401077942.050	,0,NPU:2
2,FV,1788522401177920.180	,0,NPU:2
2,FV,1788522401277910.480	,0,NPU:2
2,FV,1788522401377925.770	,0,NPU:2
2,FV,1788522401477900.310	,0,NPU:2
2,FV,1788522401577954.960	,0,NPU:2
2,FV,1788522401677921.360	,0,NPU:2
2,FV,1788522401777916.770	,0,NPU:2
2,FV,1788522401877925.470	,0,NPU:2
2,FV,1788522401977916.920	,0,NPU:2
2,FV,1788522402077974.830	,0,NPU:2
2,FV,1788522402177902.680	,0,NPU:2
2,FV,1788522402277918.870	,0,NPU:2
2,FV,1788522402377922.760	,0,NPU:2
2,FV,1788522402477903.590	,0,NPU:2
2,FV,1788522402577942.340	,0,NPU:2
2,FV,1788522402677919.030	,0,NPU:2
2,FV,1788522402777911.780	,0,NPU:2
2,FV,1788522402877922.630	,0,NPU:2
2,FV,1788522402977905.570	,0,NPU:2
2,FV,1788522403077934.900	,0,NPU:2
2,FV,1788522403177942.120	,0,NPU:2
2,FV,1788522403277908.370	,0,NPU:2
2,FV,1788522403377927.360	,0,NPU:2
2,FV,1788522403477900.620	,0,NPU:2
2,FV,1788522403577899.530	,0,NPU:2
2,FV,1788522403677942.630	,0,NPU:2
2,FV,1788522403777925.020	,0,NPU:2
2,FV,1788522403877912.590	,0,NPU:2
2,FV,1788522403977901.400	,0,NPU:2
2,FV,1788522404077891.260	,0,NPU:2
2,FV,1788522404177954.260	,0,NPU:2
2,FV,1788522404277915.290	,0,NPU:2
2,FV,1788522404377906.970	,0,NPU:2
2,FV,1788522404477897.920	,0,NPU:2
2,FV,1788522404577890.250	,0,NPU:2
2,FV,1788522404677934.570	,0,NPU:2
2,FV,1788522404777930.310	,0,NPU:2
2,FV,1788522404877897.690	,0,NPU:2
2,FV,1788522404977898.970	,0,NPU:2
2,FV,1788522405077895.540	,0,NPU:2
2,FV,1788522405177902.050	,0,NPU:2
2,FV,1788522405277949.200	,0,NPU:2
2,FV,1788522405377893.890	,0,NPU:2
2,FV,1788522405477907.290	,0,NPU:2
2,FV,1788522405577893.850	,0,NPU:2
2,FV,1788522405677886.100	,0,NPU:2
2,FV,1788522405777954.290	,0,NPU:2
2,FV,1788522405877885.890	,0,NPU:2
2,FV,1788522405977898.270	,0,NPU:2
2,FV,1788522406077889.750	,0,NPU:2
2,FV,1788522406177915.880	,0,NPU:2
2,FV,1788522406277936.440	,0,NPU:2
2,FV,1788522406377897.670	,0,NPU:2
2,FV,1788522406477888.140	,0,NPU:2
2,FV,1788522406577897.320	,0,NPU:2
2,FV,1788522406677907.770	,0,NPU:2
2,FV,1788522406777934.210	,0,NPU:2
2,FV,1788522406877907.300	,0,NPU:2
2,FV,1788522406977909.710	,0,NPU:2
2,FV,1788522407077929.020	,0,NPU:2
2,FV,1788522407177909.460	,0,NPU:2
2,FV,1788522407277917.990	,0,NPU:2
2,FV,1788522407377925.380	,0,NPU:2
2,FV,1788522407477894.670	,0,NPU:2
2,FV,1788522407577895.450	,0,NPU:2
2,FV,1788522407677906.380	,0,NPU:2
2,FV,1788522407777884.020	,0,NPU:2
2,FV,1788522407877934.230	,0,NPU:2
2,FV,1788522407977893.050	,0,NPU:2
2,FV,1788522408077898.630	,0,NPU:2
2,FV,1788522408177899.180	,0,NPU:2
2,FV,1788522408277883.110	,0,NPU:2
2,FV,1788522408377926.070	,0,NPU:2
2,FV,1788522408477888.490	,0,NPU:2
2,FV,1788522408577895.200	,0,NPU:2
2,FV,1788522408677906.390	,0,NPU:2
2,FV,1788522408777886.940	,0,NPU:2
2,FV,1788522408877899.720	,0,NPU:2
2,FV,1788522408977919.030	,0,NPU:2
2,FV,1788522409077900.950	,0,NPU:2
2,FV,1788522409177920.590	,0,NPU:2
2,FV,1788522409277903.090	,0,NPU:2
2,FV,1788522409377939.190	,0,NPU:2
2,FV,1788522409477940.020	,0,NPU:2
2,FV,1788522409577925.070	,0,NPU:2
2,FV,1788522409677913.390	,0,NPU:2
2,FV,1788522409778505.600	,0,NPU:2
2,FV,1788522409877880.650	,0,NPU:2
2,FV,1788522409884448.780	,0,NPU:2
2,MDCMAP,1788522391078023.490	,0,NPU:2
2,MDCMAP,1788522391177937.070	,0,NPU:2
2,MDCMAP,1788522391277935.640	,0,NPU:2
2,MDCMAP,1788522391377927.650	,0,NPU:2
2,MDCMAP,1788522391477926.110	,0,NPU:2
2,MDCMAP,1788522391577931.290	,0,NPU:2
2,MDCMAP,1788522391677920.690	,0,NPU:2
2,MDCMAP,1788522391777924.450	,0,NPU:2
2,MDCMAP,1788522391877922.070	,0,NPU:2
2,MDCMAP,1788522391977925.940	,0,NPU:2
2,MDCMAP,1788522392077937.630	,0,NPU:2
2,MDCMAP,1788522392177916.260	,0,NPU:2
2,MDCMAP,1788522392277917.700	,0,NPU:2
2,MDCMAP,1788522392377914.280	,0,NPU:2
2,MDCMAP,1788522392477913.470	,0,NPU:2
2,MDCMAP,1788522392577913.330	,0,NPU:2
2,MDCMAP,1788522392677914.200	,0,NPU:2
2,MDCMAP,1788522392777911.600	,0,NPU:2
2,MDCMAP,1788522392877912.410	,0,NPU:2
2,MDCMAP,1788522392978016.170	,0,NPU:2
2,MDCMAP,1788522393077977.060	,0,NPU:2
2,MDCMAP,1788522393177974.590	,0,NPU:2
2,MDCMAP,1788522393277964.030	,0,NPU:2
2,MDCMAP,1788522393377945.550	,0,NPU:2
2,MDCMAP,1788522393477976.680	,0,NPU:2
2,MDCMAP,1788522393577984.080	,0,NPU:2
2,MDCMAP,1788522393677968.900	,0,NPU:2
2,MDCMAP,1788522393777954.940	,0,NPU:2
2,MDCMAP,1788522393877942.990	,0,NPU:2
2,MDCMAP,1788522393977961.280	,0,NPU:2
2,MDCMAP,1788522394078013.090	,0,NPU:2
2,MDCMAP,1788522394177974.520	,0,NPU:2
2,MDCMAP,1788522394277964.210	,0,NPU:2
2,MDCMAP,1788522394377950.280	,0,NPU:2
2,MDCMAP,1788522394477952.390	,0,NPU:2
2,MDCMAP,1788522394578016.640	,0,NPU:2
2,MDCMAP,1788522394677977.300	,0,NPU:2
2,MDCMAP,1788522394777969.400	,0,NPU:2
2,MDCMAP,1788522394877962.180	,0,NPU:2
2,MDCMAP,1788522394977965.600	,0,NPU:2
2,MDCMAP,1788522395078008.720	,0,NPU:2
2,MDCMAP,1788522395177977.430	,0,NPU:2
2,MDCMAP,1788522395277957.970	,0,NPU:2
2,MDCMAP,1788522395377930.270	,0,NPU:2
2,MDCMAP,1788522395477921.620	,0,NPU:2
2,MDCMAP,1788522395577936.500	,0,NPU:2
2,MDCMAP,1788522395678003.450	,0,NPU:2
2,MDCMAP,1788522395777928.150	,0,NPU:2
2,MDCMAP,1788522395877927.960	,0,NPU:2
2,MDCMAP,1788522395977921.590	,0,NPU:2
2,MDCMAP,1788522396077916.940	,0,NPU:2
2,MDCMAP,1788522396177923.490	,0,NPU:2
2,MDCMAP,1788522396277996.560	,0,NPU:2
2,MDCMAP,1788522396377924.140	,0,NPU:2
2,MDCMAP,1788522396477922.640	,0,NPU:2
2,MDCMAP,1788522396577981.300	,0,NPU:2
2,MDCMAP,1788522396677932.570	,0,NPU:2
2,MDCMAP,1788522396777925.720	,0,NPU:2
2,MDCMAP,1788522396877997.210	,0,NPU:2
2,MDCMAP,1788522396977942.920	,0,NPU:2
2,MDCMAP,1788522397077970.710	,0,NPU:2
2,MDCMAP,1788522397177936.970	,0,NPU:2
2,MDCMAP,1788522397277933.350	,0,NPU:2
2,MDCMAP,1788522397377993.820	,0,NPU:2
2,MDCMAP,1788522397477951.390	,0,NPU:2
2,MDCMAP,1788522397577956.900	,0,NPU:2
2,MDCMAP,1788522397677924.020	,0,NPU:2
2,MDCMAP,1788522397777934.420	,0,NPU:2
2,MDCMAP,1788522397877963.890	,0,NPU:2
2,MDCMAP,1788522397977969.880	,0,NPU:2
2,MDCMAP,1788522398077954.400	,0,NPU:2
2,MDCMAP,1788522398177927.840	,0,NPU:2
2,MDCMAP,1788522398277921.670	,0,NPU:2
2,MDCMAP,1788522398377958.450	,0,NPU:2
2,MDCMAP,1788522398477974.110	,0,NPU:2
2,MDCMAP,1788522398577953.640	,0,NPU:2
2,MDCMAP,1788522398677911.610	,0,NPU:2
2,MDCMAP,1788522398777930.720	,0,NPU:2
2,MDCMAP,1788522398877925.070	,0,NPU:2
2,MDCMAP,1788522398978009.620	,0,NPU:2
2,MDCMAP,1788522399077942.860	,0,NPU:2
2,MDCMAP,1788522399177944.700	,0,NPU:2
2,MDCMAP,1788522399277916.870	,0,NPU:2
2,MDCMAP,1788522399377916.990	,0,NPU:2
2,MDCMAP,1788522399477993.320	,0,NPU:2
2,MDCMAP,1788522399577921.240	,0,NPU:2
2,MDCMAP,1788522399677921.770	,0,NPU:2
2,MDCMAP,1788522399777919.970	,0,NPU:2
2,MDCMAP,1788522399877912.580	,0,NPU:2
2,MDCMAP,1788522399977983.870	,0,NPU:2
2,MDCMAP,1788522400077927.200	,0,NPU:2
2,MDCMAP,1788522400177927.440	,0,NPU:2
2,MDCMAP,1788522400277926.000	,0,NPU:2
2,MDCMAP,1788522400377927.760	,0,NPU:2
2,MDCMAP,1788522400477988.310	,0,NPU:2
2,MDCMAP,1788522400577934.210	,0,NPU:2
2,MDCMAP,1788522400677909.290	,0,NPU:2
2,MDCMAP,1788522400777918.620	,0,NPU:2
2,MDCMAP,1788522400877909.760	,0,NPU:2
2,MDCMAP,1788522400977969.760	,0,NPU:2
2,MDCMAP,1788522401077942.050	,0,NPU:2
2,MDCMAP,1788522401177920.180	,0,NPU:2
2,MDCMAP,1788522401277910.480	,0,NPU:2
2,MDCMAP,1788522401377925.770	,0,NPU:2
2,MDCMAP,1788522401477900.310	,0,NPU:2
2,MDCMAP,1788522401577954.960	,0,NPU:2
2,MDCMAP,1788522401677921.360	,0,NPU:2
2,MDCMAP,1788522401777916.770	,0,NPU:2
2,MDCMAP,1788522401877925.470	,0,NPU:2
2,MDCMAP,1788522401977916.920	,0,NPU:2
2,MDCMAP,1788522402077974.830	,0,NPU:2
2,MDCMAP,1788522402177902.680	,0,NPU:2
2,MDCMAP,1788522402277918.870	,0,NPU:2
2,MDCMAP,1788522402377922.760	,0,NPU:2
2,MDCMAP,1788522402477903.590	,0,NPU:2
2,MDCMAP,1788522402577942.340	,0,NPU:2
2,MDCMAP,1788522402677919.030	,0,NPU:2
2,MDCMAP,1788522402777911.780	,0,NPU:2
2,MDCMAP,1788522402877922.630	,0,NPU:2
2,MDCMAP,1788522402977905.570	,0,NPU:2
2,MDCMAP,1788522403077934.900	,0,NPU:2
2,MDCMAP,1788522403177942.120	,0,NPU:2
2,MDCMAP,1788522403277908.370	,0,NPU:2
2,MDCMAP,1788522403377927.360	,0,NPU:2
2,MDCMAP,1788522403477900.620	,0,NPU:2
2,MDCMAP,1788522403577899.530	,0,NPU:2
2,MDCMAP,1788522403677942.630	,0,NPU:2
2,MDCMAP,1788522403777925.020	,0,NPU:2
2,MDCMAP,1788522403877912.590	,0,NPU:2
2,MDCMAP,1788522403977901.400	,0,NPU:2
2,MDCMAP,1788522404077891.260	,0,NPU:2
2,MDCMAP,1788522404177954.260	,0,NPU:2
2,MDCMAP,1788522404277915.290	,0,NPU:2
2,MDCMAP,1788522404377906.970	,0,NPU:2
2,MDCMAP,1788522404477897.920	,0,NPU:2
2,MDCMAP,1788522404577890.250	,0,NPU:2
2,MDCMAP,1788522404677934.570	,0,NPU:2
2,MDCMAP,1788522404777930.310	,0,NPU:2
2,MDCMAP,1788522404877897.690	,0,NPU:2
2,MDCMAP,1788522404977898.970	,0,NPU:2
2,MDCMAP,1788522405077895.540	,0,NPU:2
2,MDCMAP,1788522405177902.050	,0,NPU:2
2,MDCMAP,1788522405277949.200	,0,NPU:2
2,MDCMAP,1788522405377893.890	,0,NPU:2
2,MDCMAP,1788522405477907.290	,0,NPU:2
2,MDCMAP,1788522405577893.850	,0,NPU:2
2,MDCMAP,1788522405677886.100	,0,NPU:2
2,MDCMAP,1788522405777954.290	,0,NPU:2
2,MDCMAP,1788522405877885.890	,0,NPU:2
2,MDCMAP,1788522405977898.270	,0,NPU:2
2,MDCMAP,1788522406077889.750	,0,NPU:2
2,MDCMAP,1788522406177915.880	,0,NPU:2
2,MDCMAP,1788522406277936.440	,0,NPU:2
2,MDCMAP,1788522406377897.670	,0,NPU:2
2,MDCMAP,1788522406477888.140	,0,NPU:2
2,MDCMAP,1788522406577897.320	,0,NPU:2
2,MDCMAP,1788522406677907.770	,0,NPU:2
2,MDCMAP,1788522406777934.210	,0,NPU:2
2,MDCMAP,1788522406877907.300	,0,NPU:2
2,MDCMAP,1788522406977909.710	,0,NPU:2
2,MDCMAP,1788522407077929.020	,0,NPU:2
2,MDCMAP,1788522407177909.460	,0,NPU:2
2,MDCMAP,1788522407277917.990	,0,NPU:2
2,MDCMAP,1788522407377925.380	,0,NPU:2
2,MDCMAP,1788522407477894.670	,0,NPU:2
2,MDCMAP,1788522407577895.450	,0,NPU:2
2,MDCMAP,1788522407677906.380	,0,NPU:2
2,MDCMAP,1788522407777884.020	,0,NPU:2
2,MDCMAP,1788522407877934.230	,0,NPU:2
2,MDCMAP,1788522407977893.050	,0,NPU:2
2,MDCMAP,1788522408077898.630	,0,NPU:2
2,MDCMAP,1788522408177899.180	,0,NPU:2
2,MDCMAP,1788522408277883.110	,0,NPU:2
2,MDCMAP,1788522408377926.070	,0,NPU:2
2,MDCMAP,1788522408477888.490	,0,NPU:2
2,MDCMAP,1788522408577895.200	,0,NPU:2
2,MDCMAP,1788522408677906.390	,0,NPU:2
2,MDCMAP,1788522408777886.940	,0,NPU:2
2,MDCMAP,1788522408877899.720	,0,NPU:2
2,MDCMAP,1788522408977919.030	,0,NPU:2
2,MDCMAP,1788522409077900.950	,0,NPU:2
2,MDCMAP,1788522409177920.590	,0,NPU:2
2,MDCMAP,1788522409277903.090	,0,NPU:2
2,MDCMAP,1788522409377939.190	,0,NPU:2
2,MDCMAP,1788522409477940.020	,0,NPU:2
2,MDCMAP,1788522409577925.070	,0,NPU:2
2,MDCMAP,1788522409677913.390	,0,NPU:2
2,MDCMAP,1788522409778505.600	,0,NPU:2
2,MDCMAP,1788522409877880.650	,0,NPU:2
2,MDCMAP,1788522409884448.780	,0,NPU:2
2,TUNE,1788522391078023.490	,0,NPU:2
2,TUNE,1788522391177937.070	,0,NPU:2
2,TUNE,1788522391277935.640	,0,NPU:2
2,TUNE,1788522391377927.650	,0,NPU:2
2,TUNE,1788522391477926.110	,0,NPU:2
2,TUNE,1788522391577931.290	,0,NPU:2
2,TUNE,1788522391677920.690	,0,NPU:2
2,TUNE,1788522391777924.450	,0,NPU:2
2,TUNE,1788522391877922.070	,0,NPU:2
2,TUNE,1788522391977925.940	,0,NPU:2
2,TUNE,1788522392077937.630	,0,NPU:2
2,TUNE,1788522392177916.260	,0,NPU:2
2,TUNE,1788522392277917.700	,0,NPU:2
2,TUNE,1788522392377914.280	,0,NPU:2
2,TUNE,1788522392477913.470	,0,NPU:2
2,TUNE,1788522392577913.330	,0,NPU:2
2,TUNE,1788522392677914.200	,0,NPU:2
2,TUNE,1788522392777911.600	,0,NPU:2
2,TUNE,1788522392877912.410	,0,NPU:2
2,TUNE,1788522392978016.170	,0,NPU:2
2,TUNE,1788522393077977.060	,0,NPU:2
2,TUNE,1788522393177974.590	,0,NPU:2
2,TUNE,1788522393277964.030	,0,NPU:2
2,TUNE,1788522393377945.550	,0,NPU:2
2,TUNE,1788522393477976.680	,0,NPU:2
2,TUNE,1788522393577984.080	,0,NPU:2
2,TUNE,1788522393677968.900	,0,NPU:2
2,TUNE,1788522393777954.940	,0,NPU:2
2,TUNE,1788522393877942.990	,0,NPU:2
2,TUNE,1788522393977961.280	,0,NPU:2
2,TUNE,1788522394078013.090	,0,NPU:2
2,TUNE,1788522394177974.520	,0,NPU:2
2,TUNE,1788522394277964.210	,0,NPU:2
2,TUNE,1788522394377950.280	,0,NPU:2
2,TUNE,1788522394477952.390	,0,NPU:2
2,TUNE,1788522394578016.640	,0,NPU:2
2,TUNE,1788522394677977.300	,0,NPU:2
2,TUNE,1788522394777969.400	,0,NPU:2
2,TUNE,1788522394877962.180	,0,NPU:2
2,TUNE,1788522394977965.600	,0,NPU:2
2,TUNE,1788522395078008.720	,0,NPU:2
2,TUNE,1788522395177977.430	,0,NPU:2
2,TUNE,1788522395277957.970	,0,NPU:2
2,TUNE,1788522395377930.270	,0,NPU:2
2,TUNE,1788522395477921.620	,0,NPU:2
2,TUNE,1788522395577936.500	,0,NPU:2
2,TUNE,1788522395678003.450	,0,NPU:2
2,TUNE,1788522395777928.150	,0,NPU:2
2,TUNE,1788522395877927.960	,0,NPU:2
2,TUNE,1788522395977921.590	,0,NPU:2
2,TUNE,1788522396077916.940	,0,NPU:2
2,TUNE,1788522396177923.490	,0,NPU:2
2,TUNE,1788522396277996.560	,0,NPU:2
2,TUNE,1788522396377924.140	,0,NPU:2
2,TUNE,1788522396477922.640	,0,NPU:2
2,TUNE,1788522396577981.300	,0,NPU:2
2,TUNE,1788522396677932.570	,0,NPU:2
2,TUNE,1788522396777925.720	,0,NPU:2
2,TUNE,1788522396877997.210	,0,NPU:2
2,TUNE,1788522396977942.920	,0,NPU:2
2,TUNE,1788522397077970.710	,0,NPU:2
2,TUNE,1788522397177936.970	,0,NPU:2
2,TUNE,1788522397277933.350	,0,NPU:2
2,TUNE,1788522397377993.820	,0,NPU:2
2,TUNE,1788522397477951.390	,0,NPU:2
2,TUNE,1788522397577956.900	,0,NPU:2
2,TUNE,1788522397677924.020	,0,NPU:2
2,TUNE,1788522397777934.420	,0,NPU:2
2,TUNE,1788522397877963.890	,0,NPU:2
2,TUNE,1788522397977969.880	,0,NPU:2
2,TUNE,1788522398077954.400	,0,NPU:2
2,TUNE,1788522398177927.840	,0,NPU:2
2,TUNE,1788522398277921.670	,0,NPU:2
2,TUNE,1788522398377958.450	,0,NPU:2
2,TUNE,1788522398477974.110	,0,NPU:2
2,TUNE,1788522398577953.640	,0,NPU:2
2,TUNE,1788522398677911.610	,0,NPU:2
2,TUNE,1788522398777930.720	,0,NPU:2
2,TUNE,1788522398877925.070	,0,NPU:2
2,TUNE,1788522398978009.620	,0,NPU:2
2,TUNE,1788522399077942.860	,0,NPU:2
2,TUNE,1788522399177944.700	,0,NPU:2
2,TUNE,1788522399277916.870	,0,NPU:2
2,TUNE,1788522399377916.990	,0,NPU:2
2,TUNE,1788522399477993.320	,0,NPU:2
2,TUNE,1788522399577921.240	,0,NPU:2
2,TUNE,1788522399677921.770	,0,NPU:2
2,TUNE,1788522399777919.970	,0,NPU:2
2,TUNE,1788522399877912.580	,0,NPU:2
2,TUNE,1788522399977983.870	,0,NPU:2
2,TUNE,1788522400077927.200	,0,NPU:2
2,TUNE,1788522400177927.440	,0,NPU:2
2,TUNE,1788522400277926.000	,0,NPU:2
2,TUNE,1788522400377927.760	,0,NPU:2
2,TUNE,1788522400477988.310	,0,NPU:2
2,TUNE,1788522400577934.210	,0,NPU:2
2,TUNE,1788522400677909.290	,0,NPU:2
2,TUNE,1788522400777918.620	,0,NPU:2
2,TUNE,1788522400877909.760	,0,NPU:2
2,TUNE,1788522400977969.760	,0,NPU:2
2,TUNE,1788522401077942.050	,0,NPU:2
2,TUNE,1788522401177920.180	,0,NPU:2
2,TUNE,1788522401277910.480	,0,NPU:2
2,TUNE,1788522401377925.770	,0,NPU:2
2,TUNE,1788522401477900.310	,0,NPU:2
2,TUNE,1788522401577954.960	,0,NPU:2
2,TUNE,1788522401677921.360	,0,NPU:2
2,TUNE,1788522401777916.770	,0,NPU:2
2,TUNE,1788522401877925.470	,0,NPU:2
2,TUNE,1788522401977916.920	,0,NPU:2
2,TUNE,1788522402077974.830	,0,NPU:2
2,TUNE,1788522402177902.680	,0,NPU:2
2,TUNE,1788522402277918.870	,0,NPU:2
2,TUNE,1788522402377922.760	,0,NPU:2
2,TUNE,1788522402477903.590	,0,NPU:2
2,TUNE,1788522402577942.340	,0,NPU:2
2,TUNE,1788522402677919.030	,0,NPU:2
2,TUNE,1788522402777911.780	,0,NPU:2
2,TUNE,1788522402877922.630	,0,NPU:2
2,TUNE,1788522402977905.570	,0,NPU:2
2,TUNE,1788522403077934.900	,0,NPU:2
2,TUNE,1788522403177942.120	,0,NPU:2
2,TUNE,1788522403277908.370	,0,NPU:2
2,TUNE,1788522403377927.360	,0,NPU:2
2,TUNE,1788522403477900.620	,0,NPU:2
2,TUNE,1788522403577899.530	,0,NPU:2
2,TUNE,1788522403677942.630	,0,NPU:2
2,TUNE,1788522403777925.020	,0,NPU:2
2,TUNE,1788522403877912.590	,0,NPU:2
2,TUNE,1788522403977901.400	,0,NPU:2
2,TUNE,1788522404077891.260	,0,NPU:2
2,TUNE,1788522404177954.260	,0,NPU:2
2,TUNE,1788522404277915.290	,0,NPU:2
2,TUNE,1788522404377906.970	,0,NPU:2
2,TUNE,1788522404477897.920	,0,NPU:2
2,TUNE,1788522404577890.250	,0,NPU:2
2,TUNE,1788522404677934.570	,0,NPU:2
2,TUNE,1788522404777930.310	,0,NPU:2
2,TUNE,1788522404877897.690	,0,NPU:2
2,TUNE,1788522404977898.970	,0,NPU:2
2,TUNE,1788522405077895.540	,0,NPU:2
2,TUNE,1788522405177902.050	,0,NPU:2
2,TUNE,1788522405277949.200	,0,NPU:2
2,TUNE,1788522405377893.890	,0,NPU:2
2,TUNE,1788522405477907.290	,0,NPU:2
2,TUNE,1788522405577893.850	,0,NPU:2
2,TUNE,1788522405677886.100	,0,NPU:2
2,TUNE,1788522405777954.290	,0,NPU:2
2,TUNE,1788522405877885.890	,0,NPU:2
2,TUNE,1788522405977898.270	,0,NPU:2
2,TUNE,1788522406077889.750	,0,NPU:2
2,TUNE,1788522406177915.880	,0,NPU:2
2,TUNE,1788522406277936.440	,0,NPU:2
2,TUNE,1788522406377897.670	,0,NPU:2
2,TUNE,1788522406477888.140	,0,NPU:2
2,TUNE,1788522406577897.320	,0,NPU:2
2,TUNE,1788522406677907.770	,0,NPU:2
2,TUNE,1788522406777934.210	,0,NPU:2
2,TUNE,1788522406877907.300	,0,NPU:2
2,TUNE,1788522406977909.710	,0,NPU:2
2,TUNE,1788522407077929.020	,0,NPU:2
2,TUNE,1788522407177909.460	,0,NPU:2
2,TUNE,1788522407277917.990	,0,NPU:2
2,TUNE,1788522407377925.380	,0,NPU:2
2,TUNE,1788522407477894.670	,0,NPU:2
2,TUNE,1788522407577895.450	,0,NPU:2
2,TUNE,1788522407677906.380	,0,NPU:2
2,TUNE,1788522407777884.020	,0,NPU:2
2,TUNE,1788522407877934.230	,0,NPU:2
2,TUNE,1788522407977893.050	,0,NPU:2
2,TUNE,1788522408077898.630	,0,NPU:2
2,TUNE,1788522408177899.180	,0,NPU:2
2,TUNE,1788522408277883.110	,0,NPU:2
2,TUNE,1788522408377926.070	,0,NPU:2
2,TUNE,1788522408477888.490	,0,NPU:2
2,TUNE,1788522408577895.200	,0,NPU:2
2,TUNE,1788522408677906.390	,0,NPU:2
2,TUNE,1788522408777886.940	,0,NPU:2
2,TUNE,1788522408877899.720	,0,NPU:2
2,TUNE,1788522408977919.030	,0,NPU:2
2,TUNE,1788522409077900.950	,0,NPU:2
2,TUNE,1788522409177920.590	,0,NPU:2
2,TUNE,1788522409277903.090	,0,NPU:2
2,TUNE,1788522409377939.190	,0,NPU:2
2,TUNE,1788522409477940.020	,0,NPU:2
2,TUNE,1788522409577925.070	,0,NPU:2
2,TUNE,1788522409677913.390	,0,NPU:2
2,TUNE,1788522409778505.600	,0,NPU:2
2,TUNE,1788522409877880.650	,0,NPU:2
2,TUNE,1788522409884448.780	,0,NPU:2
2,HSS,1788522391078023.490	,0,NPU:2
2,HSS,1788522391177937.070	,0,NPU:2
2,HSS,1788522391277935.640	,0,NPU:2
2,HSS,1788522391377927.650	,0,NPU:2
2,HSS,1788522391477926.110	,0,NPU:2
2,HSS,1788522391577931.290	,0,NPU:2
2,HSS,1788522391677920.690	,0,NPU:2
2,HSS,1788522391777924.450	,0,NPU:2
2,HSS,1788522391877922.070	,0,NPU:2
2,HSS,1788522391977925.940	,0,NPU:2
2,HSS,1788522392077937.630	,0,NPU:2
2,HSS,1788522392177916.260	,0,NPU:2
2,HSS,1788522392277917.700	,0,NPU:2
2,HSS,1788522392377914.280	,0,NPU:2
2,HSS,1788522392477913.470	,0,NPU:2
2,HSS,1788522392577913.330	,0,NPU:2
2,HSS,1788522392677914.200	,0,NPU:2
2,HSS,1788522392777911.600	,0,NPU:2
2,HSS,1788522392877912.410	,0,NPU:2
2,HSS,1788522392978016.170	,0,NPU:2
2,HSS,1788522393077977.060	,0,NPU:2
2,HSS,1788522393177974.590	,0,NPU:2
2,HSS,1788522393277964.030	,0,NPU:2
2,HSS,1788522393377945.550	,0,NPU:2
2,HSS,1788522393477976.680	,0,NPU:2
2,HSS,1788522393577984.080	,0,NPU:2
2,HSS,1788522393677968.900	,0,NPU:2
2,HSS,1788522393777954.940	,0,NPU:2
2,HSS,1788522393877942.990	,0,NPU:2
2,HSS,1788522393977961.280	,0,NPU:2
2,HSS,1788522394078013.090	,0,NPU:2
2,HSS,1788522394177974.520	,0,NPU:2
2,HSS,1788522394277964.210	,0,NPU:2
2,HSS,1788522394377950.280	,0,NPU:2
2,HSS,1788522394477952.390	,0,NPU:2
2,HSS,1788522394578016.640	,0,NPU:2
2,HSS,1788522394677977.300	,0,NPU:2
2,HSS,1788522394777969.400	,0,NPU:2
2,HSS,1788522394877962.180	,0,NPU:2
2,HSS,1788522394977965.600	,0,NPU:2
2,HSS,1788522395078008.720	,0,NPU:2
2,HSS,1788522395177977.430	,0,NPU:2
2,HSS,1788522395277957.970	,0,NPU:2
2,HSS,1788522395377930.270	,0,NPU:2
2,HSS,1788522395477921.620	,0,NPU:2
2,HSS,1788522395577936.500	,0,NPU:2
2,HSS,1788522395678003.450	,0,NPU:2
2,HSS,1788522395777928.150	,0,NPU:2
2,HSS,1788522395877927.960	,0,NPU:2
2,HSS,1788522395977921.590	,0,NPU:2
2,HSS,1788522396077916.940	,0,NPU:2
2,HSS,1788522396177923.490	,0,NPU:2
2,HSS,1788522396277996.560	,0,NPU:2
2,HSS,1788522396377924.140	,0,NPU:2
2,HSS,1788522396477922.640	,0,NPU:2
2,HSS,1788522396577981.300	,0,NPU:2
2,HSS,1788522396677932.570	,0,NPU:2
2,HSS,1788522396777925.720	,0,NPU:2
2,HSS,1788522396877997.210	,0,NPU:2
2,HSS,1788522396977942.920	,0,NPU:2
2,HSS,1788522397077970.710	,0,NPU:2
2,HSS,1788522397177936.970	,0,NPU:2
2,HSS,1788522397277933.350	,0,NPU:2
2,HSS,1788522397377993.820	,0,NPU:2
2,HSS,1788522397477951.390	,0,NPU:2
2,HSS,1788522397577956.900	,0,NPU:2
2,HSS,1788522397677924.020	,0,NPU:2
2,HSS,1788522397777934.420	,0,NPU:2
2,HSS,1788522397877963.890	,0,NPU:2
2,HSS,1788522397977969.880	,0,NPU:2
2,HSS,1788522398077954.400	,0,NPU:2
2,HSS,1788522398177927.840	,0,NPU:2
2,HSS,1788522398277921.670	,0,NPU:2
2,HSS,1788522398377958.450	,0,NPU:2
2,HSS,1788522398477974.110	,0,NPU:2
2,HSS,1788522398577953.640	,0,NPU:2
2,HSS,1788522398677911.610	,0,NPU:2
2,HSS,1788522398777930.720	,0,NPU:2
2,HSS,1788522398877925.070	,0,NPU:2
2,HSS,1788522398978009.620	,0,NPU:2
2,HSS,1788522399077942.860	,0,NPU:2
2,HSS,1788522399177944.700	,0,NPU:2
2,HSS,1788522399277916.870	,0,NPU:2
2,HSS,1788522399377916.990	,0,NPU:2
2,HSS,1788522399477993.320	,0,NPU:2
2,HSS,1788522399577921.240	,0,NPU:2
2,HSS,1788522399677921.770	,0,NPU:2
2,HSS,1788522399777919.970	,0,NPU:2
2,HSS,1788522399877912.580	,0,NPU:2
2,HSS,1788522399977983.870	,0,NPU:2
2,HSS,1788522400077927.200	,0,NPU:2
2,HSS,1788522400177927.440	,0,NPU:2
2,HSS,1788522400277926.000	,0,NPU:2
2,HSS,1788522400377927.760	,0,NPU:2
2,HSS,1788522400477988.310	,0,NPU:2
2,HSS,1788522400577934.210	,0,NPU:2
2,HSS,1788522400677909.290	,0,NPU:2
2,HSS,1788522400777918.620	,0,NPU:2
2,HSS,1788522400877909.760	,0,NPU:2
2,HSS,1788522400977969.760	,0,NPU:2
2,HSS,1788522401077942.050	,0,NPU:2
2,HSS,1788522401177920.180	,0,NPU:2
2,HSS,1788522401277910.480	,0,NPU:2
2,HSS,1788522401377925.770	,0,NPU:2
2,HSS,1788522401477900.310	,0,NPU:2
2,HSS,1788522401577954.960	,0,NPU:2
2,HSS,1788522401677921.360	,0,NPU:2
2,HSS,1788522401777916.770	,0,NPU:2
2,HSS,1788522401877925.470	,0,NPU:2
2,HSS,1788522401977916.920	,0,NPU:2
2,HSS,1788522402077974.830	,0,NPU:2
2,HSS,1788522402177902.680	,0,NPU:2
2,HSS,1788522402277918.870	,0,NPU:2
2,HSS,1788522402377922.760	,0,NPU:2
2,HSS,1788522402477903.590	,0,NPU:2
2,HSS,1788522402577942.340	,0,NPU:2
2,HSS,1788522402677919.030	,0,NPU:2
2,HSS,1788522402777911.780	,0,NPU:2
2,HSS,1788522402877922.630	,0,NPU:2
2,HSS,1788522402977905.570	,0,NPU:2
2,HSS,1788522403077934.900	,0,NPU:2
2,HSS,1788522403177942.120	,0,NPU:2
2,HSS,1788522403277908.370	,0,NPU:2
2,HSS,1788522403377927.360	,0,NPU:2
2,HSS,1788522403477900.620	,0,NPU:2
2,HSS,1788522403577899.530	,0,NPU:2
2,HSS,1788522403677942.630	,0,NPU:2
2,HSS,1788522403777925.020	,0,NPU:2
2,HSS,1788522403877912.590	,0,NPU:2
2,HSS,1788522403977901.400	,0,NPU:2
2,HSS,1788522404077891.260	,0,NPU:2
2,HSS,1788522404177954.260	,0,NPU:2
2,HSS,1788522404277915.290	,0,NPU:2
2,HSS,1788522404377906.970	,0,NPU:2
2,HSS,1788522404477897.920	,0,NPU:2
2,HSS,1788522404577890.250	,0,NPU:2
2,HSS,1788522404677934.570	,0,NPU:2
2,HSS,1788522404777930.310	,0,NPU:2
2,HSS,1788522404877897.690	,0,NPU:2
2,HSS,1788522404977898.970	,0,NPU:2
2,HSS,1788522405077895.540	,0,NPU:2
2,HSS,1788522405177902.050	,0,NPU:2
2,HSS,1788522405277949.200	,0,NPU:2
2,HSS,1788522405377893.890	,0,NPU:2
2,HSS,1788522405477907.290	,0,NPU:2
2,HSS,1788522405577893.850	,0,NPU:2
2,HSS,1788522405677886.100	,0,NPU:2
2,HSS,1788522405777954.290	,0,NPU:2
2,HSS,1788522405877885.890	,0,NPU:2
2,HSS,1788522405977898.270	,0,NPU:2
2,HSS,1788522406077889.750	,0,NPU:2
2,HSS,1788522406177915.880	,0,NPU:2
2,HSS,1788522406277936.440	,0,NPU:2
2,HSS,1788522406377897.670	,0,NPU:2
2,HSS,1788522406477888.140	,0,NPU:2
2,HSS,1788522406577897.320	,0,NPU:2
2,HSS,1788522406677907.770	,0,NPU:2
2,HSS,1788522406777934.210	,0,NPU:2
2,HSS,1788522406877907.300	,0,NPU:2
2,HSS,1788522406977909.710	,0,NPU:2
2,HSS,1788522407077929.020	,0,NPU:2
2,HSS,1788522407177909.460	,0,NPU:2
2,HSS,1788522407277917.990	,0,NPU:2
2,HSS,1788522407377925.380	,0,NPU:2
2,HSS,1788522407477894.670	,0,NPU:2
2,HSS,1788522407577895.450	,0,NPU:2
2,HSS,1788522407677906.380	,0,NPU:2
2,HSS,1788522407777884.020	,0,NPU:2
2,HSS,1788522407877934.230	,0,NPU:2
2,HSS,1788522407977893.050	,0,NPU:2
2,HSS,1788522408077898.630	,0,NPU:2
2,HSS,1788522408177899.180	,0,NPU:2
2,HSS,1788522408277883.110	,0,NPU:2
2,HSS,1788522408377926.070	,0,NPU:2
2,HSS,1788522408477888.490	,0,NPU:2
2,HSS,1788522408577895.200	,0,NPU:2
2,HSS,1788522408677906.390	,0,NPU:2
2,HSS,1788522408777886.940	,0,NPU:2
2,HSS,1788522408877899.720	,0,NPU:2
2,HSS,1788522408977919.030	,0,NPU:2
2,HSS,1788522409077900.950	,0,NPU:2
2,HSS,1788522409177920.590	,0,NPU:2
2,HSS,1788522409277903.090	,0,NPU:2
2,HSS,1788522409377939.190	,0,NPU:2
2,HSS,1788522409477940.020	,0,NPU:2
2,HSS,1788522409577925.070	,0,NPU:2
2,HSS,1788522409677913.390	,0,NPU:2
2,HSS,1788522409778505.600	,0,NPU:2
2,HSS,1788522409877880.650	,0,NPU:2
2,HSS,1788522409884448.780	,0,NPU:2
2,FFTS,1788522391078023.490	,0,NPU:2
2,FFTS,1788522391177937.070	,0,NPU:2
2,FFTS,1788522391277935.640	,0,NPU:2
2,FFTS,1788522391377927.650	,0,NPU:2
2,FFTS,1788522391477926.110	,0,NPU:2
2,FFTS,1788522391577931.290	,0,NPU:2
2,FFTS,1788522391677920.690	,0,NPU:2
2,FFTS,1788522391777924.450	,0,NPU:2
2,FFTS,1788522391877922.070	,0,NPU:2
2,FFTS,1788522391977925.940	,0,NPU:2
2,FFTS,1788522392077937.630	,0,NPU:2
2,FFTS,1788522392177916.260	,0,NPU:2
2,FFTS,1788522392277917.700	,0,NPU:2
2,FFTS,1788522392377914.280	,0,NPU:2
2,FFTS,1788522392477913.470	,0,NPU:2
2,FFTS,1788522392577913.330	,0,NPU:2
2,FFTS,1788522392677914.200	,0,NPU:2
2,FFTS,1788522392777911.600	,0,NPU:2
2,FFTS,1788522392877912.410	,0,NPU:2
2,FFTS,1788522392978016.170	,0,NPU:2
2,FFTS,1788522393077977.060	,0,NPU:2
2,FFTS,1788522393177974.590	,0,NPU:2
2,FFTS,1788522393277964.030	,0,NPU:2
2,FFTS,1788522393377945.550	,0,NPU:2
2,FFTS,1788522393477976.680	,0,NPU:2
2,FFTS,1788522393577984.080	,0,NPU:2
2,FFTS,1788522393677968.900	,0,NPU:2
2,FFTS,1788522393777954.940	,0,NPU:2
2,FFTS,1788522393877942.990	,0,NPU:2
2,FFTS,1788522393977961.280	,0,NPU:2
2,FFTS,1788522394078013.090	,0,NPU:2
2,FFTS,1788522394177974.520	,0,NPU:2
2,FFTS,1788522394277964.210	,0,NPU:2
2,FFTS,1788522394377950.280	,0,NPU:2
2,FFTS,1788522394477952.390	,0,NPU:2
2,FFTS,1788522394578016.640	,0,NPU:2
2,FFTS,1788522394677977.300	,0,NPU:2
2,FFTS,1788522394777969.400	,0,NPU:2
2,FFTS,1788522394877962.180	,0,NPU:2
2,FFTS,1788522394977965.600	,0,NPU:2
2,FFTS,1788522395078008.720	,0,NPU:2
2,FFTS,1788522395177977.430	,0,NPU:2
2,FFTS,1788522395277957.970	,0,NPU:2
2,FFTS,1788522395377930.270	,0,NPU:2
2,FFTS,1788522395477921.620	,0,NPU:2
2,FFTS,1788522395577936.500	,0,NPU:2
2,FFTS,1788522395678003.450	,0,NPU:2
2,FFTS,1788522395777928.150	,0,NPU:2
2,FFTS,1788522395877927.960	,0,NPU:2
2,FFTS,1788522395977921.590	,0,NPU:2
2,FFTS,1788522396077916.940	,0,NPU:2
2,FFTS,1788522396177923.490	,0,NPU:2
2,FFTS,1788522396277996.560	,0,NPU:2
2,FFTS,1788522396377924.140	,0,NPU:2
2,FFTS,1788522396477922.640	,0,NPU:2
2,FFTS,1788522396577981.300	,0,NPU:2
2,FFTS,1788522396677932.570	,0,NPU:2
2,FFTS,1788522396777925.720	,0,NPU:2
2,FFTS,1788522396877997.210	,0,NPU:2
2,FFTS,1788522396977942.920	,0,NPU:2
2,FFTS,1788522397077970.710	,0,NPU:2
2,FFTS,1788522397177936.970	,0,NPU:2
2,FFTS,1788522397277933.350	,0,NPU:2
2,FFTS,1788522397377993.820	,0,NPU:2
2,FFTS,1788522397477951.390	,0,NPU:2
2,FFTS,1788522397577956.900	,0,NPU:2
2,FFTS,1788522397677924.020	,0,NPU:2
2,FFTS,1788522397777934.420	,0,NPU:2
2,FFTS,1788522397877963.890	,0,NPU:2
2,FFTS,1788522397977969.880	,0,NPU:2
2,FFTS,1788522398077954.400	,0,NPU:2
2,FFTS,1788522398177927.840	,0,NPU:2
2,FFTS,1788522398277921.670	,0,NPU:2
2,FFTS,1788522398377958.450	,0,NPU:2
2,FFTS,1788522398477974.110	,0,NPU:2
2,FFTS,1788522398577953.640	,0,NPU:2
2,FFTS,1788522398677911.610	,0,NPU:2
2,FFTS,1788522398777930.720	,0,NPU:2
2,FFTS,1788522398877925.070	,0,NPU:2
2,FFTS,1788522398978009.620	,0,NPU:2
2,FFTS,1788522399077942.860	,0,NPU:2
2,FFTS,1788522399177944.700	,0,NPU:2
2,FFTS,1788522399277916.870	,0,NPU:2
2,FFTS,1788522399377916.990	,0,NPU:2
2,FFTS,1788522399477993.320	,0,NPU:2
2,FFTS,1788522399577921.240	,0,NPU:2
2,FFTS,1788522399677921.770	,0,NPU:2
2,FFTS,1788522399777919.970	,0,NPU:2
2,FFTS,1788522399877912.580	,0,NPU:2
2,FFTS,1788522399977983.870	,0,NPU:2
2,FFTS,1788522400077927.200	,0,NPU:2
2,FFTS,1788522400177927.440	,0,NPU:2
2,FFTS,1788522400277926.000	,0,NPU:2
2,FFTS,1788522400377927.760	,0,NPU:2
2,FFTS,1788522400477988.310	,0,NPU:2
2,FFTS,1788522400577934.210	,0,NPU:2
2,FFTS,1788522400677909.290	,0,NPU:2
2,FFTS,1788522400777918.620	,0,NPU:2
2,FFTS,1788522400877909.760	,0,NPU:2
2,FFTS,1788522400977969.760	,0,NPU:2
2,FFTS,1788522401077942.050	,0,NPU:2
2,FFTS,1788522401177920.180	,0,NPU:2
2,FFTS,1788522401277910.480	,0,NPU:2
2,FFTS,1788522401377925.770	,0,NPU:2
2,FFTS,1788522401477900.310	,0,NPU:2
2,FFTS,1788522401577954.960	,0,NPU:2
2,FFTS,1788522401677921.360	,0,NPU:2
2,FFTS,1788522401777916.770	,0,NPU:2
2,FFTS,1788522401877925.470	,0,NPU:2
2,FFTS,1788522401977916.920	,0,NPU:2
2,FFTS,1788522402077974.830	,0,NPU:2
2,FFTS,1788522402177902.680	,0,NPU:2
2,FFTS,1788522402277918.870	,0,NPU:2
2,FFTS,1788522402377922.760	,0,NPU:2
2,FFTS,1788522402477903.590	,0,NPU:2
2,FFTS,1788522402577942.340	,0,NPU:2
2,FFTS,1788522402677919.030	,0,NPU:2
2,FFTS,1788522402777911.780	,0,NPU:2
2,FFTS,1788522402877922.630	,0,NPU:2
2,FFTS,1788522402977905.570	,0,NPU:2
2,FFTS,1788522403077934.900	,0,NPU:2
2,FFTS,1788522403177942.120	,0,NPU:2
2,FFTS,1788522403277908.370	,0,NPU:2
2,FFTS,1788522403377927.360	,0,NPU:2
2,FFTS,1788522403477900.620	,0,NPU:2
2,FFTS,1788522403577899.530	,0,NPU:2
2,FFTS,1788522403677942.630	,0,NPU:2
2,FFTS,1788522403777925.020	,0,NPU:2
2,FFTS,1788522403877912.590	,0,NPU:2
2,FFTS,1788522403977901.400	,0,NPU:2
2,FFTS,1788522404077891.260	,0,NPU:2
2,FFTS,1788522404177954.260	,0,NPU:2
2,FFTS,1788522404277915.290	,0,NPU:2
2,FFTS,1788522404377906.970	,0,NPU:2
2,FFTS,1788522404477897.920	,0,NPU:2
2,FFTS,1788522404577890.250	,0,NPU:2
2,FFTS,1788522404677934.570	,0,NPU:2
2,FFTS,1788522404777930.310	,0,NPU:2
2,FFTS,1788522404877897.690	,0,NPU:2
2,FFTS,1788522404977898.970	,0,NPU:2
2,FFTS,1788522405077895.540	,0,NPU:2
2,FFTS,1788522405177902.050	,0,NPU:2
2,FFTS,1788522405277949.200	,0,NPU:2
2,FFTS,1788522405377893.890	,0,NPU:2
2,FFTS,1788522405477907.290	,0,NPU:2
2,FFTS,1788522405577893.850	,0,NPU:2
2,FFTS,1788522405677886.100	,0,NPU:2
2,FFTS,1788522405777954.290	,0,NPU:2
2,FFTS,1788522405877885.890	,0,NPU:2
2,FFTS,1788522405977898.270	,0,NPU:2
2,FFTS,1788522406077889.750	,0,NPU:2
2,FFTS,1788522406177915.880	,0,NPU:2
2,FFTS,1788522406277936.440	,0,NPU:2
2,FFTS,1788522406377897.670	,0,NPU:2
2,FFTS,1788522406477888.140	,0,NPU:2
2,FFTS,1788522406577897.320	,0,NPU:2
2,FFTS,1788522406677907.770	,0,NPU:2
2,FFTS,1788522406777934.210	,0,NPU:2
2,FFTS,1788522406877907.300	,0,NPU:2
2,FFTS,1788522406977909.710	,0,NPU:2
2,FFTS,1788522407077929.020	,0,NPU:2
2,FFTS,1788522407177909.460	,0,NPU:2
2,FFTS,1788522407277917.990	,0,NPU:2
2,FFTS,1788522407377925.380	,0,NPU:2
2,FFTS,1788522407477894.670	,0,NPU:2
2,FFTS,1788522407577895.450	,0,NPU:2
2,FFTS,1788522407677906.380	,0,NPU:2
2,FFTS,1788522407777884.020	,0,NPU:2
2,FFTS,1788522407877934.230	,0,NPU:2
2,FFTS,1788522407977893.050	,0,NPU:2
2,FFTS,1788522408077898.630	,0,NPU:2
2,FFTS,1788522408177899.180	,0,NPU:2
2,FFTS,1788522408277883.110	,0,NPU:2
2,FFTS,1788522408377926.070	,0,NPU:2
2,FFTS,1788522408477888.490	,0,NPU:2
2,FFTS,1788522408577895.200	,0,NPU:2
2,FFTS,1788522408677906.390	,0,NPU:2
2,FFTS,1788522408777886.940	,0,NPU:2
2,FFTS,1788522408877899.720	,0,NPU:2
2,FFTS,1788522408977919.030	,0,NPU:2
2,FFTS,1788522409077900.950	,0,NPU:2
2,FFTS,1788522409177920.590	,0,NPU:2
2,FFTS,1788522409277903.090	,0,NPU:2
2,FFTS,1788522409377939.190	,0,NPU:2
2,FFTS,1788522409477940.020	,0,NPU:2
2,FFTS,1788522409577925.070	,0,NPU:2
2,FFTS,1788522409677913.390	,0,NPU:2
2,FFTS,1788522409778505.600	,0,NPU:2
2,FFTS,1788522409877880.650	,0,NPU:2
2,FFTS,1788522409884448.780	,0,NPU:2
2,OP,1788522391078023.490	,0,NPU:2
2,OP,1788522391177937.070	,0,NPU:2
2,OP,1788522391277935.640	,0,NPU:2
2,OP,1788522391377927.650	,0,NPU:2
2,OP,1788522391477926.110	,0,NPU:2
2,OP,1788522391577931.290	,0,NPU:2
2,OP,1788522391677920.690	,0,NPU:2
2,OP,1788522391777924.450	,0,NPU:2
2,OP,1788522391877922.070	,0,NPU:2
2,OP,1788522391977925.940	,0,NPU:2
2,OP,1788522392077937.630	,0,NPU:2
2,OP,1788522392177916.260	,0,NPU:2
2,OP,1788522392277917.700	,0,NPU:2
2,OP,1788522392377914.280	,0,NPU:2
2,OP,1788522392477913.470	,0,NPU:2
2,OP,1788522392577913.330	,0,NPU:2
2,OP,1788522392677914.200	,0,NPU:2
2,OP,1788522392777911.600	,0,NPU:2
2,OP,1788522392877912.410	,0,NPU:2
2,OP,1788522392978016.170	,0,NPU:2
2,OP,1788522393077977.060	,0,NPU:2
2,OP,1788522393177974.590	,0,NPU:2
2,OP,1788522393277964.030	,0,NPU:2
2,OP,1788522393377945.550	,0,NPU:2
2,OP,1788522393477976.680	,0,NPU:2
2,OP,1788522393577984.080	,0,NPU:2
2,OP,1788522393677968.900	,0,NPU:2
2,OP,1788522393777954.940	,0,NPU:2
2,OP,1788522393877942.990	,0,NPU:2
2,OP,1788522393977961.280	,0,NPU:2
2,OP,1788522394078013.090	,0,NPU:2
2,OP,1788522394177974.520	,0,NPU:2
2,OP,1788522394277964.210	,0,NPU:2
2,OP,1788522394377950.280	,0,NPU:2
2,OP,1788522394477952.390	,0,NPU:2
2,OP,1788522394578016.640	,0,NPU:2
2,OP,1788522394677977.300	,0,NPU:2
2,OP,1788522394777969.400	,0,NPU:2
2,OP,1788522394877962.180	,0,NPU:2
2,OP,1788522394977965.600	,0,NPU:2
2,OP,1788522395078008.720	,0,NPU:2
2,OP,1788522395177977.430	,0,NPU:2
2,OP,1788522395277957.970	,0,NPU:2
2,OP,1788522395377930.270	,0,NPU:2
2,OP,1788522395477921.620	,0,NPU:2
2,OP,1788522395577936.500	,0,NPU:2
2,OP,1788522395678003.450	,0,NPU:2
2,OP,1788522395777928.150	,0,NPU:2
2,OP,1788522395877927.960	,0,NPU:2
2,OP,1788522395977921.590	,0,NPU:2
2,OP,1788522396077916.940	,0,NPU:2
2,OP,1788522396177923.490	,0,NPU:2
2,OP,1788522396277996.560	,0,NPU:2
2,OP,1788522396377924.140	,0,NPU:2
2,OP,1788522396477922.640	,0,NPU:2
2,OP,1788522396577981.300	,0,NPU:2
2,OP,1788522396677932.570	,0,NPU:2
2,OP,1788522396777925.720	,0,NPU:2
2,OP,1788522396877997.210	,0,NPU:2
2,OP,1788522396977942.920	,0,NPU:2
2,OP,1788522397077970.710	,0,NPU:2
2,OP,1788522397177936.970	,0,NPU:2
2,OP,1788522397277933.350	,0,NPU:2
2,OP,1788522397377993.820	,0,NPU:2
2,OP,1788522397477951.390	,0,NPU:2
2,OP,1788522397577956.900	,0,NPU:2
2,OP,1788522397677924.020	,0,NPU:2
2,OP,1788522397777934.420	,0,NPU:2
2,OP,1788522397877963.890	,0,NPU:2
2,OP,1788522397977969.880	,0,NPU:2
2,OP,1788522398077954.400	,0,NPU:2
2,OP,1788522398177927.840	,0,NPU:2
2,OP,1788522398277921.670	,0,NPU:2
2,OP,1788522398377958.450	,0,NPU:2
2,OP,1788522398477974.110	,0,NPU:2
2,OP,1788522398577953.640	,0,NPU:2
2,OP,1788522398677911.610	,0,NPU:2
2,OP,1788522398777930.720	,0,NPU:2
2,OP,1788522398877925.070	,0,NPU:2
2,OP,1788522398978009.620	,0,NPU:2
2,OP,1788522399077942.860	,0,NPU:2
2,OP,1788522399177944.700	,0,NPU:2
2,OP,1788522399277916.870	,0,NPU:2
2,OP,1788522399377916.990	,0,NPU:2
2,OP,1788522399477993.320	,0,NPU:2
2,OP,1788522399577921.240	,0,NPU:2
2,OP,1788522399677921.770	,0,NPU:2
2,OP,1788522399777919.970	,0,NPU:2
2,OP,1788522399877912.580	,0,NPU:2
2,OP,1788522399977983.870	,0,NPU:2
2,OP,1788522400077927.200	,0,NPU:2
2,OP,1788522400177927.440	,0,NPU:2
2,OP,1788522400277926.000	,0,NPU:2
2,OP,1788522400377927.760	,0,NPU:2
2,OP,1788522400477988.310	,0,NPU:2
2,OP,1788522400577934.210	,0,NPU:2
2,OP,1788522400677909.290	,0,NPU:2
2,OP,1788522400777918.620	,0,NPU:2
2,OP,1788522400877909.760	,0,NPU:2
2,OP,1788522400977969.760	,0,NPU:2
2,OP,1788522401077942.050	,0,NPU:2
2,OP,1788522401177920.180	,0,NPU:2
2,OP,1788522401277910.480	,0,NPU:2
2,OP,1788522401377925.770	,0,NPU:2
2,OP,1788522401477900.310	,0,NPU:2
2,OP,1788522401577954.960	,0,NPU:2
2,OP,1788522401677921.360	,0,NPU:2
2,OP,1788522401777916.770	,0,NPU:2
2,OP,1788522401877925.470	,0,NPU:2
2,OP,1788522401977916.920	,0,NPU:2
2,OP,1788522402077974.830	,0,NPU:2
2,OP,1788522402177902.680	,0,NPU:2
2,OP,1788522402277918.870	,0,NPU:2
2,OP,1788522402377922.760	,0,NPU:2
2,OP,1788522402477903.590	,0,NPU:2
2,OP,1788522402577942.340	,0,NPU:2
2,OP,1788522402677919.030	,0,NPU:2
2,OP,1788522402777911.780	,0,NPU:2
2,OP,1788522402877922.630	,0,NPU:2
2,OP,1788522402977905.570	,0,NPU:2
2,OP,1788522403077934.900	,0,NPU:2
2,OP,1788522403177942.120	,0,NPU:2
2,OP,1788522403277908.370	,0,NPU:2
2,OP,1788522403377927.360	,0,NPU:2
2,OP,1788522403477900.620	,0,NPU:2
2,OP,1788522403577899.530	,0,NPU:2
2,OP,1788522403677942.630	,0,NPU:2
2,OP,1788522403777925.020	,0,NPU:2
2,OP,1788522403877912.590	,0,NPU:2
2,OP,1788522403977901.400	,0,NPU:2
2,OP,1788522404077891.260	,0,NPU:2
2,OP,1788522404177954.260	,0,NPU:2
2,OP,1788522404277915.290	,0,NPU:2
2,OP,1788522404377906.970	,0,NPU:2
2,OP,1788522404477897.920	,0,NPU:2
2,OP,1788522404577890.250	,0,NPU:2
2,OP,1788522404677934.570	,0,NPU:2
2,OP,1788522404777930.310	,0,NPU:2
2,OP,1788522404877897.690	,0,NPU:2
2,OP,1788522404977898.970	,0,NPU:2
2,OP,1788522405077895.540	,0,NPU:2
2,OP,1788522405177902.050	,0,NPU:2
2,OP,1788522405277949.200	,0,NPU:2
2,OP,1788522405377893.890	,0,NPU:2
2,OP,1788522405477907.290	,0,NPU:2
2,OP,1788522405577893.850	,0,NPU:2
2,OP,1788522405677886.100	,0,NPU:2
2,OP,1788522405777954.290	,0,NPU:2
2,OP,1788522405877885.890	,0,NPU:2
2,OP,1788522405977898.270	,0,NPU:2
2,OP,1788522406077889.750	,0,NPU:2
2,OP,1788522406177915.880	,0,NPU:2
2,OP,1788522406277936.440	,0,NPU:2
2,OP,1788522406377897.670	,0,NPU:2
2,OP,1788522406477888.140	,0,NPU:2
2,OP,1788522406577897.320	,0,NPU:2
2,OP,1788522406677907.770	,0,NPU:2
2,OP,1788522406777934.210	,0,NPU:2
2,OP,1788522406877907.300	,0,NPU:2
2,OP,1788522406977909.710	,0,NPU:2
2,OP,1788522407077929.020	,0,NPU:2
2,OP,1788522407177909.460	,0,NPU:2
2,OP,1788522407277917.990	,0,NPU:2
2,OP,1788522407377925.380	,0,NPU:2
2,OP,1788522407477894.670	,0,NPU:2
2,OP,1788522407577895.450	,0,NPU:2
2,OP,1788522407677906.380	,0,NPU:2
2,OP,1788522407777884.020	,0,NPU:2
2,OP,1788522407877934.230	,0,NPU:2
2,OP,1788522407977893.050	,0,NPU:2
2,OP,1788522408077898.630	,0,NPU:2
2,OP,1788522408177899.180	,0,NPU:2
2,OP,1788522408277883.110	,0,NPU:2
2,OP,1788522408377926.070	,0,NPU:2
2,OP,1788522408477888.490	,0,NPU:2
2,OP,1788522408577895.200	,0,NPU:2
2,OP,1788522408677906.390	,0,NPU:2
2,OP,1788522408777886.940	,0,NPU:2
2,OP,1788522408877899.720	,0,NPU:2
2,OP,1788522408977919.030	,0,NPU:2
2,OP,1788522409077900.950	,0,NPU:2
2,OP,1788522409177920.590	,0,NPU:2
2,OP,1788522409277903.090	,0,NPU:2
2,OP,1788522409377939.190	,0,NPU:2
2,OP,1788522409477940.020	,0,NPU:2
2,OP,1788522409577925.070	,0,NPU:2
2,OP,1788522409677913.390	,0,NPU:2
2,OP,1788522409778505.600	,0,NPU:2
2,OP,1788522409877880.650	,0,NPU:2
2,OP,1788522409884448.780	,0,NPU:2
2,UDF,1788522391078023.490	,0,NPU:2
2,UDF,1788522391177937.070	,0,NPU:2
2,UDF,1788522391277935.640	,0,NPU:2
2,UDF,1788522391377927.650	,0,NPU:2
2,UDF,1788522391477926.110	,0,NPU:2
2,UDF,1788522391577931.290	,0,NPU:2
2,UDF,1788522391677920.690	,0,NPU:2
2,UDF,1788522391777924.450	,0,NPU:2
2,UDF,1788522391877922.070	,0,NPU:2
2,UDF,1788522391977925.940	,0,NPU:2
2,UDF,1788522392077937.630	,0,NPU:2
2,UDF,1788522392177916.260	,0,NPU:2
2,UDF,1788522392277917.700	,0,NPU:2
2,UDF,1788522392377914.280	,0,NPU:2
2,UDF,1788522392477913.470	,0,NPU:2
2,UDF,1788522392577913.330	,0,NPU:2
2,UDF,1788522392677914.200	,0,NPU:2
2,UDF,1788522392777911.600	,0,NPU:2
2,UDF,1788522392877912.410	,0,NPU:2
2,UDF,1788522392978016.170	,0,NPU:2
2,UDF,1788522393077977.060	,0,NPU:2
2,UDF,1788522393177974.590	,0,NPU:2
2,UDF,1788522393277964.030	,0,NPU:2
2,UDF,1788522393377945.550	,0,NPU:2
2,UDF,1788522393477976.680	,0,NPU:2
2,UDF,1788522393577984.080	,0,NPU:2
2,UDF,1788522393677968.900	,0,NPU:2
2,UDF,1788522393777954.940	,0,NPU:2
2,UDF,1788522393877942.990	,0,NPU:2
2,UDF,1788522393977961.280	,0,NPU:2
2,UDF,1788522394078013.090	,0,NPU:2
2,UDF,1788522394177974.520	,0,NPU:2
2,UDF,1788522394277964.210	,0,NPU:2
2,UDF,1788522394377950.280	,0,NPU:2
2,UDF,1788522394477952.390	,0,NPU:2
2,UDF,1788522394578016.640	,0,NPU:2
2,UDF,1788522394677977.300	,0,NPU:2
2,UDF,1788522394777969.400	,0,NPU:2
2,UDF,1788522394877962.180	,0,NPU:2
2,UDF,1788522394977965.600	,0,NPU:2
2,UDF,1788522395078008.720	,0,NPU:2
2,UDF,1788522395177977.430	,0,NPU:2
2,UDF,1788522395277957.970	,0,NPU:2
2,UDF,1788522395377930.270	,0,NPU:2
2,UDF,1788522395477921.620	,0,NPU:2
2,UDF,1788522395577936.500	,0,NPU:2
2,UDF,1788522395678003.450	,0,NPU:2
2,UDF,1788522395777928.150	,0,NPU:2
2,UDF,1788522395877927.960	,0,NPU:2
2,UDF,1788522395977921.590	,0,NPU:2
2,UDF,1788522396077916.940	,0,NPU:2
2,UDF,1788522396177923.490	,0,NPU:2
2,UDF,1788522396277996.560	,0,NPU:2
2,UDF,1788522396377924.140	,0,NPU:2
2,UDF,1788522396477922.640	,0,NPU:2
2,UDF,1788522396577981.300	,0,NPU:2
2,UDF,1788522396677932.570	,0,NPU:2
2,UDF,1788522396777925.720	,0,NPU:2
2,UDF,1788522396877997.210	,0,NPU:2
2,UDF,1788522396977942.920	,0,NPU:2
2,UDF,1788522397077970.710	,0,NPU:2
2,UDF,1788522397177936.970	,0,NPU:2
2,UDF,1788522397277933.350	,0,NPU:2
2,UDF,1788522397377993.820	,0,NPU:2
2,UDF,1788522397477951.390	,0,NPU:2
2,UDF,1788522397577956.900	,0,NPU:2
2,UDF,1788522397677924.020	,0,NPU:2
2,UDF,1788522397777934.420	,0,NPU:2
2,UDF,1788522397877963.890	,0,NPU:2
2,UDF,1788522397977969.880	,0,NPU:2
2,UDF,1788522398077954.400	,0,NPU:2
2,UDF,1788522398177927.840	,0,NPU:2
2,UDF,1788522398277921.670	,0,NPU:2
2,UDF,1788522398377958.450	,0,NPU:2
2,UDF,1788522398477974.110	,0,NPU:2
2,UDF,1788522398577953.640	,0,NPU:2
2,UDF,1788522398677911.610	,0,NPU:2
2,UDF,1788522398777930.720	,0,NPU:2
2,UDF,1788522398877925.070	,0,NPU:2
2,UDF,1788522398978009.620	,0,NPU:2
2,UDF,1788522399077942.860	,0,NPU:2
2,UDF,1788522399177944.700	,0,NPU:2
2,UDF,1788522399277916.870	,0,NPU:2
2,UDF,1788522399377916.990	,0,NPU:2
2,UDF,1788522399477993.320	,0,NPU:2
2,UDF,1788522399577921.240	,0,NPU:2
2,UDF,1788522399677921.770	,0,NPU:2
2,UDF,1788522399777919.970	,0,NPU:2
2,UDF,1788522399877912.580	,0,NPU:2
2,UDF,1788522399977983.870	,0,NPU:2
2,UDF,1788522400077927.200	,0,NPU:2
2,UDF,1788522400177927.440	,0,NPU:2
2,UDF,1788522400277926.000	,0,NPU:2
2,UDF,1788522400377927.760	,0,NPU:2
2,UDF,1788522400477988.310	,0,NPU:2
2,UDF,1788522400577934.210	,0,NPU:2
2,UDF,1788522400677909.290	,0,NPU:2
2,UDF,1788522400777918.620	,0,NPU:2
2,UDF,1788522400877909.760	,0,NPU:2
2,UDF,1788522400977969.760	,0,NPU:2
2,UDF,1788522401077942.050	,0,NPU:2
2,UDF,1788522401177920.180	,0,NPU:2
2,UDF,1788522401277910.480	,0,NPU:2
2,UDF,1788522401377925.770	,0,NPU:2
2,UDF,1788522401477900.310	,0,NPU:2
2,UDF,1788522401577954.960	,0,NPU:2
2,UDF,1788522401677921.360	,0,NPU:2
2,UDF,1788522401777916.770	,0,NPU:2
2,UDF,1788522401877925.470	,0,NPU:2
2,UDF,1788522401977916.920	,0,NPU:2
2,UDF,1788522402077974.830	,0,NPU:2
2,UDF,1788522402177902.680	,0,NPU:2
2,UDF,1788522402277918.870	,0,NPU:2
2,UDF,1788522402377922.760	,0,NPU:2
2,UDF,1788522402477903.590	,0,NPU:2
2,UDF,1788522402577942.340	,0,NPU:2
2,UDF,1788522402677919.030	,0,NPU:2
2,UDF,1788522402777911.780	,0,NPU:2
2,UDF,1788522402877922.630	,0,NPU:2
2,UDF,1788522402977905.570	,0,NPU:2
2,UDF,1788522403077934.900	,0,NPU:2
2,UDF,1788522403177942.120	,0,NPU:2
2,UDF,1788522403277908.370	,0,NPU:2
2,UDF,1788522403377927.360	,0,NPU:2
2,UDF,1788522403477900.620	,0,NPU:2
2,UDF,1788522403577899.530	,0,NPU:2
2,UDF,1788522403677942.630	,0,NPU:2
2,UDF,1788522403777925.020	,0,NPU:2
2,UDF,1788522403877912.590	,0,NPU:2
2,UDF,1788522403977901.400	,0,NPU:2
2,UDF,1788522404077891.260	,0,NPU:2
2,UDF,1788522404177954.260	,0,NPU:2
2,UDF,1788522404277915.290	,0,NPU:2
2,UDF,1788522404377906.970	,0,NPU:2
2,UDF,1788522404477897.920	,0,NPU:2
2,UDF,1788522404577890.250	,0,NPU:2
2,UDF,1788522404677934.570	,0,NPU:2
2,UDF,1788522404777930.310	,0,NPU:2
2,UDF,1788522404877897.690	,0,NPU:2
2,UDF,1788522404977898.970	,0,NPU:2
2,UDF,1788522405077895.540	,0,NPU:2
2,UDF,1788522405177902.050	,0,NPU:2
2,UDF,1788522405277949.200	,0,NPU:2
2,UDF,1788522405377893.890	,0,NPU:2
2,UDF,1788522405477907.290	,0,NPU:2
2,UDF,1788522405577893.850	,0,NPU:2
2,UDF,1788522405677886.100	,0,NPU:2
2,UDF,1788522405777954.290	,0,NPU:2
2,UDF,1788522405877885.890	,0,NPU:2
2,UDF,1788522405977898.270	,0,NPU:2
2,UDF,1788522406077889.750	,0,NPU:2
2,UDF,1788522406177915.880	,0,NPU:2
2,UDF,1788522406277936.440	,0,NPU:2
2,UDF,1788522406377897.670	,0,NPU:2
2,UDF,1788522406477888.140	,0,NPU:2
2,UDF,1788522406577897.320	,0,NPU:2
2,UDF,1788522406677907.770	,0,NPU:2
2,UDF,1788522406777934.210	,0,NPU:2
2,UDF,1788522406877907.300	,0,NPU:2
2,UDF,1788522406977909.710	,0,NPU:2
2,UDF,1788522407077929.020	,0,NPU:2
2,UDF,1788522407177909.460	,0,NPU:2
2,UDF,1788522407277917.990	,0,NPU:2
2,UDF,1788522407377925.380	,0,NPU:2
2,UDF,1788522407477894.670	,0,NPU:2
2,UDF,1788522407577895.450	,0,NPU:2
2,UDF,1788522407677906.380	,0,NPU:2
2,UDF,1788522407777884.020	,0,NPU:2
2,UDF,1788522407877934.230	,0,NPU:2
2,UDF,1788522407977893.050	,0,NPU:2
2,UDF,1788522408077898.630	,0,NPU:2
2,UDF,1788522408177899.180	,0,NPU:2
2,UDF,1788522408277883.110	,0,NPU:2
2,UDF,1788522408377926.070	,0,NPU:2
2,UDF,1788522408477888.490	,0,NPU:2
2,UDF,1788522408577895.200	,0,NPU:2
2,UDF,1788522408677906.390	,0,NPU:2
2,UDF,1788522408777886.940	,0,NPU:2
2,UDF,1788522408877899.720	,0,NPU:2
2,UDF,1788522408977919.030	,0,NPU:2
2,UDF,1788522409077900.950	,0,NPU:2
2,UDF,1788522409177920.590	,0,NPU:2
2,UDF,1788522409277903.090	,0,NPU:2
2,UDF,1788522409377939.190	,0,NPU:2
2,UDF,1788522409477940.020	,0,NPU:2
2,UDF,1788522409577925.070	,0,NPU:2
2,UDF,1788522409677913.390	,0,NPU:2
2,UDF,1788522409778505.600	,0,NPU:2
2,UDF,1788522409877880.650	,0,NPU:2
2,UDF,1788522409884448.780	,0,NPU:2
2,HICAID,1788522391078023.490	,0,NPU:2
2,HICAID,1788522391177937.070	,0,NPU:2
2,HICAID,1788522391277935.640	,0,NPU:2
2,HICAID,1788522391377927.650	,0,NPU:2
2,HICAID,1788522391477926.110	,0,NPU:2
2,HICAID,1788522391577931.290	,0,NPU:2
2,HICAID,1788522391677920.690	,0,NPU:2
2,HICAID,1788522391777924.450	,0,NPU:2
2,HICAID,1788522391877922.070	,0,NPU:2
2,HICAID,1788522391977925.940	,0,NPU:2
2,HICAID,1788522392077937.630	,0,NPU:2
2,HICAID,1788522392177916.260	,0,NPU:2
2,HICAID,1788522392277917.700	,0,NPU:2
2,HICAID,1788522392377914.280	,0,NPU:2
2,HICAID,1788522392477913.470	,0,NPU:2
2,HICAID,1788522392577913.330	,0,NPU:2
2,HICAID,1788522392677914.200	,0,NPU:2
2,HICAID,1788522392777911.600	,0,NPU:2
2,HICAID,1788522392877912.410	,0,NPU:2
2,HICAID,1788522392978016.170	,0,NPU:2
2,HICAID,1788522393077977.060	,0,NPU:2
2,HICAID,1788522393177974.590	,0,NPU:2
2,HICAID,1788522393277964.030	,0,NPU:2
2,HICAID,1788522393377945.550	,0,NPU:2
2,HICAID,1788522393477976.680	,0,NPU:2
2,HICAID,1788522393577984.080	,0,NPU:2
2,HICAID,1788522393677968.900	,0,NPU:2
2,HICAID,1788522393777954.940	,0,NPU:2
2,HICAID,1788522393877942.990	,0,NPU:2
2,HICAID,1788522393977961.280	,0,NPU:2
2,HICAID,1788522394078013.090	,0,NPU:2
2,HICAID,1788522394177974.520	,0,NPU:2
2,HICAID,1788522394277964.210	,0,NPU:2
2,HICAID,1788522394377950.280	,0,NPU:2
2,HICAID,1788522394477952.390	,0,NPU:2
2,HICAID,1788522394578016.640	,0,NPU:2
2,HICAID,1788522394677977.300	,0,NPU:2
2,HICAID,1788522394777969.400	,0,NPU:2
2,HICAID,1788522394877962.180	,0,NPU:2
2,HICAID,1788522394977965.600	,0,NPU:2
2,HICAID,1788522395078008.720	,0,NPU:2
2,HICAID,1788522395177977.430	,0,NPU:2
2,HICAID,1788522395277957.970	,0,NPU:2
2,HICAID,1788522395377930.270	,0,NPU:2
2,HICAID,1788522395477921.620	,0,NPU:2
2,HICAID,1788522395577936.500	,0,NPU:2
2,HICAID,1788522395678003.450	,0,NPU:2
2,HICAID,1788522395777928.150	,0,NPU:2
2,HICAID,1788522395877927.960	,0,NPU:2
2,HICAID,1788522395977921.590	,0,NPU:2
2,HICAID,1788522396077916.940	,0,NPU:2
2,HICAID,1788522396177923.490	,0,NPU:2
2,HICAID,1788522396277996.560	,0,NPU:2
2,HICAID,1788522396377924.140	,0,NPU:2
2,HICAID,1788522396477922.640	,0,NPU:2
2,HICAID,1788522396577981.300	,0,NPU:2
2,HICAID,1788522396677932.570	,0,NPU:2
2,HICAID,1788522396777925.720	,0,NPU:2
2,HICAID,1788522396877997.210	,0,NPU:2
2,HICAID,1788522396977942.920	,0,NPU:2
2,HICAID,1788522397077970.710	,0,NPU:2
2,HICAID,1788522397177936.970	,0,NPU:2
2,HICAID,1788522397277933.350	,0,NPU:2
2,HICAID,1788522397377993.820	,0,NPU:2
2,HICAID,1788522397477951.390	,0,NPU:2
2,HICAID,1788522397577956.900	,0,NPU:2
2,HICAID,1788522397677924.020	,0,NPU:2
2,HICAID,1788522397777934.420	,0,NPU:2
2,HICAID,1788522397877963.890	,0,NPU:2
2,HICAID,1788522397977969.880	,0,NPU:2
2,HICAID,1788522398077954.400	,0,NPU:2
2,HICAID,1788522398177927.840	,0,NPU:2
2,HICAID,1788522398277921.670	,0,NPU:2
2,HICAID,1788522398377958.450	,0,NPU:2
2,HICAID,1788522398477974.110	,0,NPU:2
2,HICAID,1788522398577953.640	,0,NPU:2
2,HICAID,1788522398677911.610	,0,NPU:2
2,HICAID,1788522398777930.720	,0,NPU:2
2,HICAID,1788522398877925.070	,0,NPU:2
2,HICAID,1788522398978009.620	,0,NPU:2
2,HICAID,1788522399077942.860	,0,NPU:2
2,HICAID,1788522399177944.700	,0,NPU:2
2,HICAID,1788522399277916.870	,0,NPU:2
2,HICAID,1788522399377916.990	,0,NPU:2
2,HICAID,1788522399477993.320	,0,NPU:2
2,HICAID,1788522399577921.240	,0,NPU:2
2,HICAID,1788522399677921.770	,0,NPU:2
2,HICAID,1788522399777919.970	,0,NPU:2
2,HICAID,1788522399877912.580	,0,NPU:2
2,HICAID,1788522399977983.870	,0,NPU:2
2,HICAID,1788522400077927.200	,0,NPU:2
2,HICAID,1788522400177927.440	,0,NPU:2
2,HICAID,1788522400277926.000	,0,NPU:2
2,HICAID,1788522400377927.760	,0,NPU:2
2,HICAID,1788522400477988.310	,0,NPU:2
2,HICAID,1788522400577934.210	,0,NPU:2
2,HICAID,1788522400677909.290	,0,NPU:2
2,HICAID,1788522400777918.620	,0,NPU:2
2,HICAID,1788522400877909.760	,0,NPU:2
2,HICAID,1788522400977969.760	,0,NPU:2
2,HICAID,1788522401077942.050	,0,NPU:2
2,HICAID,1788522401177920.180	,0,NPU:2
2,HICAID,1788522401277910.480	,0,NPU:2
2,HICAID,1788522401377925.770	,0,NPU:2
2,HICAID,1788522401477900.310	,0,NPU:2
2,HICAID,1788522401577954.960	,0,NPU:2
2,HICAID,1788522401677921.360	,0,NPU:2
2,HICAID,1788522401777916.770	,0,NPU:2
2,HICAID,1788522401877925.470	,0,NPU:2
2,HICAID,1788522401977916.920	,0,NPU:2
2,HICAID,1788522402077974.830	,0,NPU:2
2,HICAID,1788522402177902.680	,0,NPU:2
2,HICAID,1788522402277918.870	,0,NPU:2
2,HICAID,1788522402377922.760	,0,NPU:2
2,HICAID,1788522402477903.590	,0,NPU:2
2,HICAID,1788522402577942.340	,0,NPU:2
2,HICAID,1788522402677919.030	,0,NPU:2
2,HICAID,1788522402777911.780	,0,NPU:2
2,HICAID,1788522402877922.630	,0,NPU:2
2,HICAID,1788522402977905.570	,0,NPU:2
2,HICAID,1788522403077934.900	,0,NPU:2
2,HICAID,1788522403177942.120	,0,NPU:2
2,HICAID,1788522403277908.370	,0,NPU:2
2,HICAID,1788522403377927.360	,0,NPU:2
2,HICAID,1788522403477900.620	,0,NPU:2
2,HICAID,1788522403577899.530	,0,NPU:2
2,HICAID,1788522403677942.630	,0,NPU:2
2,HICAID,1788522403777925.020	,0,NPU:2
2,HICAID,1788522403877912.590	,0,NPU:2
2,HICAID,1788522403977901.400	,0,NPU:2
2,HICAID,1788522404077891.260	,0,NPU:2
2,HICAID,1788522404177954.260	,0,NPU:2
2,HICAID,1788522404277915.290	,0,NPU:2
2,HICAID,1788522404377906.970	,0,NPU:2
2,HICAID,1788522404477897.920	,0,NPU:2
2,HICAID,1788522404577890.250	,0,NPU:2
2,HICAID,1788522404677934.570	,0,NPU:2
2,HICAID,1788522404777930.310	,0,NPU:2
2,HICAID,1788522404877897.690	,0,NPU:2
2,HICAID,1788522404977898.970	,0,NPU:2
2,HICAID,1788522405077895.540	,0,NPU:2
2,HICAID,1788522405177902.050	,0,NPU:2
2,HICAID,1788522405277949.200	,0,NPU:2
2,HICAID,1788522405377893.890	,0,NPU:2
2,HICAID,1788522405477907.290	,0,NPU:2
2,HICAID,1788522405577893.850	,0,NPU:2
2,HICAID,1788522405677886.100	,0,NPU:2
2,HICAID,1788522405777954.290	,0,NPU:2
2,HICAID,1788522405877885.890	,0,NPU:2
2,HICAID,1788522405977898.270	,0,NPU:2
2,HICAID,1788522406077889.750	,0,NPU:2
2,HICAID,1788522406177915.880	,0,NPU:2
2,HICAID,1788522406277936.440	,0,NPU:2
2,HICAID,1788522406377897.670	,0,NPU:2
2,HICAID,1788522406477888.140	,0,NPU:2
2,HICAID,1788522406577897.320	,0,NPU:2
2,HICAID,1788522406677907.770	,0,NPU:2
2,HICAID,1788522406777934.210	,0,NPU:2
2,HICAID,1788522406877907.300	,0,NPU:2
2,HICAID,1788522406977909.710	,0,NPU:2
2,HICAID,1788522407077929.020	,0,NPU:2
2,HICAID,1788522407177909.460	,0,NPU:2
2,HICAID,1788522407277917.990	,0,NPU:2
2,HICAID,1788522407377925.380	,0,NPU:2
2,HICAID,1788522407477894.670	,0,NPU:2
2,HICAID,1788522407577895.450	,0,NPU:2
2,HICAID,1788522407677906.380	,0,NPU:2
2,HICAID,1788522407777884.020	,0,NPU:2
2,HICAID,1788522407877934.230	,0,NPU:2
2,HICAID,1788522407977893.050	,0,NPU:2
2,HICAID,1788522408077898.630	,0,NPU:2
2,HICAID,1788522408177899.180	,0,NPU:2
2,HICAID,1788522408277883.110	,0,NPU:2
2,HICAID,1788522408377926.070	,0,NPU:2
2,HICAID,1788522408477888.490	,0,NPU:2
2,HICAID,1788522408577895.200	,0,NPU:2
2,HICAID,1788522408677906.390	,0,NPU:2
2,HICAID,1788522408777886.940	,0,NPU:2
2,HICAID,1788522408877899.720	,0,NPU:2
2,HICAID,1788522408977919.030	,0,NPU:2
2,HICAID,1788522409077900.950	,0,NPU:2
2,HICAID,1788522409177920.590	,0,NPU:2
2,HICAID,1788522409277903.090	,0,NPU:2
2,HICAID,1788522409377939.190	,0,NPU:2
2,HICAID,1788522409477940.020	,0,NPU:2
2,HICAID,1788522409577925.070	,0,NPU:2
2,HICAID,1788522409677913.390	,0,NPU:2
2,HICAID,1788522409778505.600	,0,NPU:2
2,HICAID,1788522409877880.650	,0,NPU:2
2,HICAID,1788522409884448.780	,0,NPU:2
2,TSYNC,1788522391078023.490	,0,NPU:2
2,TSYNC,1788522391177937.070	,0,NPU:2
2,TSYNC,1788522391277935.640	,0,NPU:2
2,TSYNC,1788522391377927.650	,0,NPU:2
2,TSYNC,1788522391477926.110	,0,NPU:2
2,TSYNC,1788522391577931.290	,0,NPU:2
2,TSYNC,1788522391677920.690	,0,NPU:2
2,TSYNC,1788522391777924.450	,0,NPU:2
2,TSYNC,1788522391877922.070	,0,NPU:2
2,TSYNC,1788522391977925.940	,0,NPU:2
2,TSYNC,1788522392077937.630	,0,NPU:2
2,TSYNC,1788522392177916.260	,0,NPU:2
2,TSYNC,1788522392277917.700	,0,NPU:2
2,TSYNC,1788522392377914.280	,0,NPU:2
2,TSYNC,1788522392477913.470	,0,NPU:2
2,TSYNC,1788522392577913.330	,0,NPU:2
2,TSYNC,1788522392677914.200	,0,NPU:2
2,TSYNC,1788522392777911.600	,0,NPU:2
2,TSYNC,1788522392877912.410	,0,NPU:2
2,TSYNC,1788522392978016.170	,0,NPU:2
2,TSYNC,1788522393077977.060	,0,NPU:2
2,TSYNC,1788522393177974.590	,0,NPU:2
2,TSYNC,1788522393277964.030	,0,NPU:2
2,TSYNC,1788522393377945.550	,0,NPU:2
2,TSYNC,1788522393477976.680	,0,NPU:2
2,TSYNC,1788522393577984.080	,0,NPU:2
2,TSYNC,1788522393677968.900	,0,NPU:2
2,TSYNC,1788522393777954.940	,0,NPU:2
2,TSYNC,1788522393877942.990	,0,NPU:2
2,TSYNC,1788522393977961.280	,0,NPU:2
2,TSYNC,1788522394078013.090	,0,NPU:2
2,TSYNC,1788522394177974.520	,0,NPU:2
2,TSYNC,1788522394277964.210	,0,NPU:2
2,TSYNC,1788522394377950.280	,0,NPU:2
2,TSYNC,1788522394477952.390	,0,NPU:2
2,TSYNC,1788522394578016.640	,0,NPU:2
2,TSYNC,1788522394677977.300	,0,NPU:2
2,TSYNC,1788522394777969.400	,0,NPU:2
2,TSYNC,1788522394877962.180	,0,NPU:2
2,TSYNC,1788522394977965.600	,0,NPU:2
2,TSYNC,1788522395078008.720	,0,NPU:2
2,TSYNC,1788522395177977.430	,0,NPU:2
2,TSYNC,1788522395277957.970	,0,NPU:2
2,TSYNC,1788522395377930.270	,0,NPU:2
2,TSYNC,1788522395477921.620	,0,NPU:2
2,TSYNC,1788522395577936.500	,0,NPU:2
2,TSYNC,1788522395678003.450	,0,NPU:2
2,TSYNC,1788522395777928.150	,0,NPU:2
2,TSYNC,1788522395877927.960	,0,NPU:2
2,TSYNC,1788522395977921.590	,0,NPU:2
2,TSYNC,1788522396077916.940	,0,NPU:2
2,TSYNC,1788522396177923.490	,0,NPU:2
2,TSYNC,1788522396277996.560	,0,NPU:2
2,TSYNC,1788522396377924.140	,0,NPU:2
2,TSYNC,1788522396477922.640	,0,NPU:2
2,TSYNC,1788522396577981.300	,0,NPU:2
2,TSYNC,1788522396677932.570	,0,NPU:2
2,TSYNC,1788522396777925.720	,0,NPU:2
2,TSYNC,1788522396877997.210	,0,NPU:2
2,TSYNC,1788522396977942.920	,0,NPU:2
2,TSYNC,1788522397077970.710	,0,NPU:2
2,TSYNC,1788522397177936.970	,0,NPU:2
2,TSYNC,1788522397277933.350	,0,NPU:2
2,TSYNC,1788522397377993.820	,0,NPU:2
2,TSYNC,1788522397477951.390	,0,NPU:2
2,TSYNC,1788522397577956.900	,0,NPU:2
2,TSYNC,1788522397677924.020	,0,NPU:2
2,TSYNC,1788522397777934.420	,0,NPU:2
2,TSYNC,1788522397877963.890	,0,NPU:2
2,TSYNC,1788522397977969.880	,0,NPU:2
2,TSYNC,1788522398077954.400	,0,NPU:2
2,TSYNC,1788522398177927.840	,0,NPU:2
2,TSYNC,1788522398277921.670	,0,NPU:2
2,TSYNC,1788522398377958.450	,0,NPU:2
2,TSYNC,1788522398477974.110	,0,NPU:2
2,TSYNC,1788522398577953.640	,0,NPU:2
2,TSYNC,1788522398677911.610	,0,NPU:2
2,TSYNC,1788522398777930.720	,0,NPU:2
2,TSYNC,1788522398877925.070	,0,NPU:2
2,TSYNC,1788522398978009.620	,0,NPU:2
2,TSYNC,1788522399077942.860	,0,NPU:2
2,TSYNC,1788522399177944.700	,0,NPU:2
2,TSYNC,1788522399277916.870	,0,NPU:2
2,TSYNC,1788522399377916.990	,0,NPU:2
2,TSYNC,1788522399477993.320	,0,NPU:2
2,TSYNC,1788522399577921.240	,0,NPU:2
2,TSYNC,1788522399677921.770	,0,NPU:2
2,TSYNC,1788522399777919.970	,0,NPU:2
2,TSYNC,1788522399877912.580	,0,NPU:2
2,TSYNC,1788522399977983.870	,0,NPU:2
2,TSYNC,1788522400077927.200	,0,NPU:2
2,TSYNC,1788522400177927.440	,0,NPU:2
2,TSYNC,1788522400277926.000	,0,NPU:2
2,TSYNC,1788522400377927.760	,0,NPU:2
2,TSYNC,1788522400477988.310	,0,NPU:2
2,TSYNC,1788522400577934.210	,0,NPU:2
2,TSYNC,1788522400677909.290	,0,NPU:2
2,TSYNC,1788522400777918.620	,0,NPU:2
2,TSYNC,1788522400877909.760	,0,NPU:2
2,TSYNC,1788522400977969.760	,0,NPU:2
2,TSYNC,1788522401077942.050	,0,NPU:2
2,TSYNC,1788522401177920.180	,0,NPU:2
2,TSYNC,1788522401277910.480	,0,NPU:2
2,TSYNC,1788522401377925.770	,0,NPU:2
2,TSYNC,1788522401477900.310	,0,NPU:2
2,TSYNC,1788522401577954.960	,0,NPU:2
2,TSYNC,1788522401677921.360	,0,NPU:2
2,TSYNC,1788522401777916.770	,0,NPU:2
2,TSYNC,1788522401877925.470	,0,NPU:2
2,TSYNC,1788522401977916.920	,0,NPU:2
2,TSYNC,1788522402077974.830	,0,NPU:2
2,TSYNC,1788522402177902.680	,0,NPU:2
2,TSYNC,1788522402277918.870	,0,NPU:2
2,TSYNC,1788522402377922.760	,0,NPU:2
2,TSYNC,1788522402477903.590	,0,NPU:2
2,TSYNC,1788522402577942.340	,0,NPU:2
2,TSYNC,1788522402677919.030	,0,NPU:2
2,TSYNC,1788522402777911.780	,0,NPU:2
2,TSYNC,1788522402877922.630	,0,NPU:2
2,TSYNC,1788522402977905.570	,0,NPU:2
2,TSYNC,1788522403077934.900	,0,NPU:2
2,TSYNC,1788522403177942.120	,0,NPU:2
2,TSYNC,1788522403277908.370	,0,NPU:2
2,TSYNC,1788522403377927.360	,0,NPU:2
2,TSYNC,1788522403477900.620	,0,NPU:2
2,TSYNC,1788522403577899.530	,0,NPU:2
2,TSYNC,1788522403677942.630	,0,NPU:2
2,TSYNC,1788522403777925.020	,0,NPU:2
2,TSYNC,1788522403877912.590	,0,NPU:2
2,TSYNC,1788522403977901.400	,0,NPU:2
2,TSYNC,1788522404077891.260	,0,NPU:2
2,TSYNC,1788522404177954.260	,0,NPU:2
2,TSYNC,1788522404277915.290	,0,NPU:2
2,TSYNC,1788522404377906.970	,0,NPU:2
2,TSYNC,1788522404477897.920	,0,NPU:2
2,TSYNC,1788522404577890.250	,0,NPU:2
2,TSYNC,1788522404677934.570	,0,NPU:2
2,TSYNC,1788522404777930.310	,0,NPU:2
2,TSYNC,1788522404877897.690	,0,NPU:2
2,TSYNC,1788522404977898.970	,0,NPU:2
2,TSYNC,1788522405077895.540	,0,NPU:2
2,TSYNC,1788522405177902.050	,0,NPU:2
2,TSYNC,1788522405277949.200	,0,NPU:2
2,TSYNC,1788522405377893.890	,0,NPU:2
2,TSYNC,1788522405477907.290	,0,NPU:2
2,TSYNC,1788522405577893.850	,0,NPU:2
2,TSYNC,1788522405677886.100	,0,NPU:2
2,TSYNC,1788522405777954.290	,0,NPU:2
2,TSYNC,1788522405877885.890	,0,NPU:2
2,TSYNC,1788522405977898.270	,0,NPU:2
2,TSYNC,1788522406077889.750	,0,NPU:2
2,TSYNC,1788522406177915.880	,0,NPU:2
2,TSYNC,1788522406277936.440	,0,NPU:2
2,TSYNC,1788522406377897.670	,0,NPU:2
2,TSYNC,1788522406477888.140	,0,NPU:2
2,TSYNC,1788522406577897.320	,0,NPU:2
2,TSYNC,1788522406677907.770	,0,NPU:2
2,TSYNC,1788522406777934.210	,0,NPU:2
2,TSYNC,1788522406877907.300	,0,NPU:2
2,TSYNC,1788522406977909.710	,0,NPU:2
2,TSYNC,1788522407077929.020	,0,NPU:2
2,TSYNC,1788522407177909.460	,0,NPU:2
2,TSYNC,1788522407277917.990	,0,NPU:2
2,TSYNC,1788522407377925.380	,0,NPU:2
2,TSYNC,1788522407477894.670	,0,NPU:2
2,TSYNC,1788522407577895.450	,0,NPU:2
2,TSYNC,1788522407677906.380	,0,NPU:2
2,TSYNC,1788522407777884.020	,0,NPU:2
2,TSYNC,1788522407877934.230	,0,NPU:2
2,TSYNC,1788522407977893.050	,0,NPU:2
2,TSYNC,1788522408077898.630	,0,NPU:2
2,TSYNC,1788522408177899.180	,0,NPU:2
2,TSYNC,1788522408277883.110	,0,NPU:2
2,TSYNC,1788522408377926.070	,0,NPU:2
2,TSYNC,1788522408477888.490	,0,NPU:2
2,TSYNC,1788522408577895.200	,0,NPU:2
2,TSYNC,1788522408677906.390	,0,NPU:2
2,TSYNC,1788522408777886.940	,0,NPU:2
2,TSYNC,1788522408877899.720	,0,NPU:2
2,TSYNC,1788522408977919.030	,0,NPU:2
2,TSYNC,1788522409077900.950	,0,NPU:2
2,TSYNC,1788522409177920.590	,0,NPU:2
2,TSYNC,1788522409277903.090	,0,NPU:2
2,TSYNC,1788522409377939.190	,0,NPU:2
2,TSYNC,1788522409477940.020	,0,NPU:2
2,TSYNC,1788522409577925.070	,0,NPU:2
2,TSYNC,1788522409677913.390	,0,NPU:2
2,TSYNC,1788522409778505.600	,0,NPU:2
2,TSYNC,1788522409877880.650	,0,NPU:2
2,TSYNC,1788522409884448.780	,0,NPU:2
2,AUDIO,1788522391078023.490	,0,NPU:2
2,AUDIO,1788522391177937.070	,0,NPU:2
2,AUDIO,1788522391277935.640	,0,NPU:2
2,AUDIO,1788522391377927.650	,0,NPU:2
2,AUDIO,1788522391477926.110	,0,NPU:2
2,AUDIO,1788522391577931.290	,0,NPU:2
2,AUDIO,1788522391677920.690	,0,NPU:2
2,AUDIO,1788522391777924.450	,0,NPU:2
2,AUDIO,1788522391877922.070	,0,NPU:2
2,AUDIO,1788522391977925.940	,0,NPU:2
2,AUDIO,1788522392077937.630	,0,NPU:2
2,AUDIO,1788522392177916.260	,0,NPU:2
2,AUDIO,1788522392277917.700	,0,NPU:2
2,AUDIO,1788522392377914.280	,0,NPU:2
2,AUDIO,1788522392477913.470	,0,NPU:2
2,AUDIO,1788522392577913.330	,0,NPU:2
2,AUDIO,1788522392677914.200	,0,NPU:2
2,AUDIO,1788522392777911.600	,0,NPU:2
2,AUDIO,1788522392877912.410	,0,NPU:2
2,AUDIO,1788522392978016.170	,0,NPU:2
2,AUDIO,1788522393077977.060	,0,NPU:2
2,AUDIO,1788522393177974.590	,0,NPU:2
2,AUDIO,1788522393277964.030	,0,NPU:2
2,AUDIO,1788522393377945.550	,0,NPU:2
2,AUDIO,1788522393477976.680	,0,NPU:2
2,AUDIO,1788522393577984.080	,0,NPU:2
2,AUDIO,1788522393677968.900	,0,NPU:2
2,AUDIO,1788522393777954.940	,0,NPU:2
2,AUDIO,1788522393877942.990	,0,NPU:2
2,AUDIO,1788522393977961.280	,0,NPU:2
2,AUDIO,1788522394078013.090	,0,NPU:2
2,AUDIO,1788522394177974.520	,0,NPU:2
2,AUDIO,1788522394277964.210	,0,NPU:2
2,AUDIO,1788522394377950.280	,0,NPU:2
2,AUDIO,1788522394477952.390	,0,NPU:2
2,AUDIO,1788522394578016.640	,0,NPU:2
2,AUDIO,1788522394677977.300	,0,NPU:2
2,AUDIO,1788522394777969.400	,0,NPU:2
2,AUDIO,1788522394877962.180	,0,NPU:2
2,AUDIO,1788522394977965.600	,0,NPU:2
2,AUDIO,1788522395078008.720	,0,NPU:2
2,AUDIO,1788522395177977.430	,0,NPU:2
2,AUDIO,1788522395277957.970	,0,NPU:2
2,AUDIO,1788522395377930.270	,0,NPU:2
2,AUDIO,1788522395477921.620	,0,NPU:2
2,AUDIO,1788522395577936.500	,0,NPU:2
2,AUDIO,1788522395678003.450	,0,NPU:2
2,AUDIO,1788522395777928.150	,0,NPU:2
2,AUDIO,1788522395877927.960	,0,NPU:2
2,AUDIO,1788522395977921.590	,0,NPU:2
2,AUDIO,1788522396077916.940	,0,NPU:2
2,AUDIO,1788522396177923.490	,0,NPU:2
2,AUDIO,1788522396277996.560	,0,NPU:2
2,AUDIO,1788522396377924.140	,0,NPU:2
2,AUDIO,1788522396477922.640	,0,NPU:2
2,AUDIO,1788522396577981.300	,0,NPU:2
2,AUDIO,1788522396677932.570	,0,NPU:2
2,AUDIO,1788522396777925.720	,0,NPU:2
2,AUDIO,1788522396877997.210	,0,NPU:2
2,AUDIO,1788522396977942.920	,0,NPU:2
2,AUDIO,1788522397077970.710	,0,NPU:2
2,AUDIO,1788522397177936.970	,0,NPU:2
2,AUDIO,1788522397277933.350	,0,NPU:2
2,AUDIO,1788522397377993.820	,0,NPU:2
2,AUDIO,1788522397477951.390	,0,NPU:2
2,AUDIO,1788522397577956.900	,0,NPU:2
2,AUDIO,1788522397677924.020	,0,NPU:2
2,AUDIO,1788522397777934.420	,0,NPU:2
2,AUDIO,1788522397877963.890	,0,NPU:2
2,AUDIO,1788522397977969.880	,0,NPU:2
2,AUDIO,1788522398077954.400	,0,NPU:2
2,AUDIO,1788522398177927.840	,0,NPU:2
2,AUDIO,1788522398277921.670	,0,NPU:2
2,AUDIO,1788522398377958.450	,0,NPU:2
2,AUDIO,1788522398477974.110	,0,NPU:2
2,AUDIO,1788522398577953.640	,0,NPU:2
2,AUDIO,1788522398677911.610	,0,NPU:2
2,AUDIO,1788522398777930.720	,0,NPU:2
2,AUDIO,1788522398877925.070	,0,NPU:2
2,AUDIO,1788522398978009.620	,0,NPU:2
2,AUDIO,1788522399077942.860	,0,NPU:2
2,AUDIO,1788522399177944.700	,0,NPU:2
2,AUDIO,1788522399277916.870	,0,NPU:2
2,AUDIO,1788522399377916.990	,0,NPU:2
2,AUDIO,1788522399477993.320	,0,NPU:2
2,AUDIO,1788522399577921.240	,0,NPU:2
2,AUDIO,1788522399677921.770	,0,NPU:2
2,AUDIO,1788522399777919.970	,0,NPU:2
2,AUDIO,1788522399877912.580	,0,NPU:2
2,AUDIO,1788522399977983.870	,0,NPU:2
2,AUDIO,1788522400077927.200	,0,NPU:2
2,AUDIO,1788522400177927.440	,0,NPU:2
2,AUDIO,1788522400277926.000	,0,NPU:2
2,AUDIO,1788522400377927.760	,0,NPU:2
2,AUDIO,1788522400477988.310	,0,NPU:2
2,AUDIO,1788522400577934.210	,0,NPU:2
2,AUDIO,1788522400677909.290	,0,NPU:2
2,AUDIO,1788522400777918.620	,0,NPU:2
2,AUDIO,1788522400877909.760	,0,NPU:2
2,AUDIO,1788522400977969.760	,0,NPU:2
2,AUDIO,1788522401077942.050	,0,NPU:2
2,AUDIO,1788522401177920.180	,0,NPU:2
2,AUDIO,1788522401277910.480	,0,NPU:2
2,AUDIO,1788522401377925.770	,0,NPU:2
2,AUDIO,1788522401477900.310	,0,NPU:2
2,AUDIO,1788522401577954.960	,0,NPU:2
2,AUDIO,1788522401677921.360	,0,NPU:2
2,AUDIO,1788522401777916.770	,0,NPU:2
2,AUDIO,1788522401877925.470	,0,NPU:2
2,AUDIO,1788522401977916.920	,0,NPU:2
2,AUDIO,1788522402077974.830	,0,NPU:2
2,AUDIO,1788522402177902.680	,0,NPU:2
2,AUDIO,1788522402277918.870	,0,NPU:2
2,AUDIO,1788522402377922.760	,0,NPU:2
2,AUDIO,1788522402477903.590	,0,NPU:2
2,AUDIO,1788522402577942.340	,0,NPU:2
2,AUDIO,1788522402677919.030	,0,NPU:2
2,AUDIO,1788522402777911.780	,0,NPU:2
2,AUDIO,1788522402877922.630	,0,NPU:2
2,AUDIO,1788522402977905.570	,0,NPU:2
2,AUDIO,1788522403077934.900	,0,NPU:2
2,AUDIO,1788522403177942.120	,0,NPU:2
2,AUDIO,1788522403277908.370	,0,NPU:2
2,AUDIO,1788522403377927.360	,0,NPU:2
2,AUDIO,1788522403477900.620	,0,NPU:2
2,AUDIO,1788522403577899.530	,0,NPU:2
2,AUDIO,1788522403677942.630	,0,NPU:2
2,AUDIO,1788522403777925.020	,0,NPU:2
2,AUDIO,1788522403877912.590	,0,NPU:2
2,AUDIO,1788522403977901.400	,0,NPU:2
2,AUDIO,1788522404077891.260	,0,NPU:2
2,AUDIO,1788522404177954.260	,0,NPU:2
2,AUDIO,1788522404277915.290	,0,NPU:2
2,AUDIO,1788522404377906.970	,0,NPU:2
2,AUDIO,1788522404477897.920	,0,NPU:2
2,AUDIO,1788522404577890.250	,0,NPU:2
2,AUDIO,1788522404677934.570	,0,NPU:2
2,AUDIO,1788522404777930.310	,0,NPU:2
2,AUDIO,1788522404877897.690	,0,NPU:2
2,AUDIO,1788522404977898.970	,0,NPU:2
2,AUDIO,1788522405077895.540	,0,NPU:2
2,AUDIO,1788522405177902.050	,0,NPU:2
2,AUDIO,1788522405277949.200	,0,NPU:2
2,AUDIO,1788522405377893.890	,0,NPU:2
2,AUDIO,1788522405477907.290	,0,NPU:2
2,AUDIO,1788522405577893.850	,0,NPU:2
2,AUDIO,1788522405677886.100	,0,NPU:2
2,AUDIO,1788522405777954.290	,0,NPU:2
2,AUDIO,1788522405877885.890	,0,NPU:2
2,AUDIO,1788522405977898.270	,0,NPU:2
2,AUDIO,1788522406077889.750	,0,NPU:2
2,AUDIO,1788522406177915.880	,0,NPU:2
2,AUDIO,1788522406277936.440	,0,NPU:2
2,AUDIO,1788522406377897.670	,0,NPU:2
2,AUDIO,1788522406477888.140	,0,NPU:2
2,AUDIO,1788522406577897.320	,0,NPU:2
2,AUDIO,1788522406677907.770	,0,NPU:2
2,AUDIO,1788522406777934.210	,0,NPU:2
2,AUDIO,1788522406877907.300	,0,NPU:2
2,AUDIO,1788522406977909.710	,0,NPU:2
2,AUDIO,1788522407077929.020	,0,NPU:2
2,AUDIO,1788522407177909.460	,0,NPU:2
2,AUDIO,1788522407277917.990	,0,NPU:2
2,AUDIO,1788522407377925.380	,0,NPU:2
2,AUDIO,1788522407477894.670	,0,NPU:2
2,AUDIO,1788522407577895.450	,0,NPU:2
2,AUDIO,1788522407677906.380	,0,NPU:2
2,AUDIO,1788522407777884.020	,0,NPU:2
2,AUDIO,1788522407877934.230	,0,NPU:2
2,AUDIO,1788522407977893.050	,0,NPU:2
2,AUDIO,1788522408077898.630	,0,NPU:2
2,AUDIO,1788522408177899.180	,0,NPU:2
2,AUDIO,1788522408277883.110	,0,NPU:2
2,AUDIO,1788522408377926.070	,0,NPU:2
2,AUDIO,1788522408477888.490	,0,NPU:2
2,AUDIO,1788522408577895.200	,0,NPU:2
2,AUDIO,1788522408677906.390	,0,NPU:2
2,AUDIO,1788522408777886.940	,0,NPU:2
2,AUDIO,1788522408877899.720	,0,NPU:2
2,AUDIO,1788522408977919.030	,0,NPU:2
2,AUDIO,1788522409077900.950	,0,NPU:2
2,AUDIO,1788522409177920.590	,0,NPU:2
2,AUDIO,1788522409277903.090	,0,NPU:2
2,AUDIO,1788522409377939.190	,0,NPU:2
2,AUDIO,1788522409477940.020	,0,NPU:2
2,AUDIO,1788522409577925.070	,0,NPU:2
2,AUDIO,1788522409677913.390	,0,NPU:2
2,AUDIO,1788522409778505.600	,0,NPU:2
2,AUDIO,1788522409877880.650	,0,NPU:2
2,AUDIO,1788522409884448.780	,0,NPU:2
2,TPRT,1788522391078023.490	,0,NPU:2
2,TPRT,1788522391177937.070	,0,NPU:2
2,TPRT,1788522391277935.640	,0,NPU:2
2,TPRT,1788522391377927.650	,0,NPU:2
2,TPRT,1788522391477926.110	,0,NPU:2
2,TPRT,1788522391577931.290	,0,NPU:2
2,TPRT,1788522391677920.690	,0,NPU:2
2,TPRT,1788522391777924.450	,0,NPU:2
2,TPRT,1788522391877922.070	,0,NPU:2
2,TPRT,1788522391977925.940	,0,NPU:2
2,TPRT,1788522392077937.630	,0,NPU:2
2,TPRT,1788522392177916.260	,0,NPU:2
2,TPRT,1788522392277917.700	,0,NPU:2
2,TPRT,1788522392377914.280	,0,NPU:2
2,TPRT,1788522392477913.470	,0,NPU:2
2,TPRT,1788522392577913.330	,0,NPU:2
2,TPRT,1788522392677914.200	,0,NPU:2
2,TPRT,1788522392777911.600	,0,NPU:2
2,TPRT,1788522392877912.410	,0,NPU:2
2,TPRT,1788522392978016.170	,0,NPU:2
2,TPRT,1788522393077977.060	,0,NPU:2
2,TPRT,1788522393177974.590	,0,NPU:2
2,TPRT,1788522393277964.030	,0,NPU:2
2,TPRT,1788522393377945.550	,0,NPU:2
2,TPRT,1788522393477976.680	,0,NPU:2
2,TPRT,1788522393577984.080	,0,NPU:2
2,TPRT,1788522393677968.900	,0,NPU:2
2,TPRT,1788522393777954.940	,0,NPU:2
2,TPRT,1788522393877942.990	,0,NPU:2
2,TPRT,1788522393977961.280	,0,NPU:2
2,TPRT,1788522394078013.090	,0,NPU:2
2,TPRT,1788522394177974.520	,0,NPU:2
2,TPRT,1788522394277964.210	,0,NPU:2
2,TPRT,1788522394377950.280	,0,NPU:2
2,TPRT,1788522394477952.390	,0,NPU:2
2,TPRT,1788522394578016.640	,0,NPU:2
2,TPRT,1788522394677977.300	,0,NPU:2
2,TPRT,1788522394777969.400	,0,NPU:2
2,TPRT,1788522394877962.180	,0,NPU:2
2,TPRT,1788522394977965.600	,0,NPU:2
2,TPRT,1788522395078008.720	,0,NPU:2
2,TPRT,1788522395177977.430	,0,NPU:2
2,TPRT,1788522395277957.970	,0,NPU:2
2,TPRT,1788522395377930.270	,0,NPU:2
2,TPRT,1788522395477921.620	,0,NPU:2
2,TPRT,1788522395577936.500	,0,NPU:2
2,TPRT,1788522395678003.450	,0,NPU:2
2,TPRT,1788522395777928.150	,0,NPU:2
2,TPRT,1788522395877927.960	,0,NPU:2
2,TPRT,1788522395977921.590	,0,NPU:2
2,TPRT,1788522396077916.940	,0,NPU:2
2,TPRT,1788522396177923.490	,0,NPU:2
2,TPRT,1788522396277996.560	,0,NPU:2
2,TPRT,1788522396377924.140	,0,NPU:2
2,TPRT,1788522396477922.640	,0,NPU:2
2,TPRT,1788522396577981.300	,0,NPU:2
2,TPRT,1788522396677932.570	,0,NPU:2
2,TPRT,1788522396777925.720	,0,NPU:2
2,TPRT,1788522396877997.210	,0,NPU:2
2,TPRT,1788522396977942.920	,0,NPU:2
2,TPRT,1788522397077970.710	,0,NPU:2
2,TPRT,1788522397177936.970	,0,NPU:2
2,TPRT,1788522397277933.350	,0,NPU:2
2,TPRT,1788522397377993.820	,0,NPU:2
2,TPRT,1788522397477951.390	,0,NPU:2
2,TPRT,1788522397577956.900	,0,NPU:2
2,TPRT,1788522397677924.020	,0,NPU:2
2,TPRT,1788522397777934.420	,0,NPU:2
2,TPRT,1788522397877963.890	,0,NPU:2
2,TPRT,1788522397977969.880	,0,NPU:2
2,TPRT,1788522398077954.400	,0,NPU:2
2,TPRT,1788522398177927.840	,0,NPU:2
2,TPRT,1788522398277921.670	,0,NPU:2
2,TPRT,1788522398377958.450	,0,NPU:2
2,TPRT,1788522398477974.110	,0,NPU:2
2,TPRT,1788522398577953.640	,0,NPU:2
2,TPRT,1788522398677911.610	,0,NPU:2
2,TPRT,1788522398777930.720	,0,NPU:2
2,TPRT,1788522398877925.070	,0,NPU:2
2,TPRT,1788522398978009.620	,0,NPU:2
2,TPRT,1788522399077942.860	,0,NPU:2
2,TPRT,1788522399177944.700	,0,NPU:2
2,TPRT,1788522399277916.870	,0,NPU:2
2,TPRT,1788522399377916.990	,0,NPU:2
2,TPRT,1788522399477993.320	,0,NPU:2
2,TPRT,1788522399577921.240	,0,NPU:2
2,TPRT,1788522399677921.770	,0,NPU:2
2,TPRT,1788522399777919.970	,0,NPU:2
2,TPRT,1788522399877912.580	,0,NPU:2
2,TPRT,1788522399977983.870	,0,NPU:2
2,TPRT,1788522400077927.200	,0,NPU:2
2,TPRT,1788522400177927.440	,0,NPU:2
2,TPRT,1788522400277926.000	,0,NPU:2
2,TPRT,1788522400377927.760	,0,NPU:2
2,TPRT,1788522400477988.310	,0,NPU:2
2,TPRT,1788522400577934.210	,0,NPU:2
2,TPRT,1788522400677909.290	,0,NPU:2
2,TPRT,1788522400777918.620	,0,NPU:2
2,TPRT,1788522400877909.760	,0,NPU:2
2,TPRT,1788522400977969.760	,0,NPU:2
2,TPRT,1788522401077942.050	,0,NPU:2
2,TPRT,1788522401177920.180	,0,NPU:2
2,TPRT,1788522401277910.480	,0,NPU:2
2,TPRT,1788522401377925.770	,0,NPU:2
2,TPRT,1788522401477900.310	,0,NPU:2
2,TPRT,1788522401577954.960	,0,NPU:2
2,TPRT,1788522401677921.360	,0,NPU:2
2,TPRT,1788522401777916.770	,0,NPU:2
2,TPRT,1788522401877925.470	,0,NPU:2
2,TPRT,1788522401977916.920	,0,NPU:2
2,TPRT,1788522402077974.830	,0,NPU:2
2,TPRT,1788522402177902.680	,0,NPU:2
2,TPRT,1788522402277918.870	,0,NPU:2
2,TPRT,1788522402377922.760	,0,NPU:2
2,TPRT,1788522402477903.590	,0,NPU:2
2,TPRT,1788522402577942.340	,0,NPU:2
2,TPRT,1788522402677919.030	,0,NPU:2
2,TPRT,1788522402777911.780	,0,NPU:2
2,TPRT,1788522402877922.630	,0,NPU:2
2,TPRT,1788522402977905.570	,0,NPU:2
2,TPRT,1788522403077934.900	,0,NPU:2
2,TPRT,1788522403177942.120	,0,NPU:2
2,TPRT,1788522403277908.370	,0,NPU:2
2,TPRT,1788522403377927.360	,0,NPU:2
2,TPRT,1788522403477900.620	,0,NPU:2
2,TPRT,1788522403577899.530	,0,NPU:2
2,TPRT,1788522403677942.630	,0,NPU:2
2,TPRT,1788522403777925.020	,0,NPU:2
2,TPRT,1788522403877912.590	,0,NPU:2
2,TPRT,1788522403977901.400	,0,NPU:2
2,TPRT,1788522404077891.260	,0,NPU:2
2,TPRT,1788522404177954.260	,0,NPU:2
2,TPRT,1788522404277915.290	,0,NPU:2
2,TPRT,1788522404377906.970	,0,NPU:2
2,TPRT,1788522404477897.920	,0,NPU:2
2,TPRT,1788522404577890.250	,0,NPU:2
2,TPRT,1788522404677934.570	,0,NPU:2
2,TPRT,1788522404777930.310	,0,NPU:2
2,TPRT,1788522404877897.690	,0,NPU:2
2,TPRT,1788522404977898.970	,0,NPU:2
2,TPRT,1788522405077895.540	,0,NPU:2
2,TPRT,1788522405177902.050	,0,NPU:2
2,TPRT,1788522405277949.200	,0,NPU:2
2,TPRT,1788522405377893.890	,0,NPU:2
2,TPRT,1788522405477907.290	,0,NPU:2
2,TPRT,1788522405577893.850	,0,NPU:2
2,TPRT,1788522405677886.100	,0,NPU:2
2,TPRT,1788522405777954.290	,0,NPU:2
2,TPRT,1788522405877885.890	,0,NPU:2
2,TPRT,1788522405977898.270	,0,NPU:2
2,TPRT,1788522406077889.750	,0,NPU:2
2,TPRT,1788522406177915.880	,0,NPU:2
2,TPRT,1788522406277936.440	,0,NPU:2
2,TPRT,1788522406377897.670	,0,NPU:2
2,TPRT,1788522406477888.140	,0,NPU:2
2,TPRT,1788522406577897.320	,0,NPU:2
2,TPRT,1788522406677907.770	,0,NPU:2
2,TPRT,1788522406777934.210	,0,NPU:2
2,TPRT,1788522406877907.300	,0,NPU:2
2,TPRT,1788522406977909.710	,0,NPU:2
2,TPRT,1788522407077929.020	,0,NPU:2
2,TPRT,1788522407177909.460	,0,NPU:2
2,TPRT,1788522407277917.990	,0,NPU:2
2,TPRT,1788522407377925.380	,0,NPU:2
2,TPRT,1788522407477894.670	,0,NPU:2
2,TPRT,1788522407577895.450	,0,NPU:2
2,TPRT,1788522407677906.380	,0,NPU:2
2,TPRT,1788522407777884.020	,0,NPU:2
2,TPRT,1788522407877934.230	,0,NPU:2
2,TPRT,1788522407977893.050	,0,NPU:2
2,TPRT,1788522408077898.630	,0,NPU:2
2,TPRT,1788522408177899.180	,0,NPU:2
2,TPRT,1788522408277883.110	,0,NPU:2
2,TPRT,1788522408377926.070	,0,NPU:2
2,TPRT,1788522408477888.490	,0,NPU:2
2,TPRT,1788522408577895.200	,0,NPU:2
2,TPRT,1788522408677906.390	,0,NPU:2
2,TPRT,1788522408777886.940	,0,NPU:2
2,TPRT,1788522408877899.720	,0,NPU:2
2,TPRT,1788522408977919.030	,0,NPU:2
2,TPRT,1788522409077900.950	,0,NPU:2
2,TPRT,1788522409177920.590	,0,NPU:2
2,TPRT,1788522409277903.090	,0,NPU:2
2,TPRT,1788522409377939.190	,0,NPU:2
2,TPRT,1788522409477940.020	,0,NPU:2
2,TPRT,1788522409577925.070	,0,NPU:2
2,TPRT,1788522409677913.390	,0,NPU:2
2,TPRT,1788522409778505.600	,0,NPU:2
2,TPRT,1788522409877880.650	,0,NPU:2
2,TPRT,1788522409884448.780	,0,NPU:2
2,ASCENDCKERNEL,1788522391078023.490	,0,NPU:2
2,ASCENDCKERNEL,1788522391177937.070	,0,NPU:2
2,ASCENDCKERNEL,1788522391277935.640	,0,NPU:2
2,ASCENDCKERNEL,1788522391377927.650	,0,NPU:2
2,ASCENDCKERNEL,1788522391477926.110	,0,NPU:2
2,ASCENDCKERNEL,1788522391577931.290	,0,NPU:2
2,ASCENDCKERNEL,1788522391677920.690	,0,NPU:2
2,ASCENDCKERNEL,1788522391777924.450	,0,NPU:2
2,ASCENDCKERNEL,1788522391877922.070	,0,NPU:2
2,ASCENDCKERNEL,1788522391977925.940	,0,NPU:2
2,ASCENDCKERNEL,1788522392077937.630	,0,NPU:2
2,ASCENDCKERNEL,1788522392177916.260	,0,NPU:2
2,ASCENDCKERNEL,1788522392277917.700	,0,NPU:2
2,ASCENDCKERNEL,1788522392377914.280	,0,NPU:2
2,ASCENDCKERNEL,1788522392477913.470	,0,NPU:2
2,ASCENDCKERNEL,1788522392577913.330	,0,NPU:2
2,ASCENDCKERNEL,1788522392677914.200	,0,NPU:2
2,ASCENDCKERNEL,1788522392777911.600	,0,NPU:2
2,ASCENDCKERNEL,1788522392877912.410	,0,NPU:2
2,ASCENDCKERNEL,1788522392978016.170	,0,NPU:2
2,ASCENDCKERNEL,1788522393077977.060	,0,NPU:2
2,ASCENDCKERNEL,1788522393177974.590	,0,NPU:2
2,ASCENDCKERNEL,1788522393277964.030	,0,NPU:2
2,ASCENDCKERNEL,1788522393377945.550	,0,NPU:2
2,ASCENDCKERNEL,1788522393477976.680	,0,NPU:2
2,ASCENDCKERNEL,1788522393577984.080	,0,NPU:2
2,ASCENDCKERNEL,1788522393677968.900	,0,NPU:2
2,ASCENDCKERNEL,1788522393777954.940	,0,NPU:2
2,ASCENDCKERNEL,1788522393877942.990	,0,NPU:2
2,ASCENDCKERNEL,1788522393977961.280	,0,NPU:2
2,ASCENDCKERNEL,1788522394078013.090	,0,NPU:2
2,ASCENDCKERNEL,1788522394177974.520	,0,NPU:2
2,ASCENDCKERNEL,1788522394277964.210	,0,NPU:2
2,ASCENDCKERNEL,1788522394377950.280	,0,NPU:2
2,ASCENDCKERNEL,1788522394477952.390	,0,NPU:2
2,ASCENDCKERNEL,1788522394578016.640	,0,NPU:2
2,ASCENDCKERNEL,1788522394677977.300	,0,NPU:2
2,ASCENDCKERNEL,1788522394777969.400	,0,NPU:2
2,ASCENDCKERNEL,1788522394877962.180	,0,NPU:2
2,ASCENDCKERNEL,1788522394977965.600	,0,NPU:2
2,ASCENDCKERNEL,1788522395078008.720	,0,NPU:2
2,ASCENDCKERNEL,1788522395177977.430	,0,NPU:2
2,ASCENDCKERNEL,1788522395277957.970	,0,NPU:2
2,ASCENDCKERNEL,1788522395377930.270	,0,NPU:2
2,ASCENDCKERNEL,1788522395477921.620	,0,NPU:2
2,ASCENDCKERNEL,1788522395577936.500	,0,NPU:2
2,ASCENDCKERNEL,1788522395678003.450	,0,NPU:2
2,ASCENDCKERNEL,1788522395777928.150	,0,NPU:2
2,ASCENDCKERNEL,1788522395877927.960	,0,NPU:2
2,ASCENDCKERNEL,1788522395977921.590	,0,NPU:2
2,ASCENDCKERNEL,1788522396077916.940	,0,NPU:2
2,ASCENDCKERNEL,1788522396177923.490	,0,NPU:2
2,ASCENDCKERNEL,1788522396277996.560	,0,NPU:2
2,ASCENDCKERNEL,1788522396377924.140	,0,NPU:2
2,ASCENDCKERNEL,1788522396477922.640	,0,NPU:2
2,ASCENDCKERNEL,1788522396577981.300	,0,NPU:2
2,ASCENDCKERNEL,1788522396677932.570	,0,NPU:2
2,ASCENDCKERNEL,1788522396777925.720	,0,NPU:2
2,ASCENDCKERNEL,1788522396877997.210	,0,NPU:2
2,ASCENDCKERNEL,1788522396977942.920	,0,NPU:2
2,ASCENDCKERNEL,1788522397077970.710	,0,NPU:2
2,ASCENDCKERNEL,1788522397177936.970	,0,NPU:2
2,ASCENDCKERNEL,1788522397277933.350	,0,NPU:2
2,ASCENDCKERNEL,1788522397377993.820	,0,NPU:2
2,ASCENDCKERNEL,1788522397477951.390	,0,NPU:2
2,ASCENDCKERNEL,1788522397577956.900	,0,NPU:2
2,ASCENDCKERNEL,1788522397677924.020	,0,NPU:2
2,ASCENDCKERNEL,1788522397777934.420	,0,NPU:2
2,ASCENDCKERNEL,1788522397877963.890	,0,NPU:2
2,ASCENDCKERNEL,1788522397977969.880	,0,NPU:2
2,ASCENDCKERNEL,1788522398077954.400	,0,NPU:2
2,ASCENDCKERNEL,1788522398177927.840	,0,NPU:2
2,ASCENDCKERNEL,1788522398277921.670	,0,NPU:2
2,ASCENDCKERNEL,1788522398377958.450	,0,NPU:2
2,ASCENDCKERNEL,1788522398477974.110	,0,NPU:2
2,ASCENDCKERNEL,1788522398577953.640	,0,NPU:2
2,ASCENDCKERNEL,1788522398677911.610	,0,NPU:2
2,ASCENDCKERNEL,1788522398777930.720	,0,NPU:2
2,ASCENDCKERNEL,1788522398877925.070	,0,NPU:2
2,ASCENDCKERNEL,1788522398978009.620	,0,NPU:2
2,ASCENDCKERNEL,1788522399077942.860	,0,NPU:2
2,ASCENDCKERNEL,1788522399177944.700	,0,NPU:2
2,ASCENDCKERNEL,1788522399277916.870	,0,NPU:2
2,ASCENDCKERNEL,1788522399377916.990	,0,NPU:2
2,ASCENDCKERNEL,1788522399477993.320	,0,NPU:2
2,ASCENDCKERNEL,1788522399577921.240	,0,NPU:2
2,ASCENDCKERNEL,1788522399677921.770	,0,NPU:2
2,ASCENDCKERNEL,1788522399777919.970	,0,NPU:2
2,ASCENDCKERNEL,1788522399877912.580	,0,NPU:2
2,ASCENDCKERNEL,1788522399977983.870	,0,NPU:2
2,ASCENDCKERNEL,1788522400077927.200	,0,NPU:2
2,ASCENDCKERNEL,1788522400177927.440	,0,NPU:2
2,ASCENDCKERNEL,1788522400277926.000	,0,NPU:2
2,ASCENDCKERNEL,1788522400377927.760	,0,NPU:2
2,ASCENDCKERNEL,1788522400477988.310	,0,NPU:2
2,ASCENDCKERNEL,1788522400577934.210	,0,NPU:2
2,ASCENDCKERNEL,1788522400677909.290	,0,NPU:2
2,ASCENDCKERNEL,1788522400777918.620	,0,NPU:2
2,ASCENDCKERNEL,1788522400877909.760	,0,NPU:2
2,ASCENDCKERNEL,1788522400977969.760	,0,NPU:2
2,ASCENDCKERNEL,1788522401077942.050	,0,NPU:2
2,ASCENDCKERNEL,1788522401177920.180	,0,NPU:2
2,ASCENDCKERNEL,1788522401277910.480	,0,NPU:2
2,ASCENDCKERNEL,1788522401377925.770	,0,NPU:2
2,ASCENDCKERNEL,1788522401477900.310	,0,NPU:2
2,ASCENDCKERNEL,1788522401577954.960	,0,NPU:2
2,ASCENDCKERNEL,1788522401677921.360	,0,NPU:2
2,ASCENDCKERNEL,1788522401777916.770	,0,NPU:2
2,ASCENDCKERNEL,1788522401877925.470	,0,NPU:2
2,ASCENDCKERNEL,1788522401977916.920	,0,NPU:2
2,ASCENDCKERNEL,1788522402077974.830	,0,NPU:2
2,ASCENDCKERNEL,1788522402177902.680	,0,NPU:2
2,ASCENDCKERNEL,1788522402277918.870	,0,NPU:2
2,ASCENDCKERNEL,1788522402377922.760	,0,NPU:2
2,ASCENDCKERNEL,1788522402477903.590	,0,NPU:2
2,ASCENDCKERNEL,1788522402577942.340	,0,NPU:2
2,ASCENDCKERNEL,1788522402677919.030	,0,NPU:2
2,ASCENDCKERNEL,1788522402777911.780	,0,NPU:2
2,ASCENDCKERNEL,1788522402877922.630	,0,NPU:2
2,ASCENDCKERNEL,1788522402977905.570	,0,NPU:2
2,ASCENDCKERNEL,1788522403077934.900	,0,NPU:2
2,ASCENDCKERNEL,1788522403177942.120	,0,NPU:2
2,ASCENDCKERNEL,1788522403277908.370	,0,NPU:2
2,ASCENDCKERNEL,1788522403377927.360	,0,NPU:2
2,ASCENDCKERNEL,1788522403477900.620	,0,NPU:2
2,ASCENDCKERNEL,1788522403577899.530	,0,NPU:2
2,ASCENDCKERNEL,1788522403677942.630	,0,NPU:2
2,ASCENDCKERNEL,1788522403777925.020	,0,NPU:2
2,ASCENDCKERNEL,1788522403877912.590	,0,NPU:2
2,ASCENDCKERNEL,1788522403977901.400	,0,NPU:2
2,ASCENDCKERNEL,1788522404077891.260	,0,NPU:2
2,ASCENDCKERNEL,1788522404177954.260	,0,NPU:2
2,ASCENDCKERNEL,1788522404277915.290	,0,NPU:2
2,ASCENDCKERNEL,1788522404377906.970	,0,NPU:2
2,ASCENDCKERNEL,1788522404477897.920	,0,NPU:2
2,ASCENDCKERNEL,1788522404577890.250	,0,NPU:2
2,ASCENDCKERNEL,1788522404677934.570	,0,NPU:2
2,ASCENDCKERNEL,1788522404777930.310	,0,NPU:2
2,ASCENDCKERNEL,1788522404877897.690	,0,NPU:2
2,ASCENDCKERNEL,1788522404977898.970	,0,NPU:2
2,ASCENDCKERNEL,1788522405077895.540	,0,NPU:2
2,ASCENDCKERNEL,1788522405177902.050	,0,NPU:2
2,ASCENDCKERNEL,1788522405277949.200	,0,NPU:2
2,ASCENDCKERNEL,1788522405377893.890	,0,NPU:2
2,ASCENDCKERNEL,1788522405477907.290	,0,NPU:2
2,ASCENDCKERNEL,1788522405577893.850	,0,NPU:2
2,ASCENDCKERNEL,1788522405677886.100	,0,NPU:2
2,ASCENDCKERNEL,1788522405777954.290	,0,NPU:2
2,ASCENDCKERNEL,1788522405877885.890	,0,NPU:2
2,ASCENDCKERNEL,1788522405977898.270	,0,NPU:2
2,ASCENDCKERNEL,1788522406077889.750	,0,NPU:2
2,ASCENDCKERNEL,1788522406177915.880	,0,NPU:2
2,ASCENDCKERNEL,1788522406277936.440	,0,NPU:2
2,ASCENDCKERNEL,1788522406377897.670	,0,NPU:2
2,ASCENDCKERNEL,1788522406477888.140	,0,NPU:2
2,ASCENDCKERNEL,1788522406577897.320	,0,NPU:2
2,ASCENDCKERNEL,1788522406677907.770	,0,NPU:2
2,ASCENDCKERNEL,1788522406777934.210	,0,NPU:2
2,ASCENDCKERNEL,1788522406877907.300	,0,NPU:2
2,ASCENDCKERNEL,1788522406977909.710	,0,NPU:2
2,ASCENDCKERNEL,1788522407077929.020	,0,NPU:2
2,ASCENDCKERNEL,1788522407177909.460	,0,NPU:2
2,ASCENDCKERNEL,1788522407277917.990	,0,NPU:2
2,ASCENDCKERNEL,1788522407377925.380	,0,NPU:2
2,ASCENDCKERNEL,1788522407477894.670	,0,NPU:2
2,ASCENDCKERNEL,1788522407577895.450	,0,NPU:2
2,ASCENDCKERNEL,1788522407677906.380	,0,NPU:2
2,ASCENDCKERNEL,1788522407777884.020	,0,NPU:2
2,ASCENDCKERNEL,1788522407877934.230	,0,NPU:2
2,ASCENDCKERNEL,1788522407977893.050	,0,NPU:2
2,ASCENDCKERNEL,1788522408077898.630	,0,NPU:2
2,ASCENDCKERNEL,1788522408177899.180	,0,NPU:2
2,ASCENDCKERNEL,1788522408277883.110	,0,NPU:2
2,ASCENDCKERNEL,1788522408377926.070	,0,NPU:2
2,ASCENDCKERNEL,1788522408477888.490	,0,NPU:2
2,ASCENDCKERNEL,1788522408577895.200	,0,NPU:2
2,ASCENDCKERNEL,1788522408677906.390	,0,NPU:2
2,ASCENDCKERNEL,1788522408777886.940	,0,NPU:2
2,ASCENDCKERNEL,1788522408877899.720	,0,NPU:2
2,ASCENDCKERNEL,1788522408977919.030	,0,NPU:2
2,ASCENDCKERNEL,1788522409077900.950	,0,NPU:2
2,ASCENDCKERNEL,1788522409177920.590	,0,NPU:2
2,ASCENDCKERNEL,1788522409277903.090	,0,NPU:2
2,ASCENDCKERNEL,1788522409377939.190	,0,NPU:2
2,ASCENDCKERNEL,1788522409477940.020	,0,NPU:2
2,ASCENDCKERNEL,1788522409577925.070	,0,NPU:2
2,ASCENDCKERNEL,1788522409677913.390	,0,NPU:2
2,ASCENDCKERNEL,1788522409778505.600	,0,NPU:2
2,ASCENDCKERNEL,1788522409877880.650	,0,NPU:2
2,ASCENDCKERNEL,1788522409884448.780	,0,NPU:2
2,ASYS,1788522391078023.490	,0,NPU:2
2,ASYS,1788522391177937.070	,0,NPU:2
2,ASYS,1788522391277935.640	,0,NPU:2
2,ASYS,1788522391377927.650	,0,NPU:2
2,ASYS,1788522391477926.110	,0,NPU:2
2,ASYS,1788522391577931.290	,0,NPU:2
2,ASYS,1788522391677920.690	,0,NPU:2
2,ASYS,1788522391777924.450	,0,NPU:2
2,ASYS,1788522391877922.070	,0,NPU:2
2,ASYS,1788522391977925.940	,0,NPU:2
2,ASYS,1788522392077937.630	,0,NPU:2
2,ASYS,1788522392177916.260	,0,NPU:2
2,ASYS,1788522392277917.700	,0,NPU:2
2,ASYS,1788522392377914.280	,0,NPU:2
2,ASYS,1788522392477913.470	,0,NPU:2
2,ASYS,1788522392577913.330	,0,NPU:2
2,ASYS,1788522392677914.200	,0,NPU:2
2,ASYS,1788522392777911.600	,0,NPU:2
2,ASYS,1788522392877912.410	,0,NPU:2
2,ASYS,1788522392978016.170	,0,NPU:2
2,ASYS,1788522393077977.060	,0,NPU:2
2,ASYS,1788522393177974.590	,0,NPU:2
2,ASYS,1788522393277964.030	,0,NPU:2
2,ASYS,1788522393377945.550	,0,NPU:2
2,ASYS,1788522393477976.680	,0,NPU:2
2,ASYS,1788522393577984.080	,0,NPU:2
2,ASYS,1788522393677968.900	,0,NPU:2
2,ASYS,1788522393777954.940	,0,NPU:2
2,ASYS,1788522393877942.990	,0,NPU:2
2,ASYS,1788522393977961.280	,0,NPU:2
2,ASYS,1788522394078013.090	,0,NPU:2
2,ASYS,1788522394177974.520	,0,NPU:2
2,ASYS,1788522394277964.210	,0,NPU:2
2,ASYS,1788522394377950.280	,0,NPU:2
2,ASYS,1788522394477952.390	,0,NPU:2
2,ASYS,1788522394578016.640	,0,NPU:2
2,ASYS,1788522394677977.300	,0,NPU:2
2,ASYS,1788522394777969.400	,0,NPU:2
2,ASYS,1788522394877962.180	,0,NPU:2
2,ASYS,1788522394977965.600	,0,NPU:2
2,ASYS,1788522395078008.720	,0,NPU:2
2,ASYS,1788522395177977.430	,0,NPU:2
2,ASYS,1788522395277957.970	,0,NPU:2
2,ASYS,1788522395377930.270	,0,NPU:2
2,ASYS,1788522395477921.620	,0,NPU:2
2,ASYS,1788522395577936.500	,0,NPU:2
2,ASYS,1788522395678003.450	,0,NPU:2
2,ASYS,1788522395777928.150	,0,NPU:2
2,ASYS,1788522395877927.960	,0,NPU:2
2,ASYS,1788522395977921.590	,0,NPU:2
2,ASYS,1788522396077916.940	,0,NPU:2
2,ASYS,1788522396177923.490	,0,NPU:2
2,ASYS,1788522396277996.560	,0,NPU:2
2,ASYS,1788522396377924.140	,0,NPU:2
2,ASYS,1788522396477922.640	,0,NPU:2
2,ASYS,1788522396577981.300	,0,NPU:2
2,ASYS,1788522396677932.570	,0,NPU:2
2,ASYS,1788522396777925.720	,0,NPU:2
2,ASYS,1788522396877997.210	,0,NPU:2
2,ASYS,1788522396977942.920	,0,NPU:2
2,ASYS,1788522397077970.710	,0,NPU:2
2,ASYS,1788522397177936.970	,0,NPU:2
2,ASYS,1788522397277933.350	,0,NPU:2
2,ASYS,1788522397377993.820	,0,NPU:2
2,ASYS,1788522397477951.390	,0,NPU:2
2,ASYS,1788522397577956.900	,0,NPU:2
2,ASYS,1788522397677924.020	,0,NPU:2
2,ASYS,1788522397777934.420	,0,NPU:2
2,ASYS,1788522397877963.890	,0,NPU:2
2,ASYS,1788522397977969.880	,0,NPU:2
2,ASYS,1788522398077954.400	,0,NPU:2
2,ASYS,1788522398177927.840	,0,NPU:2
2,ASYS,1788522398277921.670	,0,NPU:2
2,ASYS,1788522398377958.450	,0,NPU:2
2,ASYS,1788522398477974.110	,0,NPU:2
2,ASYS,1788522398577953.640	,0,NPU:2
2,ASYS,1788522398677911.610	,0,NPU:2
2,ASYS,1788522398777930.720	,0,NPU:2
2,ASYS,1788522398877925.070	,0,NPU:2
2,ASYS,1788522398978009.620	,0,NPU:2
2,ASYS,1788522399077942.860	,0,NPU:2
2,ASYS,1788522399177944.700	,0,NPU:2
2,ASYS,1788522399277916.870	,0,NPU:2
2,ASYS,1788522399377916.990	,0,NPU:2
2,ASYS,1788522399477993.320	,0,NPU:2
2,ASYS,1788522399577921.240	,0,NPU:2
2,ASYS,1788522399677921.770	,0,NPU:2
2,ASYS,1788522399777919.970	,0,NPU:2
2,ASYS,1788522399877912.580	,0,NPU:2
2,ASYS,1788522399977983.870	,0,NPU:2
2,ASYS,1788522400077927.200	,0,NPU:2
2,ASYS,1788522400177927.440	,0,NPU:2
2,ASYS,1788522400277926.000	,0,NPU:2
2,ASYS,1788522400377927.760	,0,NPU:2
2,ASYS,1788522400477988.310	,0,NPU:2
2,ASYS,1788522400577934.210	,0,NPU:2
2,ASYS,1788522400677909.290	,0,NPU:2
2,ASYS,1788522400777918.620	,0,NPU:2
2,ASYS,1788522400877909.760	,0,NPU:2
2,ASYS,1788522400977969.760	,0,NPU:2
2,ASYS,1788522401077942.050	,0,NPU:2
2,ASYS,1788522401177920.180	,0,NPU:2
2,ASYS,1788522401277910.480	,0,NPU:2
2,ASYS,1788522401377925.770	,0,NPU:2
2,ASYS,1788522401477900.310	,0,NPU:2
2,ASYS,1788522401577954.960	,0,NPU:2
2,ASYS,1788522401677921.360	,0,NPU:2
2,ASYS,1788522401777916.770	,0,NPU:2
2,ASYS,1788522401877925.470	,0,NPU:2
2,ASYS,1788522401977916.920	,0,NPU:2
2,ASYS,1788522402077974.830	,0,NPU:2
2,ASYS,1788522402177902.680	,0,NPU:2
2,ASYS,1788522402277918.870	,0,NPU:2
2,ASYS,1788522402377922.760	,0,NPU:2
2,ASYS,1788522402477903.590	,0,NPU:2
2,ASYS,1788522402577942.340	,0,NPU:2
2,ASYS,1788522402677919.030	,0,NPU:2
2,ASYS,1788522402777911.780	,0,NPU:2
2,ASYS,1788522402877922.630	,0,NPU:2
2,ASYS,1788522402977905.570	,0,NPU:2
2,ASYS,1788522403077934.900	,0,NPU:2
2,ASYS,1788522403177942.120	,0,NPU:2
2,ASYS,1788522403277908.370	,0,NPU:2
2,ASYS,1788522403377927.360	,0,NPU:2
2,ASYS,1788522403477900.620	,0,NPU:2
2,ASYS,1788522403577899.530	,0,NPU:2
2,ASYS,1788522403677942.630	,0,NPU:2
2,ASYS,1788522403777925.020	,0,NPU:2
2,ASYS,1788522403877912.590	,0,NPU:2
2,ASYS,1788522403977901.400	,0,NPU:2
2,ASYS,1788522404077891.260	,0,NPU:2
2,ASYS,1788522404177954.260	,0,NPU:2
2,ASYS,1788522404277915.290	,0,NPU:2
2,ASYS,1788522404377906.970	,0,NPU:2
2,ASYS,1788522404477897.920	,0,NPU:2
2,ASYS,1788522404577890.250	,0,NPU:2
2,ASYS,1788522404677934.570	,0,NPU:2
2,ASYS,1788522404777930.310	,0,NPU:2
2,ASYS,1788522404877897.690	,0,NPU:2
2,ASYS,1788522404977898.970	,0,NPU:2
2,ASYS,1788522405077895.540	,0,NPU:2
2,ASYS,1788522405177902.050	,0,NPU:2
2,ASYS,1788522405277949.200	,0,NPU:2
2,ASYS,1788522405377893.890	,0,NPU:2
2,ASYS,1788522405477907.290	,0,NPU:2
2,ASYS,1788522405577893.850	,0,NPU:2
2,ASYS,1788522405677886.100	,0,NPU:2
2,ASYS,1788522405777954.290	,0,NPU:2
2,ASYS,1788522405877885.890	,0,NPU:2
2,ASYS,1788522405977898.270	,0,NPU:2
2,ASYS,1788522406077889.750	,0,NPU:2
2,ASYS,1788522406177915.880	,0,NPU:2
2,ASYS,1788522406277936.440	,0,NPU:2
2,ASYS,1788522406377897.670	,0,NPU:2
2,ASYS,1788522406477888.140	,0,NPU:2
2,ASYS,1788522406577897.320	,0,NPU:2
2,ASYS,1788522406677907.770	,0,NPU:2
2,ASYS,1788522406777934.210	,0,NPU:2
2,ASYS,1788522406877907.300	,0,NPU:2
2,ASYS,1788522406977909.710	,0,NPU:2
2,ASYS,1788522407077929.020	,0,NPU:2
2,ASYS,1788522407177909.460	,0,NPU:2
2,ASYS,1788522407277917.990	,0,NPU:2
2,ASYS,1788522407377925.380	,0,NPU:2
2,ASYS,1788522407477894.670	,0,NPU:2
2,ASYS,1788522407577895.450	,0,NPU:2
2,ASYS,1788522407677906.380	,0,NPU:2
2,ASYS,1788522407777884.020	,0,NPU:2
2,ASYS,1788522407877934.230	,0,NPU:2
2,ASYS,1788522407977893.050	,0,NPU:2
2,ASYS,1788522408077898.630	,0,NPU:2
2,ASYS,1788522408177899.180	,0,NPU:2
2,ASYS,1788522408277883.110	,0,NPU:2
2,ASYS,1788522408377926.070	,0,NPU:2
2,ASYS,1788522408477888.490	,0,NPU:2
2,ASYS,1788522408577895.200	,0,NPU:2
2,ASYS,1788522408677906.390	,0,NPU:2
2,ASYS,1788522408777886.940	,0,NPU:2
2,ASYS,1788522408877899.720	,0,NPU:2
2,ASYS,1788522408977919.030	,0,NPU:2
2,ASYS,1788522409077900.950	,0,NPU:2
2,ASYS,1788522409177920.590	,0,NPU:2
2,ASYS,1788522409277903.090	,0,NPU:2
2,ASYS,1788522409377939.190	,0,NPU:2
2,ASYS,1788522409477940.020	,0,NPU:2
2,ASYS,1788522409577925.070	,0,NPU:2
2,ASYS,1788522409677913.390	,0,NPU:2
2,ASYS,1788522409778505.600	,0,NPU:2
2,ASYS,1788522409877880.650	,0,NPU:2
2,ASYS,1788522409884448.780	,0,NPU:2
2,ATRACE,1788522391078023.490	,0,NPU:2
2,ATRACE,1788522391177937.070	,0,NPU:2
2,ATRACE,1788522391277935.640	,0,NPU:2
2,ATRACE,1788522391377927.650	,0,NPU:2
2,ATRACE,1788522391477926.110	,0,NPU:2
2,ATRACE,1788522391577931.290	,0,NPU:2
2,ATRACE,1788522391677920.690	,0,NPU:2
2,ATRACE,1788522391777924.450	,0,NPU:2
2,ATRACE,1788522391877922.070	,0,NPU:2
2,ATRACE,1788522391977925.940	,0,NPU:2
2,ATRACE,1788522392077937.630	,0,NPU:2
2,ATRACE,1788522392177916.260	,0,NPU:2
2,ATRACE,1788522392277917.700	,0,NPU:2
2,ATRACE,1788522392377914.280	,0,NPU:2
2,ATRACE,1788522392477913.470	,0,NPU:2
2,ATRACE,1788522392577913.330	,0,NPU:2
2,ATRACE,1788522392677914.200	,0,NPU:2
2,ATRACE,1788522392777911.600	,0,NPU:2
2,ATRACE,1788522392877912.410	,0,NPU:2
2,ATRACE,1788522392978016.170	,0,NPU:2
2,ATRACE,1788522393077977.060	,0,NPU:2
2,ATRACE,1788522393177974.590	,0,NPU:2
2,ATRACE,1788522393277964.030	,0,NPU:2
2,ATRACE,1788522393377945.550	,0,NPU:2
2,ATRACE,1788522393477976.680	,0,NPU:2
2,ATRACE,1788522393577984.080	,0,NPU:2
2,ATRACE,1788522393677968.900	,0,NPU:2
2,ATRACE,1788522393777954.940	,0,NPU:2
2,ATRACE,1788522393877942.990	,0,NPU:2
2,ATRACE,1788522393977961.280	,0,NPU:2
2,ATRACE,1788522394078013.090	,0,NPU:2
2,ATRACE,1788522394177974.520	,0,NPU:2
2,ATRACE,1788522394277964.210	,0,NPU:2
2,ATRACE,1788522394377950.280	,0,NPU:2
2,ATRACE,1788522394477952.390	,0,NPU:2
2,ATRACE,1788522394578016.640	,0,NPU:2
2,ATRACE,1788522394677977.300	,0,NPU:2
2,ATRACE,1788522394777969.400	,0,NPU:2
2,ATRACE,1788522394877962.180	,0,NPU:2
2,ATRACE,1788522394977965.600	,0,NPU:2
2,ATRACE,1788522395078008.720	,0,NPU:2
2,ATRACE,1788522395177977.430	,0,NPU:2
2,ATRACE,1788522395277957.970	,0,NPU:2
2,ATRACE,1788522395377930.270	,0,NPU:2
2,ATRACE,1788522395477921.620	,0,NPU:2
2,ATRACE,1788522395577936.500	,0,NPU:2
2,ATRACE,1788522395678003.450	,0,NPU:2
2,ATRACE,1788522395777928.150	,0,NPU:2
2,ATRACE,1788522395877927.960	,0,NPU:2
2,ATRACE,1788522395977921.590	,0,NPU:2
2,ATRACE,1788522396077916.940	,0,NPU:2
2,ATRACE,1788522396177923.490	,0,NPU:2
2,ATRACE,1788522396277996.560	,0,NPU:2
2,ATRACE,1788522396377924.140	,0,NPU:2
2,ATRACE,1788522396477922.640	,0,NPU:2
2,ATRACE,1788522396577981.300	,0,NPU:2
2,ATRACE,1788522396677932.570	,0,NPU:2
2,ATRACE,1788522396777925.720	,0,NPU:2
2,ATRACE,1788522396877997.210	,0,NPU:2
2,ATRACE,1788522396977942.920	,0,NPU:2
2,ATRACE,1788522397077970.710	,0,NPU:2
2,ATRACE,1788522397177936.970	,0,NPU:2
2,ATRACE,1788522397277933.350	,0,NPU:2
2,ATRACE,1788522397377993.820	,0,NPU:2
2,ATRACE,1788522397477951.390	,0,NPU:2
2,ATRACE,1788522397577956.900	,0,NPU:2
2,ATRACE,1788522397677924.020	,0,NPU:2
2,ATRACE,1788522397777934.420	,0,NPU:2
2,ATRACE,1788522397877963.890	,0,NPU:2
2,ATRACE,1788522397977969.880	,0,NPU:2
2,ATRACE,1788522398077954.400	,0,NPU:2
2,ATRACE,1788522398177927.840	,0,NPU:2
2,ATRACE,1788522398277921.670	,0,NPU:2
2,ATRACE,1788522398377958.450	,0,NPU:2
2,ATRACE,1788522398477974.110	,0,NPU:2
2,ATRACE,1788522398577953.640	,0,NPU:2
2,ATRACE,1788522398677911.610	,0,NPU:2
2,ATRACE,1788522398777930.720	,0,NPU:2
2,ATRACE,1788522398877925.070	,0,NPU:2
2,ATRACE,1788522398978009.620	,0,NPU:2
2,ATRACE,1788522399077942.860	,0,NPU:2
2,ATRACE,1788522399177944.700	,0,NPU:2
2,ATRACE,1788522399277916.870	,0,NPU:2
2,ATRACE,1788522399377916.990	,0,NPU:2
2,ATRACE,1788522399477993.320	,0,NPU:2
2,ATRACE,1788522399577921.240	,0,NPU:2
2,ATRACE,1788522399677921.770	,0,NPU:2
2,ATRACE,1788522399777919.970	,0,NPU:2
2,ATRACE,1788522399877912.580	,0,NPU:2
2,ATRACE,1788522399977983.870	,0,NPU:2
2,ATRACE,1788522400077927.200	,0,NPU:2
2,ATRACE,1788522400177927.440	,0,NPU:2
2,ATRACE,1788522400277926.000	,0,NPU:2
2,ATRACE,1788522400377927.760	,0,NPU:2
2,ATRACE,1788522400477988.310	,0,NPU:2
2,ATRACE,1788522400577934.210	,0,NPU:2
2,ATRACE,1788522400677909.290	,0,NPU:2
2,ATRACE,1788522400777918.620	,0,NPU:2
2,ATRACE,1788522400877909.760	,0,NPU:2
2,ATRACE,1788522400977969.760	,0,NPU:2
2,ATRACE,1788522401077942.050	,0,NPU:2
2,ATRACE,1788522401177920.180	,0,NPU:2
2,ATRACE,1788522401277910.480	,0,NPU:2
2,ATRACE,1788522401377925.770	,0,NPU:2
2,ATRACE,1788522401477900.310	,0,NPU:2
2,ATRACE,1788522401577954.960	,0,NPU:2
2,ATRACE,1788522401677921.360	,0,NPU:2
2,ATRACE,1788522401777916.770	,0,NPU:2
2,ATRACE,1788522401877925.470	,0,NPU:2
2,ATRACE,1788522401977916.920	,0,NPU:2
2,ATRACE,1788522402077974.830	,0,NPU:2
2,ATRACE,1788522402177902.680	,0,NPU:2
2,ATRACE,1788522402277918.870	,0,NPU:2
2,ATRACE,1788522402377922.760	,0,NPU:2
2,ATRACE,1788522402477903.590	,0,NPU:2
2,ATRACE,1788522402577942.340	,0,NPU:2
2,ATRACE,1788522402677919.030	,0,NPU:2
2,ATRACE,1788522402777911.780	,0,NPU:2
2,ATRACE,1788522402877922.630	,0,NPU:2
2,ATRACE,1788522402977905.570	,0,NPU:2
2,ATRACE,1788522403077934.900	,0,NPU:2
2,ATRACE,1788522403177942.120	,0,NPU:2
2,ATRACE,1788522403277908.370	,0,NPU:2
2,ATRACE,1788522403377927.360	,0,NPU:2
2,ATRACE,1788522403477900.620	,0,NPU:2
2,ATRACE,1788522403577899.530	,0,NPU:2
2,ATRACE,1788522403677942.630	,0,NPU:2
2,ATRACE,1788522403777925.020	,0,NPU:2
2,ATRACE,1788522403877912.590	,0,NPU:2
2,ATRACE,1788522403977901.400	,0,NPU:2
2,ATRACE,1788522404077891.260	,0,NPU:2
2,ATRACE,1788522404177954.260	,0,NPU:2
2,ATRACE,1788522404277915.290	,0,NPU:2
2,ATRACE,1788522404377906.970	,0,NPU:2
2,ATRACE,1788522404477897.920	,0,NPU:2
2,ATRACE,1788522404577890.250	,0,NPU:2
2,ATRACE,1788522404677934.570	,0,NPU:2
2,ATRACE,1788522404777930.310	,0,NPU:2
2,ATRACE,1788522404877897.690	,0,NPU:2
2,ATRACE,1788522404977898.970	,0,NPU:2
2,ATRACE,1788522405077895.540	,0,NPU:2
2,ATRACE,1788522405177902.050	,0,NPU:2
2,ATRACE,1788522405277949.200	,0,NPU:2
2,ATRACE,1788522405377893.890	,0,NPU:2
2,ATRACE,1788522405477907.290	,0,NPU:2
2,ATRACE,1788522405577893.850	,0,NPU:2
2,ATRACE,1788522405677886.100	,0,NPU:2
2,ATRACE,1788522405777954.290	,0,NPU:2
2,ATRACE,1788522405877885.890	,0,NPU:2
2,ATRACE,1788522405977898.270	,0,NPU:2
2,ATRACE,1788522406077889.750	,0,NPU:2
2,ATRACE,1788522406177915.880	,0,NPU:2
2,ATRACE,1788522406277936.440	,0,NPU:2
2,ATRACE,1788522406377897.670	,0,NPU:2
2,ATRACE,1788522406477888.140	,0,NPU:2
2,ATRACE,1788522406577897.320	,0,NPU:2
2,ATRACE,1788522406677907.770	,0,NPU:2
2,ATRACE,1788522406777934.210	,0,NPU:2
2,ATRACE,1788522406877907.300	,0,NPU:2
2,ATRACE,1788522406977909.710	,0,NPU:2
2,ATRACE,1788522407077929.020	,0,NPU:2
2,ATRACE,1788522407177909.460	,0,NPU:2
2,ATRACE,1788522407277917.990	,0,NPU:2
2,ATRACE,1788522407377925.380	,0,NPU:2
2,ATRACE,1788522407477894.670	,0,NPU:2
2,ATRACE,1788522407577895.450	,0,NPU:2
2,ATRACE,1788522407677906.380	,0,NPU:2
2,ATRACE,1788522407777884.020	,0,NPU:2
2,ATRACE,1788522407877934.230	,0,NPU:2
2,ATRACE,1788522407977893.050	,0,NPU:2
2,ATRACE,1788522408077898.630	,0,NPU:2
2,ATRACE,1788522408177899.180	,0,NPU:2
2,ATRACE,1788522408277883.110	,0,NPU:2
2,ATRACE,1788522408377926.070	,0,NPU:2
2,ATRACE,1788522408477888.490	,0,NPU:2
2,ATRACE,1788522408577895.200	,0,NPU:2
2,ATRACE,1788522408677906.390	,0,NPU:2
2,ATRACE,1788522408777886.940	,0,NPU:2
2,ATRACE,1788522408877899.720	,0,NPU:2
2,ATRACE,1788522408977919.030	,0,NPU:2
2,ATRACE,1788522409077900.950	,0,NPU:2
2,ATRACE,1788522409177920.590	,0,NPU:2
2,ATRACE,1788522409277903.090	,0,NPU:2
2,ATRACE,1788522409377939.190	,0,NPU:2
2,ATRACE,1788522409477940.020	,0,NPU:2
2,ATRACE,1788522409577925.070	,0,NPU:2
2,ATRACE,1788522409677913.390	,0,NPU:2
2,ATRACE,1788522409778505.600	,0,NPU:2
2,ATRACE,1788522409877880.650	,0,NPU:2
2,ATRACE,1788522409884448.780	,0,NPU:2
2,RTC,1788522391078023.490	,0,NPU:2
2,RTC,1788522391177937.070	,0,NPU:2
2,RTC,1788522391277935.640	,0,NPU:2
2,RTC,1788522391377927.650	,0,NPU:2
2,RTC,1788522391477926.110	,0,NPU:2
2,RTC,1788522391577931.290	,0,NPU:2
2,RTC,1788522391677920.690	,0,NPU:2
2,RTC,1788522391777924.450	,0,NPU:2
2,RTC,1788522391877922.070	,0,NPU:2
2,RTC,1788522391977925.940	,0,NPU:2
2,RTC,1788522392077937.630	,0,NPU:2
2,RTC,1788522392177916.260	,0,NPU:2
2,RTC,1788522392277917.700	,0,NPU:2
2,RTC,1788522392377914.280	,0,NPU:2
2,RTC,1788522392477913.470	,0,NPU:2
2,RTC,1788522392577913.330	,0,NPU:2
2,RTC,1788522392677914.200	,0,NPU:2
2,RTC,1788522392777911.600	,0,NPU:2
2,RTC,1788522392877912.410	,0,NPU:2
2,RTC,1788522392978016.170	,0,NPU:2
2,RTC,1788522393077977.060	,0,NPU:2
2,RTC,1788522393177974.590	,0,NPU:2
2,RTC,1788522393277964.030	,0,NPU:2
2,RTC,1788522393377945.550	,0,NPU:2
2,RTC,1788522393477976.680	,0,NPU:2
2,RTC,1788522393577984.080	,0,NPU:2
2,RTC,1788522393677968.900	,0,NPU:2
2,RTC,1788522393777954.940	,0,NPU:2
2,RTC,1788522393877942.990	,0,NPU:2
2,RTC,1788522393977961.280	,0,NPU:2
2,RTC,1788522394078013.090	,0,NPU:2
2,RTC,1788522394177974.520	,0,NPU:2
2,RTC,1788522394277964.210	,0,NPU:2
2,RTC,1788522394377950.280	,0,NPU:2
2,RTC,1788522394477952.390	,0,NPU:2
2,RTC,1788522394578016.640	,0,NPU:2
2,RTC,1788522394677977.300	,0,NPU:2
2,RTC,1788522394777969.400	,0,NPU:2
2,RTC,1788522394877962.180	,0,NPU:2
2,RTC,1788522394977965.600	,0,NPU:2
2,RTC,1788522395078008.720	,0,NPU:2
2,RTC,1788522395177977.430	,0,NPU:2
2,RTC,1788522395277957.970	,0,NPU:2
2,RTC,1788522395377930.270	,0,NPU:2
2,RTC,1788522395477921.620	,0,NPU:2
2,RTC,1788522395577936.500	,0,NPU:2
2,RTC,1788522395678003.450	,0,NPU:2
2,RTC,1788522395777928.150	,0,NPU:2
2,RTC,1788522395877927.960	,0,NPU:2
2,RTC,1788522395977921.590	,0,NPU:2
2,RTC,1788522396077916.940	,0,NPU:2
2,RTC,1788522396177923.490	,0,NPU:2
2,RTC,1788522396277996.560	,0,NPU:2
2,RTC,1788522396377924.140	,0,NPU:2
2,RTC,1788522396477922.640	,0,NPU:2
2,RTC,1788522396577981.300	,0,NPU:2
2,RTC,1788522396677932.570	,0,NPU:2
2,RTC,1788522396777925.720	,0,NPU:2
2,RTC,1788522396877997.210	,0,NPU:2
2,RTC,1788522396977942.920	,0,NPU:2
2,RTC,1788522397077970.710	,0,NPU:2
2,RTC,1788522397177936.970	,0,NPU:2
2,RTC,1788522397277933.350	,0,NPU:2
2,RTC,1788522397377993.820	,0,NPU:2
2,RTC,1788522397477951.390	,0,NPU:2
2,RTC,1788522397577956.900	,0,NPU:2
2,RTC,1788522397677924.020	,0,NPU:2
2,RTC,1788522397777934.420	,0,NPU:2
2,RTC,1788522397877963.890	,0,NPU:2
2,RTC,1788522397977969.880	,0,NPU:2
2,RTC,1788522398077954.400	,0,NPU:2
2,RTC,1788522398177927.840	,0,NPU:2
2,RTC,1788522398277921.670	,0,NPU:2
2,RTC,1788522398377958.450	,0,NPU:2
2,RTC,1788522398477974.110	,0,NPU:2
2,RTC,1788522398577953.640	,0,NPU:2
2,RTC,1788522398677911.610	,0,NPU:2
2,RTC,1788522398777930.720	,0,NPU:2
2,RTC,1788522398877925.070	,0,NPU:2
2,RTC,1788522398978009.620	,0,NPU:2
2,RTC,1788522399077942.860	,0,NPU:2
2,RTC,1788522399177944.700	,0,NPU:2
2,RTC,1788522399277916.870	,0,NPU:2
2,RTC,1788522399377916.990	,0,NPU:2
2,RTC,1788522399477993.320	,0,NPU:2
2,RTC,1788522399577921.240	,0,NPU:2
2,RTC,1788522399677921.770	,0,NPU:2
2,RTC,1788522399777919.970	,0,NPU:2
2,RTC,1788522399877912.580	,0,NPU:2
2,RTC,1788522399977983.870	,0,NPU:2
2,RTC,1788522400077927.200	,0,NPU:2
2,RTC,1788522400177927.440	,0,NPU:2
2,RTC,1788522400277926.000	,0,NPU:2
2,RTC,1788522400377927.760	,0,NPU:2
2,RTC,1788522400477988.310	,0,NPU:2
2,RTC,1788522400577934.210	,0,NPU:2
2,RTC,1788522400677909.290	,0,NPU:2
2,RTC,1788522400777918.620	,0,NPU:2
2,RTC,1788522400877909.760	,0,NPU:2
2,RTC,1788522400977969.760	,0,NPU:2
2,RTC,1788522401077942.050	,0,NPU:2
2,RTC,1788522401177920.180	,0,NPU:2
2,RTC,1788522401277910.480	,0,NPU:2
2,RTC,1788522401377925.770	,0,NPU:2
2,RTC,1788522401477900.310	,0,NPU:2
2,RTC,1788522401577954.960	,0,NPU:2
2,RTC,1788522401677921.360	,0,NPU:2
2,RTC,1788522401777916.770	,0,NPU:2
2,RTC,1788522401877925.470	,0,NPU:2
2,RTC,1788522401977916.920	,0,NPU:2
2,RTC,1788522402077974.830	,0,NPU:2
2,RTC,1788522402177902.680	,0,NPU:2
2,RTC,1788522402277918.870	,0,NPU:2
2,RTC,1788522402377922.760	,0,NPU:2
2,RTC,1788522402477903.590	,0,NPU:2
2,RTC,1788522402577942.340	,0,NPU:2
2,RTC,1788522402677919.030	,0,NPU:2
2,RTC,1788522402777911.780	,0,NPU:2
2,RTC,1788522402877922.630	,0,NPU:2
2,RTC,1788522402977905.570	,0,NPU:2
2,RTC,1788522403077934.900	,0,NPU:2
2,RTC,1788522403177942.120	,0,NPU:2
2,RTC,1788522403277908.370	,0,NPU:2
2,RTC,1788522403377927.360	,0,NPU:2
2,RTC,1788522403477900.620	,0,NPU:2
2,RTC,1788522403577899.530	,0,NPU:2
2,RTC,1788522403677942.630	,0,NPU:2
2,RTC,1788522403777925.020	,0,NPU:2
2,RTC,1788522403877912.590	,0,NPU:2
2,RTC,1788522403977901.400	,0,NPU:2
2,RTC,1788522404077891.260	,0,NPU:2
2,RTC,1788522404177954.260	,0,NPU:2
2,RTC,1788522404277915.290	,0,NPU:2
2,RTC,1788522404377906.970	,0,NPU:2
2,RTC,1788522404477897.920	,0,NPU:2
2,RTC,1788522404577890.250	,0,NPU:2
2,RTC,1788522404677934.570	,0,NPU:2
2,RTC,1788522404777930.310	,0,NPU:2
2,RTC,1788522404877897.690	,0,NPU:2
2,RTC,1788522404977898.970	,0,NPU:2
2,RTC,1788522405077895.540	,0,NPU:2
2,RTC,1788522405177902.050	,0,NPU:2
2,RTC,1788522405277949.200	,0,NPU:2
2,RTC,1788522405377893.890	,0,NPU:2
2,RTC,1788522405477907.290	,0,NPU:2
2,RTC,1788522405577893.850	,0,NPU:2
2,RTC,1788522405677886.100	,0,NPU:2
2,RTC,1788522405777954.290	,0,NPU:2
2,RTC,1788522405877885.890	,0,NPU:2
2,RTC,1788522405977898.270	,0,NPU:2
2,RTC,1788522406077889.750	,0,NPU:2
2,RTC,1788522406177915.880	,0,NPU:2
2,RTC,1788522406277936.440	,0,NPU:2
2,RTC,1788522406377897.670	,0,NPU:2
2,RTC,1788522406477888.140	,0,NPU:2
2,RTC,1788522406577897.320	,0,NPU:2
2,RTC,1788522406677907.770	,0,NPU:2
2,RTC,1788522406777934.210	,0,NPU:2
2,RTC,1788522406877907.300	,0,NPU:2
2,RTC,1788522406977909.710	,0,NPU:2
2,RTC,1788522407077929.020	,0,NPU:2
2,RTC,1788522407177909.460	,0,NPU:2
2,RTC,1788522407277917.990	,0,NPU:2
2,RTC,1788522407377925.380	,0,NPU:2
2,RTC,1788522407477894.670	,0,NPU:2
2,RTC,1788522407577895.450	,0,NPU:2
2,RTC,1788522407677906.380	,0,NPU:2
2,RTC,1788522407777884.020	,0,NPU:2
2,RTC,1788522407877934.230	,0,NPU:2
2,RTC,1788522407977893.050	,0,NPU:2
2,RTC,1788522408077898.630	,0,NPU:2
2,RTC,1788522408177899.180	,0,NPU:2
2,RTC,1788522408277883.110	,0,NPU:2
2,RTC,1788522408377926.070	,0,NPU:2
2,RTC,1788522408477888.490	,0,NPU:2
2,RTC,1788522408577895.200	,0,NPU:2
2,RTC,1788522408677906.390	,0,NPU:2
2,RTC,1788522408777886.940	,0,NPU:2
2,RTC,1788522408877899.720	,0,NPU:2
2,RTC,1788522408977919.030	,0,NPU:2
2,RTC,1788522409077900.950	,0,NPU:2
2,RTC,1788522409177920.590	,0,NPU:2
2,RTC,1788522409277903.090	,0,NPU:2
2,RTC,1788522409377939.190	,0,NPU:2
2,RTC,1788522409477940.020	,0,NPU:2
2,RTC,1788522409577925.070	,0,NPU:2
2,RTC,1788522409677913.390	,0,NPU:2
2,RTC,1788522409778505.600	,0,NPU:2
2,RTC,1788522409877880.650	,0,NPU:2
2,RTC,1788522409884448.780	,0,NPU:2
2,SYSMONITOR,1788522391078023.490	,0,NPU:2
2,SYSMONITOR,1788522391177937.070	,0,NPU:2
2,SYSMONITOR,1788522391277935.640	,0,NPU:2
2,SYSMONITOR,1788522391377927.650	,0,NPU:2
2,SYSMONITOR,1788522391477926.110	,0,NPU:2
2,SYSMONITOR,1788522391577931.290	,0,NPU:2
2,SYSMONITOR,1788522391677920.690	,0,NPU:2
2,SYSMONITOR,1788522391777924.450	,0,NPU:2
2,SYSMONITOR,1788522391877922.070	,0,NPU:2
2,SYSMONITOR,1788522391977925.940	,0,NPU:2
2,SYSMONITOR,1788522392077937.630	,0,NPU:2
2,SYSMONITOR,1788522392177916.260	,0,NPU:2
2,SYSMONITOR,1788522392277917.700	,0,NPU:2
2,SYSMONITOR,1788522392377914.280	,0,NPU:2
2,SYSMONITOR,1788522392477913.470	,0,NPU:2
2,SYSMONITOR,1788522392577913.330	,0,NPU:2
2,SYSMONITOR,1788522392677914.200	,0,NPU:2
2,SYSMONITOR,1788522392777911.600	,0,NPU:2
2,SYSMONITOR,1788522392877912.410	,0,NPU:2
2,SYSMONITOR,1788522392978016.170	,0,NPU:2
2,SYSMONITOR,1788522393077977.060	,0,NPU:2
2,SYSMONITOR,1788522393177974.590	,0,NPU:2
2,SYSMONITOR,1788522393277964.030	,0,NPU:2
2,SYSMONITOR,1788522393377945.550	,0,NPU:2
2,SYSMONITOR,1788522393477976.680	,0,NPU:2
2,SYSMONITOR,1788522393577984.080	,0,NPU:2
2,SYSMONITOR,1788522393677968.900	,0,NPU:2
2,SYSMONITOR,1788522393777954.940	,0,NPU:2
2,SYSMONITOR,1788522393877942.990	,0,NPU:2
2,SYSMONITOR,1788522393977961.280	,0,NPU:2
2,SYSMONITOR,1788522394078013.090	,0,NPU:2
2,SYSMONITOR,1788522394177974.520	,0,NPU:2
2,SYSMONITOR,1788522394277964.210	,0,NPU:2
2,SYSMONITOR,1788522394377950.280	,0,NPU:2
2,SYSMONITOR,1788522394477952.390	,0,NPU:2
2,SYSMONITOR,1788522394578016.640	,0,NPU:2
2,SYSMONITOR,1788522394677977.300	,0,NPU:2
2,SYSMONITOR,1788522394777969.400	,0,NPU:2
2,SYSMONITOR,1788522394877962.180	,0,NPU:2
2,SYSMONITOR,1788522394977965.600	,0,NPU:2
2,SYSMONITOR,1788522395078008.720	,0,NPU:2
2,SYSMONITOR,1788522395177977.430	,0,NPU:2
2,SYSMONITOR,1788522395277957.970	,0,NPU:2
2,SYSMONITOR,1788522395377930.270	,0,NPU:2
2,SYSMONITOR,1788522395477921.620	,0,NPU:2
2,SYSMONITOR,1788522395577936.500	,0,NPU:2
2,SYSMONITOR,1788522395678003.450	,0,NPU:2
2,SYSMONITOR,1788522395777928.150	,0,NPU:2
2,SYSMONITOR,1788522395877927.960	,0,NPU:2
2,SYSMONITOR,1788522395977921.590	,0,NPU:2
2,SYSMONITOR,1788522396077916.940	,0,NPU:2
2,SYSMONITOR,1788522396177923.490	,0,NPU:2
2,SYSMONITOR,1788522396277996.560	,0,NPU:2
2,SYSMONITOR,1788522396377924.140	,0,NPU:2
2,SYSMONITOR,1788522396477922.640	,0,NPU:2
2,SYSMONITOR,1788522396577981.300	,0,NPU:2
2,SYSMONITOR,1788522396677932.570	,0,NPU:2
2,SYSMONITOR,1788522396777925.720	,0,NPU:2
2,SYSMONITOR,1788522396877997.210	,0,NPU:2
2,SYSMONITOR,1788522396977942.920	,0,NPU:2
2,SYSMONITOR,1788522397077970.710	,0,NPU:2
2,SYSMONITOR,1788522397177936.970	,0,NPU:2
2,SYSMONITOR,1788522397277933.350	,0,NPU:2
2,SYSMONITOR,1788522397377993.820	,0,NPU:2
2,SYSMONITOR,1788522397477951.390	,0,NPU:2
2,SYSMONITOR,1788522397577956.900	,0,NPU:2
2,SYSMONITOR,1788522397677924.020	,0,NPU:2
2,SYSMONITOR,1788522397777934.420	,0,NPU:2
2,SYSMONITOR,1788522397877963.890	,0,NPU:2
2,SYSMONITOR,1788522397977969.880	,0,NPU:2
2,SYSMONITOR,1788522398077954.400	,0,NPU:2
2,SYSMONITOR,1788522398177927.840	,0,NPU:2
2,SYSMONITOR,1788522398277921.670	,0,NPU:2
2,SYSMONITOR,1788522398377958.450	,0,NPU:2
2,SYSMONITOR,1788522398477974.110	,0,NPU:2
2,SYSMONITOR,1788522398577953.640	,0,NPU:2
2,SYSMONITOR,1788522398677911.610	,0,NPU:2
2,SYSMONITOR,1788522398777930.720	,0,NPU:2
2,SYSMONITOR,1788522398877925.070	,0,NPU:2
2,SYSMONITOR,1788522398978009.620	,0,NPU:2
2,SYSMONITOR,1788522399077942.860	,0,NPU:2
2,SYSMONITOR,1788522399177944.700	,0,NPU:2
2,SYSMONITOR,1788522399277916.870	,0,NPU:2
2,SYSMONITOR,1788522399377916.990	,0,NPU:2
2,SYSMONITOR,1788522399477993.320	,0,NPU:2
2,SYSMONITOR,1788522399577921.240	,0,NPU:2
2,SYSMONITOR,1788522399677921.770	,0,NPU:2
2,SYSMONITOR,1788522399777919.970	,0,NPU:2
2,SYSMONITOR,1788522399877912.580	,0,NPU:2
2,SYSMONITOR,1788522399977983.870	,0,NPU:2
2,SYSMONITOR,1788522400077927.200	,0,NPU:2
2,SYSMONITOR,1788522400177927.440	,0,NPU:2
2,SYSMONITOR,1788522400277926.000	,0,NPU:2
2,SYSMONITOR,1788522400377927.760	,0,NPU:2
2,SYSMONITOR,1788522400477988.310	,0,NPU:2
2,SYSMONITOR,1788522400577934.210	,0,NPU:2
2,SYSMONITOR,1788522400677909.290	,0,NPU:2
2,SYSMONITOR,1788522400777918.620	,0,NPU:2
2,SYSMONITOR,1788522400877909.760	,0,NPU:2
2,SYSMONITOR,1788522400977969.760	,0,NPU:2
2,SYSMONITOR,1788522401077942.050	,0,NPU:2
2,SYSMONITOR,1788522401177920.180	,0,NPU:2
2,SYSMONITOR,1788522401277910.480	,0,NPU:2
2,SYSMONITOR,1788522401377925.770	,0,NPU:2
2,SYSMONITOR,1788522401477900.310	,0,NPU:2
2,SYSMONITOR,1788522401577954.960	,0,NPU:2
2,SYSMONITOR,1788522401677921.360	,0,NPU:2
2,SYSMONITOR,1788522401777916.770	,0,NPU:2
2,SYSMONITOR,1788522401877925.470	,0,NPU:2
2,SYSMONITOR,1788522401977916.920	,0,NPU:2
2,SYSMONITOR,1788522402077974.830	,0,NPU:2
2,SYSMONITOR,1788522402177902.680	,0,NPU:2
2,SYSMONITOR,1788522402277918.870	,0,NPU:2
2,SYSMONITOR,1788522402377922.760	,0,NPU:2
2,SYSMONITOR,1788522402477903.590	,0,NPU:2
2,SYSMONITOR,1788522402577942.340	,0,NPU:2
2,SYSMONITOR,1788522402677919.030	,0,NPU:2
2,SYSMONITOR,1788522402777911.780	,0,NPU:2
2,SYSMONITOR,1788522402877922.630	,0,NPU:2
2,SYSMONITOR,1788522402977905.570	,0,NPU:2
2,SYSMONITOR,1788522403077934.900	,0,NPU:2
2,SYSMONITOR,1788522403177942.120	,0,NPU:2
2,SYSMONITOR,1788522403277908.370	,0,NPU:2
2,SYSMONITOR,1788522403377927.360	,0,NPU:2
2,SYSMONITOR,1788522403477900.620	,0,NPU:2
2,SYSMONITOR,1788522403577899.530	,0,NPU:2
2,SYSMONITOR,1788522403677942.630	,0,NPU:2
2,SYSMONITOR,1788522403777925.020	,0,NPU:2
2,SYSMONITOR,1788522403877912.590	,0,NPU:2
2,SYSMONITOR,1788522403977901.400	,0,NPU:2
2,SYSMONITOR,1788522404077891.260	,0,NPU:2
2,SYSMONITOR,1788522404177954.260	,0,NPU:2
2,SYSMONITOR,1788522404277915.290	,0,NPU:2
2,SYSMONITOR,1788522404377906.970	,0,NPU:2
2,SYSMONITOR,1788522404477897.920	,0,NPU:2
2,SYSMONITOR,1788522404577890.250	,0,NPU:2
2,SYSMONITOR,1788522404677934.570	,0,NPU:2
2,SYSMONITOR,1788522404777930.310	,0,NPU:2
2,SYSMONITOR,1788522404877897.690	,0,NPU:2
2,SYSMONITOR,1788522404977898.970	,0,NPU:2
2,SYSMONITOR,1788522405077895.540	,0,NPU:2
2,SYSMONITOR,1788522405177902.050	,0,NPU:2
2,SYSMONITOR,1788522405277949.200	,0,NPU:2
2,SYSMONITOR,1788522405377893.890	,0,NPU:2
2,SYSMONITOR,1788522405477907.290	,0,NPU:2
2,SYSMONITOR,1788522405577893.850	,0,NPU:2
2,SYSMONITOR,1788522405677886.100	,0,NPU:2
2,SYSMONITOR,1788522405777954.290	,0,NPU:2
2,SYSMONITOR,1788522405877885.890	,0,NPU:2
2,SYSMONITOR,1788522405977898.270	,0,NPU:2
2,SYSMONITOR,1788522406077889.750	,0,NPU:2
2,SYSMONITOR,1788522406177915.880	,0,NPU:2
2,SYSMONITOR,1788522406277936.440	,0,NPU:2
2,SYSMONITOR,1788522406377897.670	,0,NPU:2
2,SYSMONITOR,1788522406477888.140	,0,NPU:2
2,SYSMONITOR,1788522406577897.320	,0,NPU:2
2,SYSMONITOR,1788522406677907.770	,0,NPU:2
2,SYSMONITOR,1788522406777934.210	,0,NPU:2
2,SYSMONITOR,1788522406877907.300	,0,NPU:2
2,SYSMONITOR,1788522406977909.710	,0,NPU:2
2,SYSMONITOR,1788522407077929.020	,0,NPU:2
2,SYSMONITOR,1788522407177909.460	,0,NPU:2
2,SYSMONITOR,1788522407277917.990	,0,NPU:2
2,SYSMONITOR,1788522407377925.380	,0,NPU:2
2,SYSMONITOR,1788522407477894.670	,0,NPU:2
2,SYSMONITOR,1788522407577895.450	,0,NPU:2
2,SYSMONITOR,1788522407677906.380	,0,NPU:2
2,SYSMONITOR,1788522407777884.020	,0,NPU:2
2,SYSMONITOR,1788522407877934.230	,0,NPU:2
2,SYSMONITOR,1788522407977893.050	,0,NPU:2
2,SYSMONITOR,1788522408077898.630	,0,NPU:2
2,SYSMONITOR,1788522408177899.180	,0,NPU:2
2,SYSMONITOR,1788522408277883.110	,0,NPU:2
2,SYSMONITOR,1788522408377926.070	,0,NPU:2
2,SYSMONITOR,1788522408477888.490	,0,NPU:2
2,SYSMONITOR,1788522408577895.200	,0,NPU:2
2,SYSMONITOR,1788522408677906.390	,0,NPU:2
2,SYSMONITOR,1788522408777886.940	,0,NPU:2
2,SYSMONITOR,1788522408877899.720	,0,NPU:2
2,SYSMONITOR,1788522408977919.030	,0,NPU:2
2,SYSMONITOR,1788522409077900.950	,0,NPU:2
2,SYSMONITOR,1788522409177920.590	,0,NPU:2
2,SYSMONITOR,1788522409277903.090	,0,NPU:2
2,SYSMONITOR,1788522409377939.190	,0,NPU:2
2,SYSMONITOR,1788522409477940.020	,0,NPU:2
2,SYSMONITOR,1788522409577925.070	,0,NPU:2
2,SYSMONITOR,1788522409677913.390	,0,NPU:2
2,SYSMONITOR,1788522409778505.600	,0,NPU:2
2,SYSMONITOR,1788522409877880.650	,0,NPU:2
2,SYSMONITOR,1788522409884448.780	,0,NPU:2
2,MBUFF,1788522391078023.490	,0,NPU:2
2,MBUFF,1788522391177937.070	,0,NPU:2
2,MBUFF,1788522391277935.640	,0,NPU:2
2,MBUFF,1788522391377927.650	,0,NPU:2
2,MBUFF,1788522391477926.110	,0,NPU:2
2,MBUFF,1788522391577931.290	,0,NPU:2
2,MBUFF,1788522391677920.690	,0,NPU:2
2,MBUFF,1788522391777924.450	,0,NPU:2
2,MBUFF,1788522391877922.070	,0,NPU:2
2,MBUFF,1788522391977925.940	,0,NPU:2
2,MBUFF,1788522392077937.630	,0,NPU:2
2,MBUFF,1788522392177916.260	,0,NPU:2
2,MBUFF,1788522392277917.700	,0,NPU:2
2,MBUFF,1788522392377914.280	,0,NPU:2
2,MBUFF,1788522392477913.470	,0,NPU:2
2,MBUFF,1788522392577913.330	,0,NPU:2
2,MBUFF,1788522392677914.200	,0,NPU:2
2,MBUFF,1788522392777911.600	,0,NPU:2
2,MBUFF,1788522392877912.410	,0,NPU:2
2,MBUFF,1788522392978016.170	,0,NPU:2
2,MBUFF,1788522393077977.060	,0,NPU:2
2,MBUFF,1788522393177974.590	,0,NPU:2
2,MBUFF,1788522393277964.030	,0,NPU:2
2,MBUFF,1788522393377945.550	,0,NPU:2
2,MBUFF,1788522393477976.680	,0,NPU:2
2,MBUFF,1788522393577984.080	,0,NPU:2
2,MBUFF,1788522393677968.900	,0,NPU:2
2,MBUFF,1788522393777954.940	,0,NPU:2
2,MBUFF,1788522393877942.990	,0,NPU:2
2,MBUFF,1788522393977961.280	,0,NPU:2
2,MBUFF,1788522394078013.090	,0,NPU:2
2,MBUFF,1788522394177974.520	,0,NPU:2
2,MBUFF,1788522394277964.210	,0,NPU:2
2,MBUFF,1788522394377950.280	,0,NPU:2
2,MBUFF,1788522394477952.390	,0,NPU:2
2,MBUFF,1788522394578016.640	,0,NPU:2
2,MBUFF,1788522394677977.300	,0,NPU:2
2,MBUFF,1788522394777969.400	,0,NPU:2
2,MBUFF,1788522394877962.180	,0,NPU:2
2,MBUFF,1788522394977965.600	,0,NPU:2
2,MBUFF,1788522395078008.720	,0,NPU:2
2,MBUFF,1788522395177977.430	,0,NPU:2
2,MBUFF,1788522395277957.970	,0,NPU:2
2,MBUFF,1788522395377930.270	,0,NPU:2
2,MBUFF,1788522395477921.620	,0,NPU:2
2,MBUFF,1788522395577936.500	,0,NPU:2
2,MBUFF,1788522395678003.450	,0,NPU:2
2,MBUFF,1788522395777928.150	,0,NPU:2
2,MBUFF,1788522395877927.960	,0,NPU:2
2,MBUFF,1788522395977921.590	,0,NPU:2
2,MBUFF,1788522396077916.940	,0,NPU:2
2,MBUFF,1788522396177923.490	,0,NPU:2
2,MBUFF,1788522396277996.560	,0,NPU:2
2,MBUFF,1788522396377924.140	,0,NPU:2
2,MBUFF,1788522396477922.640	,0,NPU:2
2,MBUFF,1788522396577981.300	,0,NPU:2
2,MBUFF,1788522396677932.570	,0,NPU:2
2,MBUFF,1788522396777925.720	,0,NPU:2
2,MBUFF,1788522396877997.210	,0,NPU:2
2,MBUFF,1788522396977942.920	,0,NPU:2
2,MBUFF,1788522397077970.710	,0,NPU:2
2,MBUFF,1788522397177936.970	,0,NPU:2
2,MBUFF,1788522397277933.350	,0,NPU:2
2,MBUFF,1788522397377993.820	,0,NPU:2
2,MBUFF,1788522397477951.390	,0,NPU:2
2,MBUFF,1788522397577956.900	,0,NPU:2
2,MBUFF,1788522397677924.020	,0,NPU:2
2,MBUFF,1788522397777934.420	,0,NPU:2
2,MBUFF,1788522397877963.890	,0,NPU:2
2,MBUFF,1788522397977969.880	,0,NPU:2
2,MBUFF,1788522398077954.400	,0,NPU:2
2,MBUFF,1788522398177927.840	,0,NPU:2
2,MBUFF,1788522398277921.670	,0,NPU:2
2,MBUFF,1788522398377958.450	,0,NPU:2
2,MBUFF,1788522398477974.110	,0,NPU:2
2,MBUFF,1788522398577953.640	,0,NPU:2
2,MBUFF,1788522398677911.610	,0,NPU:2
2,MBUFF,1788522398777930.720	,0,NPU:2
2,MBUFF,1788522398877925.070	,0,NPU:2
2,MBUFF,1788522398978009.620	,0,NPU:2
2,MBUFF,1788522399077942.860	,0,NPU:2
2,MBUFF,1788522399177944.700	,0,NPU:2
2,MBUFF,1788522399277916.870	,0,NPU:2
2,MBUFF,1788522399377916.990	,0,NPU:2
2,MBUFF,1788522399477993.320	,0,NPU:2
2,MBUFF,1788522399577921.240	,0,NPU:2
2,MBUFF,1788522399677921.770	,0,NPU:2
2,MBUFF,1788522399777919.970	,0,NPU:2
2,MBUFF,1788522399877912.580	,0,NPU:2
2,MBUFF,1788522399977983.870	,0,NPU:2
2,MBUFF,1788522400077927.200	,0,NPU:2
2,MBUFF,1788522400177927.440	,0,NPU:2
2,MBUFF,1788522400277926.000	,0,NPU:2
2,MBUFF,1788522400377927.760	,0,NPU:2
2,MBUFF,1788522400477988.310	,0,NPU:2
2,MBUFF,1788522400577934.210	,0,NPU:2
2,MBUFF,1788522400677909.290	,0,NPU:2
2,MBUFF,1788522400777918.620	,0,NPU:2
2,MBUFF,1788522400877909.760	,0,NPU:2
2,MBUFF,1788522400977969.760	,0,NPU:2
2,MBUFF,1788522401077942.050	,0,NPU:2
2,MBUFF,1788522401177920.180	,0,NPU:2
2,MBUFF,1788522401277910.480	,0,NPU:2
2,MBUFF,1788522401377925.770	,0,NPU:2
2,MBUFF,1788522401477900.310	,0,NPU:2
2,MBUFF,1788522401577954.960	,0,NPU:2
2,MBUFF,1788522401677921.360	,0,NPU:2
2,MBUFF,1788522401777916.770	,0,NPU:2
2,MBUFF,1788522401877925.470	,0,NPU:2
2,MBUFF,1788522401977916.920	,0,NPU:2
2,MBUFF,1788522402077974.830	,0,NPU:2
2,MBUFF,1788522402177902.680	,0,NPU:2
2,MBUFF,1788522402277918.870	,0,NPU:2
2,MBUFF,1788522402377922.760	,0,NPU:2
2,MBUFF,1788522402477903.590	,0,NPU:2
2,MBUFF,1788522402577942.340	,0,NPU:2
2,MBUFF,1788522402677919.030	,0,NPU:2
2,MBUFF,1788522402777911.780	,0,NPU:2
2,MBUFF,1788522402877922.630	,0,NPU:2
2,MBUFF,1788522402977905.570	,0,NPU:2
2,MBUFF,1788522403077934.900	,0,NPU:2
2,MBUFF,1788522403177942.120	,0,NPU:2
2,MBUFF,1788522403277908.370	,0,NPU:2
2,MBUFF,1788522403377927.360	,0,NPU:2
2,MBUFF,1788522403477900.620	,0,NPU:2
2,MBUFF,1788522403577899.530	,0,NPU:2
2,MBUFF,1788522403677942.630	,0,NPU:2
2,MBUFF,1788522403777925.020	,0,NPU:2
2,MBUFF,1788522403877912.590	,0,NPU:2
2,MBUFF,1788522403977901.400	,0,NPU:2
2,MBUFF,1788522404077891.260	,0,NPU:2
2,MBUFF,1788522404177954.260	,0,NPU:2
2,MBUFF,1788522404277915.290	,0,NPU:2
2,MBUFF,1788522404377906.970	,0,NPU:2
2,MBUFF,1788522404477897.920	,0,NPU:2
2,MBUFF,1788522404577890.250	,0,NPU:2
2,MBUFF,1788522404677934.570	,0,NPU:2
2,MBUFF,1788522404777930.310	,0,NPU:2
2,MBUFF,1788522404877897.690	,0,NPU:2
2,MBUFF,1788522404977898.970	,0,NPU:2
2,MBUFF,1788522405077895.540	,0,NPU:2
2,MBUFF,1788522405177902.050	,0,NPU:2
2,MBUFF,1788522405277949.200	,0,NPU:2
2,MBUFF,1788522405377893.890	,0,NPU:2
2,MBUFF,1788522405477907.290	,0,NPU:2
2,MBUFF,1788522405577893.850	,0,NPU:2
2,MBUFF,1788522405677886.100	,0,NPU:2
2,MBUFF,1788522405777954.290	,0,NPU:2
2,MBUFF,1788522405877885.890	,0,NPU:2
2,MBUFF,1788522405977898.270	,0,NPU:2
2,MBUFF,1788522406077889.750	,0,NPU:2
2,MBUFF,1788522406177915.880	,0,NPU:2
2,MBUFF,1788522406277936.440	,0,NPU:2
2,MBUFF,1788522406377897.670	,0,NPU:2
2,MBUFF,1788522406477888.140	,0,NPU:2
2,MBUFF,1788522406577897.320	,0,NPU:2
2,MBUFF,1788522406677907.770	,0,NPU:2
2,MBUFF,1788522406777934.210	,0,NPU:2
2,MBUFF,1788522406877907.300	,0,NPU:2
2,MBUFF,1788522406977909.710	,0,NPU:2
2,MBUFF,1788522407077929.020	,0,NPU:2
2,MBUFF,1788522407177909.460	,0,NPU:2
2,MBUFF,1788522407277917.990	,0,NPU:2
2,MBUFF,1788522407377925.380	,0,NPU:2
2,MBUFF,1788522407477894.670	,0,NPU:2
2,MBUFF,1788522407577895.450	,0,NPU:2
2,MBUFF,1788522407677906.380	,0,NPU:2
2,MBUFF,1788522407777884.020	,0,NPU:2
2,MBUFF,1788522407877934.230	,0,NPU:2
2,MBUFF,1788522407977893.050	,0,NPU:2
2,MBUFF,1788522408077898.630	,0,NPU:2
2,MBUFF,1788522408177899.180	,0,NPU:2
2,MBUFF,1788522408277883.110	,0,NPU:2
2,MBUFF,1788522408377926.070	,0,NPU:2
2,MBUFF,1788522408477888.490	,0,NPU:2
2,MBUFF,1788522408577895.200	,0,NPU:2
2,MBUFF,1788522408677906.390	,0,NPU:2
2,MBUFF,1788522408777886.940	,0,NPU:2
2,MBUFF,1788522408877899.720	,0,NPU:2
2,MBUFF,1788522408977919.030	,0,NPU:2
2,MBUFF,1788522409077900.950	,0,NPU:2
2,MBUFF,1788522409177920.590	,0,NPU:2
2,MBUFF,1788522409277903.090	,0,NPU:2
2,MBUFF,1788522409377939.190	,0,NPU:2
2,MBUFF,1788522409477940.020	,0,NPU:2
2,MBUFF,1788522409577925.070	,0,NPU:2
2,MBUFF,1788522409677913.390	,0,NPU:2
2,MBUFF,1788522409778505.600	,0,NPU:2
2,MBUFF,1788522409877880.650	,0,NPU:2
2,MBUFF,1788522409884448.780	,0,NPU:2
2,CUSTOM,1788522391078023.490	,0,NPU:2
2,CUSTOM,1788522391177937.070	,0,NPU:2
2,CUSTOM,1788522391277935.640	,0,NPU:2
2,CUSTOM,1788522391377927.650	,0,NPU:2
2,CUSTOM,1788522391477926.110	,0,NPU:2
2,CUSTOM,1788522391577931.290	,0,NPU:2
2,CUSTOM,1788522391677920.690	,0,NPU:2
2,CUSTOM,1788522391777924.450	,0,NPU:2
2,CUSTOM,1788522391877922.070	,0,NPU:2
2,CUSTOM,1788522391977925.940	,0,NPU:2
2,CUSTOM,1788522392077937.630	,0,NPU:2
2,CUSTOM,1788522392177916.260	,0,NPU:2
2,CUSTOM,1788522392277917.700	,0,NPU:2
2,CUSTOM,1788522392377914.280	,0,NPU:2
2,CUSTOM,1788522392477913.470	,0,NPU:2
2,CUSTOM,1788522392577913.330	,0,NPU:2
2,CUSTOM,1788522392677914.200	,0,NPU:2
2,CUSTOM,1788522392777911.600	,0,NPU:2
2,CUSTOM,1788522392877912.410	,0,NPU:2
2,CUSTOM,1788522392978016.170	,0,NPU:2
2,CUSTOM,1788522393077977.060	,0,NPU:2
2,CUSTOM,1788522393177974.590	,0,NPU:2
2,CUSTOM,1788522393277964.030	,0,NPU:2
2,CUSTOM,1788522393377945.550	,0,NPU:2
2,CUSTOM,1788522393477976.680	,0,NPU:2
2,CUSTOM,1788522393577984.080	,0,NPU:2
2,CUSTOM,1788522393677968.900	,0,NPU:2
2,CUSTOM,1788522393777954.940	,0,NPU:2
2,CUSTOM,1788522393877942.990	,0,NPU:2
2,CUSTOM,1788522393977961.280	,0,NPU:2
2,CUSTOM,1788522394078013.090	,0,NPU:2
2,CUSTOM,1788522394177974.520	,0,NPU:2
2,CUSTOM,1788522394277964.210	,0,NPU:2
2,CUSTOM,1788522394377950.280	,0,NPU:2
2,CUSTOM,1788522394477952.390	,0,NPU:2
2,CUSTOM,1788522394578016.640	,0,NPU:2
2,CUSTOM,1788522394677977.300	,0,NPU:2
2,CUSTOM,1788522394777969.400	,0,NPU:2
2,CUSTOM,1788522394877962.180	,0,NPU:2
2,CUSTOM,1788522394977965.600	,0,NPU:2
2,CUSTOM,1788522395078008.720	,0,NPU:2
2,CUSTOM,1788522395177977.430	,0,NPU:2
2,CUSTOM,1788522395277957.970	,0,NPU:2
2,CUSTOM,1788522395377930.270	,0,NPU:2
2,CUSTOM,1788522395477921.620	,0,NPU:2
2,CUSTOM,1788522395577936.500	,0,NPU:2
2,CUSTOM,1788522395678003.450	,0,NPU:2
2,CUSTOM,1788522395777928.150	,0,NPU:2
2,CUSTOM,1788522395877927.960	,0,NPU:2
2,CUSTOM,1788522395977921.590	,0,NPU:2
2,CUSTOM,1788522396077916.940	,0,NPU:2
2,CUSTOM,1788522396177923.490	,0,NPU:2
2,CUSTOM,1788522396277996.560	,0,NPU:2
2,CUSTOM,1788522396377924.140	,0,NPU:2
2,CUSTOM,1788522396477922.640	,0,NPU:2
2,CUSTOM,1788522396577981.300	,0,NPU:2
2,CUSTOM,1788522396677932.570	,0,NPU:2
2,CUSTOM,1788522396777925.720	,0,NPU:2
2,CUSTOM,1788522396877997.210	,0,NPU:2
2,CUSTOM,1788522396977942.920	,0,NPU:2
2,CUSTOM,1788522397077970.710	,0,NPU:2
2,CUSTOM,1788522397177936.970	,0,NPU:2
2,CUSTOM,1788522397277933.350	,0,NPU:2
2,CUSTOM,1788522397377993.820	,0,NPU:2
2,CUSTOM,1788522397477951.390	,0,NPU:2
2,CUSTOM,1788522397577956.900	,0,NPU:2
2,CUSTOM,1788522397677924.020	,0,NPU:2
2,CUSTOM,1788522397777934.420	,0,NPU:2
2,CUSTOM,1788522397877963.890	,0,NPU:2
2,CUSTOM,1788522397977969.880	,0,NPU:2
2,CUSTOM,1788522398077954.400	,0,NPU:2
2,CUSTOM,1788522398177927.840	,0,NPU:2
2,CUSTOM,1788522398277921.670	,0,NPU:2
2,CUSTOM,1788522398377958.450	,0,NPU:2
2,CUSTOM,1788522398477974.110	,0,NPU:2
2,CUSTOM,1788522398577953.640	,0,NPU:2
2,CUSTOM,1788522398677911.610	,0,NPU:2
2,CUSTOM,1788522398777930.720	,0,NPU:2
2,CUSTOM,1788522398877925.070	,0,NPU:2
2,CUSTOM,1788522398978009.620	,0,NPU:2
2,CUSTOM,1788522399077942.860	,0,NPU:2
2,CUSTOM,1788522399177944.700	,0,NPU:2
2,CUSTOM,1788522399277916.870	,0,NPU:2
2,CUSTOM,1788522399377916.990	,0,NPU:2
2,CUSTOM,1788522399477993.320	,0,NPU:2
2,CUSTOM,1788522399577921.240	,0,NPU:2
2,CUSTOM,1788522399677921.770	,0,NPU:2
2,CUSTOM,1788522399777919.970	,0,NPU:2
2,CUSTOM,1788522399877912.580	,0,NPU:2
2,CUSTOM,1788522399977983.870	,0,NPU:2
2,CUSTOM,1788522400077927.200	,0,NPU:2
2,CUSTOM,1788522400177927.440	,0,NPU:2
2,CUSTOM,1788522400277926.000	,0,NPU:2
2,CUSTOM,1788522400377927.760	,0,NPU:2
2,CUSTOM,1788522400477988.310	,0,NPU:2
2,CUSTOM,1788522400577934.210	,0,NPU:2
2,CUSTOM,1788522400677909.290	,0,NPU:2
2,CUSTOM,1788522400777918.620	,0,NPU:2
2,CUSTOM,1788522400877909.760	,0,NPU:2
2,CUSTOM,1788522400977969.760	,0,NPU:2
2,CUSTOM,1788522401077942.050	,0,NPU:2
2,CUSTOM,1788522401177920.180	,0,NPU:2
2,CUSTOM,1788522401277910.480	,0,NPU:2
2,CUSTOM,1788522401377925.770	,0,NPU:2
2,CUSTOM,1788522401477900.310	,0,NPU:2
2,CUSTOM,1788522401577954.960	,0,NPU:2
2,CUSTOM,1788522401677921.360	,0,NPU:2
2,CUSTOM,1788522401777916.770	,0,NPU:2
2,CUSTOM,1788522401877925.470	,0,NPU:2
2,CUSTOM,1788522401977916.920	,0,NPU:2
2,CUSTOM,1788522402077974.830	,0,NPU:2
2,CUSTOM,1788522402177902.680	,0,NPU:2
2,CUSTOM,1788522402277918.870	,0,NPU:2
2,CUSTOM,1788522402377922.760	,0,NPU:2
2,CUSTOM,1788522402477903.590	,0,NPU:2
2,CUSTOM,1788522402577942.340	,0,NPU:2
2,CUSTOM,1788522402677919.030	,0,NPU:2
2,CUSTOM,1788522402777911.780	,0,NPU:2
2,CUSTOM,1788522402877922.630	,0,NPU:2
2,CUSTOM,1788522402977905.570	,0,NPU:2
2,CUSTOM,1788522403077934.900	,0,NPU:2
2,CUSTOM,1788522403177942.120	,0,NPU:2
2,CUSTOM,1788522403277908.370	,0,NPU:2
2,CUSTOM,1788522403377927.360	,0,NPU:2
2,CUSTOM,1788522403477900.620	,0,NPU:2
2,CUSTOM,1788522403577899.530	,0,NPU:2
2,CUSTOM,1788522403677942.630	,0,NPU:2
2,CUSTOM,1788522403777925.020	,0,NPU:2
2,CUSTOM,1788522403877912.590	,0,NPU:2
2,CUSTOM,1788522403977901.400	,0,NPU:2
2,CUSTOM,1788522404077891.260	,0,NPU:2
2,CUSTOM,1788522404177954.260	,0,NPU:2
2,CUSTOM,1788522404277915.290	,0,NPU:2
2,CUSTOM,1788522404377906.970	,0,NPU:2
2,CUSTOM,1788522404477897.920	,0,NPU:2
2,CUSTOM,1788522404577890.250	,0,NPU:2
2,CUSTOM,1788522404677934.570	,0,NPU:2
2,CUSTOM,1788522404777930.310	,0,NPU:2
2,CUSTOM,1788522404877897.690	,0,NPU:2
2,CUSTOM,1788522404977898.970	,0,NPU:2
2,CUSTOM,1788522405077895.540	,0,NPU:2
2,CUSTOM,1788522405177902.050	,0,NPU:2
2,CUSTOM,1788522405277949.200	,0,NPU:2
2,CUSTOM,1788522405377893.890	,0,NPU:2
2,CUSTOM,1788522405477907.290	,0,NPU:2
2,CUSTOM,1788522405577893.850	,0,NPU:2
2,CUSTOM,1788522405677886.100	,0,NPU:2
2,CUSTOM,1788522405777954.290	,0,NPU:2
2,CUSTOM,1788522405877885.890	,0,NPU:2
2,CUSTOM,1788522405977898.270	,0,NPU:2
2,CUSTOM,1788522406077889.750	,0,NPU:2
2,CUSTOM,1788522406177915.880	,0,NPU:2
2,CUSTOM,1788522406277936.440	,0,NPU:2
2,CUSTOM,1788522406377897.670	,0,NPU:2
2,CUSTOM,1788522406477888.140	,0,NPU:2
2,CUSTOM,1788522406577897.320	,0,NPU:2
2,CUSTOM,1788522406677907.770	,0,NPU:2
2,CUSTOM,1788522406777934.210	,0,NPU:2
2,CUSTOM,1788522406877907.300	,0,NPU:2
2,CUSTOM,1788522406977909.710	,0,NPU:2
2,CUSTOM,1788522407077929.020	,0,NPU:2
2,CUSTOM,1788522407177909.460	,0,NPU:2
2,CUSTOM,1788522407277917.990	,0,NPU:2
2,CUSTOM,1788522407377925.380	,0,NPU:2
2,CUSTOM,1788522407477894.670	,0,NPU:2
2,CUSTOM,1788522407577895.450	,0,NPU:2
2,CUSTOM,1788522407677906.380	,0,NPU:2
2,CUSTOM,1788522407777884.020	,0,NPU:2
2,CUSTOM,1788522407877934.230	,0,NPU:2
2,CUSTOM,1788522407977893.050	,0,NPU:2
2,CUSTOM,1788522408077898.630	,0,NPU:2
2,CUSTOM,1788522408177899.180	,0,NPU:2
2,CUSTOM,1788522408277883.110	,0,NPU:2
2,CUSTOM,1788522408377926.070	,0,NPU:2
2,CUSTOM,1788522408477888.490	,0,NPU:2
2,CUSTOM,1788522408577895.200	,0,NPU:2
2,CUSTOM,1788522408677906.390	,0,NPU:2
2,CUSTOM,1788522408777886.940	,0,NPU:2
2,CUSTOM,1788522408877899.720	,0,NPU:2
2,CUSTOM,1788522408977919.030	,0,NPU:2
2,CUSTOM,1788522409077900.950	,0,NPU:2
2,CUSTOM,1788522409177920.590	,0,NPU:2
2,CUSTOM,1788522409277903.090	,0,NPU:2
2,CUSTOM,1788522409377939.190	,0,NPU:2
2,CUSTOM,1788522409477940.020	,0,NPU:2
2,CUSTOM,1788522409577925.070	,0,NPU:2
2,CUSTOM,1788522409677913.390	,0,NPU:2
2,CUSTOM,1788522409778505.600	,0,NPU:2
2,CUSTOM,1788522409877880.650	,0,NPU:2
2,CUSTOM,1788522409884448.780	,0,NPU:2
2,76,1788522391078023.490	,0,NPU:2
2,76,1788522391177937.070	,0,NPU:2
2,76,1788522391277935.640	,0,NPU:2
2,76,1788522391377927.650	,0,NPU:2
2,76,1788522391477926.110	,0,NPU:2
2,76,1788522391577931.290	,0,NPU:2
2,76,1788522391677920.690	,0,NPU:2
2,76,1788522391777924.450	,0,NPU:2
2,76,1788522391877922.070	,0,NPU:2
2,76,1788522391977925.940	,0,NPU:2
2,76,1788522392077937.630	,0,NPU:2
2,76,1788522392177916.260	,0,NPU:2
2,76,1788522392277917.700	,0,NPU:2
2,76,1788522392377914.280	,0,NPU:2
2,76,1788522392477913.470	,0,NPU:2
2,76,1788522392577913.330	,0,NPU:2
2,76,1788522392677914.200	,0,NPU:2
2,76,1788522392777911.600	,0,NPU:2
2,76,1788522392877912.410	,0,NPU:2
2,76,1788522392978016.170	,0,NPU:2
2,76,1788522393077977.060	,0,NPU:2
2,76,1788522393177974.590	,0,NPU:2
2,76,1788522393277964.030	,0,NPU:2
2,76,1788522393377945.550	,0,NPU:2
2,76,1788522393477976.680	,0,NPU:2
2,76,1788522393577984.080	,0,NPU:2
2,76,1788522393677968.900	,0,NPU:2
2,76,1788522393777954.940	,0,NPU:2
2,76,1788522393877942.990	,0,NPU:2
2,76,1788522393977961.280	,0,NPU:2
2,76,1788522394078013.090	,0,NPU:2
2,76,1788522394177974.520	,0,NPU:2
2,76,1788522394277964.210	,0,NPU:2
2,76,1788522394377950.280	,0,NPU:2
2,76,1788522394477952.390	,0,NPU:2
2,76,1788522394578016.640	,0,NPU:2
2,76,1788522394677977.300	,0,NPU:2
2,76,1788522394777969.400	,0,NPU:2
2,76,1788522394877962.180	,0,NPU:2
2,76,1788522394977965.600	,0,NPU:2
2,76,1788522395078008.720	,0,NPU:2
2,76,1788522395177977.430	,0,NPU:2
2,76,1788522395277957.970	,0,NPU:2
2,76,1788522395377930.270	,0,NPU:2
2,76,1788522395477921.620	,0,NPU:2
2,76,1788522395577936.500	,0,NPU:2
2,76,1788522395678003.450	,0,NPU:2
2,76,1788522395777928.150	,0,NPU:2
2,76,1788522395877927.960	,0,NPU:2
2,76,1788522395977921.590	,0,NPU:2
2,76,1788522396077916.940	,0,NPU:2
2,76,1788522396177923.490	,0,NPU:2
2,76,1788522396277996.560	,0,NPU:2
2,76,1788522396377924.140	,0,NPU:2
2,76,1788522396477922.640	,0,NPU:2
2,76,1788522396577981.300	,0,NPU:2
2,76,1788522396677932.570	,0,NPU:2
2,76,1788522396777925.720	,0,NPU:2
2,76,1788522396877997.210	,0,NPU:2
2,76,1788522396977942.920	,0,NPU:2
2,76,1788522397077970.710	,0,NPU:2
2,76,1788522397177936.970	,0,NPU:2
2,76,1788522397277933.350	,0,NPU:2
2,76,1788522397377993.820	,0,NPU:2
2,76,1788522397477951.390	,0,NPU:2
2,76,1788522397577956.900	,0,NPU:2
2,76,1788522397677924.020	,0,NPU:2
2,76,1788522397777934.420	,0,NPU:2
2,76,1788522397877963.890	,0,NPU:2
2,76,1788522397977969.880	,0,NPU:2
2,76,1788522398077954.400	,0,NPU:2
2,76,1788522398177927.840	,0,NPU:2
2,76,1788522398277921.670	,0,NPU:2
2,76,1788522398377958.450	,0,NPU:2
2,76,1788522398477974.110	,0,NPU:2
2,76,1788522398577953.640	,0,NPU:2
2,76,1788522398677911.610	,0,NPU:2
2,76,1788522398777930.720	,0,NPU:2
2,76,1788522398877925.070	,0,NPU:2
2,76,1788522398978009.620	,0,NPU:2
2,76,1788522399077942.860	,0,NPU:2
2,76,1788522399177944.700	,0,NPU:2
2,76,1788522399277916.870	,0,NPU:2
2,76,1788522399377916.990	,0,NPU:2
2,76,1788522399477993.320	,0,NPU:2
2,76,1788522399577921.240	,0,NPU:2
2,76,1788522399677921.770	,0,NPU:2
2,76,1788522399777919.970	,0,NPU:2
2,76,1788522399877912.580	,0,NPU:2
2,76,1788522399977983.870	,0,NPU:2
2,76,1788522400077927.200	,0,NPU:2
2,76,1788522400177927.440	,0,NPU:2
2,76,1788522400277926.000	,0,NPU:2
2,76,1788522400377927.760	,0,NPU:2
2,76,1788522400477988.310	,0,NPU:2
2,76,1788522400577934.210	,0,NPU:2
2,76,1788522400677909.290	,0,NPU:2
2,76,1788522400777918.620	,0,NPU:2
2,76,1788522400877909.760	,0,NPU:2
2,76,1788522400977969.760	,0,NPU:2
2,76,1788522401077942.050	,0,NPU:2
2,76,1788522401177920.180	,0,NPU:2
2,76,1788522401277910.480	,0,NPU:2
2,76,1788522401377925.770	,0,NPU:2
2,76,1788522401477900.310	,0,NPU:2
2,76,1788522401577954.960	,0,NPU:2
2,76,1788522401677921.360	,0,NPU:2
2,76,1788522401777916.770	,0,NPU:2
2,76,1788522401877925.470	,0,NPU:2
2,76,1788522401977916.920	,0,NPU:2
2,76,1788522402077974.830	,0,NPU:2
2,76,1788522402177902.680	,0,NPU:2
2,76,1788522402277918.870	,0,NPU:2
2,76,1788522402377922.760	,0,NPU:2
2,76,1788522402477903.590	,0,NPU:2
2,76,1788522402577942.340	,0,NPU:2
2,76,1788522402677919.030	,0,NPU:2
2,76,1788522402777911.780	,0,NPU:2
2,76,1788522402877922.630	,0,NPU:2
2,76,1788522402977905.570	,0,NPU:2
2,76,1788522403077934.900	,0,NPU:2
2,76,1788522403177942.120	,0,NPU:2
2,76,1788522403277908.370	,0,NPU:2
2,76,1788522403377927.360	,0,NPU:2
2,76,1788522403477900.620	,0,NPU:2
2,76,1788522403577899.530	,0,NPU:2
2,76,1788522403677942.630	,0,NPU:2
2,76,1788522403777925.020	,0,NPU:2
2,76,1788522403877912.590	,0,NPU:2
2,76,1788522403977901.400	,0,NPU:2
2,76,1788522404077891.260	,0,NPU:2
2,76,1788522404177954.260	,0,NPU:2
2,76,1788522404277915.290	,0,NPU:2
2,76,1788522404377906.970	,0,NPU:2
2,76,1788522404477897.920	,0,NPU:2
2,76,1788522404577890.250	,0,NPU:2
2,76,1788522404677934.570	,0,NPU:2
2,76,1788522404777930.310	,0,NPU:2
2,76,1788522404877897.690	,0,NPU:2
2,76,1788522404977898.970	,0,NPU:2
2,76,1788522405077895.540	,0,NPU:2
2,76,1788522405177902.050	,0,NPU:2
2,76,1788522405277949.200	,0,NPU:2
2,76,1788522405377893.890	,0,NPU:2
2,76,1788522405477907.290	,0,NPU:2
2,76,1788522405577893.850	,0,NPU:2
2,76,1788522405677886.100	,0,NPU:2
2,76,1788522405777954.290	,0,NPU:2
2,76,1788522405877885.890	,0,NPU:2
2,76,1788522405977898.270	,0,NPU:2
2,76,1788522406077889.750	,0,NPU:2
2,76,1788522406177915.880	,0,NPU:2
2,76,1788522406277936.440	,0,NPU:2
2,76,1788522406377897.670	,0,NPU:2
2,76,1788522406477888.140	,0,NPU:2
2,76,1788522406577897.320	,0,NPU:2
2,76,1788522406677907.770	,0,NPU:2
2,76,1788522406777934.210	,0,NPU:2
2,76,1788522406877907.300	,0,NPU:2
2,76,1788522406977909.710	,0,NPU:2
2,76,1788522407077929.020	,0,NPU:2
2,76,1788522407177909.460	,0,NPU:2
2,76,1788522407277917.990	,0,NPU:2
2,76,1788522407377925.380	,0,NPU:2
2,76,1788522407477894.670	,0,NPU:2
2,76,1788522407577895.450	,0,NPU:2
2,76,1788522407677906.380	,0,NPU:2
2,76,1788522407777884.020	,0,NPU:2
2,76,1788522407877934.230	,0,NPU:2
2,76,1788522407977893.050	,0,NPU:2
2,76,1788522408077898.630	,0,NPU:2
2,76,1788522408177899.180	,0,NPU:2
2,76,1788522408277883.110	,0,NPU:2
2,76,1788522408377926.070	,0,NPU:2
2,76,1788522408477888.490	,0,NPU:2
2,76,1788522408577895.200	,0,NPU:2
2,76,1788522408677906.390	,0,NPU:2
2,76,1788522408777886.940	,0,NPU:2
2,76,1788522408877899.720	,0,NPU:2
2,76,1788522408977919.030	,0,NPU:2
2,76,1788522409077900.950	,0,NPU:2
2,76,1788522409177920.590	,0,NPU:2
2,76,1788522409277903.090	,0,NPU:2
2,76,1788522409377939.190	,0,NPU:2
2,76,1788522409477940.020	,0,NPU:2
2,76,1788522409577925.070	,0,NPU:2
2,76,1788522409677913.390	,0,NPU:2
2,76,1788522409778505.600	,0,NPU:2
2,76,1788522409877880.650	,0,NPU:2
2,76,1788522409884448.780	,0,NPU:2
