Device_id,Component,Timestamp(us),Total Reserved(KB),Device
2,SLOG,1788521817449834.360	,0,NPU:2
2,SLOG,1788521817549656.350	,0,NPU:2
2,SLOG,1788521817649645.590	,0,NPU:2
2,SLOG,1788521817749647.080	,0,NPU:2
2,SLOG,1788521817849642.630	,0,NPU:2
2,SLOG,1788521817949662.080	,0,NPU:2
2,SLOG,1788521818049639.980	,0,NPU:2
2,SLOG,1788521818149638.650	,0,NPU:2
2,SLOG,1788521818249659.260	,0,NPU:2
2,SLOG,1788521818349662.080	,0,NPU:2
2,SLOG,1788521818449657.480	,0,NPU:2
2,SLOG,1788521818549637.990	,0,NPU:2
2,SLOG,1788521818649644.760	,0,NPU:2
2,SLOG,1788521818749644.410	,0,NPU:2
2,SLOG,1788521818849632.540	,0,NPU:2
2,SLOG,1788521818949665.770	,0,NPU:2
2,SLOG,1788521819049635.370	,0,NPU:2
2,SLOG,1788521819149660.550	,0,NPU:2
2,SLOG,1788521819249634.550	,0,NPU:2
2,SLOG,1788521819349720.460	,0,NPU:2
2,SLOG,1788521819449719.400	,0,NPU:2
2,SLOG,1788521819549723.740	,0,NPU:2
2,SLOG,1788521819649723.370	,0,NPU:2
2,SLOG,1788521819749726.200	,0,NPU:2
2,SLOG,1788521819849736.420	,0,NPU:2
2,SLOG,1788521819949755.860	,0,NPU:2
2,SLOG,1788521820049727.140	,0,NPU:2
2,SLOG,1788521820149716.360	,0,NPU:2
2,SLOG,1788521820249716.370	,0,NPU:2
2,SLOG,1788521820349711.840	,0,NPU:2
2,SLOG,1788521820449726.890	,0,NPU:2
2,SLOG,1788521820549712.730	,0,NPU:2
2,SLOG,1788521820649702.030	,0,NPU:2
2,SLOG,1788521820749710.230	,0,NPU:2
2,SLOG,1788521820849694.750	,0,NPU:2
2,SLOG,1788521820949698.940	,0,NPU:2
2,SLOG,1788521821049704.330	,0,NPU:2
2,SLOG,1788521821149676.820	,0,NPU:2
2,SLOG,1788521821249718.890	,0,NPU:2
2,SLOG,1788521821349696.880	,0,NPU:2
2,SLOG,1788521821449692.650	,0,NPU:2
2,SLOG,1788521821549728.440	,0,NPU:2
2,SLOG,1788521821649696.680	,0,NPU:2
2,SLOG,1788521821749682.240	,0,NPU:2
2,SLOG,1788521821849664.100	,0,NPU:2
2,SLOG,1788521821949669.250	,0,NPU:2
2,SLOG,1788521822049680.230	,0,NPU:2
2,SLOG,1788521822149683.530	,0,NPU:2
2,SLOG,1788521822176183.290	,0,NPU:2
2,IDEDD,1788521817449834.360	,0,NPU:2
2,IDEDD,1788521817549656.350	,0,NPU:2
2,IDEDD,1788521817649645.590	,0,NPU:2
2,IDEDD,1788521817749647.080	,0,NPU:2
2,IDEDD,1788521817849642.630	,0,NPU:2
2,IDEDD,1788521817949662.080	,0,NPU:2
2,IDEDD,1788521818049639.980	,0,NPU:2
2,IDEDD,1788521818149638.650	,0,NPU:2
2,IDEDD,1788521818249659.260	,0,NPU:2
2,IDEDD,1788521818349662.080	,0,NPU:2
2,IDEDD,1788521818449657.480	,0,NPU:2
2,IDEDD,1788521818549637.990	,0,NPU:2
2,IDEDD,1788521818649644.760	,0,NPU:2
2,IDEDD,1788521818749644.410	,0,NPU:2
2,IDEDD,1788521818849632.540	,0,NPU:2
2,IDEDD,1788521818949665.770	,0,NPU:2
2,IDEDD,1788521819049635.370	,0,NPU:2
2,IDEDD,1788521819149660.550	,0,NPU:2
2,IDEDD,1788521819249634.550	,0,NPU:2
2,IDEDD,1788521819349720.460	,0,NPU:2
2,IDEDD,1788521819449719.400	,0,NPU:2
2,IDEDD,1788521819549723.740	,0,NPU:2
2,IDEDD,1788521819649723.370	,0,NPU:2
2,IDEDD,1788521819749726.200	,0,NPU:2
2,IDEDD,1788521819849736.420	,0,NPU:2
2,IDEDD,1788521819949755.860	,0,NPU:2
2,IDEDD,1788521820049727.140	,0,NPU:2
2,IDEDD,1788521820149716.360	,0,NPU:2
2,IDEDD,1788521820249716.370	,0,NPU:2
2,IDEDD,1788521820349711.840	,0,NPU:2
2,IDEDD,1788521820449726.890	,0,NPU:2
2,IDEDD,1788521820549712.730	,0,NPU:2
2,IDEDD,1788521820649702.030	,0,NPU:2
2,IDEDD,1788521820749710.230	,0,NPU:2
2,IDEDD,1788521820849694.750	,0,NPU:2
2,IDEDD,1788521820949698.940	,0,NPU:2
2,IDEDD,1788521821049704.330	,0,NPU:2
2,IDEDD,1788521821149676.820	,0,NPU:2
2,IDEDD,1788521821249718.890	,0,NPU:2
2,IDEDD,1788521821349696.880	,0,NPU:2
2,IDEDD,1788521821449692.650	,0,NPU:2
2,IDEDD,1788521821549728.440	,0,NPU:2
2,IDEDD,1788521821649696.680	,0,NPU:2
2,IDEDD,1788521821749682.240	,0,NPU:2
2,IDEDD,1788521821849664.100	,0,NPU:2
2,IDEDD,1788521821949669.250	,0,NPU:2
2,IDEDD,1788521822049680.230	,0,NPU:2
2,IDEDD,1788521822149683.530	,0,NPU:2
2,IDEDD,1788521822176183.290	,0,NPU:2
2,IDEDH,1788521817449834.360	,0,NPU:2
2,IDEDH,1788521817549656.350	,0,NPU:2
2,IDEDH,1788521817649645.590	,0,NPU:2
2,IDEDH,1788521817749647.080	,0,NPU:2
2,IDEDH,1788521817849642.630	,0,NPU:2
2,IDEDH,1788521817949662.080	,0,NPU:2
2,IDEDH,1788521818049639.980	,0,NPU:2
2,IDEDH,1788521818149638.650	,0,NPU:2
2,IDEDH,1788521818249659.260	,0,NPU:2
2,IDEDH,1788521818349662.080	,0,NPU:2
2,IDEDH,1788521818449657.480	,0,NPU:2
2,IDEDH,1788521818549637.990	,0,NPU:2
2,IDEDH,1788521818649644.760	,0,NPU:2
2,IDEDH,1788521818749644.410	,0,NPU:2
2,IDEDH,1788521818849632.540	,0,NPU:2
2,IDEDH,1788521818949665.770	,0,NPU:2
2,IDEDH,1788521819049635.370	,0,NPU:2
2,IDEDH,1788521819149660.550	,0,NPU:2
2,IDEDH,1788521819249634.550	,0,NPU:2
2,IDEDH,1788521819349720.460	,0,NPU:2
2,IDEDH,1788521819449719.400	,0,NPU:2
2,IDEDH,1788521819549723.740	,0,NPU:2
2,IDEDH,1788521819649723.370	,0,NPU:2
2,IDEDH,1788521819749726.200	,0,NPU:2
2,IDEDH,1788521819849736.420	,0,NPU:2
2,IDEDH,1788521819949755.860	,0,NPU:2
2,IDEDH,1788521820049727.140	,0,NPU:2
2,IDEDH,1788521820149716.360	,0,NPU:2
2,IDEDH,1788521820249716.370	,0,NPU:2
2,IDEDH,1788521820349711.840	,0,NPU:2
2,IDEDH,1788521820449726.890	,0,NPU:2
2,IDEDH,1788521820549712.730	,0,NPU:2
2,IDEDH,1788521820649702.030	,0,NPU:2
2,IDEDH,1788521820749710.230	,0,NPU:2
2,IDEDH,1788521820849694.750	,0,NPU:2
2,IDEDH,1788521820949698.940	,0,NPU:2
2,IDEDH,1788521821049704.330	,0,NPU:2
2,IDEDH,1788521821149676.820	,0,NPU:2
2,IDEDH,1788521821249718.890	,0,NPU:2
2,IDEDH,1788521821349696.880	,0,NPU:2
2,IDEDH,1788521821449692.650	,0,NPU:2
2,IDEDH,1788521821549728.440	,0,NPU:2
2,IDEDH,1788521821649696.680	,0,NPU:2
2,IDEDH,1788521821749682.240	,0,NPU:2
2,IDEDH,1788521821849664.100	,0,NPU:2
2,IDEDH,1788521821949669.250	,0,NPU:2
2,IDEDH,1788521822049680.230	,0,NPU:2
2,IDEDH,1788521822149683.530	,0,NPU:2
2,IDEDH,1788521822176183.290	,0,NPU:2
2,HCCL,1788521817449834.360	,0,NPU:2
2,HCCL,1788521817549656.350	,0,NPU:2
2,HCCL,1788521817649645.590	,0,NPU:2
2,HCCL,1788521817749647.080	,0,NPU:2
2,HCCL,1788521817849642.630	,0,NPU:2
2,HCCL,1788521817949662.080	,0,NPU:2
2,HCCL,1788521818049639.980	,0,NPU:2
2,HCCL,1788521818149638.650	,0,NPU:2
2,HCCL,1788521818249659.260	,0,NPU:2
2,HCCL,1788521818349662.080	,0,NPU:2
2,HCCL,1788521818449657.480	,0,NPU:2
2,HCCL,1788521818549637.990	,0,NPU:2
2,HCCL,1788521818649644.760	,0,NPU:2
2,HCCL,1788521818749644.410	,0,NPU:2
2,HCCL,1788521818849632.540	,0,NPU:2
2,HCCL,1788521818949665.770	,0,NPU:2
2,HCCL,1788521819049635.370	,0,NPU:2
2,HCCL,1788521819149660.550	,0,NPU:2
2,HCCL,1788521819249634.550	,0,NPU:2
2,HCCL,1788521819349720.460	,0,NPU:2
2,HCCL,1788521819449719.400	,0,NPU:2
2,HCCL,1788521819549723.740	,0,NPU:2
2,HCCL,1788521819649723.370	,0,NPU:2
2,HCCL,1788521819749726.200	,0,NPU:2
2,HCCL,1788521819849736.420	,0,NPU:2
2,HCCL,1788521819949755.860	,0,NPU:2
2,HCCL,1788521820049727.140	,0,NPU:2
2,HCCL,1788521820149716.360	,0,NPU:2
2,HCCL,1788521820249716.370	,0,NPU:2
2,HCCL,1788521820349711.840	,0,NPU:2
2,HCCL,1788521820449726.890	,0,NPU:2
2,HCCL,1788521820549712.730	,0,NPU:2
2,HCCL,1788521820649702.030	,0,NPU:2
2,HCCL,1788521820749710.230	,0,NPU:2
2,HCCL,1788521820849694.750	,0,NPU:2
2,HCCL,1788521820949698.940	,0,NPU:2
2,HCCL,1788521821049704.330	,0,NPU:2
2,HCCL,1788521821149676.820	,0,NPU:2
2,HCCL,1788521821249718.890	,0,NPU:2
2,HCCL,1788521821349696.880	,0,NPU:2
2,HCCL,1788521821449692.650	,0,NPU:2
2,HCCL,1788521821549728.440	,0,NPU:2
2,HCCL,1788521821649696.680	,0,NPU:2
2,HCCL,1788521821749682.240	,0,NPU:2
2,HCCL,1788521821849664.100	,0,NPU:2
2,HCCL,1788521821949669.250	,0,NPU:2
2,HCCL,1788521822049680.230	,0,NPU:2
2,HCCL,1788521822149683.530	,0,NPU:2
2,HCCL,1788521822176183.290	,0,NPU:2
2,FMK,1788521817449834.360	,0,NPU:2
2,FMK,1788521817549656.350	,0,NPU:2
2,FMK,1788521817649645.590	,0,NPU:2
2,FMK,1788521817749647.080	,0,NPU:2
2,FMK,1788521817849642.630	,0,NPU:2
2,FMK,1788521817949662.080	,0,NPU:2
2,FMK,1788521818049639.980	,0,NPU:2
2,FMK,1788521818149638.650	,0,NPU:2
2,FMK,1788521818249659.260	,0,NPU:2
2,FMK,1788521818349662.080	,0,NPU:2
2,FMK,1788521818449657.480	,0,NPU:2
2,FMK,1788521818549637.990	,0,NPU:2
2,FMK,1788521818649644.760	,0,NPU:2
2,FMK,1788521818749644.410	,0,NPU:2
2,FMK,1788521818849632.540	,0,NPU:2
2,FMK,1788521818949665.770	,0,NPU:2
2,FMK,1788521819049635.370	,0,NPU:2
2,FMK,1788521819149660.550	,0,NPU:2
2,FMK,1788521819249634.550	,0,NPU:2
2,FMK,1788521819349720.460	,0,NPU:2
2,FMK,1788521819449719.400	,0,NPU:2
2,FMK,1788521819549723.740	,0,NPU:2
2,FMK,1788521819649723.370	,0,NPU:2
2,FMK,1788521819749726.200	,0,NPU:2
2,FMK,1788521819849736.420	,0,NPU:2
2,FMK,1788521819949755.860	,0,NPU:2
2,FMK,1788521820049727.140	,0,NPU:2
2,FMK,1788521820149716.360	,0,NPU:2
2,FMK,1788521820249716.370	,0,NPU:2
2,FMK,1788521820349711.840	,0,NPU:2
2,FMK,1788521820449726.890	,0,NPU:2
2,FMK,1788521820549712.730	,0,NPU:2
2,FMK,1788521820649702.030	,0,NPU:2
2,FMK,1788521820749710.230	,0,NPU:2
2,FMK,1788521820849694.750	,0,NPU:2
2,FMK,1788521820949698.940	,0,NPU:2
2,FMK,1788521821049704.330	,0,NPU:2
2,FMK,1788521821149676.820	,0,NPU:2
2,FMK,1788521821249718.890	,0,NPU:2
2,FMK,1788521821349696.880	,0,NPU:2
2,FMK,1788521821449692.650	,0,NPU:2
2,FMK,1788521821549728.440	,0,NPU:2
2,FMK,1788521821649696.680	,0,NPU:2
2,FMK,1788521821749682.240	,0,NPU:2
2,FMK,1788521821849664.100	,0,NPU:2
2,FMK,1788521821949669.250	,0,NPU:2
2,FMK,1788521822049680.230	,0,NPU:2
2,FMK,1788521822149683.530	,0,NPU:2
2,FMK,1788521822176183.290	,0,NPU:2
2,HIAIENGINE,1788521817449834.360	,0,NPU:2
2,HIAIENGINE,1788521817549656.350	,0,NPU:2
2,HIAIENGINE,1788521817649645.590	,0,NPU:2
2,HIAIENGINE,1788521817749647.080	,0,NPU:2
2,HIAIENGINE,1788521817849642.630	,0,NPU:2
2,HIAIENGINE,1788521817949662.080	,0,NPU:2
2,HIAIENGINE,1788521818049639.980	,0,NPU:2
2,HIAIENGINE,1788521818149638.650	,0,NPU:2
2,HIAIENGINE,1788521818249659.260	,0,NPU:2
2,HIAIENGINE,1788521818349662.080	,0,NPU:2
2,HIAIENGINE,1788521818449657.480	,0,NPU:2
2,HIAIENGINE,1788521818549637.990	,0,NPU:2
2,HIAIENGINE,1788521818649644.760	,0,NPU:2
2,HIAIENGINE,1788521818749644.410	,0,NPU:2
2,HIAIENGINE,1788521818849632.540	,0,NPU:2
2,HIAIENGINE,1788521818949665.770	,0,NPU:2
2,HIAIENGINE,1788521819049635.370	,0,NPU:2
2,HIAIENGINE,1788521819149660.550	,0,NPU:2
2,HIAIENGINE,1788521819249634.550	,0,NPU:2
2,HIAIENGINE,1788521819349720.460	,0,NPU:2
2,HIAIENGINE,1788521819449719.400	,0,NPU:2
2,HIAIENGINE,1788521819549723.740	,0,NPU:2
2,HIAIENGINE,1788521819649723.370	,0,NPU:2
2,HIAIENGINE,1788521819749726.200	,0,NPU:2
2,HIAIENGINE,1788521819849736.420	,0,NPU:2
2,HIAIENGINE,1788521819949755.860	,0,NPU:2
2,HIAIENGINE,1788521820049727.140	,0,NPU:2
2,HIAIENGINE,1788521820149716.360	,0,NPU:2
2,HIAIENGINE,1788521820249716.370	,0,NPU:2
2,HIAIENGINE,1788521820349711.840	,0,NPU:2
2,HIAIENGINE,1788521820449726.890	,0,NPU:2
2,HIAIENGINE,1788521820549712.730	,0,NPU:2
2,HIAIENGINE,1788521820649702.030	,0,NPU:2
2,HIAIENGINE,1788521820749710.230	,0,NPU:2
2,HIAIENGINE,1788521820849694.750	,0,NPU:2
2,HIAIENGINE,1788521820949698.940	,0,NPU:2
2,HIAIENGINE,1788521821049704.330	,0,NPU:2
2,HIAIENGINE,1788521821149676.820	,0,NPU:2
2,HIAIENGINE,1788521821249718.890	,0,NPU:2
2,HIAIENGINE,1788521821349696.880	,0,NPU:2
2,HIAIENGINE,1788521821449692.650	,0,NPU:2
2,HIAIENGINE,1788521821549728.440	,0,NPU:2
2,HIAIENGINE,1788521821649696.680	,0,NPU:2
2,HIAIENGINE,1788521821749682.240	,0,NPU:2
2,HIAIENGINE,1788521821849664.100	,0,NPU:2
2,HIAIENGINE,1788521821949669.250	,0,NPU:2
2,HIAIENGINE,1788521822049680.230	,0,NPU:2
2,HIAIENGINE,1788521822149683.530	,0,NPU:2
2,HIAIENGINE,1788521822176183.290	,0,NPU:2
2,DVPP,1788521817449834.360	,0,NPU:2
2,DVPP,1788521817549656.350	,0,NPU:2
2,DVPP,1788521817649645.590	,0,NPU:2
2,DVPP,1788521817749647.080	,0,NPU:2
2,DVPP,1788521817849642.630	,0,NPU:2
2,DVPP,1788521817949662.080	,0,NPU:2
2,DVPP,1788521818049639.980	,0,NPU:2
2,DVPP,1788521818149638.650	,0,NPU:2
2,DVPP,1788521818249659.260	,0,NPU:2
2,DVPP,1788521818349662.080	,0,NPU:2
2,DVPP,1788521818449657.480	,0,NPU:2
2,DVPP,1788521818549637.990	,0,NPU:2
2,DVPP,1788521818649644.760	,0,NPU:2
2,DVPP,1788521818749644.410	,0,NPU:2
2,DVPP,1788521818849632.540	,0,NPU:2
2,DVPP,1788521818949665.770	,0,NPU:2
2,DVPP,1788521819049635.370	,0,NPU:2
2,DVPP,1788521819149660.550	,0,NPU:2
2,DVPP,1788521819249634.550	,0,NPU:2
2,DVPP,1788521819349720.460	,0,NPU:2
2,DVPP,1788521819449719.400	,0,NPU:2
2,DVPP,1788521819549723.740	,0,NPU:2
2,DVPP,1788521819649723.370	,0,NPU:2
2,DVPP,1788521819749726.200	,0,NPU:2
2,DVPP,1788521819849736.420	,0,NPU:2
2,DVPP,1788521819949755.860	,0,NPU:2
2,DVPP,1788521820049727.140	,0,NPU:2
2,DVPP,1788521820149716.360	,0,NPU:2
2,DVPP,1788521820249716.370	,0,NPU:2
2,DVPP,1788521820349711.840	,0,NPU:2
2,DVPP,1788521820449726.890	,0,NPU:2
2,DVPP,1788521820549712.730	,0,NPU:2
2,DVPP,1788521820649702.030	,0,NPU:2
2,DVPP,1788521820749710.230	,0,NPU:2
2,DVPP,1788521820849694.750	,0,NPU:2
2,DVPP,1788521820949698.940	,0,NPU:2
2,DVPP,1788521821049704.330	,0,NPU:2
2,DVPP,1788521821149676.820	,0,NPU:2
2,DVPP,1788521821249718.890	,0,NPU:2
2,DVPP,1788521821349696.880	,0,NPU:2
2,DVPP,1788521821449692.650	,0,NPU:2
2,DVPP,1788521821549728.440	,0,NPU:2
2,DVPP,1788521821649696.680	,0,NPU:2
2,DVPP,1788521821749682.240	,0,NPU:2
2,DVPP,1788521821849664.100	,0,NPU:2
2,DVPP,1788521821949669.250	,0,NPU:2
2,DVPP,1788521822049680.230	,0,NPU:2
2,DVPP,1788521822149683.530	,0,NPU:2
2,DVPP,1788521822176183.290	,0,NPU:2
2,RUNTIME,1788521817449834.360	,78028.0,NPU:2
2,RUNTIME,1788521817549656.350	,78028.0,NPU:2
2,RUNTIME,1788521817649645.590	,78028.0,NPU:2
2,RUNTIME,1788521817749647.080	,78028.0,NPU:2
2,RUNTIME,1788521817849642.630	,78028.0,NPU:2
2,RUNTIME,1788521817949662.080	,78028.0,NPU:2
2,RUNTIME,1788521818049639.980	,78028.0,NPU:2
2,RUNTIME,1788521818149638.650	,78028.0,NPU:2
2,RUNTIME,1788521818249659.260	,78028.0,NPU:2
2,RUNTIME,1788521818349662.080	,78028.0,NPU:2
2,RUNTIME,1788521818449657.480	,78028.0,NPU:2
2,RUNTIME,1788521818549637.990	,78028.0,NPU:2
2,RUNTIME,1788521818649644.760	,78028.0,NPU:2
2,RUNTIME,1788521818749644.410	,78028.0,NPU:2
2,RUNTIME,1788521818849632.540	,78028.0,NPU:2
2,RUNTIME,1788521818949665.770	,78028.0,NPU:2
2,RUNTIME,1788521819049635.370	,78028.0,NPU:2
2,RUNTIME,1788521819149660.550	,78028.0,NPU:2
2,RUNTIME,1788521819249634.550	,78028.0,NPU:2
2,RUNTIME,1788521819349720.460	,78028.0,NPU:2
2,RUNTIME,1788521819449719.400	,78028.0,NPU:2
2,RUNTIME,1788521819549723.740	,78028.0,NPU:2
2,RUNTIME,1788521819649723.370	,78028.0,NPU:2
2,RUNTIME,1788521819749726.200	,78028.0,NPU:2
2,RUNTIME,1788521819849736.420	,78028.0,NPU:2
2,RUNTIME,1788521819949755.860	,78028.0,NPU:2
2,RUNTIME,1788521820049727.140	,78028.0,NPU:2
2,RUNTIME,1788521820149716.360	,78028.0,NPU:2
2,RUNTIME,1788521820249716.370	,78028.0,NPU:2
2,RUNTIME,1788521820349711.840	,78028.0,NPU:2
2,RUNTIME,1788521820449726.890	,78028.0,NPU:2
2,RUNTIME,1788521820549712.730	,78028.0,NPU:2
2,RUNTIME,1788521820649702.030	,78028.0,NPU:2
2,RUNTIME,1788521820749710.230	,78028.0,NPU:2
2,RUNTIME,1788521820849694.750	,78028.0,NPU:2
2,RUNTIME,1788521820949698.940	,78028.0,NPU:2
2,RUNTIME,1788521821049704.330	,78028.0,NPU:2
2,RUNTIME,1788521821149676.820	,78028.0,NPU:2
2,RUNTIME,1788521821249718.890	,78028.0,NPU:2
2,RUNTIME,1788521821349696.880	,78028.0,NPU:2
2,RUNTIME,1788521821449692.650	,78028.0,NPU:2
2,RUNTIME,1788521821549728.440	,78028.0,NPU:2
2,RUNTIME,1788521821649696.680	,78028.0,NPU:2
2,RUNTIME,1788521821749682.240	,78028.0,NPU:2
2,RUNTIME,1788521821849664.100	,78028.0,NPU:2
2,RUNTIME,1788521821949669.250	,78028.0,NPU:2
2,RUNTIME,1788521822049680.230	,78028.0,NPU:2
2,RUNTIME,1788521822149683.530	,63676.0,NPU:2
2,RUNTIME,1788521822176183.290	,63676.0,NPU:2
2,CCE,1788521817449834.360	,0,NPU:2
2,CCE,1788521817549656.350	,0,NPU:2
2,CCE,1788521817649645.590	,0,NPU:2
2,CCE,1788521817749647.080	,0,NPU:2
2,CCE,1788521817849642.630	,0,NPU:2
2,CCE,1788521817949662.080	,0,NPU:2
2,CCE,1788521818049639.980	,0,NPU:2
2,CCE,1788521818149638.650	,0,NPU:2
2,CCE,1788521818249659.260	,0,NPU:2
2,CCE,1788521818349662.080	,0,NPU:2
2,CCE,1788521818449657.480	,0,NPU:2
2,CCE,1788521818549637.990	,0,NPU:2
2,CCE,1788521818649644.760	,0,NPU:2
2,CCE,1788521818749644.410	,0,NPU:2
2,CCE,1788521818849632.540	,0,NPU:2
2,CCE,1788521818949665.770	,0,NPU:2
2,CCE,1788521819049635.370	,0,NPU:2
2,CCE,1788521819149660.550	,0,NPU:2
2,CCE,1788521819249634.550	,0,NPU:2
2,CCE,1788521819349720.460	,0,NPU:2
2,CCE,1788521819449719.400	,0,NPU:2
2,CCE,1788521819549723.740	,0,NPU:2
2,CCE,1788521819649723.370	,0,NPU:2
2,CCE,1788521819749726.200	,0,NPU:2
2,CCE,1788521819849736.420	,0,NPU:2
2,CCE,1788521819949755.860	,0,NPU:2
2,CCE,1788521820049727.140	,0,NPU:2
2,CCE,1788521820149716.360	,0,NPU:2
2,CCE,1788521820249716.370	,0,NPU:2
2,CCE,1788521820349711.840	,0,NPU:2
2,CCE,1788521820449726.890	,0,NPU:2
2,CCE,1788521820549712.730	,0,NPU:2
2,CCE,1788521820649702.030	,0,NPU:2
2,CCE,1788521820749710.230	,0,NPU:2
2,CCE,1788521820849694.750	,0,NPU:2
2,CCE,1788521820949698.940	,0,NPU:2
2,CCE,1788521821049704.330	,0,NPU:2
2,CCE,1788521821149676.820	,0,NPU:2
2,CCE,1788521821249718.890	,0,NPU:2
2,CCE,1788521821349696.880	,0,NPU:2
2,CCE,1788521821449692.650	,0,NPU:2
2,CCE,1788521821549728.440	,0,NPU:2
2,CCE,1788521821649696.680	,0,NPU:2
2,CCE,1788521821749682.240	,0,NPU:2
2,CCE,1788521821849664.100	,0,NPU:2
2,CCE,1788521821949669.250	,0,NPU:2
2,CCE,1788521822049680.230	,0,NPU:2
2,CCE,1788521822149683.530	,0,NPU:2
2,CCE,1788521822176183.290	,0,NPU:2
2,HDC,1788521817449834.360	,0,NPU:2
2,HDC,1788521817549656.350	,0,NPU:2
2,HDC,1788521817649645.590	,0,NPU:2
2,HDC,1788521817749647.080	,0,NPU:2
2,HDC,1788521817849642.630	,0,NPU:2
2,HDC,1788521817949662.080	,0,NPU:2
2,HDC,1788521818049639.980	,0,NPU:2
2,HDC,1788521818149638.650	,0,NPU:2
2,HDC,1788521818249659.260	,0,NPU:2
2,HDC,1788521818349662.080	,0,NPU:2
2,HDC,1788521818449657.480	,0,NPU:2
2,HDC,1788521818549637.990	,0,NPU:2
2,HDC,1788521818649644.760	,0,NPU:2
2,HDC,1788521818749644.410	,0,NPU:2
2,HDC,1788521818849632.540	,0,NPU:2
2,HDC,1788521818949665.770	,0,NPU:2
2,HDC,1788521819049635.370	,0,NPU:2
2,HDC,1788521819149660.550	,0,NPU:2
2,HDC,1788521819249634.550	,0,NPU:2
2,HDC,1788521819349720.460	,0,NPU:2
2,HDC,1788521819449719.400	,0,NPU:2
2,HDC,1788521819549723.740	,0,NPU:2
2,HDC,1788521819649723.370	,0,NPU:2
2,HDC,1788521819749726.200	,0,NPU:2
2,HDC,1788521819849736.420	,0,NPU:2
2,HDC,1788521819949755.860	,0,NPU:2
2,HDC,1788521820049727.140	,0,NPU:2
2,HDC,1788521820149716.360	,0,NPU:2
2,HDC,1788521820249716.370	,0,NPU:2
2,HDC,1788521820349711.840	,0,NPU:2
2,HDC,1788521820449726.890	,0,NPU:2
2,HDC,1788521820549712.730	,0,NPU:2
2,HDC,1788521820649702.030	,0,NPU:2
2,HDC,1788521820749710.230	,0,NPU:2
2,HDC,1788521820849694.750	,0,NPU:2
2,HDC,1788521820949698.940	,0,NPU:2
2,HDC,1788521821049704.330	,0,NPU:2
2,HDC,1788521821149676.820	,0,NPU:2
2,HDC,1788521821249718.890	,0,NPU:2
2,HDC,1788521821349696.880	,0,NPU:2
2,HDC,1788521821449692.650	,0,NPU:2
2,HDC,1788521821549728.440	,0,NPU:2
2,HDC,1788521821649696.680	,0,NPU:2
2,HDC,1788521821749682.240	,0,NPU:2
2,HDC,1788521821849664.100	,0,NPU:2
2,HDC,1788521821949669.250	,0,NPU:2
2,HDC,1788521822049680.230	,0,NPU:2
2,HDC,1788521822149683.530	,0,NPU:2
2,HDC,1788521822176183.290	,0,NPU:2
2,DRV,1788521817449834.360	,0,NPU:2
2,DRV,1788521817549656.350	,0,NPU:2
2,DRV,1788521817649645.590	,0,NPU:2
2,DRV,1788521817749647.080	,0,NPU:2
2,DRV,1788521817849642.630	,0,NPU:2
2,DRV,1788521817949662.080	,0,NPU:2
2,DRV,1788521818049639.980	,0,NPU:2
2,DRV,1788521818149638.650	,0,NPU:2
2,DRV,1788521818249659.260	,0,NPU:2
2,DRV,1788521818349662.080	,0,NPU:2
2,DRV,1788521818449657.480	,0,NPU:2
2,DRV,1788521818549637.990	,0,NPU:2
2,DRV,1788521818649644.760	,0,NPU:2
2,DRV,1788521818749644.410	,0,NPU:2
2,DRV,1788521818849632.540	,0,NPU:2
2,DRV,1788521818949665.770	,0,NPU:2
2,DRV,1788521819049635.370	,0,NPU:2
2,DRV,1788521819149660.550	,0,NPU:2
2,DRV,1788521819249634.550	,0,NPU:2
2,DRV,1788521819349720.460	,0,NPU:2
2,DRV,1788521819449719.400	,0,NPU:2
2,DRV,1788521819549723.740	,0,NPU:2
2,DRV,1788521819649723.370	,0,NPU:2
2,DRV,1788521819749726.200	,0,NPU:2
2,DRV,1788521819849736.420	,0,NPU:2
2,DRV,1788521819949755.860	,0,NPU:2
2,DRV,1788521820049727.140	,0,NPU:2
2,DRV,1788521820149716.360	,0,NPU:2
2,DRV,1788521820249716.370	,0,NPU:2
2,DRV,1788521820349711.840	,0,NPU:2
2,DRV,1788521820449726.890	,0,NPU:2
2,DRV,1788521820549712.730	,0,NPU:2
2,DRV,1788521820649702.030	,0,NPU:2
2,DRV,1788521820749710.230	,0,NPU:2
2,DRV,1788521820849694.750	,0,NPU:2
2,DRV,1788521820949698.940	,0,NPU:2
2,DRV,1788521821049704.330	,0,NPU:2
2,DRV,1788521821149676.820	,0,NPU:2
2,DRV,1788521821249718.890	,0,NPU:2
2,DRV,1788521821349696.880	,0,NPU:2
2,DRV,1788521821449692.650	,0,NPU:2
2,DRV,1788521821549728.440	,0,NPU:2
2,DRV,1788521821649696.680	,0,NPU:2
2,DRV,1788521821749682.240	,0,NPU:2
2,DRV,1788521821849664.100	,0,NPU:2
2,DRV,1788521821949669.250	,0,NPU:2
2,DRV,1788521822049680.230	,0,NPU:2
2,DRV,1788521822149683.530	,0,NPU:2
2,DRV,1788521822176183.290	,0,NPU:2
2,MDCFUSION,1788521817449834.360	,0,NPU:2
2,MDCFUSION,1788521817549656.350	,0,NPU:2
2,MDCFUSION,1788521817649645.590	,0,NPU:2
2,MDCFUSION,1788521817749647.080	,0,NPU:2
2,MDCFUSION,1788521817849642.630	,0,NPU:2
2,MDCFUSION,1788521817949662.080	,0,NPU:2
2,MDCFUSION,1788521818049639.980	,0,NPU:2
2,MDCFUSION,1788521818149638.650	,0,NPU:2
2,MDCFUSION,1788521818249659.260	,0,NPU:2
2,MDCFUSION,1788521818349662.080	,0,NPU:2
2,MDCFUSION,1788521818449657.480	,0,NPU:2
2,MDCFUSION,1788521818549637.990	,0,NPU:2
2,MDCFUSION,1788521818649644.760	,0,NPU:2
2,MDCFUSION,1788521818749644.410	,0,NPU:2
2,MDCFUSION,1788521818849632.540	,0,NPU:2
2,MDCFUSION,1788521818949665.770	,0,NPU:2
2,MDCFUSION,1788521819049635.370	,0,NPU:2
2,MDCFUSION,1788521819149660.550	,0,NPU:2
2,MDCFUSION,1788521819249634.550	,0,NPU:2
2,MDCFUSION,1788521819349720.460	,0,NPU:2
2,MDCFUSION,1788521819449719.400	,0,NPU:2
2,MDCFUSION,1788521819549723.740	,0,NPU:2
2,MDCFUSION,1788521819649723.370	,0,NPU:2
2,MDCFUSION,1788521819749726.200	,0,NPU:2
2,MDCFUSION,1788521819849736.420	,0,NPU:2
2,MDCFUSION,1788521819949755.860	,0,NPU:2
2,MDCFUSION,1788521820049727.140	,0,NPU:2
2,MDCFUSION,1788521820149716.360	,0,NPU:2
2,MDCFUSION,1788521820249716.370	,0,NPU:2
2,MDCFUSION,1788521820349711.840	,0,NPU:2
2,MDCFUSION,1788521820449726.890	,0,NPU:2
2,MDCFUSION,1788521820549712.730	,0,NPU:2
2,MDCFUSION,1788521820649702.030	,0,NPU:2
2,MDCFUSION,1788521820749710.230	,0,NPU:2
2,MDCFUSION,1788521820849694.750	,0,NPU:2
2,MDCFUSION,1788521820949698.940	,0,NPU:2
2,MDCFUSION,1788521821049704.330	,0,NPU:2
2,MDCFUSION,1788521821149676.820	,0,NPU:2
2,MDCFUSION,1788521821249718.890	,0,NPU:2
2,MDCFUSION,1788521821349696.880	,0,NPU:2
2,MDCFUSION,1788521821449692.650	,0,NPU:2
2,MDCFUSION,1788521821549728.440	,0,NPU:2
2,MDCFUSION,1788521821649696.680	,0,NPU:2
2,MDCFUSION,1788521821749682.240	,0,NPU:2
2,MDCFUSION,1788521821849664.100	,0,NPU:2
2,MDCFUSION,1788521821949669.250	,0,NPU:2
2,MDCFUSION,1788521822049680.230	,0,NPU:2
2,MDCFUSION,1788521822149683.530	,0,NPU:2
2,MDCFUSION,1788521822176183.290	,0,NPU:2
2,MDCLOCATION,1788521817449834.360	,0,NPU:2
2,MDCLOCATION,1788521817549656.350	,0,NPU:2
2,MDCLOCATION,1788521817649645.590	,0,NPU:2
2,MDCLOCATION,1788521817749647.080	,0,NPU:2
2,MDCLOCATION,1788521817849642.630	,0,NPU:2
2,MDCLOCATION,1788521817949662.080	,0,NPU:2
2,MDCLOCATION,1788521818049639.980	,0,NPU:2
2,MDCLOCATION,1788521818149638.650	,0,NPU:2
2,MDCLOCATION,1788521818249659.260	,0,NPU:2
2,MDCLOCATION,1788521818349662.080	,0,NPU:2
2,MDCLOCATION,1788521818449657.480	,0,NPU:2
2,MDCLOCATION,1788521818549637.990	,0,NPU:2
2,MDCLOCATION,1788521818649644.760	,0,NPU:2
2,MDCLOCATION,1788521818749644.410	,0,NPU:2
2,MDCLOCATION,1788521818849632.540	,0,NPU:2
2,MDCLOCATION,1788521818949665.770	,0,NPU:2
2,MDCLOCATION,1788521819049635.370	,0,NPU:2
2,MDCLOCATION,1788521819149660.550	,0,NPU:2
2,MDCLOCATION,1788521819249634.550	,0,NPU:2
2,MDCLOCATION,1788521819349720.460	,0,NPU:2
2,MDCLOCATION,1788521819449719.400	,0,NPU:2
2,MDCLOCATION,1788521819549723.740	,0,NPU:2
2,MDCLOCATION,1788521819649723.370	,0,NPU:2
2,MDCLOCATION,1788521819749726.200	,0,NPU:2
2,MDCLOCATION,1788521819849736.420	,0,NPU:2
2,MDCLOCATION,1788521819949755.860	,0,NPU:2
2,MDCLOCATION,1788521820049727.140	,0,NPU:2
2,MDCLOCATION,1788521820149716.360	,0,NPU:2
2,MDCLOCATION,1788521820249716.370	,0,NPU:2
2,MDCLOCATION,1788521820349711.840	,0,NPU:2
2,MDCLOCATION,1788521820449726.890	,0,NPU:2
2,MDCLOCATION,1788521820549712.730	,0,NPU:2
2,MDCLOCATION,1788521820649702.030	,0,NPU:2
2,MDCLOCATION,1788521820749710.230	,0,NPU:2
2,MDCLOCATION,1788521820849694.750	,0,NPU:2
2,MDCLOCATION,1788521820949698.940	,0,NPU:2
2,MDCLOCATION,1788521821049704.330	,0,NPU:2
2,MDCLOCATION,1788521821149676.820	,0,NPU:2
2,MDCLOCATION,1788521821249718.890	,0,NPU:2
2,MDCLOCATION,1788521821349696.880	,0,NPU:2
2,MDCLOCATION,1788521821449692.650	,0,NPU:2
2,MDCLOCATION,1788521821549728.440	,0,NPU:2
2,MDCLOCATION,1788521821649696.680	,0,NPU:2
2,MDCLOCATION,1788521821749682.240	,0,NPU:2
2,MDCLOCATION,1788521821849664.100	,0,NPU:2
2,MDCLOCATION,1788521821949669.250	,0,NPU:2
2,MDCLOCATION,1788521822049680.230	,0,NPU:2
2,MDCLOCATION,1788521822149683.530	,0,NPU:2
2,MDCLOCATION,1788521822176183.290	,0,NPU:2
2,MDCPERCEPTION,1788521817449834.360	,0,NPU:2
2,MDCPERCEPTION,1788521817549656.350	,0,NPU:2
2,MDCPERCEPTION,1788521817649645.590	,0,NPU:2
2,MDCPERCEPTION,1788521817749647.080	,0,NPU:2
2,MDCPERCEPTION,1788521817849642.630	,0,NPU:2
2,MDCPERCEPTION,1788521817949662.080	,0,NPU:2
2,MDCPERCEPTION,1788521818049639.980	,0,NPU:2
2,MDCPERCEPTION,1788521818149638.650	,0,NPU:2
2,MDCPERCEPTION,1788521818249659.260	,0,NPU:2
2,MDCPERCEPTION,1788521818349662.080	,0,NPU:2
2,MDCPERCEPTION,1788521818449657.480	,0,NPU:2
2,MDCPERCEPTION,1788521818549637.990	,0,NPU:2
2,MDCPERCEPTION,1788521818649644.760	,0,NPU:2
2,MDCPERCEPTION,1788521818749644.410	,0,NPU:2
2,MDCPERCEPTION,1788521818849632.540	,0,NPU:2
2,MDCPERCEPTION,1788521818949665.770	,0,NPU:2
2,MDCPERCEPTION,1788521819049635.370	,0,NPU:2
2,MDCPERCEPTION,1788521819149660.550	,0,NPU:2
2,MDCPERCEPTION,1788521819249634.550	,0,NPU:2
2,MDCPERCEPTION,1788521819349720.460	,0,NPU:2
2,MDCPERCEPTION,1788521819449719.400	,0,NPU:2
2,MDCPERCEPTION,1788521819549723.740	,0,NPU:2
2,MDCPERCEPTION,1788521819649723.370	,0,NPU:2
2,MDCPERCEPTION,1788521819749726.200	,0,NPU:2
2,MDCPERCEPTION,1788521819849736.420	,0,NPU:2
2,MDCPERCEPTION,1788521819949755.860	,0,NPU:2
2,MDCPERCEPTION,1788521820049727.140	,0,NPU:2
2,MDCPERCEPTION,1788521820149716.360	,0,NPU:2
2,MDCPERCEPTION,1788521820249716.370	,0,NPU:2
2,MDCPERCEPTION,1788521820349711.840	,0,NPU:2
2,MDCPERCEPTION,1788521820449726.890	,0,NPU:2
2,MDCPERCEPTION,1788521820549712.730	,0,NPU:2
2,MDCPERCEPTION,1788521820649702.030	,0,NPU:2
2,MDCPERCEPTION,1788521820749710.230	,0,NPU:2
2,MDCPERCEPTION,1788521820849694.750	,0,NPU:2
2,MDCPERCEPTION,1788521820949698.940	,0,NPU:2
2,MDCPERCEPTION,1788521821049704.330	,0,NPU:2
2,MDCPERCEPTION,1788521821149676.820	,0,NPU:2
2,MDCPERCEPTION,1788521821249718.890	,0,NPU:2
2,MDCPERCEPTION,1788521821349696.880	,0,NPU:2
2,MDCPERCEPTION,1788521821449692.650	,0,NPU:2
2,MDCPERCEPTION,1788521821549728.440	,0,NPU:2
2,MDCPERCEPTION,1788521821649696.680	,0,NPU:2
2,MDCPERCEPTION,1788521821749682.240	,0,NPU:2
2,MDCPERCEPTION,1788521821849664.100	,0,NPU:2
2,MDCPERCEPTION,1788521821949669.250	,0,NPU:2
2,MDCPERCEPTION,1788521822049680.230	,0,NPU:2
2,MDCPERCEPTION,1788521822149683.530	,0,NPU:2
2,MDCPERCEPTION,1788521822176183.290	,0,NPU:2
2,MDCFSM,1788521817449834.360	,0,NPU:2
2,MDCFSM,1788521817549656.350	,0,NPU:2
2,MDCFSM,1788521817649645.590	,0,NPU:2
2,MDCFSM,1788521817749647.080	,0,NPU:2
2,MDCFSM,1788521817849642.630	,0,NPU:2
2,MDCFSM,1788521817949662.080	,0,NPU:2
2,MDCFSM,1788521818049639.980	,0,NPU:2
2,MDCFSM,1788521818149638.650	,0,NPU:2
2,MDCFSM,1788521818249659.260	,0,NPU:2
2,MDCFSM,1788521818349662.080	,0,NPU:2
2,MDCFSM,1788521818449657.480	,0,NPU:2
2,MDCFSM,1788521818549637.990	,0,NPU:2
2,MDCFSM,1788521818649644.760	,0,NPU:2
2,MDCFSM,1788521818749644.410	,0,NPU:2
2,MDCFSM,1788521818849632.540	,0,NPU:2
2,MDCFSM,1788521818949665.770	,0,NPU:2
2,MDCFSM,1788521819049635.370	,0,NPU:2
2,MDCFSM,1788521819149660.550	,0,NPU:2
2,MDCFSM,1788521819249634.550	,0,NPU:2
2,MDCFSM,1788521819349720.460	,0,NPU:2
2,MDCFSM,1788521819449719.400	,0,NPU:2
2,MDCFSM,1788521819549723.740	,0,NPU:2
2,MDCFSM,1788521819649723.370	,0,NPU:2
2,MDCFSM,1788521819749726.200	,0,NPU:2
2,MDCFSM,1788521819849736.420	,0,NPU:2
2,MDCFSM,1788521819949755.860	,0,NPU:2
2,MDCFSM,1788521820049727.140	,0,NPU:2
2,MDCFSM,1788521820149716.360	,0,NPU:2
2,MDCFSM,1788521820249716.370	,0,NPU:2
2,MDCFSM,1788521820349711.840	,0,NPU:2
2,MDCFSM,1788521820449726.890	,0,NPU:2
2,MDCFSM,1788521820549712.730	,0,NPU:2
2,MDCFSM,1788521820649702.030	,0,NPU:2
2,MDCFSM,1788521820749710.230	,0,NPU:2
2,MDCFSM,1788521820849694.750	,0,NPU:2
2,MDCFSM,1788521820949698.940	,0,NPU:2
2,MDCFSM,1788521821049704.330	,0,NPU:2
2,MDCFSM,1788521821149676.820	,0,NPU:2
2,MDCFSM,1788521821249718.890	,0,NPU:2
2,MDCFSM,1788521821349696.880	,0,NPU:2
2,MDCFSM,1788521821449692.650	,0,NPU:2
2,MDCFSM,1788521821549728.440	,0,NPU:2
2,MDCFSM,1788521821649696.680	,0,NPU:2
2,MDCFSM,1788521821749682.240	,0,NPU:2
2,MDCFSM,1788521821849664.100	,0,NPU:2
2,MDCFSM,1788521821949669.250	,0,NPU:2
2,MDCFSM,1788521822049680.230	,0,NPU:2
2,MDCFSM,1788521822149683.530	,0,NPU:2
2,MDCFSM,1788521822176183.290	,0,NPU:2
2,MDCCOMMON,1788521817449834.360	,0,NPU:2
2,MDCCOMMON,1788521817549656.350	,0,NPU:2
2,MDCCOMMON,1788521817649645.590	,0,NPU:2
2,MDCCOMMON,1788521817749647.080	,0,NPU:2
2,MDCCOMMON,1788521817849642.630	,0,NPU:2
2,MDCCOMMON,1788521817949662.080	,0,NPU:2
2,MDCCOMMON,1788521818049639.980	,0,NPU:2
2,MDCCOMMON,1788521818149638.650	,0,NPU:2
2,MDCCOMMON,1788521818249659.260	,0,NPU:2
2,MDCCOMMON,1788521818349662.080	,0,NPU:2
2,MDCCOMMON,1788521818449657.480	,0,NPU:2
2,MDCCOMMON,1788521818549637.990	,0,NPU:2
2,MDCCOMMON,1788521818649644.760	,0,NPU:2
2,MDCCOMMON,1788521818749644.410	,0,NPU:2
2,MDCCOMMON,1788521818849632.540	,0,NPU:2
2,MDCCOMMON,1788521818949665.770	,0,NPU:2
2,MDCCOMMON,1788521819049635.370	,0,NPU:2
2,MDCCOMMON,1788521819149660.550	,0,NPU:2
2,MDCCOMMON,1788521819249634.550	,0,NPU:2
2,MDCCOMMON,1788521819349720.460	,0,NPU:2
2,MDCCOMMON,1788521819449719.400	,0,NPU:2
2,MDCCOMMON,1788521819549723.740	,0,NPU:2
2,MDCCOMMON,1788521819649723.370	,0,NPU:2
2,MDCCOMMON,1788521819749726.200	,0,NPU:2
2,MDCCOMMON,1788521819849736.420	,0,NPU:2
2,MDCCOMMON,1788521819949755.860	,0,NPU:2
2,MDCCOMMON,1788521820049727.140	,0,NPU:2
2,MDCCOMMON,1788521820149716.360	,0,NPU:2
2,MDCCOMMON,1788521820249716.370	,0,NPU:2
2,MDCCOMMON,1788521820349711.840	,0,NPU:2
2,MDCCOMMON,1788521820449726.890	,0,NPU:2
2,MDCCOMMON,1788521820549712.730	,0,NPU:2
2,MDCCOMMON,1788521820649702.030	,0,NPU:2
2,MDCCOMMON,1788521820749710.230	,0,NPU:2
2,MDCCOMMON,1788521820849694.750	,0,NPU:2
2,MDCCOMMON,1788521820949698.940	,0,NPU:2
2,MDCCOMMON,1788521821049704.330	,0,NPU:2
2,MDCCOMMON,1788521821149676.820	,0,NPU:2
2,MDCCOMMON,1788521821249718.890	,0,NPU:2
2,MDCCOMMON,1788521821349696.880	,0,NPU:2
2,MDCCOMMON,1788521821449692.650	,0,NPU:2
2,MDCCOMMON,1788521821549728.440	,0,NPU:2
2,MDCCOMMON,1788521821649696.680	,0,NPU:2
2,MDCCOMMON,1788521821749682.240	,0,NPU:2
2,MDCCOMMON,1788521821849664.100	,0,NPU:2
2,MDCCOMMON,1788521821949669.250	,0,NPU:2
2,MDCCOMMON,1788521822049680.230	,0,NPU:2
2,MDCCOMMON,1788521822149683.530	,0,NPU:2
2,MDCCOMMON,1788521822176183.290	,0,NPU:2
2,MDCMONITOR,1788521817449834.360	,0,NPU:2
2,MDCMONITOR,1788521817549656.350	,0,NPU:2
2,MDCMONITOR,1788521817649645.590	,0,NPU:2
2,MDCMONITOR,1788521817749647.080	,0,NPU:2
2,MDCMONITOR,1788521817849642.630	,0,NPU:2
2,MDCMONITOR,1788521817949662.080	,0,NPU:2
2,MDCMONITOR,1788521818049639.980	,0,NPU:2
2,MDCMONITOR,1788521818149638.650	,0,NPU:2
2,MDCMONITOR,1788521818249659.260	,0,NPU:2
2,MDCMONITOR,1788521818349662.080	,0,NPU:2
2,MDCMONITOR,1788521818449657.480	,0,NPU:2
2,MDCMONITOR,1788521818549637.990	,0,NPU:2
2,MDCMONITOR,1788521818649644.760	,0,NPU:2
2,MDCMONITOR,1788521818749644.410	,0,NPU:2
2,MDCMONITOR,1788521818849632.540	,0,NPU:2
2,MDCMONITOR,1788521818949665.770	,0,NPU:2
2,MDCMONITOR,1788521819049635.370	,0,NPU:2
2,MDCMONITOR,1788521819149660.550	,0,NPU:2
2,MDCMONITOR,1788521819249634.550	,0,NPU:2
2,MDCMONITOR,1788521819349720.460	,0,NPU:2
2,MDCMONITOR,1788521819449719.400	,0,NPU:2
2,MDCMONITOR,1788521819549723.740	,0,NPU:2
2,MDCMONITOR,1788521819649723.370	,0,NPU:2
2,MDCMONITOR,1788521819749726.200	,0,NPU:2
2,MDCMONITOR,1788521819849736.420	,0,NPU:2
2,MDCMONITOR,1788521819949755.860	,0,NPU:2
2,MDCMONITOR,1788521820049727.140	,0,NPU:2
2,MDCMONITOR,1788521820149716.360	,0,NPU:2
2,MDCMONITOR,1788521820249716.370	,0,NPU:2
2,MDCMONITOR,1788521820349711.840	,0,NPU:2
2,MDCMONITOR,1788521820449726.890	,0,NPU:2
2,MDCMONITOR,1788521820549712.730	,0,NPU:2
2,MDCMONITOR,1788521820649702.030	,0,NPU:2
2,MDCMONITOR,1788521820749710.230	,0,NPU:2
2,MDCMONITOR,1788521820849694.750	,0,NPU:2
2,MDCMONITOR,1788521820949698.940	,0,NPU:2
2,MDCMONITOR,1788521821049704.330	,0,NPU:2
2,MDCMONITOR,1788521821149676.820	,0,NPU:2
2,MDCMONITOR,1788521821249718.890	,0,NPU:2
2,MDCMONITOR,1788521821349696.880	,0,NPU:2
2,MDCMONITOR,1788521821449692.650	,0,NPU:2
2,MDCMONITOR,1788521821549728.440	,0,NPU:2
2,MDCMONITOR,1788521821649696.680	,0,NPU:2
2,MDCMONITOR,1788521821749682.240	,0,NPU:2
2,MDCMONITOR,1788521821849664.100	,0,NPU:2
2,MDCMONITOR,1788521821949669.250	,0,NPU:2
2,MDCMONITOR,1788521822049680.230	,0,NPU:2
2,MDCMONITOR,1788521822149683.530	,0,NPU:2
2,MDCMONITOR,1788521822176183.290	,0,NPU:2
2,MDCBSWP,1788521817449834.360	,0,NPU:2
2,MDCBSWP,1788521817549656.350	,0,NPU:2
2,MDCBSWP,1788521817649645.590	,0,NPU:2
2,MDCBSWP,1788521817749647.080	,0,NPU:2
2,MDCBSWP,1788521817849642.630	,0,NPU:2
2,MDCBSWP,1788521817949662.080	,0,NPU:2
2,MDCBSWP,1788521818049639.980	,0,NPU:2
2,MDCBSWP,1788521818149638.650	,0,NPU:2
2,MDCBSWP,1788521818249659.260	,0,NPU:2
2,MDCBSWP,1788521818349662.080	,0,NPU:2
2,MDCBSWP,1788521818449657.480	,0,NPU:2
2,MDCBSWP,1788521818549637.990	,0,NPU:2
2,MDCBSWP,1788521818649644.760	,0,NPU:2
2,MDCBSWP,1788521818749644.410	,0,NPU:2
2,MDCBSWP,1788521818849632.540	,0,NPU:2
2,MDCBSWP,1788521818949665.770	,0,NPU:2
2,MDCBSWP,1788521819049635.370	,0,NPU:2
2,MDCBSWP,1788521819149660.550	,0,NPU:2
2,MDCBSWP,1788521819249634.550	,0,NPU:2
2,MDCBSWP,1788521819349720.460	,0,NPU:2
2,MDCBSWP,1788521819449719.400	,0,NPU:2
2,MDCBSWP,1788521819549723.740	,0,NPU:2
2,MDCBSWP,1788521819649723.370	,0,NPU:2
2,MDCBSWP,1788521819749726.200	,0,NPU:2
2,MDCBSWP,1788521819849736.420	,0,NPU:2
2,MDCBSWP,1788521819949755.860	,0,NPU:2
2,MDCBSWP,1788521820049727.140	,0,NPU:2
2,MDCBSWP,1788521820149716.360	,0,NPU:2
2,MDCBSWP,1788521820249716.370	,0,NPU:2
2,MDCBSWP,1788521820349711.840	,0,NPU:2
2,MDCBSWP,1788521820449726.890	,0,NPU:2
2,MDCBSWP,1788521820549712.730	,0,NPU:2
2,MDCBSWP,1788521820649702.030	,0,NPU:2
2,MDCBSWP,1788521820749710.230	,0,NPU:2
2,MDCBSWP,1788521820849694.750	,0,NPU:2
2,MDCBSWP,1788521820949698.940	,0,NPU:2
2,MDCBSWP,1788521821049704.330	,0,NPU:2
2,MDCBSWP,1788521821149676.820	,0,NPU:2
2,MDCBSWP,1788521821249718.890	,0,NPU:2
2,MDCBSWP,1788521821349696.880	,0,NPU:2
2,MDCBSWP,1788521821449692.650	,0,NPU:2
2,MDCBSWP,1788521821549728.440	,0,NPU:2
2,MDCBSWP,1788521821649696.680	,0,NPU:2
2,MDCBSWP,1788521821749682.240	,0,NPU:2
2,MDCBSWP,1788521821849664.100	,0,NPU:2
2,MDCBSWP,1788521821949669.250	,0,NPU:2
2,MDCBSWP,1788521822049680.230	,0,NPU:2
2,MDCBSWP,1788521822149683.530	,0,NPU:2
2,MDCBSWP,1788521822176183.290	,0,NPU:2
2,MDCDEFAULT,1788521817449834.360	,0,NPU:2
2,MDCDEFAULT,1788521817549656.350	,0,NPU:2
2,MDCDEFAULT,1788521817649645.590	,0,NPU:2
2,MDCDEFAULT,1788521817749647.080	,0,NPU:2
2,MDCDEFAULT,1788521817849642.630	,0,NPU:2
2,MDCDEFAULT,1788521817949662.080	,0,NPU:2
2,MDCDEFAULT,1788521818049639.980	,0,NPU:2
2,MDCDEFAULT,1788521818149638.650	,0,NPU:2
2,MDCDEFAULT,1788521818249659.260	,0,NPU:2
2,MDCDEFAULT,1788521818349662.080	,0,NPU:2
2,MDCDEFAULT,1788521818449657.480	,0,NPU:2
2,MDCDEFAULT,1788521818549637.990	,0,NPU:2
2,MDCDEFAULT,1788521818649644.760	,0,NPU:2
2,MDCDEFAULT,1788521818749644.410	,0,NPU:2
2,MDCDEFAULT,1788521818849632.540	,0,NPU:2
2,MDCDEFAULT,1788521818949665.770	,0,NPU:2
2,MDCDEFAULT,1788521819049635.370	,0,NPU:2
2,MDCDEFAULT,1788521819149660.550	,0,NPU:2
2,MDCDEFAULT,1788521819249634.550	,0,NPU:2
2,MDCDEFAULT,1788521819349720.460	,0,NPU:2
2,MDCDEFAULT,1788521819449719.400	,0,NPU:2
2,MDCDEFAULT,1788521819549723.740	,0,NPU:2
2,MDCDEFAULT,1788521819649723.370	,0,NPU:2
2,MDCDEFAULT,1788521819749726.200	,0,NPU:2
2,MDCDEFAULT,1788521819849736.420	,0,NPU:2
2,MDCDEFAULT,1788521819949755.860	,0,NPU:2
2,MDCDEFAULT,1788521820049727.140	,0,NPU:2
2,MDCDEFAULT,1788521820149716.360	,0,NPU:2
2,MDCDEFAULT,1788521820249716.370	,0,NPU:2
2,MDCDEFAULT,1788521820349711.840	,0,NPU:2
2,MDCDEFAULT,1788521820449726.890	,0,NPU:2
2,MDCDEFAULT,1788521820549712.730	,0,NPU:2
2,MDCDEFAULT,1788521820649702.030	,0,NPU:2
2,MDCDEFAULT,1788521820749710.230	,0,NPU:2
2,MDCDEFAULT,1788521820849694.750	,0,NPU:2
2,MDCDEFAULT,1788521820949698.940	,0,NPU:2
2,MDCDEFAULT,1788521821049704.330	,0,NPU:2
2,MDCDEFAULT,1788521821149676.820	,0,NPU:2
2,MDCDEFAULT,1788521821249718.890	,0,NPU:2
2,MDCDEFAULT,1788521821349696.880	,0,NPU:2
2,MDCDEFAULT,1788521821449692.650	,0,NPU:2
2,MDCDEFAULT,1788521821549728.440	,0,NPU:2
2,MDCDEFAULT,1788521821649696.680	,0,NPU:2
2,MDCDEFAULT,1788521821749682.240	,0,NPU:2
2,MDCDEFAULT,1788521821849664.100	,0,NPU:2
2,MDCDEFAULT,1788521821949669.250	,0,NPU:2
2,MDCDEFAULT,1788521822049680.230	,0,NPU:2
2,MDCDEFAULT,1788521822149683.530	,0,NPU:2
2,MDCDEFAULT,1788521822176183.290	,0,NPU:2
2,MDCSC,1788521817449834.360	,0,NPU:2
2,MDCSC,1788521817549656.350	,0,NPU:2
2,MDCSC,1788521817649645.590	,0,NPU:2
2,MDCSC,1788521817749647.080	,0,NPU:2
2,MDCSC,1788521817849642.630	,0,NPU:2
2,MDCSC,1788521817949662.080	,0,NPU:2
2,MDCSC,1788521818049639.980	,0,NPU:2
2,MDCSC,1788521818149638.650	,0,NPU:2
2,MDCSC,1788521818249659.260	,0,NPU:2
2,MDCSC,1788521818349662.080	,0,NPU:2
2,MDCSC,1788521818449657.480	,0,NPU:2
2,MDCSC,1788521818549637.990	,0,NPU:2
2,MDCSC,1788521818649644.760	,0,NPU:2
2,MDCSC,1788521818749644.410	,0,NPU:2
2,MDCSC,1788521818849632.540	,0,NPU:2
2,MDCSC,1788521818949665.770	,0,NPU:2
2,MDCSC,1788521819049635.370	,0,NPU:2
2,MDCSC,1788521819149660.550	,0,NPU:2
2,MDCSC,1788521819249634.550	,0,NPU:2
2,MDCSC,1788521819349720.460	,0,NPU:2
2,MDCSC,1788521819449719.400	,0,NPU:2
2,MDCSC,1788521819549723.740	,0,NPU:2
2,MDCSC,1788521819649723.370	,0,NPU:2
2,MDCSC,1788521819749726.200	,0,NPU:2
2,MDCSC,1788521819849736.420	,0,NPU:2
2,MDCSC,1788521819949755.860	,0,NPU:2
2,MDCSC,1788521820049727.140	,0,NPU:2
2,MDCSC,1788521820149716.360	,0,NPU:2
2,MDCSC,1788521820249716.370	,0,NPU:2
2,MDCSC,1788521820349711.840	,0,NPU:2
2,MDCSC,1788521820449726.890	,0,NPU:2
2,MDCSC,1788521820549712.730	,0,NPU:2
2,MDCSC,1788521820649702.030	,0,NPU:2
2,MDCSC,1788521820749710.230	,0,NPU:2
2,MDCSC,1788521820849694.750	,0,NPU:2
2,MDCSC,1788521820949698.940	,0,NPU:2
2,MDCSC,1788521821049704.330	,0,NPU:2
2,MDCSC,1788521821149676.820	,0,NPU:2
2,MDCSC,1788521821249718.890	,0,NPU:2
2,MDCSC,1788521821349696.880	,0,NPU:2
2,MDCSC,1788521821449692.650	,0,NPU:2
2,MDCSC,1788521821549728.440	,0,NPU:2
2,MDCSC,1788521821649696.680	,0,NPU:2
2,MDCSC,1788521821749682.240	,0,NPU:2
2,MDCSC,1788521821849664.100	,0,NPU:2
2,MDCSC,1788521821949669.250	,0,NPU:2
2,MDCSC,1788521822049680.230	,0,NPU:2
2,MDCSC,1788521822149683.530	,0,NPU:2
2,MDCSC,1788521822176183.290	,0,NPU:2
2,MDCPNC,1788521817449834.360	,0,NPU:2
2,MDCPNC,1788521817549656.350	,0,NPU:2
2,MDCPNC,1788521817649645.590	,0,NPU:2
2,MDCPNC,1788521817749647.080	,0,NPU:2
2,MDCPNC,1788521817849642.630	,0,NPU:2
2,MDCPNC,1788521817949662.080	,0,NPU:2
2,MDCPNC,1788521818049639.980	,0,NPU:2
2,MDCPNC,1788521818149638.650	,0,NPU:2
2,MDCPNC,1788521818249659.260	,0,NPU:2
2,MDCPNC,1788521818349662.080	,0,NPU:2
2,MDCPNC,1788521818449657.480	,0,NPU:2
2,MDCPNC,1788521818549637.990	,0,NPU:2
2,MDCPNC,1788521818649644.760	,0,NPU:2
2,MDCPNC,1788521818749644.410	,0,NPU:2
2,MDCPNC,1788521818849632.540	,0,NPU:2
2,MDCPNC,1788521818949665.770	,0,NPU:2
2,MDCPNC,1788521819049635.370	,0,NPU:2
2,MDCPNC,1788521819149660.550	,0,NPU:2
2,MDCPNC,1788521819249634.550	,0,NPU:2
2,MDCPNC,1788521819349720.460	,0,NPU:2
2,MDCPNC,1788521819449719.400	,0,NPU:2
2,MDCPNC,1788521819549723.740	,0,NPU:2
2,MDCPNC,1788521819649723.370	,0,NPU:2
2,MDCPNC,1788521819749726.200	,0,NPU:2
2,MDCPNC,1788521819849736.420	,0,NPU:2
2,MDCPNC,1788521819949755.860	,0,NPU:2
2,MDCPNC,1788521820049727.140	,0,NPU:2
2,MDCPNC,1788521820149716.360	,0,NPU:2
2,MDCPNC,1788521820249716.370	,0,NPU:2
2,MDCPNC,1788521820349711.840	,0,NPU:2
2,MDCPNC,1788521820449726.890	,0,NPU:2
2,MDCPNC,1788521820549712.730	,0,NPU:2
2,MDCPNC,1788521820649702.030	,0,NPU:2
2,MDCPNC,1788521820749710.230	,0,NPU:2
2,MDCPNC,1788521820849694.750	,0,NPU:2
2,MDCPNC,1788521820949698.940	,0,NPU:2
2,MDCPNC,1788521821049704.330	,0,NPU:2
2,MDCPNC,1788521821149676.820	,0,NPU:2
2,MDCPNC,1788521821249718.890	,0,NPU:2
2,MDCPNC,1788521821349696.880	,0,NPU:2
2,MDCPNC,1788521821449692.650	,0,NPU:2
2,MDCPNC,1788521821549728.440	,0,NPU:2
2,MDCPNC,1788521821649696.680	,0,NPU:2
2,MDCPNC,1788521821749682.240	,0,NPU:2
2,MDCPNC,1788521821849664.100	,0,NPU:2
2,MDCPNC,1788521821949669.250	,0,NPU:2
2,MDCPNC,1788521822049680.230	,0,NPU:2
2,MDCPNC,1788521822149683.530	,0,NPU:2
2,MDCPNC,1788521822176183.290	,0,NPU:2
2,MLL,1788521817449834.360	,0,NPU:2
2,MLL,1788521817549656.350	,0,NPU:2
2,MLL,1788521817649645.590	,0,NPU:2
2,MLL,1788521817749647.080	,0,NPU:2
2,MLL,1788521817849642.630	,0,NPU:2
2,MLL,1788521817949662.080	,0,NPU:2
2,MLL,1788521818049639.980	,0,NPU:2
2,MLL,1788521818149638.650	,0,NPU:2
2,MLL,1788521818249659.260	,0,NPU:2
2,MLL,1788521818349662.080	,0,NPU:2
2,MLL,1788521818449657.480	,0,NPU:2
2,MLL,1788521818549637.990	,0,NPU:2
2,MLL,1788521818649644.760	,0,NPU:2
2,MLL,1788521818749644.410	,0,NPU:2
2,MLL,1788521818849632.540	,0,NPU:2
2,MLL,1788521818949665.770	,0,NPU:2
2,MLL,1788521819049635.370	,0,NPU:2
2,MLL,1788521819149660.550	,0,NPU:2
2,MLL,1788521819249634.550	,0,NPU:2
2,MLL,1788521819349720.460	,0,NPU:2
2,MLL,1788521819449719.400	,0,NPU:2
2,MLL,1788521819549723.740	,0,NPU:2
2,MLL,1788521819649723.370	,0,NPU:2
2,MLL,1788521819749726.200	,0,NPU:2
2,MLL,1788521819849736.420	,0,NPU:2
2,MLL,1788521819949755.860	,0,NPU:2
2,MLL,1788521820049727.140	,0,NPU:2
2,MLL,1788521820149716.360	,0,NPU:2
2,MLL,1788521820249716.370	,0,NPU:2
2,MLL,1788521820349711.840	,0,NPU:2
2,MLL,1788521820449726.890	,0,NPU:2
2,MLL,1788521820549712.730	,0,NPU:2
2,MLL,1788521820649702.030	,0,NPU:2
2,MLL,1788521820749710.230	,0,NPU:2
2,MLL,1788521820849694.750	,0,NPU:2
2,MLL,1788521820949698.940	,0,NPU:2
2,MLL,1788521821049704.330	,0,NPU:2
2,MLL,1788521821149676.820	,0,NPU:2
2,MLL,1788521821249718.890	,0,NPU:2
2,MLL,1788521821349696.880	,0,NPU:2
2,MLL,1788521821449692.650	,0,NPU:2
2,MLL,1788521821549728.440	,0,NPU:2
2,MLL,1788521821649696.680	,0,NPU:2
2,MLL,1788521821749682.240	,0,NPU:2
2,MLL,1788521821849664.100	,0,NPU:2
2,MLL,1788521821949669.250	,0,NPU:2
2,MLL,1788521822049680.230	,0,NPU:2
2,MLL,1788521822149683.530	,0,NPU:2
2,MLL,1788521822176183.290	,0,NPU:2
2,DEVMM,1788521817449834.360	,0,NPU:2
2,DEVMM,1788521817549656.350	,0,NPU:2
2,DEVMM,1788521817649645.590	,0,NPU:2
2,DEVMM,1788521817749647.080	,0,NPU:2
2,DEVMM,1788521817849642.630	,0,NPU:2
2,DEVMM,1788521817949662.080	,0,NPU:2
2,DEVMM,1788521818049639.980	,0,NPU:2
2,DEVMM,1788521818149638.650	,0,NPU:2
2,DEVMM,1788521818249659.260	,0,NPU:2
2,DEVMM,1788521818349662.080	,0,NPU:2
2,DEVMM,1788521818449657.480	,0,NPU:2
2,DEVMM,1788521818549637.990	,0,NPU:2
2,DEVMM,1788521818649644.760	,0,NPU:2
2,DEVMM,1788521818749644.410	,0,NPU:2
2,DEVMM,1788521818849632.540	,0,NPU:2
2,DEVMM,1788521818949665.770	,0,NPU:2
2,DEVMM,1788521819049635.370	,0,NPU:2
2,DEVMM,1788521819149660.550	,0,NPU:2
2,DEVMM,1788521819249634.550	,0,NPU:2
2,DEVMM,1788521819349720.460	,0,NPU:2
2,DEVMM,1788521819449719.400	,0,NPU:2
2,DEVMM,1788521819549723.740	,0,NPU:2
2,DEVMM,1788521819649723.370	,0,NPU:2
2,DEVMM,1788521819749726.200	,0,NPU:2
2,DEVMM,1788521819849736.420	,0,NPU:2
2,DEVMM,1788521819949755.860	,0,NPU:2
2,DEVMM,1788521820049727.140	,0,NPU:2
2,DEVMM,1788521820149716.360	,0,NPU:2
2,DEVMM,1788521820249716.370	,0,NPU:2
2,DEVMM,1788521820349711.840	,0,NPU:2
2,DEVMM,1788521820449726.890	,0,NPU:2
2,DEVMM,1788521820549712.730	,0,NPU:2
2,DEVMM,1788521820649702.030	,0,NPU:2
2,DEVMM,1788521820749710.230	,0,NPU:2
2,DEVMM,1788521820849694.750	,0,NPU:2
2,DEVMM,1788521820949698.940	,0,NPU:2
2,DEVMM,1788521821049704.330	,0,NPU:2
2,DEVMM,1788521821149676.820	,0,NPU:2
2,DEVMM,1788521821249718.890	,0,NPU:2
2,DEVMM,1788521821349696.880	,0,NPU:2
2,DEVMM,1788521821449692.650	,0,NPU:2
2,DEVMM,1788521821549728.440	,0,NPU:2
2,DEVMM,1788521821649696.680	,0,NPU:2
2,DEVMM,1788521821749682.240	,0,NPU:2
2,DEVMM,1788521821849664.100	,0,NPU:2
2,DEVMM,1788521821949669.250	,0,NPU:2
2,DEVMM,1788521822049680.230	,0,NPU:2
2,DEVMM,1788521822149683.530	,0,NPU:2
2,DEVMM,1788521822176183.290	,0,NPU:2
2,KERNEL,1788521817449834.360	,0,NPU:2
2,KERNEL,1788521817549656.350	,0,NPU:2
2,KERNEL,1788521817649645.590	,0,NPU:2
2,KERNEL,1788521817749647.080	,0,NPU:2
2,KERNEL,1788521817849642.630	,0,NPU:2
2,KERNEL,1788521817949662.080	,0,NPU:2
2,KERNEL,1788521818049639.980	,0,NPU:2
2,KERNEL,1788521818149638.650	,0,NPU:2
2,KERNEL,1788521818249659.260	,0,NPU:2
2,KERNEL,1788521818349662.080	,0,NPU:2
2,KERNEL,1788521818449657.480	,0,NPU:2
2,KERNEL,1788521818549637.990	,0,NPU:2
2,KERNEL,1788521818649644.760	,0,NPU:2
2,KERNEL,1788521818749644.410	,0,NPU:2
2,KERNEL,1788521818849632.540	,0,NPU:2
2,KERNEL,1788521818949665.770	,0,NPU:2
2,KERNEL,1788521819049635.370	,0,NPU:2
2,KERNEL,1788521819149660.550	,0,NPU:2
2,KERNEL,1788521819249634.550	,0,NPU:2
2,KERNEL,1788521819349720.460	,0,NPU:2
2,KERNEL,1788521819449719.400	,0,NPU:2
2,KERNEL,1788521819549723.740	,0,NPU:2
2,KERNEL,1788521819649723.370	,0,NPU:2
2,KERNEL,1788521819749726.200	,0,NPU:2
2,KERNEL,1788521819849736.420	,0,NPU:2
2,KERNEL,1788521819949755.860	,0,NPU:2
2,KERNEL,1788521820049727.140	,0,NPU:2
2,KERNEL,1788521820149716.360	,0,NPU:2
2,KERNEL,1788521820249716.370	,0,NPU:2
2,KERNEL,1788521820349711.840	,0,NPU:2
2,KERNEL,1788521820449726.890	,0,NPU:2
2,KERNEL,1788521820549712.730	,0,NPU:2
2,KERNEL,1788521820649702.030	,0,NPU:2
2,KERNEL,1788521820749710.230	,0,NPU:2
2,KERNEL,1788521820849694.750	,0,NPU:2
2,KERNEL,1788521820949698.940	,0,NPU:2
2,KERNEL,1788521821049704.330	,0,NPU:2
2,KERNEL,1788521821149676.820	,0,NPU:2
2,KERNEL,1788521821249718.890	,0,NPU:2
2,KERNEL,1788521821349696.880	,0,NPU:2
2,KERNEL,1788521821449692.650	,0,NPU:2
2,KERNEL,1788521821549728.440	,0,NPU:2
2,KERNEL,1788521821649696.680	,0,NPU:2
2,KERNEL,1788521821749682.240	,0,NPU:2
2,KERNEL,1788521821849664.100	,0,NPU:2
2,KERNEL,1788521821949669.250	,0,NPU:2
2,KERNEL,1788521822049680.230	,0,NPU:2
2,KERNEL,1788521822149683.530	,0,NPU:2
2,KERNEL,1788521822176183.290	,0,NPU:2
2,LIBMEDIA,1788521817449834.360	,0,NPU:2
2,LIBMEDIA,1788521817549656.350	,0,NPU:2
2,LIBMEDIA,1788521817649645.590	,0,NPU:2
2,LIBMEDIA,1788521817749647.080	,0,NPU:2
2,LIBMEDIA,1788521817849642.630	,0,NPU:2
2,LIBMEDIA,1788521817949662.080	,0,NPU:2
2,LIBMEDIA,1788521818049639.980	,0,NPU:2
2,LIBMEDIA,1788521818149638.650	,0,NPU:2
2,LIBMEDIA,1788521818249659.260	,0,NPU:2
2,LIBMEDIA,1788521818349662.080	,0,NPU:2
2,LIBMEDIA,1788521818449657.480	,0,NPU:2
2,LIBMEDIA,1788521818549637.990	,0,NPU:2
2,LIBMEDIA,1788521818649644.760	,0,NPU:2
2,LIBMEDIA,1788521818749644.410	,0,NPU:2
2,LIBMEDIA,1788521818849632.540	,0,NPU:2
2,LIBMEDIA,1788521818949665.770	,0,NPU:2
2,LIBMEDIA,1788521819049635.370	,0,NPU:2
2,LIBMEDIA,1788521819149660.550	,0,NPU:2
2,LIBMEDIA,1788521819249634.550	,0,NPU:2
2,LIBMEDIA,1788521819349720.460	,0,NPU:2
2,LIBMEDIA,1788521819449719.400	,0,NPU:2
2,LIBMEDIA,1788521819549723.740	,0,NPU:2
2,LIBMEDIA,1788521819649723.370	,0,NPU:2
2,LIBMEDIA,1788521819749726.200	,0,NPU:2
2,LIBMEDIA,1788521819849736.420	,0,NPU:2
2,LIBMEDIA,1788521819949755.860	,0,NPU:2
2,LIBMEDIA,1788521820049727.140	,0,NPU:2
2,LIBMEDIA,1788521820149716.360	,0,NPU:2
2,LIBMEDIA,1788521820249716.370	,0,NPU:2
2,LIBMEDIA,1788521820349711.840	,0,NPU:2
2,LIBMEDIA,1788521820449726.890	,0,NPU:2
2,LIBMEDIA,1788521820549712.730	,0,NPU:2
2,LIBMEDIA,1788521820649702.030	,0,NPU:2
2,LIBMEDIA,1788521820749710.230	,0,NPU:2
2,LIBMEDIA,1788521820849694.750	,0,NPU:2
2,LIBMEDIA,1788521820949698.940	,0,NPU:2
2,LIBMEDIA,1788521821049704.330	,0,NPU:2
2,LIBMEDIA,1788521821149676.820	,0,NPU:2
2,LIBMEDIA,1788521821249718.890	,0,NPU:2
2,LIBMEDIA,1788521821349696.880	,0,NPU:2
2,LIBMEDIA,1788521821449692.650	,0,NPU:2
2,LIBMEDIA,1788521821549728.440	,0,NPU:2
2,LIBMEDIA,1788521821649696.680	,0,NPU:2
2,LIBMEDIA,1788521821749682.240	,0,NPU:2
2,LIBMEDIA,1788521821849664.100	,0,NPU:2
2,LIBMEDIA,1788521821949669.250	,0,NPU:2
2,LIBMEDIA,1788521822049680.230	,0,NPU:2
2,LIBMEDIA,1788521822149683.530	,0,NPU:2
2,LIBMEDIA,1788521822176183.290	,0,NPU:2
2,CCECPU,1788521817449834.360	,0,NPU:2
2,CCECPU,1788521817549656.350	,0,NPU:2
2,CCECPU,1788521817649645.590	,0,NPU:2
2,CCECPU,1788521817749647.080	,0,NPU:2
2,CCECPU,1788521817849642.630	,0,NPU:2
2,CCECPU,1788521817949662.080	,0,NPU:2
2,CCECPU,1788521818049639.980	,0,NPU:2
2,CCECPU,1788521818149638.650	,0,NPU:2
2,CCECPU,1788521818249659.260	,0,NPU:2
2,CCECPU,1788521818349662.080	,0,NPU:2
2,CCECPU,1788521818449657.480	,0,NPU:2
2,CCECPU,1788521818549637.990	,0,NPU:2
2,CCECPU,1788521818649644.760	,0,NPU:2
2,CCECPU,1788521818749644.410	,0,NPU:2
2,CCECPU,1788521818849632.540	,0,NPU:2
2,CCECPU,1788521818949665.770	,0,NPU:2
2,CCECPU,1788521819049635.370	,0,NPU:2
2,CCECPU,1788521819149660.550	,0,NPU:2
2,CCECPU,1788521819249634.550	,0,NPU:2
2,CCECPU,1788521819349720.460	,0,NPU:2
2,CCECPU,1788521819449719.400	,0,NPU:2
2,CCECPU,1788521819549723.740	,0,NPU:2
2,CCECPU,1788521819649723.370	,0,NPU:2
2,CCECPU,1788521819749726.200	,0,NPU:2
2,CCECPU,1788521819849736.420	,0,NPU:2
2,CCECPU,1788521819949755.860	,0,NPU:2
2,CCECPU,1788521820049727.140	,0,NPU:2
2,CCECPU,1788521820149716.360	,0,NPU:2
2,CCECPU,1788521820249716.370	,0,NPU:2
2,CCECPU,1788521820349711.840	,0,NPU:2
2,CCECPU,1788521820449726.890	,0,NPU:2
2,CCECPU,1788521820549712.730	,0,NPU:2
2,CCECPU,1788521820649702.030	,0,NPU:2
2,CCECPU,1788521820749710.230	,0,NPU:2
2,CCECPU,1788521820849694.750	,0,NPU:2
2,CCECPU,1788521820949698.940	,0,NPU:2
2,CCECPU,1788521821049704.330	,0,NPU:2
2,CCECPU,1788521821149676.820	,0,NPU:2
2,CCECPU,1788521821249718.890	,0,NPU:2
2,CCECPU,1788521821349696.880	,0,NPU:2
2,CCECPU,1788521821449692.650	,0,NPU:2
2,CCECPU,1788521821549728.440	,0,NPU:2
2,CCECPU,1788521821649696.680	,0,NPU:2
2,CCECPU,1788521821749682.240	,0,NPU:2
2,CCECPU,1788521821849664.100	,0,NPU:2
2,CCECPU,1788521821949669.250	,0,NPU:2
2,CCECPU,1788521822049680.230	,0,NPU:2
2,CCECPU,1788521822149683.530	,0,NPU:2
2,CCECPU,1788521822176183.290	,0,NPU:2
2,ASCENDDK,1788521817449834.360	,0,NPU:2
2,ASCENDDK,1788521817549656.350	,0,NPU:2
2,ASCENDDK,1788521817649645.590	,0,NPU:2
2,ASCENDDK,1788521817749647.080	,0,NPU:2
2,ASCENDDK,1788521817849642.630	,0,NPU:2
2,ASCENDDK,1788521817949662.080	,0,NPU:2
2,ASCENDDK,1788521818049639.980	,0,NPU:2
2,ASCENDDK,1788521818149638.650	,0,NPU:2
2,ASCENDDK,1788521818249659.260	,0,NPU:2
2,ASCENDDK,1788521818349662.080	,0,NPU:2
2,ASCENDDK,1788521818449657.480	,0,NPU:2
2,ASCENDDK,1788521818549637.990	,0,NPU:2
2,ASCENDDK,1788521818649644.760	,0,NPU:2
2,ASCENDDK,1788521818749644.410	,0,NPU:2
2,ASCENDDK,1788521818849632.540	,0,NPU:2
2,ASCENDDK,1788521818949665.770	,0,NPU:2
2,ASCENDDK,1788521819049635.370	,0,NPU:2
2,ASCENDDK,1788521819149660.550	,0,NPU:2
2,ASCENDDK,1788521819249634.550	,0,NPU:2
2,ASCENDDK,1788521819349720.460	,0,NPU:2
2,ASCENDDK,1788521819449719.400	,0,NPU:2
2,ASCENDDK,1788521819549723.740	,0,NPU:2
2,ASCENDDK,1788521819649723.370	,0,NPU:2
2,ASCENDDK,1788521819749726.200	,0,NPU:2
2,ASCENDDK,1788521819849736.420	,0,NPU:2
2,ASCENDDK,1788521819949755.860	,0,NPU:2
2,ASCENDDK,1788521820049727.140	,0,NPU:2
2,ASCENDDK,1788521820149716.360	,0,NPU:2
2,ASCENDDK,1788521820249716.370	,0,NPU:2
2,ASCENDDK,1788521820349711.840	,0,NPU:2
2,ASCENDDK,1788521820449726.890	,0,NPU:2
2,ASCENDDK,1788521820549712.730	,0,NPU:2
2,ASCENDDK,1788521820649702.030	,0,NPU:2
2,ASCENDDK,1788521820749710.230	,0,NPU:2
2,ASCENDDK,1788521820849694.750	,0,NPU:2
2,ASCENDDK,1788521820949698.940	,0,NPU:2
2,ASCENDDK,1788521821049704.330	,0,NPU:2
2,ASCENDDK,1788521821149676.820	,0,NPU:2
2,ASCENDDK,1788521821249718.890	,0,NPU:2
2,ASCENDDK,1788521821349696.880	,0,NPU:2
2,ASCENDDK,1788521821449692.650	,0,NPU:2
2,ASCENDDK,1788521821549728.440	,0,NPU:2
2,ASCENDDK,1788521821649696.680	,0,NPU:2
2,ASCENDDK,1788521821749682.240	,0,NPU:2
2,ASCENDDK,1788521821849664.100	,0,NPU:2
2,ASCENDDK,1788521821949669.250	,0,NPU:2
2,ASCENDDK,1788521822049680.230	,0,NPU:2
2,ASCENDDK,1788521822149683.530	,0,NPU:2
2,ASCENDDK,1788521822176183.290	,0,NPU:2
2,ROS,1788521817449834.360	,0,NPU:2
2,ROS,1788521817549656.350	,0,NPU:2
2,ROS,1788521817649645.590	,0,NPU:2
2,ROS,1788521817749647.080	,0,NPU:2
2,ROS,1788521817849642.630	,0,NPU:2
2,ROS,1788521817949662.080	,0,NPU:2
2,ROS,1788521818049639.980	,0,NPU:2
2,ROS,1788521818149638.650	,0,NPU:2
2,ROS,1788521818249659.260	,0,NPU:2
2,ROS,1788521818349662.080	,0,NPU:2
2,ROS,1788521818449657.480	,0,NPU:2
2,ROS,1788521818549637.990	,0,NPU:2
2,ROS,1788521818649644.760	,0,NPU:2
2,ROS,1788521818749644.410	,0,NPU:2
2,ROS,1788521818849632.540	,0,NPU:2
2,ROS,1788521818949665.770	,0,NPU:2
2,ROS,1788521819049635.370	,0,NPU:2
2,ROS,1788521819149660.550	,0,NPU:2
2,ROS,1788521819249634.550	,0,NPU:2
2,ROS,1788521819349720.460	,0,NPU:2
2,ROS,1788521819449719.400	,0,NPU:2
2,ROS,1788521819549723.740	,0,NPU:2
2,ROS,1788521819649723.370	,0,NPU:2
2,ROS,1788521819749726.200	,0,NPU:2
2,ROS,1788521819849736.420	,0,NPU:2
2,ROS,1788521819949755.860	,0,NPU:2
2,ROS,1788521820049727.140	,0,NPU:2
2,ROS,1788521820149716.360	,0,NPU:2
2,ROS,1788521820249716.370	,0,NPU:2
2,ROS,1788521820349711.840	,0,NPU:2
2,ROS,1788521820449726.890	,0,NPU:2
2,ROS,1788521820549712.730	,0,NPU:2
2,ROS,1788521820649702.030	,0,NPU:2
2,ROS,1788521820749710.230	,0,NPU:2
2,ROS,1788521820849694.750	,0,NPU:2
2,ROS,1788521820949698.940	,0,NPU:2
2,ROS,1788521821049704.330	,0,NPU:2
2,ROS,1788521821149676.820	,0,NPU:2
2,ROS,1788521821249718.890	,0,NPU:2
2,ROS,1788521821349696.880	,0,NPU:2
2,ROS,1788521821449692.650	,0,NPU:2
2,ROS,1788521821549728.440	,0,NPU:2
2,ROS,1788521821649696.680	,0,NPU:2
2,ROS,1788521821749682.240	,0,NPU:2
2,ROS,1788521821849664.100	,0,NPU:2
2,ROS,1788521821949669.250	,0,NPU:2
2,ROS,1788521822049680.230	,0,NPU:2
2,ROS,1788521822149683.530	,0,NPU:2
2,ROS,1788521822176183.290	,0,NPU:2
2,HCCP,1788521817449834.360	,0,NPU:2
2,HCCP,1788521817549656.350	,0,NPU:2
2,HCCP,1788521817649645.590	,0,NPU:2
2,HCCP,1788521817749647.080	,0,NPU:2
2,HCCP,1788521817849642.630	,0,NPU:2
2,HCCP,1788521817949662.080	,0,NPU:2
2,HCCP,1788521818049639.980	,0,NPU:2
2,HCCP,1788521818149638.650	,0,NPU:2
2,HCCP,1788521818249659.260	,0,NPU:2
2,HCCP,1788521818349662.080	,0,NPU:2
2,HCCP,1788521818449657.480	,0,NPU:2
2,HCCP,1788521818549637.990	,0,NPU:2
2,HCCP,1788521818649644.760	,0,NPU:2
2,HCCP,1788521818749644.410	,0,NPU:2
2,HCCP,1788521818849632.540	,0,NPU:2
2,HCCP,1788521818949665.770	,0,NPU:2
2,HCCP,1788521819049635.370	,0,NPU:2
2,HCCP,1788521819149660.550	,0,NPU:2
2,HCCP,1788521819249634.550	,0,NPU:2
2,HCCP,1788521819349720.460	,0,NPU:2
2,HCCP,1788521819449719.400	,0,NPU:2
2,HCCP,1788521819549723.740	,0,NPU:2
2,HCCP,1788521819649723.370	,0,NPU:2
2,HCCP,1788521819749726.200	,0,NPU:2
2,HCCP,1788521819849736.420	,0,NPU:2
2,HCCP,1788521819949755.860	,0,NPU:2
2,HCCP,1788521820049727.140	,0,NPU:2
2,HCCP,1788521820149716.360	,0,NPU:2
2,HCCP,1788521820249716.370	,0,NPU:2
2,HCCP,1788521820349711.840	,0,NPU:2
2,HCCP,1788521820449726.890	,0,NPU:2
2,HCCP,1788521820549712.730	,0,NPU:2
2,HCCP,1788521820649702.030	,0,NPU:2
2,HCCP,1788521820749710.230	,0,NPU:2
2,HCCP,1788521820849694.750	,0,NPU:2
2,HCCP,1788521820949698.940	,0,NPU:2
2,HCCP,1788521821049704.330	,0,NPU:2
2,HCCP,1788521821149676.820	,0,NPU:2
2,HCCP,1788521821249718.890	,0,NPU:2
2,HCCP,1788521821349696.880	,0,NPU:2
2,HCCP,1788521821449692.650	,0,NPU:2
2,HCCP,1788521821549728.440	,0,NPU:2
2,HCCP,1788521821649696.680	,0,NPU:2
2,HCCP,1788521821749682.240	,0,NPU:2
2,HCCP,1788521821849664.100	,0,NPU:2
2,HCCP,1788521821949669.250	,0,NPU:2
2,HCCP,1788521822049680.230	,0,NPU:2
2,HCCP,1788521822149683.530	,0,NPU:2
2,HCCP,1788521822176183.290	,0,NPU:2
2,ROCE,1788521817449834.360	,0,NPU:2
2,ROCE,1788521817549656.350	,0,NPU:2
2,ROCE,1788521817649645.590	,0,NPU:2
2,ROCE,1788521817749647.080	,0,NPU:2
2,ROCE,1788521817849642.630	,0,NPU:2
2,ROCE,1788521817949662.080	,0,NPU:2
2,ROCE,1788521818049639.980	,0,NPU:2
2,ROCE,1788521818149638.650	,0,NPU:2
2,ROCE,1788521818249659.260	,0,NPU:2
2,ROCE,1788521818349662.080	,0,NPU:2
2,ROCE,1788521818449657.480	,0,NPU:2
2,ROCE,1788521818549637.990	,0,NPU:2
2,ROCE,1788521818649644.760	,0,NPU:2
2,ROCE,1788521818749644.410	,0,NPU:2
2,ROCE,1788521818849632.540	,0,NPU:2
2,ROCE,1788521818949665.770	,0,NPU:2
2,ROCE,1788521819049635.370	,0,NPU:2
2,ROCE,1788521819149660.550	,0,NPU:2
2,ROCE,1788521819249634.550	,0,NPU:2
2,ROCE,1788521819349720.460	,0,NPU:2
2,ROCE,1788521819449719.400	,0,NPU:2
2,ROCE,1788521819549723.740	,0,NPU:2
2,ROCE,1788521819649723.370	,0,NPU:2
2,ROCE,1788521819749726.200	,0,NPU:2
2,ROCE,1788521819849736.420	,0,NPU:2
2,ROCE,1788521819949755.860	,0,NPU:2
2,ROCE,1788521820049727.140	,0,NPU:2
2,ROCE,1788521820149716.360	,0,NPU:2
2,ROCE,1788521820249716.370	,0,NPU:2
2,ROCE,1788521820349711.840	,0,NPU:2
2,ROCE,1788521820449726.890	,0,NPU:2
2,ROCE,1788521820549712.730	,0,NPU:2
2,ROCE,1788521820649702.030	,0,NPU:2
2,ROCE,1788521820749710.230	,0,NPU:2
2,ROCE,1788521820849694.750	,0,NPU:2
2,ROCE,1788521820949698.940	,0,NPU:2
2,ROCE,1788521821049704.330	,0,NPU:2
2,ROCE,1788521821149676.820	,0,NPU:2
2,ROCE,1788521821249718.890	,0,NPU:2
2,ROCE,1788521821349696.880	,0,NPU:2
2,ROCE,1788521821449692.650	,0,NPU:2
2,ROCE,1788521821549728.440	,0,NPU:2
2,ROCE,1788521821649696.680	,0,NPU:2
2,ROCE,1788521821749682.240	,0,NPU:2
2,ROCE,1788521821849664.100	,0,NPU:2
2,ROCE,1788521821949669.250	,0,NPU:2
2,ROCE,1788521822049680.230	,0,NPU:2
2,ROCE,1788521822149683.530	,0,NPU:2
2,ROCE,1788521822176183.290	,0,NPU:2
2,TEFUSION,1788521817449834.360	,0,NPU:2
2,TEFUSION,1788521817549656.350	,0,NPU:2
2,TEFUSION,1788521817649645.590	,0,NPU:2
2,TEFUSION,1788521817749647.080	,0,NPU:2
2,TEFUSION,1788521817849642.630	,0,NPU:2
2,TEFUSION,1788521817949662.080	,0,NPU:2
2,TEFUSION,1788521818049639.980	,0,NPU:2
2,TEFUSION,1788521818149638.650	,0,NPU:2
2,TEFUSION,1788521818249659.260	,0,NPU:2
2,TEFUSION,1788521818349662.080	,0,NPU:2
2,TEFUSION,1788521818449657.480	,0,NPU:2
2,TEFUSION,1788521818549637.990	,0,NPU:2
2,TEFUSION,1788521818649644.760	,0,NPU:2
2,TEFUSION,1788521818749644.410	,0,NPU:2
2,TEFUSION,1788521818849632.540	,0,NPU:2
2,TEFUSION,1788521818949665.770	,0,NPU:2
2,TEFUSION,1788521819049635.370	,0,NPU:2
2,TEFUSION,1788521819149660.550	,0,NPU:2
2,TEFUSION,1788521819249634.550	,0,NPU:2
2,TEFUSION,1788521819349720.460	,0,NPU:2
2,TEFUSION,1788521819449719.400	,0,NPU:2
2,TEFUSION,1788521819549723.740	,0,NPU:2
2,TEFUSION,1788521819649723.370	,0,NPU:2
2,TEFUSION,1788521819749726.200	,0,NPU:2
2,TEFUSION,1788521819849736.420	,0,NPU:2
2,TEFUSION,1788521819949755.860	,0,NPU:2
2,TEFUSION,1788521820049727.140	,0,NPU:2
2,TEFUSION,1788521820149716.360	,0,NPU:2
2,TEFUSION,1788521820249716.370	,0,NPU:2
2,TEFUSION,1788521820349711.840	,0,NPU:2
2,TEFUSION,1788521820449726.890	,0,NPU:2
2,TEFUSION,1788521820549712.730	,0,NPU:2
2,TEFUSION,1788521820649702.030	,0,NPU:2
2,TEFUSION,1788521820749710.230	,0,NPU:2
2,TEFUSION,1788521820849694.750	,0,NPU:2
2,TEFUSION,1788521820949698.940	,0,NPU:2
2,TEFUSION,1788521821049704.330	,0,NPU:2
2,TEFUSION,1788521821149676.820	,0,NPU:2
2,TEFUSION,1788521821249718.890	,0,NPU:2
2,TEFUSION,1788521821349696.880	,0,NPU:2
2,TEFUSION,1788521821449692.650	,0,NPU:2
2,TEFUSION,1788521821549728.440	,0,NPU:2
2,TEFUSION,1788521821649696.680	,0,NPU:2
2,TEFUSION,1788521821749682.240	,0,NPU:2
2,TEFUSION,1788521821849664.100	,0,NPU:2
2,TEFUSION,1788521821949669.250	,0,NPU:2
2,TEFUSION,1788521822049680.230	,0,NPU:2
2,TEFUSION,1788521822149683.530	,0,NPU:2
2,TEFUSION,1788521822176183.290	,0,NPU:2
2,PROFILING,1788521817449834.360	,0,NPU:2
2,PROFILING,1788521817549656.350	,0,NPU:2
2,PROFILING,1788521817649645.590	,0,NPU:2
2,PROFILING,1788521817749647.080	,0,NPU:2
2,PROFILING,1788521817849642.630	,0,NPU:2
2,PROFILING,1788521817949662.080	,0,NPU:2
2,PROFILING,1788521818049639.980	,0,NPU:2
2,PROFILING,1788521818149638.650	,0,NPU:2
2,PROFILING,1788521818249659.260	,0,NPU:2
2,PROFILING,1788521818349662.080	,0,NPU:2
2,PROFILING,1788521818449657.480	,0,NPU:2
2,PROFILING,1788521818549637.990	,0,NPU:2
2,PROFILING,1788521818649644.760	,0,NPU:2
2,PROFILING,1788521818749644.410	,0,NPU:2
2,PROFILING,1788521818849632.540	,0,NPU:2
2,PROFILING,1788521818949665.770	,0,NPU:2
2,PROFILING,1788521819049635.370	,0,NPU:2
2,PROFILING,1788521819149660.550	,0,NPU:2
2,PROFILING,1788521819249634.550	,0,NPU:2
2,PROFILING,1788521819349720.460	,0,NPU:2
2,PROFILING,1788521819449719.400	,0,NPU:2
2,PROFILING,1788521819549723.740	,0,NPU:2
2,PROFILING,1788521819649723.370	,0,NPU:2
2,PROFILING,1788521819749726.200	,0,NPU:2
2,PROFILING,1788521819849736.420	,0,NPU:2
2,PROFILING,1788521819949755.860	,0,NPU:2
2,PROFILING,1788521820049727.140	,0,NPU:2
2,PROFILING,1788521820149716.360	,0,NPU:2
2,PROFILING,1788521820249716.370	,0,NPU:2
2,PROFILING,1788521820349711.840	,0,NPU:2
2,PROFILING,1788521820449726.890	,0,NPU:2
2,PROFILING,1788521820549712.730	,0,NPU:2
2,PROFILING,1788521820649702.030	,0,NPU:2
2,PROFILING,1788521820749710.230	,0,NPU:2
2,PROFILING,1788521820849694.750	,0,NPU:2
2,PROFILING,1788521820949698.940	,0,NPU:2
2,PROFILING,1788521821049704.330	,0,NPU:2
2,PROFILING,1788521821149676.820	,0,NPU:2
2,PROFILING,1788521821249718.890	,0,NPU:2
2,PROFILING,1788521821349696.880	,0,NPU:2
2,PROFILING,1788521821449692.650	,0,NPU:2
2,PROFILING,1788521821549728.440	,0,NPU:2
2,PROFILING,1788521821649696.680	,0,NPU:2
2,PROFILING,1788521821749682.240	,0,NPU:2
2,PROFILING,1788521821849664.100	,0,NPU:2
2,PROFILING,1788521821949669.250	,0,NPU:2
2,PROFILING,1788521822049680.230	,0,NPU:2
2,PROFILING,1788521822149683.530	,0,NPU:2
2,PROFILING,1788521822176183.290	,0,NPU:2
2,DP,1788521817449834.360	,0,NPU:2
2,DP,1788521817549656.350	,0,NPU:2
2,DP,1788521817649645.590	,0,NPU:2
2,DP,1788521817749647.080	,0,NPU:2
2,DP,1788521817849642.630	,0,NPU:2
2,DP,1788521817949662.080	,0,NPU:2
2,DP,1788521818049639.980	,0,NPU:2
2,DP,1788521818149638.650	,0,NPU:2
2,DP,1788521818249659.260	,0,NPU:2
2,DP,1788521818349662.080	,0,NPU:2
2,DP,1788521818449657.480	,0,NPU:2
2,DP,1788521818549637.990	,0,NPU:2
2,DP,1788521818649644.760	,0,NPU:2
2,DP,1788521818749644.410	,0,NPU:2
2,DP,1788521818849632.540	,0,NPU:2
2,DP,1788521818949665.770	,0,NPU:2
2,DP,1788521819049635.370	,0,NPU:2
2,DP,1788521819149660.550	,0,NPU:2
2,DP,1788521819249634.550	,0,NPU:2
2,DP,1788521819349720.460	,0,NPU:2
2,DP,1788521819449719.400	,0,NPU:2
2,DP,1788521819549723.740	,0,NPU:2
2,DP,1788521819649723.370	,0,NPU:2
2,DP,1788521819749726.200	,0,NPU:2
2,DP,1788521819849736.420	,0,NPU:2
2,DP,1788521819949755.860	,0,NPU:2
2,DP,1788521820049727.140	,0,NPU:2
2,DP,1788521820149716.360	,0,NPU:2
2,DP,1788521820249716.370	,0,NPU:2
2,DP,1788521820349711.840	,0,NPU:2
2,DP,1788521820449726.890	,0,NPU:2
2,DP,1788521820549712.730	,0,NPU:2
2,DP,1788521820649702.030	,0,NPU:2
2,DP,1788521820749710.230	,0,NPU:2
2,DP,1788521820849694.750	,0,NPU:2
2,DP,1788521820949698.940	,0,NPU:2
2,DP,1788521821049704.330	,0,NPU:2
2,DP,1788521821149676.820	,0,NPU:2
2,DP,1788521821249718.890	,0,NPU:2
2,DP,1788521821349696.880	,0,NPU:2
2,DP,1788521821449692.650	,0,NPU:2
2,DP,1788521821549728.440	,0,NPU:2
2,DP,1788521821649696.680	,0,NPU:2
2,DP,1788521821749682.240	,0,NPU:2
2,DP,1788521821849664.100	,0,NPU:2
2,DP,1788521821949669.250	,0,NPU:2
2,DP,1788521822049680.230	,0,NPU:2
2,DP,1788521822149683.530	,0,NPU:2
2,DP,1788521822176183.290	,0,NPU:2
2,APP,1788521817449834.360	,3897344.0,NPU:2
2,APP,1788521817549656.350	,3897344.0,NPU:2
2,APP,1788521817649645.590	,3897344.0,NPU:2
2,APP,1788521817749647.080	,3897344.0,NPU:2
2,APP,1788521817849642.630	,3897344.0,NPU:2
2,APP,1788521817949662.080	,3897344.0,NPU:2
2,APP,1788521818049639.980	,3897344.0,NPU:2
2,APP,1788521818149638.650	,3897344.0,NPU:2
2,APP,1788521818249659.260	,3897344.0,NPU:2
2,APP,1788521818349662.080	,3897344.0,NPU:2
2,APP,1788521818449657.480	,3897344.0,NPU:2
2,APP,1788521818549637.990	,3897344.0,NPU:2
2,APP,1788521818649644.760	,3897344.0,NPU:2
2,APP,1788521818749644.410	,3897344.0,NPU:2
2,APP,1788521818849632.540	,3897344.0,NPU:2
2,APP,1788521818949665.770	,3897344.0,NPU:2
2,APP,1788521819049635.370	,3897344.0,NPU:2
2,APP,1788521819149660.550	,3897344.0,NPU:2
2,APP,1788521819249634.550	,3897344.0,NPU:2
2,APP,1788521819349720.460	,3897344.0,NPU:2
2,APP,1788521819449719.400	,3897344.0,NPU:2
2,APP,1788521819549723.740	,3897344.0,NPU:2
2,APP,1788521819649723.370	,3897344.0,NPU:2
2,APP,1788521819749726.200	,3897344.0,NPU:2
2,APP,1788521819849736.420	,3897344.0,NPU:2
2,APP,1788521819949755.860	,3897344.0,NPU:2
2,APP,1788521820049727.140	,3897344.0,NPU:2
2,APP,1788521820149716.360	,3897344.0,NPU:2
2,APP,1788521820249716.370	,3897344.0,NPU:2
2,APP,1788521820349711.840	,3897344.0,NPU:2
2,APP,1788521820449726.890	,3897344.0,NPU:2
2,APP,1788521820549712.730	,3897344.0,NPU:2
2,APP,1788521820649702.030	,3897344.0,NPU:2
2,APP,1788521820749710.230	,3897344.0,NPU:2
2,APP,1788521820849694.750	,3897344.0,NPU:2
2,APP,1788521820949698.940	,3897344.0,NPU:2
2,APP,1788521821049704.330	,3897344.0,NPU:2
2,APP,1788521821149676.820	,3897344.0,NPU:2
2,APP,1788521821249718.890	,3897344.0,NPU:2
2,APP,1788521821349696.880	,3897344.0,NPU:2
2,APP,1788521821449692.650	,3897344.0,NPU:2
2,APP,1788521821549728.440	,3897344.0,NPU:2
2,APP,1788521821649696.680	,3897344.0,NPU:2
2,APP,1788521821749682.240	,3897344.0,NPU:2
2,APP,1788521821849664.100	,3897344.0,NPU:2
2,APP,1788521821949669.250	,3897344.0,NPU:2
2,APP,1788521822049680.230	,3897344.0,NPU:2
2,APP,1788521822149683.530	,3897344.0,NPU:2
2,APP,1788521822176183.290	,3897344.0,NPU:2
2,TS,1788521817449834.360	,0,NPU:2
2,TS,1788521817549656.350	,0,NPU:2
2,TS,1788521817649645.590	,0,NPU:2
2,TS,1788521817749647.080	,0,NPU:2
2,TS,1788521817849642.630	,0,NPU:2
2,TS,1788521817949662.080	,0,NPU:2
2,TS,1788521818049639.980	,0,NPU:2
2,TS,1788521818149638.650	,0,NPU:2
2,TS,1788521818249659.260	,0,NPU:2
2,TS,1788521818349662.080	,0,NPU:2
2,TS,1788521818449657.480	,0,NPU:2
2,TS,1788521818549637.990	,0,NPU:2
2,TS,1788521818649644.760	,0,NPU:2
2,TS,1788521818749644.410	,0,NPU:2
2,TS,1788521818849632.540	,0,NPU:2
2,TS,1788521818949665.770	,0,NPU:2
2,TS,1788521819049635.370	,0,NPU:2
2,TS,1788521819149660.550	,0,NPU:2
2,TS,1788521819249634.550	,0,NPU:2
2,TS,1788521819349720.460	,0,NPU:2
2,TS,1788521819449719.400	,0,NPU:2
2,TS,1788521819549723.740	,0,NPU:2
2,TS,1788521819649723.370	,0,NPU:2
2,TS,1788521819749726.200	,0,NPU:2
2,TS,1788521819849736.420	,0,NPU:2
2,TS,1788521819949755.860	,0,NPU:2
2,TS,1788521820049727.140	,0,NPU:2
2,TS,1788521820149716.360	,0,NPU:2
2,TS,1788521820249716.370	,0,NPU:2
2,TS,1788521820349711.840	,0,NPU:2
2,TS,1788521820449726.890	,0,NPU:2
2,TS,1788521820549712.730	,0,NPU:2
2,TS,1788521820649702.030	,0,NPU:2
2,TS,1788521820749710.230	,0,NPU:2
2,TS,1788521820849694.750	,0,NPU:2
2,TS,1788521820949698.940	,0,NPU:2
2,TS,1788521821049704.330	,0,NPU:2
2,TS,1788521821149676.820	,0,NPU:2
2,TS,1788521821249718.890	,0,NPU:2
2,TS,1788521821349696.880	,0,NPU:2
2,TS,1788521821449692.650	,0,NPU:2
2,TS,1788521821549728.440	,0,NPU:2
2,TS,1788521821649696.680	,0,NPU:2
2,TS,1788521821749682.240	,0,NPU:2
2,TS,1788521821849664.100	,0,NPU:2
2,TS,1788521821949669.250	,0,NPU:2
2,TS,1788521822049680.230	,0,NPU:2
2,TS,1788521822149683.530	,0,NPU:2
2,TS,1788521822176183.290	,0,NPU:2
2,TSDUMP,1788521817449834.360	,0,NPU:2
2,TSDUMP,1788521817549656.350	,0,NPU:2
2,TSDUMP,1788521817649645.590	,0,NPU:2
2,TSDUMP,1788521817749647.080	,0,NPU:2
2,TSDUMP,1788521817849642.630	,0,NPU:2
2,TSDUMP,1788521817949662.080	,0,NPU:2
2,TSDUMP,1788521818049639.980	,0,NPU:2
2,TSDUMP,1788521818149638.650	,0,NPU:2
2,TSDUMP,1788521818249659.260	,0,NPU:2
2,TSDUMP,1788521818349662.080	,0,NPU:2
2,TSDUMP,1788521818449657.480	,0,NPU:2
2,TSDUMP,1788521818549637.990	,0,NPU:2
2,TSDUMP,1788521818649644.760	,0,NPU:2
2,TSDUMP,1788521818749644.410	,0,NPU:2
2,TSDUMP,1788521818849632.540	,0,NPU:2
2,TSDUMP,1788521818949665.770	,0,NPU:2
2,TSDUMP,1788521819049635.370	,0,NPU:2
2,TSDUMP,1788521819149660.550	,0,NPU:2
2,TSDUMP,1788521819249634.550	,0,NPU:2
2,TSDUMP,1788521819349720.460	,0,NPU:2
2,TSDUMP,1788521819449719.400	,0,NPU:2
2,TSDUMP,1788521819549723.740	,0,NPU:2
2,TSDUMP,1788521819649723.370	,0,NPU:2
2,TSDUMP,1788521819749726.200	,0,NPU:2
2,TSDUMP,1788521819849736.420	,0,NPU:2
2,TSDUMP,1788521819949755.860	,0,NPU:2
2,TSDUMP,1788521820049727.140	,0,NPU:2
2,TSDUMP,1788521820149716.360	,0,NPU:2
2,TSDUMP,1788521820249716.370	,0,NPU:2
2,TSDUMP,1788521820349711.840	,0,NPU:2
2,TSDUMP,1788521820449726.890	,0,NPU:2
2,TSDUMP,1788521820549712.730	,0,NPU:2
2,TSDUMP,1788521820649702.030	,0,NPU:2
2,TSDUMP,1788521820749710.230	,0,NPU:2
2,TSDUMP,1788521820849694.750	,0,NPU:2
2,TSDUMP,1788521820949698.940	,0,NPU:2
2,TSDUMP,1788521821049704.330	,0,NPU:2
2,TSDUMP,1788521821149676.820	,0,NPU:2
2,TSDUMP,1788521821249718.890	,0,NPU:2
2,TSDUMP,1788521821349696.880	,0,NPU:2
2,TSDUMP,1788521821449692.650	,0,NPU:2
2,TSDUMP,1788521821549728.440	,0,NPU:2
2,TSDUMP,1788521821649696.680	,0,NPU:2
2,TSDUMP,1788521821749682.240	,0,NPU:2
2,TSDUMP,1788521821849664.100	,0,NPU:2
2,TSDUMP,1788521821949669.250	,0,NPU:2
2,TSDUMP,1788521822049680.230	,0,NPU:2
2,TSDUMP,1788521822149683.530	,0,NPU:2
2,TSDUMP,1788521822176183.290	,0,NPU:2
2,AICPU,1788521817449834.360	,0,NPU:2
2,AICPU,1788521817549656.350	,0,NPU:2
2,AICPU,1788521817649645.590	,0,NPU:2
2,AICPU,1788521817749647.080	,0,NPU:2
2,AICPU,1788521817849642.630	,0,NPU:2
2,AICPU,1788521817949662.080	,0,NPU:2
2,AICPU,1788521818049639.980	,0,NPU:2
2,AICPU,1788521818149638.650	,0,NPU:2
2,AICPU,1788521818249659.260	,0,NPU:2
2,AICPU,1788521818349662.080	,0,NPU:2
2,AICPU,1788521818449657.480	,0,NPU:2
2,AICPU,1788521818549637.990	,0,NPU:2
2,AICPU,1788521818649644.760	,0,NPU:2
2,AICPU,1788521818749644.410	,0,NPU:2
2,AICPU,1788521818849632.540	,0,NPU:2
2,AICPU,1788521818949665.770	,0,NPU:2
2,AICPU,1788521819049635.370	,0,NPU:2
2,AICPU,1788521819149660.550	,0,NPU:2
2,AICPU,1788521819249634.550	,0,NPU:2
2,AICPU,1788521819349720.460	,0,NPU:2
2,AICPU,1788521819449719.400	,0,NPU:2
2,AICPU,1788521819549723.740	,0,NPU:2
2,AICPU,1788521819649723.370	,0,NPU:2
2,AICPU,1788521819749726.200	,0,NPU:2
2,AICPU,1788521819849736.420	,0,NPU:2
2,AICPU,1788521819949755.860	,0,NPU:2
2,AICPU,1788521820049727.140	,0,NPU:2
2,AICPU,1788521820149716.360	,0,NPU:2
2,AICPU,1788521820249716.370	,0,NPU:2
2,AICPU,1788521820349711.840	,0,NPU:2
2,AICPU,1788521820449726.890	,0,NPU:2
2,AICPU,1788521820549712.730	,0,NPU:2
2,AICPU,1788521820649702.030	,0,NPU:2
2,AICPU,1788521820749710.230	,0,NPU:2
2,AICPU,1788521820849694.750	,0,NPU:2
2,AICPU,1788521820949698.940	,0,NPU:2
2,AICPU,1788521821049704.330	,0,NPU:2
2,AICPU,1788521821149676.820	,0,NPU:2
2,AICPU,1788521821249718.890	,0,NPU:2
2,AICPU,1788521821349696.880	,0,NPU:2
2,AICPU,1788521821449692.650	,0,NPU:2
2,AICPU,1788521821549728.440	,0,NPU:2
2,AICPU,1788521821649696.680	,0,NPU:2
2,AICPU,1788521821749682.240	,0,NPU:2
2,AICPU,1788521821849664.100	,0,NPU:2
2,AICPU,1788521821949669.250	,0,NPU:2
2,AICPU,1788521822049680.230	,0,NPU:2
2,AICPU,1788521822149683.530	,0,NPU:2
2,AICPU,1788521822176183.290	,0,NPU:2
2,LP,1788521817449834.360	,0,NPU:2
2,LP,1788521817549656.350	,0,NPU:2
2,LP,1788521817649645.590	,0,NPU:2
2,LP,1788521817749647.080	,0,NPU:2
2,LP,1788521817849642.630	,0,NPU:2
2,LP,1788521817949662.080	,0,NPU:2
2,LP,1788521818049639.980	,0,NPU:2
2,LP,1788521818149638.650	,0,NPU:2
2,LP,1788521818249659.260	,0,NPU:2
2,LP,1788521818349662.080	,0,NPU:2
2,LP,1788521818449657.480	,0,NPU:2
2,LP,1788521818549637.990	,0,NPU:2
2,LP,1788521818649644.760	,0,NPU:2
2,LP,1788521818749644.410	,0,NPU:2
2,LP,1788521818849632.540	,0,NPU:2
2,LP,1788521818949665.770	,0,NPU:2
2,LP,1788521819049635.370	,0,NPU:2
2,LP,1788521819149660.550	,0,NPU:2
2,LP,1788521819249634.550	,0,NPU:2
2,LP,1788521819349720.460	,0,NPU:2
2,LP,1788521819449719.400	,0,NPU:2
2,LP,1788521819549723.740	,0,NPU:2
2,LP,1788521819649723.370	,0,NPU:2
2,LP,1788521819749726.200	,0,NPU:2
2,LP,1788521819849736.420	,0,NPU:2
2,LP,1788521819949755.860	,0,NPU:2
2,LP,1788521820049727.140	,0,NPU:2
2,LP,1788521820149716.360	,0,NPU:2
2,LP,1788521820249716.370	,0,NPU:2
2,LP,1788521820349711.840	,0,NPU:2
2,LP,1788521820449726.890	,0,NPU:2
2,LP,1788521820549712.730	,0,NPU:2
2,LP,1788521820649702.030	,0,NPU:2
2,LP,1788521820749710.230	,0,NPU:2
2,LP,1788521820849694.750	,0,NPU:2
2,LP,1788521820949698.940	,0,NPU:2
2,LP,1788521821049704.330	,0,NPU:2
2,LP,1788521821149676.820	,0,NPU:2
2,LP,1788521821249718.890	,0,NPU:2
2,LP,1788521821349696.880	,0,NPU:2
2,LP,1788521821449692.650	,0,NPU:2
2,LP,1788521821549728.440	,0,NPU:2
2,LP,1788521821649696.680	,0,NPU:2
2,LP,1788521821749682.240	,0,NPU:2
2,LP,1788521821849664.100	,0,NPU:2
2,LP,1788521821949669.250	,0,NPU:2
2,LP,1788521822049680.230	,0,NPU:2
2,LP,1788521822149683.530	,0,NPU:2
2,LP,1788521822176183.290	,0,NPU:2
2,TDT,1788521817449834.360	,0,NPU:2
2,TDT,1788521817549656.350	,0,NPU:2
2,TDT,1788521817649645.590	,0,NPU:2
2,TDT,1788521817749647.080	,0,NPU:2
2,TDT,1788521817849642.630	,0,NPU:2
2,TDT,1788521817949662.080	,0,NPU:2
2,TDT,1788521818049639.980	,0,NPU:2
2,TDT,1788521818149638.650	,0,NPU:2
2,TDT,1788521818249659.260	,0,NPU:2
2,TDT,1788521818349662.080	,0,NPU:2
2,TDT,1788521818449657.480	,0,NPU:2
2,TDT,1788521818549637.990	,0,NPU:2
2,TDT,1788521818649644.760	,0,NPU:2
2,TDT,1788521818749644.410	,0,NPU:2
2,TDT,1788521818849632.540	,0,NPU:2
2,TDT,1788521818949665.770	,0,NPU:2
2,TDT,1788521819049635.370	,0,NPU:2
2,TDT,1788521819149660.550	,0,NPU:2
2,TDT,1788521819249634.550	,0,NPU:2
2,TDT,1788521819349720.460	,0,NPU:2
2,TDT,1788521819449719.400	,0,NPU:2
2,TDT,1788521819549723.740	,0,NPU:2
2,TDT,1788521819649723.370	,0,NPU:2
2,TDT,1788521819749726.200	,0,NPU:2
2,TDT,1788521819849736.420	,0,NPU:2
2,TDT,1788521819949755.860	,0,NPU:2
2,TDT,1788521820049727.140	,0,NPU:2
2,TDT,1788521820149716.360	,0,NPU:2
2,TDT,1788521820249716.370	,0,NPU:2
2,TDT,1788521820349711.840	,0,NPU:2
2,TDT,1788521820449726.890	,0,NPU:2
2,TDT,1788521820549712.730	,0,NPU:2
2,TDT,1788521820649702.030	,0,NPU:2
2,TDT,1788521820749710.230	,0,NPU:2
2,TDT,1788521820849694.750	,0,NPU:2
2,TDT,1788521820949698.940	,0,NPU:2
2,TDT,1788521821049704.330	,0,NPU:2
2,TDT,1788521821149676.820	,0,NPU:2
2,TDT,1788521821249718.890	,0,NPU:2
2,TDT,1788521821349696.880	,0,NPU:2
2,TDT,1788521821449692.650	,0,NPU:2
2,TDT,1788521821549728.440	,0,NPU:2
2,TDT,1788521821649696.680	,0,NPU:2
2,TDT,1788521821749682.240	,0,NPU:2
2,TDT,1788521821849664.100	,0,NPU:2
2,TDT,1788521821949669.250	,0,NPU:2
2,TDT,1788521822049680.230	,0,NPU:2
2,TDT,1788521822149683.530	,0,NPU:2
2,TDT,1788521822176183.290	,0,NPU:2
2,FE,1788521817449834.360	,0,NPU:2
2,FE,1788521817549656.350	,0,NPU:2
2,FE,1788521817649645.590	,0,NPU:2
2,FE,1788521817749647.080	,0,NPU:2
2,FE,1788521817849642.630	,0,NPU:2
2,FE,1788521817949662.080	,0,NPU:2
2,FE,1788521818049639.980	,0,NPU:2
2,FE,1788521818149638.650	,0,NPU:2
2,FE,1788521818249659.260	,0,NPU:2
2,FE,1788521818349662.080	,0,NPU:2
2,FE,1788521818449657.480	,0,NPU:2
2,FE,1788521818549637.990	,0,NPU:2
2,FE,1788521818649644.760	,0,NPU:2
2,FE,1788521818749644.410	,0,NPU:2
2,FE,1788521818849632.540	,0,NPU:2
2,FE,1788521818949665.770	,0,NPU:2
2,FE,1788521819049635.370	,0,NPU:2
2,FE,1788521819149660.550	,0,NPU:2
2,FE,1788521819249634.550	,0,NPU:2
2,FE,1788521819349720.460	,0,NPU:2
2,FE,1788521819449719.400	,0,NPU:2
2,FE,1788521819549723.740	,0,NPU:2
2,FE,1788521819649723.370	,0,NPU:2
2,FE,1788521819749726.200	,0,NPU:2
2,FE,1788521819849736.420	,0,NPU:2
2,FE,1788521819949755.860	,0,NPU:2
2,FE,1788521820049727.140	,0,NPU:2
2,FE,1788521820149716.360	,0,NPU:2
2,FE,1788521820249716.370	,0,NPU:2
2,FE,1788521820349711.840	,0,NPU:2
2,FE,1788521820449726.890	,0,NPU:2
2,FE,1788521820549712.730	,0,NPU:2
2,FE,1788521820649702.030	,0,NPU:2
2,FE,1788521820749710.230	,0,NPU:2
2,FE,1788521820849694.750	,0,NPU:2
2,FE,1788521820949698.940	,0,NPU:2
2,FE,1788521821049704.330	,0,NPU:2
2,FE,1788521821149676.820	,0,NPU:2
2,FE,1788521821249718.890	,0,NPU:2
2,FE,1788521821349696.880	,0,NPU:2
2,FE,1788521821449692.650	,0,NPU:2
2,FE,1788521821549728.440	,0,NPU:2
2,FE,1788521821649696.680	,0,NPU:2
2,FE,1788521821749682.240	,0,NPU:2
2,FE,1788521821849664.100	,0,NPU:2
2,FE,1788521821949669.250	,0,NPU:2
2,FE,1788521822049680.230	,0,NPU:2
2,FE,1788521822149683.530	,0,NPU:2
2,FE,1788521822176183.290	,0,NPU:2
2,MD,1788521817449834.360	,0,NPU:2
2,MD,1788521817549656.350	,0,NPU:2
2,MD,1788521817649645.590	,0,NPU:2
2,MD,1788521817749647.080	,0,NPU:2
2,MD,1788521817849642.630	,0,NPU:2
2,MD,1788521817949662.080	,0,NPU:2
2,MD,1788521818049639.980	,0,NPU:2
2,MD,1788521818149638.650	,0,NPU:2
2,MD,1788521818249659.260	,0,NPU:2
2,MD,1788521818349662.080	,0,NPU:2
2,MD,1788521818449657.480	,0,NPU:2
2,MD,1788521818549637.990	,0,NPU:2
2,MD,1788521818649644.760	,0,NPU:2
2,MD,1788521818749644.410	,0,NPU:2
2,MD,1788521818849632.540	,0,NPU:2
2,MD,1788521818949665.770	,0,NPU:2
2,MD,1788521819049635.370	,0,NPU:2
2,MD,1788521819149660.550	,0,NPU:2
2,MD,1788521819249634.550	,0,NPU:2
2,MD,1788521819349720.460	,0,NPU:2
2,MD,1788521819449719.400	,0,NPU:2
2,MD,1788521819549723.740	,0,NPU:2
2,MD,1788521819649723.370	,0,NPU:2
2,MD,1788521819749726.200	,0,NPU:2
2,MD,1788521819849736.420	,0,NPU:2
2,MD,1788521819949755.860	,0,NPU:2
2,MD,1788521820049727.140	,0,NPU:2
2,MD,1788521820149716.360	,0,NPU:2
2,MD,1788521820249716.370	,0,NPU:2
2,MD,1788521820349711.840	,0,NPU:2
2,MD,1788521820449726.890	,0,NPU:2
2,MD,1788521820549712.730	,0,NPU:2
2,MD,1788521820649702.030	,0,NPU:2
2,MD,1788521820749710.230	,0,NPU:2
2,MD,1788521820849694.750	,0,NPU:2
2,MD,1788521820949698.940	,0,NPU:2
2,MD,1788521821049704.330	,0,NPU:2
2,MD,1788521821149676.820	,0,NPU:2
2,MD,1788521821249718.890	,0,NPU:2
2,MD,1788521821349696.880	,0,NPU:2
2,MD,1788521821449692.650	,0,NPU:2
2,MD,1788521821549728.440	,0,NPU:2
2,MD,1788521821649696.680	,0,NPU:2
2,MD,1788521821749682.240	,0,NPU:2
2,MD,1788521821849664.100	,0,NPU:2
2,MD,1788521821949669.250	,0,NPU:2
2,MD,1788521822049680.230	,0,NPU:2
2,MD,1788521822149683.530	,0,NPU:2
2,MD,1788521822176183.290	,0,NPU:2
2,MB,1788521817449834.360	,0,NPU:2
2,MB,1788521817549656.350	,0,NPU:2
2,MB,1788521817649645.590	,0,NPU:2
2,MB,1788521817749647.080	,0,NPU:2
2,MB,1788521817849642.630	,0,NPU:2
2,MB,1788521817949662.080	,0,NPU:2
2,MB,1788521818049639.980	,0,NPU:2
2,MB,1788521818149638.650	,0,NPU:2
2,MB,1788521818249659.260	,0,NPU:2
2,MB,1788521818349662.080	,0,NPU:2
2,MB,1788521818449657.480	,0,NPU:2
2,MB,1788521818549637.990	,0,NPU:2
2,MB,1788521818649644.760	,0,NPU:2
2,MB,1788521818749644.410	,0,NPU:2
2,MB,1788521818849632.540	,0,NPU:2
2,MB,1788521818949665.770	,0,NPU:2
2,MB,1788521819049635.370	,0,NPU:2
2,MB,1788521819149660.550	,0,NPU:2
2,MB,1788521819249634.550	,0,NPU:2
2,MB,1788521819349720.460	,0,NPU:2
2,MB,1788521819449719.400	,0,NPU:2
2,MB,1788521819549723.740	,0,NPU:2
2,MB,1788521819649723.370	,0,NPU:2
2,MB,1788521819749726.200	,0,NPU:2
2,MB,1788521819849736.420	,0,NPU:2
2,MB,1788521819949755.860	,0,NPU:2
2,MB,1788521820049727.140	,0,NPU:2
2,MB,1788521820149716.360	,0,NPU:2
2,MB,1788521820249716.370	,0,NPU:2
2,MB,1788521820349711.840	,0,NPU:2
2,MB,1788521820449726.890	,0,NPU:2
2,MB,1788521820549712.730	,0,NPU:2
2,MB,1788521820649702.030	,0,NPU:2
2,MB,1788521820749710.230	,0,NPU:2
2,MB,1788521820849694.750	,0,NPU:2
2,MB,1788521820949698.940	,0,NPU:2
2,MB,1788521821049704.330	,0,NPU:2
2,MB,1788521821149676.820	,0,NPU:2
2,MB,1788521821249718.890	,0,NPU:2
2,MB,1788521821349696.880	,0,NPU:2
2,MB,1788521821449692.650	,0,NPU:2
2,MB,1788521821549728.440	,0,NPU:2
2,MB,1788521821649696.680	,0,NPU:2
2,MB,1788521821749682.240	,0,NPU:2
2,MB,1788521821849664.100	,0,NPU:2
2,MB,1788521821949669.250	,0,NPU:2
2,MB,1788521822049680.230	,0,NPU:2
2,MB,1788521822149683.530	,0,NPU:2
2,MB,1788521822176183.290	,0,NPU:2
2,ME,1788521817449834.360	,0,NPU:2
2,ME,1788521817549656.350	,0,NPU:2
2,ME,1788521817649645.590	,0,NPU:2
2,ME,1788521817749647.080	,0,NPU:2
2,ME,1788521817849642.630	,0,NPU:2
2,ME,1788521817949662.080	,0,NPU:2
2,ME,1788521818049639.980	,0,NPU:2
2,ME,1788521818149638.650	,0,NPU:2
2,ME,1788521818249659.260	,0,NPU:2
2,ME,1788521818349662.080	,0,NPU:2
2,ME,1788521818449657.480	,0,NPU:2
2,ME,1788521818549637.990	,0,NPU:2
2,ME,1788521818649644.760	,0,NPU:2
2,ME,1788521818749644.410	,0,NPU:2
2,ME,1788521818849632.540	,0,NPU:2
2,ME,1788521818949665.770	,0,NPU:2
2,ME,1788521819049635.370	,0,NPU:2
2,ME,1788521819149660.550	,0,NPU:2
2,ME,1788521819249634.550	,0,NPU:2
2,ME,1788521819349720.460	,0,NPU:2
2,ME,1788521819449719.400	,0,NPU:2
2,ME,1788521819549723.740	,0,NPU:2
2,ME,1788521819649723.370	,0,NPU:2
2,ME,1788521819749726.200	,0,NPU:2
2,ME,1788521819849736.420	,0,NPU:2
2,ME,1788521819949755.860	,0,NPU:2
2,ME,1788521820049727.140	,0,NPU:2
2,ME,1788521820149716.360	,0,NPU:2
2,ME,1788521820249716.370	,0,NPU:2
2,ME,1788521820349711.840	,0,NPU:2
2,ME,1788521820449726.890	,0,NPU:2
2,ME,1788521820549712.730	,0,NPU:2
2,ME,1788521820649702.030	,0,NPU:2
2,ME,1788521820749710.230	,0,NPU:2
2,ME,1788521820849694.750	,0,NPU:2
2,ME,1788521820949698.940	,0,NPU:2
2,ME,1788521821049704.330	,0,NPU:2
2,ME,1788521821149676.820	,0,NPU:2
2,ME,1788521821249718.890	,0,NPU:2
2,ME,1788521821349696.880	,0,NPU:2
2,ME,1788521821449692.650	,0,NPU:2
2,ME,1788521821549728.440	,0,NPU:2
2,ME,1788521821649696.680	,0,NPU:2
2,ME,1788521821749682.240	,0,NPU:2
2,ME,1788521821849664.100	,0,NPU:2
2,ME,1788521821949669.250	,0,NPU:2
2,ME,1788521822049680.230	,0,NPU:2
2,ME,1788521822149683.530	,0,NPU:2
2,ME,1788521822176183.290	,0,NPU:2
2,IMU,1788521817449834.360	,0,NPU:2
2,IMU,1788521817549656.350	,0,NPU:2
2,IMU,1788521817649645.590	,0,NPU:2
2,IMU,1788521817749647.080	,0,NPU:2
2,IMU,1788521817849642.630	,0,NPU:2
2,IMU,1788521817949662.080	,0,NPU:2
2,IMU,1788521818049639.980	,0,NPU:2
2,IMU,1788521818149638.650	,0,NPU:2
2,IMU,1788521818249659.260	,0,NPU:2
2,IMU,1788521818349662.080	,0,NPU:2
2,IMU,1788521818449657.480	,0,NPU:2
2,IMU,1788521818549637.990	,0,NPU:2
2,IMU,1788521818649644.760	,0,NPU:2
2,IMU,1788521818749644.410	,0,NPU:2
2,IMU,1788521818849632.540	,0,NPU:2
2,IMU,1788521818949665.770	,0,NPU:2
2,IMU,1788521819049635.370	,0,NPU:2
2,IMU,1788521819149660.550	,0,NPU:2
2,IMU,1788521819249634.550	,0,NPU:2
2,IMU,1788521819349720.460	,0,NPU:2
2,IMU,1788521819449719.400	,0,NPU:2
2,IMU,1788521819549723.740	,0,NPU:2
2,IMU,1788521819649723.370	,0,NPU:2
2,IMU,1788521819749726.200	,0,NPU:2
2,IMU,1788521819849736.420	,0,NPU:2
2,IMU,1788521819949755.860	,0,NPU:2
2,IMU,1788521820049727.140	,0,NPU:2
2,IMU,1788521820149716.360	,0,NPU:2
2,IMU,1788521820249716.370	,0,NPU:2
2,IMU,1788521820349711.840	,0,NPU:2
2,IMU,1788521820449726.890	,0,NPU:2
2,IMU,1788521820549712.730	,0,NPU:2
2,IMU,1788521820649702.030	,0,NPU:2
2,IMU,1788521820749710.230	,0,NPU:2
2,IMU,1788521820849694.750	,0,NPU:2
2,IMU,1788521820949698.940	,0,NPU:2
2,IMU,1788521821049704.330	,0,NPU:2
2,IMU,1788521821149676.820	,0,NPU:2
2,IMU,1788521821249718.890	,0,NPU:2
2,IMU,1788521821349696.880	,0,NPU:2
2,IMU,1788521821449692.650	,0,NPU:2
2,IMU,1788521821549728.440	,0,NPU:2
2,IMU,1788521821649696.680	,0,NPU:2
2,IMU,1788521821749682.240	,0,NPU:2
2,IMU,1788521821849664.100	,0,NPU:2
2,IMU,1788521821949669.250	,0,NPU:2
2,IMU,1788521822049680.230	,0,NPU:2
2,IMU,1788521822149683.530	,0,NPU:2
2,IMU,1788521822176183.290	,0,NPU:2
2,IMP,1788521817449834.360	,0,NPU:2
2,IMP,1788521817549656.350	,0,NPU:2
2,IMP,1788521817649645.590	,0,NPU:2
2,IMP,1788521817749647.080	,0,NPU:2
2,IMP,1788521817849642.630	,0,NPU:2
2,IMP,1788521817949662.080	,0,NPU:2
2,IMP,1788521818049639.980	,0,NPU:2
2,IMP,1788521818149638.650	,0,NPU:2
2,IMP,1788521818249659.260	,0,NPU:2
2,IMP,1788521818349662.080	,0,NPU:2
2,IMP,1788521818449657.480	,0,NPU:2
2,IMP,1788521818549637.990	,0,NPU:2
2,IMP,1788521818649644.760	,0,NPU:2
2,IMP,1788521818749644.410	,0,NPU:2
2,IMP,1788521818849632.540	,0,NPU:2
2,IMP,1788521818949665.770	,0,NPU:2
2,IMP,1788521819049635.370	,0,NPU:2
2,IMP,1788521819149660.550	,0,NPU:2
2,IMP,1788521819249634.550	,0,NPU:2
2,IMP,1788521819349720.460	,0,NPU:2
2,IMP,1788521819449719.400	,0,NPU:2
2,IMP,1788521819549723.740	,0,NPU:2
2,IMP,1788521819649723.370	,0,NPU:2
2,IMP,1788521819749726.200	,0,NPU:2
2,IMP,1788521819849736.420	,0,NPU:2
2,IMP,1788521819949755.860	,0,NPU:2
2,IMP,1788521820049727.140	,0,NPU:2
2,IMP,1788521820149716.360	,0,NPU:2
2,IMP,1788521820249716.370	,0,NPU:2
2,IMP,1788521820349711.840	,0,NPU:2
2,IMP,1788521820449726.890	,0,NPU:2
2,IMP,1788521820549712.730	,0,NPU:2
2,IMP,1788521820649702.030	,0,NPU:2
2,IMP,1788521820749710.230	,0,NPU:2
2,IMP,1788521820849694.750	,0,NPU:2
2,IMP,1788521820949698.940	,0,NPU:2
2,IMP,1788521821049704.330	,0,NPU:2
2,IMP,1788521821149676.820	,0,NPU:2
2,IMP,1788521821249718.890	,0,NPU:2
2,IMP,1788521821349696.880	,0,NPU:2
2,IMP,1788521821449692.650	,0,NPU:2
2,IMP,1788521821549728.440	,0,NPU:2
2,IMP,1788521821649696.680	,0,NPU:2
2,IMP,1788521821749682.240	,0,NPU:2
2,IMP,1788521821849664.100	,0,NPU:2
2,IMP,1788521821949669.250	,0,NPU:2
2,IMP,1788521822049680.230	,0,NPU:2
2,IMP,1788521822149683.530	,0,NPU:2
2,IMP,1788521822176183.290	,0,NPU:2
2,GE,1788521817449834.360	,1320.0,NPU:2
2,GE,1788521817549656.350	,1320.0,NPU:2
2,GE,1788521817649645.590	,1320.0,NPU:2
2,GE,1788521817749647.080	,1320.0,NPU:2
2,GE,1788521817849642.630	,1320.0,NPU:2
2,GE,1788521817949662.080	,1320.0,NPU:2
2,GE,1788521818049639.980	,1320.0,NPU:2
2,GE,1788521818149638.650	,1320.0,NPU:2
2,GE,1788521818249659.260	,1320.0,NPU:2
2,GE,1788521818349662.080	,1320.0,NPU:2
2,GE,1788521818449657.480	,1320.0,NPU:2
2,GE,1788521818549637.990	,1320.0,NPU:2
2,GE,1788521818649644.760	,1320.0,NPU:2
2,GE,1788521818749644.410	,1320.0,NPU:2
2,GE,1788521818849632.540	,1320.0,NPU:2
2,GE,1788521818949665.770	,1320.0,NPU:2
2,GE,1788521819049635.370	,1320.0,NPU:2
2,GE,1788521819149660.550	,1320.0,NPU:2
2,GE,1788521819249634.550	,1320.0,NPU:2
2,GE,1788521819349720.460	,1320.0,NPU:2
2,GE,1788521819449719.400	,1320.0,NPU:2
2,GE,1788521819549723.740	,1320.0,NPU:2
2,GE,1788521819649723.370	,1320.0,NPU:2
2,GE,1788521819749726.200	,1320.0,NPU:2
2,GE,1788521819849736.420	,1320.0,NPU:2
2,GE,1788521819949755.860	,1320.0,NPU:2
2,GE,1788521820049727.140	,1320.0,NPU:2
2,GE,1788521820149716.360	,1320.0,NPU:2
2,GE,1788521820249716.370	,1320.0,NPU:2
2,GE,1788521820349711.840	,1320.0,NPU:2
2,GE,1788521820449726.890	,1320.0,NPU:2
2,GE,1788521820549712.730	,1320.0,NPU:2
2,GE,1788521820649702.030	,1320.0,NPU:2
2,GE,1788521820749710.230	,1320.0,NPU:2
2,GE,1788521820849694.750	,1320.0,NPU:2
2,GE,1788521820949698.940	,1320.0,NPU:2
2,GE,1788521821049704.330	,1320.0,NPU:2
2,GE,1788521821149676.820	,1320.0,NPU:2
2,GE,1788521821249718.890	,1320.0,NPU:2
2,GE,1788521821349696.880	,1320.0,NPU:2
2,GE,1788521821449692.650	,1320.0,NPU:2
2,GE,1788521821549728.440	,1320.0,NPU:2
2,GE,1788521821649696.680	,1320.0,NPU:2
2,GE,1788521821749682.240	,1320.0,NPU:2
2,GE,1788521821849664.100	,1320.0,NPU:2
2,GE,1788521821949669.250	,1320.0,NPU:2
2,GE,1788521822049680.230	,1320.0,NPU:2
2,GE,1788521822149683.530	,148.0,NPU:2
2,GE,1788521822176183.290	,148.0,NPU:2
2,MDCFUSA,1788521817449834.360	,0,NPU:2
2,MDCFUSA,1788521817549656.350	,0,NPU:2
2,MDCFUSA,1788521817649645.590	,0,NPU:2
2,MDCFUSA,1788521817749647.080	,0,NPU:2
2,MDCFUSA,1788521817849642.630	,0,NPU:2
2,MDCFUSA,1788521817949662.080	,0,NPU:2
2,MDCFUSA,1788521818049639.980	,0,NPU:2
2,MDCFUSA,1788521818149638.650	,0,NPU:2
2,MDCFUSA,1788521818249659.260	,0,NPU:2
2,MDCFUSA,1788521818349662.080	,0,NPU:2
2,MDCFUSA,1788521818449657.480	,0,NPU:2
2,MDCFUSA,1788521818549637.990	,0,NPU:2
2,MDCFUSA,1788521818649644.760	,0,NPU:2
2,MDCFUSA,1788521818749644.410	,0,NPU:2
2,MDCFUSA,1788521818849632.540	,0,NPU:2
2,MDCFUSA,1788521818949665.770	,0,NPU:2
2,MDCFUSA,1788521819049635.370	,0,NPU:2
2,MDCFUSA,1788521819149660.550	,0,NPU:2
2,MDCFUSA,1788521819249634.550	,0,NPU:2
2,MDCFUSA,1788521819349720.460	,0,NPU:2
2,MDCFUSA,1788521819449719.400	,0,NPU:2
2,MDCFUSA,1788521819549723.740	,0,NPU:2
2,MDCFUSA,1788521819649723.370	,0,NPU:2
2,MDCFUSA,1788521819749726.200	,0,NPU:2
2,MDCFUSA,1788521819849736.420	,0,NPU:2
2,MDCFUSA,1788521819949755.860	,0,NPU:2
2,MDCFUSA,1788521820049727.140	,0,NPU:2
2,MDCFUSA,1788521820149716.360	,0,NPU:2
2,MDCFUSA,1788521820249716.370	,0,NPU:2
2,MDCFUSA,1788521820349711.840	,0,NPU:2
2,MDCFUSA,1788521820449726.890	,0,NPU:2
2,MDCFUSA,1788521820549712.730	,0,NPU:2
2,MDCFUSA,1788521820649702.030	,0,NPU:2
2,MDCFUSA,1788521820749710.230	,0,NPU:2
2,MDCFUSA,1788521820849694.750	,0,NPU:2
2,MDCFUSA,1788521820949698.940	,0,NPU:2
2,MDCFUSA,1788521821049704.330	,0,NPU:2
2,MDCFUSA,1788521821149676.820	,0,NPU:2
2,MDCFUSA,1788521821249718.890	,0,NPU:2
2,MDCFUSA,1788521821349696.880	,0,NPU:2
2,MDCFUSA,1788521821449692.650	,0,NPU:2
2,MDCFUSA,1788521821549728.440	,0,NPU:2
2,MDCFUSA,1788521821649696.680	,0,NPU:2
2,MDCFUSA,1788521821749682.240	,0,NPU:2
2,MDCFUSA,1788521821849664.100	,0,NPU:2
2,MDCFUSA,1788521821949669.250	,0,NPU:2
2,MDCFUSA,1788521822049680.230	,0,NPU:2
2,MDCFUSA,1788521822149683.530	,0,NPU:2
2,MDCFUSA,1788521822176183.290	,0,NPU:2
2,CAMERA,1788521817449834.360	,0,NPU:2
2,CAMERA,1788521817549656.350	,0,NPU:2
2,CAMERA,1788521817649645.590	,0,NPU:2
2,CAMERA,1788521817749647.080	,0,NPU:2
2,CAMERA,1788521817849642.630	,0,NPU:2
2,CAMERA,1788521817949662.080	,0,NPU:2
2,CAMERA,1788521818049639.980	,0,NPU:2
2,CAMERA,1788521818149638.650	,0,NPU:2
2,CAMERA,1788521818249659.260	,0,NPU:2
2,CAMERA,1788521818349662.080	,0,NPU:2
2,CAMERA,1788521818449657.480	,0,NPU:2
2,CAMERA,1788521818549637.990	,0,NPU:2
2,CAMERA,1788521818649644.760	,0,NPU:2
2,CAMERA,1788521818749644.410	,0,NPU:2
2,CAMERA,1788521818849632.540	,0,NPU:2
2,CAMERA,1788521818949665.770	,0,NPU:2
2,CAMERA,1788521819049635.370	,0,NPU:2
2,CAMERA,1788521819149660.550	,0,NPU:2
2,CAMERA,1788521819249634.550	,0,NPU:2
2,CAMERA,1788521819349720.460	,0,NPU:2
2,CAMERA,1788521819449719.400	,0,NPU:2
2,CAMERA,1788521819549723.740	,0,NPU:2
2,CAMERA,1788521819649723.370	,0,NPU:2
2,CAMERA,1788521819749726.200	,0,NPU:2
2,CAMERA,1788521819849736.420	,0,NPU:2
2,CAMERA,1788521819949755.860	,0,NPU:2
2,CAMERA,1788521820049727.140	,0,NPU:2
2,CAMERA,1788521820149716.360	,0,NPU:2
2,CAMERA,1788521820249716.370	,0,NPU:2
2,CAMERA,1788521820349711.840	,0,NPU:2
2,CAMERA,1788521820449726.890	,0,NPU:2
2,CAMERA,1788521820549712.730	,0,NPU:2
2,CAMERA,1788521820649702.030	,0,NPU:2
2,CAMERA,1788521820749710.230	,0,NPU:2
2,CAMERA,1788521820849694.750	,0,NPU:2
2,CAMERA,1788521820949698.940	,0,NPU:2
2,CAMERA,1788521821049704.330	,0,NPU:2
2,CAMERA,1788521821149676.820	,0,NPU:2
2,CAMERA,1788521821249718.890	,0,NPU:2
2,CAMERA,1788521821349696.880	,0,NPU:2
2,CAMERA,1788521821449692.650	,0,NPU:2
2,CAMERA,1788521821549728.440	,0,NPU:2
2,CAMERA,1788521821649696.680	,0,NPU:2
2,CAMERA,1788521821749682.240	,0,NPU:2
2,CAMERA,1788521821849664.100	,0,NPU:2
2,CAMERA,1788521821949669.250	,0,NPU:2
2,CAMERA,1788521822049680.230	,0,NPU:2
2,CAMERA,1788521822149683.530	,0,NPU:2
2,CAMERA,1788521822176183.290	,0,NPU:2
2,ASCENDCL,1788521817449834.360	,0,NPU:2
2,ASCENDCL,1788521817549656.350	,0,NPU:2
2,ASCENDCL,1788521817649645.590	,0,NPU:2
2,ASCENDCL,1788521817749647.080	,0,NPU:2
2,ASCENDCL,1788521817849642.630	,0,NPU:2
2,ASCENDCL,1788521817949662.080	,0,NPU:2
2,ASCENDCL,1788521818049639.980	,0,NPU:2
2,ASCENDCL,1788521818149638.650	,0,NPU:2
2,ASCENDCL,1788521818249659.260	,0,NPU:2
2,ASCENDCL,1788521818349662.080	,0,NPU:2
2,ASCENDCL,1788521818449657.480	,0,NPU:2
2,ASCENDCL,1788521818549637.990	,0,NPU:2
2,ASCENDCL,1788521818649644.760	,0,NPU:2
2,ASCENDCL,1788521818749644.410	,0,NPU:2
2,ASCENDCL,1788521818849632.540	,0,NPU:2
2,ASCENDCL,1788521818949665.770	,0,NPU:2
2,ASCENDCL,1788521819049635.370	,0,NPU:2
2,ASCENDCL,1788521819149660.550	,0,NPU:2
2,ASCENDCL,1788521819249634.550	,0,NPU:2
2,ASCENDCL,1788521819349720.460	,0,NPU:2
2,ASCENDCL,1788521819449719.400	,0,NPU:2
2,ASCENDCL,1788521819549723.740	,0,NPU:2
2,ASCENDCL,1788521819649723.370	,0,NPU:2
2,ASCENDCL,1788521819749726.200	,0,NPU:2
2,ASCENDCL,1788521819849736.420	,0,NPU:2
2,ASCENDCL,1788521819949755.860	,0,NPU:2
2,ASCENDCL,1788521820049727.140	,0,NPU:2
2,ASCENDCL,1788521820149716.360	,0,NPU:2
2,ASCENDCL,1788521820249716.370	,0,NPU:2
2,ASCENDCL,1788521820349711.840	,0,NPU:2
2,ASCENDCL,1788521820449726.890	,0,NPU:2
2,ASCENDCL,1788521820549712.730	,0,NPU:2
2,ASCENDCL,1788521820649702.030	,0,NPU:2
2,ASCENDCL,1788521820749710.230	,0,NPU:2
2,ASCENDCL,1788521820849694.750	,0,NPU:2
2,ASCENDCL,1788521820949698.940	,0,NPU:2
2,ASCENDCL,1788521821049704.330	,0,NPU:2
2,ASCENDCL,1788521821149676.820	,0,NPU:2
2,ASCENDCL,1788521821249718.890	,0,NPU:2
2,ASCENDCL,1788521821349696.880	,0,NPU:2
2,ASCENDCL,1788521821449692.650	,0,NPU:2
2,ASCENDCL,1788521821549728.440	,0,NPU:2
2,ASCENDCL,1788521821649696.680	,0,NPU:2
2,ASCENDCL,1788521821749682.240	,0,NPU:2
2,ASCENDCL,1788521821849664.100	,0,NPU:2
2,ASCENDCL,1788521821949669.250	,0,NPU:2
2,ASCENDCL,1788521822049680.230	,0,NPU:2
2,ASCENDCL,1788521822149683.530	,0,NPU:2
2,ASCENDCL,1788521822176183.290	,0,NPU:2
2,TEEOS,1788521817449834.360	,0,NPU:2
2,TEEOS,1788521817549656.350	,0,NPU:2
2,TEEOS,1788521817649645.590	,0,NPU:2
2,TEEOS,1788521817749647.080	,0,NPU:2
2,TEEOS,1788521817849642.630	,0,NPU:2
2,TEEOS,1788521817949662.080	,0,NPU:2
2,TEEOS,1788521818049639.980	,0,NPU:2
2,TEEOS,1788521818149638.650	,0,NPU:2
2,TEEOS,1788521818249659.260	,0,NPU:2
2,TEEOS,1788521818349662.080	,0,NPU:2
2,TEEOS,1788521818449657.480	,0,NPU:2
2,TEEOS,1788521818549637.990	,0,NPU:2
2,TEEOS,1788521818649644.760	,0,NPU:2
2,TEEOS,1788521818749644.410	,0,NPU:2
2,TEEOS,1788521818849632.540	,0,NPU:2
2,TEEOS,1788521818949665.770	,0,NPU:2
2,TEEOS,1788521819049635.370	,0,NPU:2
2,TEEOS,1788521819149660.550	,0,NPU:2
2,TEEOS,1788521819249634.550	,0,NPU:2
2,TEEOS,1788521819349720.460	,0,NPU:2
2,TEEOS,1788521819449719.400	,0,NPU:2
2,TEEOS,1788521819549723.740	,0,NPU:2
2,TEEOS,1788521819649723.370	,0,NPU:2
2,TEEOS,1788521819749726.200	,0,NPU:2
2,TEEOS,1788521819849736.420	,0,NPU:2
2,TEEOS,1788521819949755.860	,0,NPU:2
2,TEEOS,1788521820049727.140	,0,NPU:2
2,TEEOS,1788521820149716.360	,0,NPU:2
2,TEEOS,1788521820249716.370	,0,NPU:2
2,TEEOS,1788521820349711.840	,0,NPU:2
2,TEEOS,1788521820449726.890	,0,NPU:2
2,TEEOS,1788521820549712.730	,0,NPU:2
2,TEEOS,1788521820649702.030	,0,NPU:2
2,TEEOS,1788521820749710.230	,0,NPU:2
2,TEEOS,1788521820849694.750	,0,NPU:2
2,TEEOS,1788521820949698.940	,0,NPU:2
2,TEEOS,1788521821049704.330	,0,NPU:2
2,TEEOS,1788521821149676.820	,0,NPU:2
2,TEEOS,1788521821249718.890	,0,NPU:2
2,TEEOS,1788521821349696.880	,0,NPU:2
2,TEEOS,1788521821449692.650	,0,NPU:2
2,TEEOS,1788521821549728.440	,0,NPU:2
2,TEEOS,1788521821649696.680	,0,NPU:2
2,TEEOS,1788521821749682.240	,0,NPU:2
2,TEEOS,1788521821849664.100	,0,NPU:2
2,TEEOS,1788521821949669.250	,0,NPU:2
2,TEEOS,1788521822049680.230	,0,NPU:2
2,TEEOS,1788521822149683.530	,0,NPU:2
2,TEEOS,1788521822176183.290	,0,NPU:2
2,ISP,1788521817449834.360	,0,NPU:2
2,ISP,1788521817549656.350	,0,NPU:2
2,ISP,1788521817649645.590	,0,NPU:2
2,ISP,1788521817749647.080	,0,NPU:2
2,ISP,1788521817849642.630	,0,NPU:2
2,ISP,1788521817949662.080	,0,NPU:2
2,ISP,1788521818049639.980	,0,NPU:2
2,ISP,1788521818149638.650	,0,NPU:2
2,ISP,1788521818249659.260	,0,NPU:2
2,ISP,1788521818349662.080	,0,NPU:2
2,ISP,1788521818449657.480	,0,NPU:2
2,ISP,1788521818549637.990	,0,NPU:2
2,ISP,1788521818649644.760	,0,NPU:2
2,ISP,1788521818749644.410	,0,NPU:2
2,ISP,1788521818849632.540	,0,NPU:2
2,ISP,1788521818949665.770	,0,NPU:2
2,ISP,1788521819049635.370	,0,NPU:2
2,ISP,1788521819149660.550	,0,NPU:2
2,ISP,1788521819249634.550	,0,NPU:2
2,ISP,1788521819349720.460	,0,NPU:2
2,ISP,1788521819449719.400	,0,NPU:2
2,ISP,1788521819549723.740	,0,NPU:2
2,ISP,1788521819649723.370	,0,NPU:2
2,ISP,1788521819749726.200	,0,NPU:2
2,ISP,1788521819849736.420	,0,NPU:2
2,ISP,1788521819949755.860	,0,NPU:2
2,ISP,1788521820049727.140	,0,NPU:2
2,ISP,1788521820149716.360	,0,NPU:2
2,ISP,1788521820249716.370	,0,NPU:2
2,ISP,1788521820349711.840	,0,NPU:2
2,ISP,1788521820449726.890	,0,NPU:2
2,ISP,1788521820549712.730	,0,NPU:2
2,ISP,1788521820649702.030	,0,NPU:2
2,ISP,1788521820749710.230	,0,NPU:2
2,ISP,1788521820849694.750	,0,NPU:2
2,ISP,1788521820949698.940	,0,NPU:2
2,ISP,1788521821049704.330	,0,NPU:2
2,ISP,1788521821149676.820	,0,NPU:2
2,ISP,1788521821249718.890	,0,NPU:2
2,ISP,1788521821349696.880	,0,NPU:2
2,ISP,1788521821449692.650	,0,NPU:2
2,ISP,1788521821549728.440	,0,NPU:2
2,ISP,1788521821649696.680	,0,NPU:2
2,ISP,1788521821749682.240	,0,NPU:2
2,ISP,1788521821849664.100	,0,NPU:2
2,ISP,1788521821949669.250	,0,NPU:2
2,ISP,1788521822049680.230	,0,NPU:2
2,ISP,1788521822149683.530	,0,NPU:2
2,ISP,1788521822176183.290	,0,NPU:2
2,SIS,1788521817449834.360	,0,NPU:2
2,SIS,1788521817549656.350	,0,NPU:2
2,SIS,1788521817649645.590	,0,NPU:2
2,SIS,1788521817749647.080	,0,NPU:2
2,SIS,1788521817849642.630	,0,NPU:2
2,SIS,1788521817949662.080	,0,NPU:2
2,SIS,1788521818049639.980	,0,NPU:2
2,SIS,1788521818149638.650	,0,NPU:2
2,SIS,1788521818249659.260	,0,NPU:2
2,SIS,1788521818349662.080	,0,NPU:2
2,SIS,1788521818449657.480	,0,NPU:2
2,SIS,1788521818549637.990	,0,NPU:2
2,SIS,1788521818649644.760	,0,NPU:2
2,SIS,1788521818749644.410	,0,NPU:2
2,SIS,1788521818849632.540	,0,NPU:2
2,SIS,1788521818949665.770	,0,NPU:2
2,SIS,1788521819049635.370	,0,NPU:2
2,SIS,1788521819149660.550	,0,NPU:2
2,SIS,1788521819249634.550	,0,NPU:2
2,SIS,1788521819349720.460	,0,NPU:2
2,SIS,1788521819449719.400	,0,NPU:2
2,SIS,1788521819549723.740	,0,NPU:2
2,SIS,1788521819649723.370	,0,NPU:2
2,SIS,1788521819749726.200	,0,NPU:2
2,SIS,1788521819849736.420	,0,NPU:2
2,SIS,1788521819949755.860	,0,NPU:2
2,SIS,1788521820049727.140	,0,NPU:2
2,SIS,1788521820149716.360	,0,NPU:2
2,SIS,1788521820249716.370	,0,NPU:2
2,SIS,1788521820349711.840	,0,NPU:2
2,SIS,1788521820449726.890	,0,NPU:2
2,SIS,1788521820549712.730	,0,NPU:2
2,SIS,1788521820649702.030	,0,NPU:2
2,SIS,1788521820749710.230	,0,NPU:2
2,SIS,1788521820849694.750	,0,NPU:2
2,SIS,1788521820949698.940	,0,NPU:2
2,SIS,1788521821049704.330	,0,NPU:2
2,SIS,1788521821149676.820	,0,NPU:2
2,SIS,1788521821249718.890	,0,NPU:2
2,SIS,1788521821349696.880	,0,NPU:2
2,SIS,1788521821449692.650	,0,NPU:2
2,SIS,1788521821549728.440	,0,NPU:2
2,SIS,1788521821649696.680	,0,NPU:2
2,SIS,1788521821749682.240	,0,NPU:2
2,SIS,1788521821849664.100	,0,NPU:2
2,SIS,1788521821949669.250	,0,NPU:2
2,SIS,1788521822049680.230	,0,NPU:2
2,SIS,1788521822149683.530	,0,NPU:2
2,SIS,1788521822176183.290	,0,NPU:2
2,HSM,1788521817449834.360	,0,NPU:2
2,HSM,1788521817549656.350	,0,NPU:2
2,HSM,1788521817649645.590	,0,NPU:2
2,HSM,1788521817749647.080	,0,NPU:2
2,HSM,1788521817849642.630	,0,NPU:2
2,HSM,1788521817949662.080	,0,NPU:2
2,HSM,1788521818049639.980	,0,NPU:2
2,HSM,1788521818149638.650	,0,NPU:2
2,HSM,1788521818249659.260	,0,NPU:2
2,HSM,1788521818349662.080	,0,NPU:2
2,HSM,1788521818449657.480	,0,NPU:2
2,HSM,1788521818549637.990	,0,NPU:2
2,HSM,1788521818649644.760	,0,NPU:2
2,HSM,1788521818749644.410	,0,NPU:2
2,HSM,1788521818849632.540	,0,NPU:2
2,HSM,1788521818949665.770	,0,NPU:2
2,HSM,1788521819049635.370	,0,NPU:2
2,HSM,1788521819149660.550	,0,NPU:2
2,HSM,1788521819249634.550	,0,NPU:2
2,HSM,1788521819349720.460	,0,NPU:2
2,HSM,1788521819449719.400	,0,NPU:2
2,HSM,1788521819549723.740	,0,NPU:2
2,HSM,1788521819649723.370	,0,NPU:2
2,HSM,1788521819749726.200	,0,NPU:2
2,HSM,1788521819849736.420	,0,NPU:2
2,HSM,1788521819949755.860	,0,NPU:2
2,HSM,1788521820049727.140	,0,NPU:2
2,HSM,1788521820149716.360	,0,NPU:2
2,HSM,1788521820249716.370	,0,NPU:2
2,HSM,1788521820349711.840	,0,NPU:2
2,HSM,1788521820449726.890	,0,NPU:2
2,HSM,1788521820549712.730	,0,NPU:2
2,HSM,1788521820649702.030	,0,NPU:2
2,HSM,1788521820749710.230	,0,NPU:2
2,HSM,1788521820849694.750	,0,NPU:2
2,HSM,1788521820949698.940	,0,NPU:2
2,HSM,1788521821049704.330	,0,NPU:2
2,HSM,1788521821149676.820	,0,NPU:2
2,HSM,1788521821249718.890	,0,NPU:2
2,HSM,1788521821349696.880	,0,NPU:2
2,HSM,1788521821449692.650	,0,NPU:2
2,HSM,1788521821549728.440	,0,NPU:2
2,HSM,1788521821649696.680	,0,NPU:2
2,HSM,1788521821749682.240	,0,NPU:2
2,HSM,1788521821849664.100	,0,NPU:2
2,HSM,1788521821949669.250	,0,NPU:2
2,HSM,1788521822049680.230	,0,NPU:2
2,HSM,1788521822149683.530	,0,NPU:2
2,HSM,1788521822176183.290	,0,NPU:2
2,DSS,1788521817449834.360	,0,NPU:2
2,DSS,1788521817549656.350	,0,NPU:2
2,DSS,1788521817649645.590	,0,NPU:2
2,DSS,1788521817749647.080	,0,NPU:2
2,DSS,1788521817849642.630	,0,NPU:2
2,DSS,1788521817949662.080	,0,NPU:2
2,DSS,1788521818049639.980	,0,NPU:2
2,DSS,1788521818149638.650	,0,NPU:2
2,DSS,1788521818249659.260	,0,NPU:2
2,DSS,1788521818349662.080	,0,NPU:2
2,DSS,1788521818449657.480	,0,NPU:2
2,DSS,1788521818549637.990	,0,NPU:2
2,DSS,1788521818649644.760	,0,NPU:2
2,DSS,1788521818749644.410	,0,NPU:2
2,DSS,1788521818849632.540	,0,NPU:2
2,DSS,1788521818949665.770	,0,NPU:2
2,DSS,1788521819049635.370	,0,NPU:2
2,DSS,1788521819149660.550	,0,NPU:2
2,DSS,1788521819249634.550	,0,NPU:2
2,DSS,1788521819349720.460	,0,NPU:2
2,DSS,1788521819449719.400	,0,NPU:2
2,DSS,1788521819549723.740	,0,NPU:2
2,DSS,1788521819649723.370	,0,NPU:2
2,DSS,1788521819749726.200	,0,NPU:2
2,DSS,1788521819849736.420	,0,NPU:2
2,DSS,1788521819949755.860	,0,NPU:2
2,DSS,1788521820049727.140	,0,NPU:2
2,DSS,1788521820149716.360	,0,NPU:2
2,DSS,1788521820249716.370	,0,NPU:2
2,DSS,1788521820349711.840	,0,NPU:2
2,DSS,1788521820449726.890	,0,NPU:2
2,DSS,1788521820549712.730	,0,NPU:2
2,DSS,1788521820649702.030	,0,NPU:2
2,DSS,1788521820749710.230	,0,NPU:2
2,DSS,1788521820849694.750	,0,NPU:2
2,DSS,1788521820949698.940	,0,NPU:2
2,DSS,1788521821049704.330	,0,NPU:2
2,DSS,1788521821149676.820	,0,NPU:2
2,DSS,1788521821249718.890	,0,NPU:2
2,DSS,1788521821349696.880	,0,NPU:2
2,DSS,1788521821449692.650	,0,NPU:2
2,DSS,1788521821549728.440	,0,NPU:2
2,DSS,1788521821649696.680	,0,NPU:2
2,DSS,1788521821749682.240	,0,NPU:2
2,DSS,1788521821849664.100	,0,NPU:2
2,DSS,1788521821949669.250	,0,NPU:2
2,DSS,1788521822049680.230	,0,NPU:2
2,DSS,1788521822149683.530	,0,NPU:2
2,DSS,1788521822176183.290	,0,NPU:2
2,PROCMGR,1788521817449834.360	,0,NPU:2
2,PROCMGR,1788521817549656.350	,0,NPU:2
2,PROCMGR,1788521817649645.590	,0,NPU:2
2,PROCMGR,1788521817749647.080	,0,NPU:2
2,PROCMGR,1788521817849642.630	,0,NPU:2
2,PROCMGR,1788521817949662.080	,0,NPU:2
2,PROCMGR,1788521818049639.980	,0,NPU:2
2,PROCMGR,1788521818149638.650	,0,NPU:2
2,PROCMGR,1788521818249659.260	,0,NPU:2
2,PROCMGR,1788521818349662.080	,0,NPU:2
2,PROCMGR,1788521818449657.480	,0,NPU:2
2,PROCMGR,1788521818549637.990	,0,NPU:2
2,PROCMGR,1788521818649644.760	,0,NPU:2
2,PROCMGR,1788521818749644.410	,0,NPU:2
2,PROCMGR,1788521818849632.540	,0,NPU:2
2,PROCMGR,1788521818949665.770	,0,NPU:2
2,PROCMGR,1788521819049635.370	,0,NPU:2
2,PROCMGR,1788521819149660.550	,0,NPU:2
2,PROCMGR,1788521819249634.550	,0,NPU:2
2,PROCMGR,1788521819349720.460	,0,NPU:2
2,PROCMGR,1788521819449719.400	,0,NPU:2
2,PROCMGR,1788521819549723.740	,0,NPU:2
2,PROCMGR,1788521819649723.370	,0,NPU:2
2,PROCMGR,1788521819749726.200	,0,NPU:2
2,PROCMGR,1788521819849736.420	,0,NPU:2
2,PROCMGR,1788521819949755.860	,0,NPU:2
2,PROCMGR,1788521820049727.140	,0,NPU:2
2,PROCMGR,1788521820149716.360	,0,NPU:2
2,PROCMGR,1788521820249716.370	,0,NPU:2
2,PROCMGR,1788521820349711.840	,0,NPU:2
2,PROCMGR,1788521820449726.890	,0,NPU:2
2,PROCMGR,1788521820549712.730	,0,NPU:2
2,PROCMGR,1788521820649702.030	,0,NPU:2
2,PROCMGR,1788521820749710.230	,0,NPU:2
2,PROCMGR,1788521820849694.750	,0,NPU:2
2,PROCMGR,1788521820949698.940	,0,NPU:2
2,PROCMGR,1788521821049704.330	,0,NPU:2
2,PROCMGR,1788521821149676.820	,0,NPU:2
2,PROCMGR,1788521821249718.890	,0,NPU:2
2,PROCMGR,1788521821349696.880	,0,NPU:2
2,PROCMGR,1788521821449692.650	,0,NPU:2
2,PROCMGR,1788521821549728.440	,0,NPU:2
2,PROCMGR,1788521821649696.680	,0,NPU:2
2,PROCMGR,1788521821749682.240	,0,NPU:2
2,PROCMGR,1788521821849664.100	,0,NPU:2
2,PROCMGR,1788521821949669.250	,0,NPU:2
2,PROCMGR,1788521822049680.230	,0,NPU:2
2,PROCMGR,1788521822149683.530	,0,NPU:2
2,PROCMGR,1788521822176183.290	,0,NPU:2
2,BBOX,1788521817449834.360	,0,NPU:2
2,BBOX,1788521817549656.350	,0,NPU:2
2,BBOX,1788521817649645.590	,0,NPU:2
2,BBOX,1788521817749647.080	,0,NPU:2
2,BBOX,1788521817849642.630	,0,NPU:2
2,BBOX,1788521817949662.080	,0,NPU:2
2,BBOX,1788521818049639.980	,0,NPU:2
2,BBOX,1788521818149638.650	,0,NPU:2
2,BBOX,1788521818249659.260	,0,NPU:2
2,BBOX,1788521818349662.080	,0,NPU:2
2,BBOX,1788521818449657.480	,0,NPU:2
2,BBOX,1788521818549637.990	,0,NPU:2
2,BBOX,1788521818649644.760	,0,NPU:2
2,BBOX,1788521818749644.410	,0,NPU:2
2,BBOX,1788521818849632.540	,0,NPU:2
2,BBOX,1788521818949665.770	,0,NPU:2
2,BBOX,1788521819049635.370	,0,NPU:2
2,BBOX,1788521819149660.550	,0,NPU:2
2,BBOX,1788521819249634.550	,0,NPU:2
2,BBOX,1788521819349720.460	,0,NPU:2
2,BBOX,1788521819449719.400	,0,NPU:2
2,BBOX,1788521819549723.740	,0,NPU:2
2,BBOX,1788521819649723.370	,0,NPU:2
2,BBOX,1788521819749726.200	,0,NPU:2
2,BBOX,1788521819849736.420	,0,NPU:2
2,BBOX,1788521819949755.860	,0,NPU:2
2,BBOX,1788521820049727.140	,0,NPU:2
2,BBOX,1788521820149716.360	,0,NPU:2
2,BBOX,1788521820249716.370	,0,NPU:2
2,BBOX,1788521820349711.840	,0,NPU:2
2,BBOX,1788521820449726.890	,0,NPU:2
2,BBOX,1788521820549712.730	,0,NPU:2
2,BBOX,1788521820649702.030	,0,NPU:2
2,BBOX,1788521820749710.230	,0,NPU:2
2,BBOX,1788521820849694.750	,0,NPU:2
2,BBOX,1788521820949698.940	,0,NPU:2
2,BBOX,1788521821049704.330	,0,NPU:2
2,BBOX,1788521821149676.820	,0,NPU:2
2,BBOX,1788521821249718.890	,0,NPU:2
2,BBOX,1788521821349696.880	,0,NPU:2
2,BBOX,1788521821449692.650	,0,NPU:2
2,BBOX,1788521821549728.440	,0,NPU:2
2,BBOX,1788521821649696.680	,0,NPU:2
2,BBOX,1788521821749682.240	,0,NPU:2
2,BBOX,1788521821849664.100	,0,NPU:2
2,BBOX,1788521821949669.250	,0,NPU:2
2,BBOX,1788521822049680.230	,0,NPU:2
2,BBOX,1788521822149683.530	,0,NPU:2
2,BBOX,1788521822176183.290	,0,NPU:2
2,AIVECTOR,1788521817449834.360	,0,NPU:2
2,AIVECTOR,1788521817549656.350	,0,NPU:2
2,AIVECTOR,1788521817649645.590	,0,NPU:2
2,AIVECTOR,1788521817749647.080	,0,NPU:2
2,AIVECTOR,1788521817849642.630	,0,NPU:2
2,AIVECTOR,1788521817949662.080	,0,NPU:2
2,AIVECTOR,1788521818049639.980	,0,NPU:2
2,AIVECTOR,1788521818149638.650	,0,NPU:2
2,AIVECTOR,1788521818249659.260	,0,NPU:2
2,AIVECTOR,1788521818349662.080	,0,NPU:2
2,AIVECTOR,1788521818449657.480	,0,NPU:2
2,AIVECTOR,1788521818549637.990	,0,NPU:2
2,AIVECTOR,1788521818649644.760	,0,NPU:2
2,AIVECTOR,1788521818749644.410	,0,NPU:2
2,AIVECTOR,1788521818849632.540	,0,NPU:2
2,AIVECTOR,1788521818949665.770	,0,NPU:2
2,AIVECTOR,1788521819049635.370	,0,NPU:2
2,AIVECTOR,1788521819149660.550	,0,NPU:2
2,AIVECTOR,1788521819249634.550	,0,NPU:2
2,AIVECTOR,1788521819349720.460	,0,NPU:2
2,AIVECTOR,1788521819449719.400	,0,NPU:2
2,AIVECTOR,1788521819549723.740	,0,NPU:2
2,AIVECTOR,1788521819649723.370	,0,NPU:2
2,AIVECTOR,1788521819749726.200	,0,NPU:2
2,AIVECTOR,1788521819849736.420	,0,NPU:2
2,AIVECTOR,1788521819949755.860	,0,NPU:2
2,AIVECTOR,1788521820049727.140	,0,NPU:2
2,AIVECTOR,1788521820149716.360	,0,NPU:2
2,AIVECTOR,1788521820249716.370	,0,NPU:2
2,AIVECTOR,1788521820349711.840	,0,NPU:2
2,AIVECTOR,1788521820449726.890	,0,NPU:2
2,AIVECTOR,1788521820549712.730	,0,NPU:2
2,AIVECTOR,1788521820649702.030	,0,NPU:2
2,AIVECTOR,1788521820749710.230	,0,NPU:2
2,AIVECTOR,1788521820849694.750	,0,NPU:2
2,AIVECTOR,1788521820949698.940	,0,NPU:2
2,AIVECTOR,1788521821049704.330	,0,NPU:2
2,AIVECTOR,1788521821149676.820	,0,NPU:2
2,AIVECTOR,1788521821249718.890	,0,NPU:2
2,AIVECTOR,1788521821349696.880	,0,NPU:2
2,AIVECTOR,1788521821449692.650	,0,NPU:2
2,AIVECTOR,1788521821549728.440	,0,NPU:2
2,AIVECTOR,1788521821649696.680	,0,NPU:2
2,AIVECTOR,1788521821749682.240	,0,NPU:2
2,AIVECTOR,1788521821849664.100	,0,NPU:2
2,AIVECTOR,1788521821949669.250	,0,NPU:2
2,AIVECTOR,1788521822049680.230	,0,NPU:2
2,AIVECTOR,1788521822149683.530	,0,NPU:2
2,AIVECTOR,1788521822176183.290	,0,NPU:2
2,TBE,1788521817449834.360	,0,NPU:2
2,TBE,1788521817549656.350	,0,NPU:2
2,TBE,1788521817649645.590	,0,NPU:2
2,TBE,1788521817749647.080	,0,NPU:2
2,TBE,1788521817849642.630	,0,NPU:2
2,TBE,1788521817949662.080	,0,NPU:2
2,TBE,1788521818049639.980	,0,NPU:2
2,TBE,1788521818149638.650	,0,NPU:2
2,TBE,1788521818249659.260	,0,NPU:2
2,TBE,1788521818349662.080	,0,NPU:2
2,TBE,1788521818449657.480	,0,NPU:2
2,TBE,1788521818549637.990	,0,NPU:2
2,TBE,1788521818649644.760	,0,NPU:2
2,TBE,1788521818749644.410	,0,NPU:2
2,TBE,1788521818849632.540	,0,NPU:2
2,TBE,1788521818949665.770	,0,NPU:2
2,TBE,1788521819049635.370	,0,NPU:2
2,TBE,1788521819149660.550	,0,NPU:2
2,TBE,1788521819249634.550	,0,NPU:2
2,TBE,1788521819349720.460	,0,NPU:2
2,TBE,1788521819449719.400	,0,NPU:2
2,TBE,1788521819549723.740	,0,NPU:2
2,TBE,1788521819649723.370	,0,NPU:2
2,TBE,1788521819749726.200	,0,NPU:2
2,TBE,1788521819849736.420	,0,NPU:2
2,TBE,1788521819949755.860	,0,NPU:2
2,TBE,1788521820049727.140	,0,NPU:2
2,TBE,1788521820149716.360	,0,NPU:2
2,TBE,1788521820249716.370	,0,NPU:2
2,TBE,1788521820349711.840	,0,NPU:2
2,TBE,1788521820449726.890	,0,NPU:2
2,TBE,1788521820549712.730	,0,NPU:2
2,TBE,1788521820649702.030	,0,NPU:2
2,TBE,1788521820749710.230	,0,NPU:2
2,TBE,1788521820849694.750	,0,NPU:2
2,TBE,1788521820949698.940	,0,NPU:2
2,TBE,1788521821049704.330	,0,NPU:2
2,TBE,1788521821149676.820	,0,NPU:2
2,TBE,1788521821249718.890	,0,NPU:2
2,TBE,1788521821349696.880	,0,NPU:2
2,TBE,1788521821449692.650	,0,NPU:2
2,TBE,1788521821549728.440	,0,NPU:2
2,TBE,1788521821649696.680	,0,NPU:2
2,TBE,1788521821749682.240	,0,NPU:2
2,TBE,1788521821849664.100	,0,NPU:2
2,TBE,1788521821949669.250	,0,NPU:2
2,TBE,1788521822049680.230	,0,NPU:2
2,TBE,1788521822149683.530	,0,NPU:2
2,TBE,1788521822176183.290	,0,NPU:2
2,FV,1788521817449834.360	,0,NPU:2
2,FV,1788521817549656.350	,0,NPU:2
2,FV,1788521817649645.590	,0,NPU:2
2,FV,1788521817749647.080	,0,NPU:2
2,FV,1788521817849642.630	,0,NPU:2
2,FV,1788521817949662.080	,0,NPU:2
2,FV,1788521818049639.980	,0,NPU:2
2,FV,1788521818149638.650	,0,NPU:2
2,FV,1788521818249659.260	,0,NPU:2
2,FV,1788521818349662.080	,0,NPU:2
2,FV,1788521818449657.480	,0,NPU:2
2,FV,1788521818549637.990	,0,NPU:2
2,FV,1788521818649644.760	,0,NPU:2
2,FV,1788521818749644.410	,0,NPU:2
2,FV,1788521818849632.540	,0,NPU:2
2,FV,1788521818949665.770	,0,NPU:2
2,FV,1788521819049635.370	,0,NPU:2
2,FV,1788521819149660.550	,0,NPU:2
2,FV,1788521819249634.550	,0,NPU:2
2,FV,1788521819349720.460	,0,NPU:2
2,FV,1788521819449719.400	,0,NPU:2
2,FV,1788521819549723.740	,0,NPU:2
2,FV,1788521819649723.370	,0,NPU:2
2,FV,1788521819749726.200	,0,NPU:2
2,FV,1788521819849736.420	,0,NPU:2
2,FV,1788521819949755.860	,0,NPU:2
2,FV,1788521820049727.140	,0,NPU:2
2,FV,1788521820149716.360	,0,NPU:2
2,FV,1788521820249716.370	,0,NPU:2
2,FV,1788521820349711.840	,0,NPU:2
2,FV,1788521820449726.890	,0,NPU:2
2,FV,1788521820549712.730	,0,NPU:2
2,FV,1788521820649702.030	,0,NPU:2
2,FV,1788521820749710.230	,0,NPU:2
2,FV,1788521820849694.750	,0,NPU:2
2,FV,1788521820949698.940	,0,NPU:2
2,FV,1788521821049704.330	,0,NPU:2
2,FV,1788521821149676.820	,0,NPU:2
2,FV,1788521821249718.890	,0,NPU:2
2,FV,1788521821349696.880	,0,NPU:2
2,FV,1788521821449692.650	,0,NPU:2
2,FV,1788521821549728.440	,0,NPU:2
2,FV,1788521821649696.680	,0,NPU:2
2,FV,1788521821749682.240	,0,NPU:2
2,FV,1788521821849664.100	,0,NPU:2
2,FV,1788521821949669.250	,0,NPU:2
2,FV,1788521822049680.230	,0,NPU:2
2,FV,1788521822149683.530	,0,NPU:2
2,FV,1788521822176183.290	,0,NPU:2
2,MDCMAP,1788521817449834.360	,0,NPU:2
2,MDCMAP,1788521817549656.350	,0,NPU:2
2,MDCMAP,1788521817649645.590	,0,NPU:2
2,MDCMAP,1788521817749647.080	,0,NPU:2
2,MDCMAP,1788521817849642.630	,0,NPU:2
2,MDCMAP,1788521817949662.080	,0,NPU:2
2,MDCMAP,1788521818049639.980	,0,NPU:2
2,MDCMAP,1788521818149638.650	,0,NPU:2
2,MDCMAP,1788521818249659.260	,0,NPU:2
2,MDCMAP,1788521818349662.080	,0,NPU:2
2,MDCMAP,1788521818449657.480	,0,NPU:2
2,MDCMAP,1788521818549637.990	,0,NPU:2
2,MDCMAP,1788521818649644.760	,0,NPU:2
2,MDCMAP,1788521818749644.410	,0,NPU:2
2,MDCMAP,1788521818849632.540	,0,NPU:2
2,MDCMAP,1788521818949665.770	,0,NPU:2
2,MDCMAP,1788521819049635.370	,0,NPU:2
2,MDCMAP,1788521819149660.550	,0,NPU:2
2,MDCMAP,1788521819249634.550	,0,NPU:2
2,MDCMAP,1788521819349720.460	,0,NPU:2
2,MDCMAP,1788521819449719.400	,0,NPU:2
2,MDCMAP,1788521819549723.740	,0,NPU:2
2,MDCMAP,1788521819649723.370	,0,NPU:2
2,MDCMAP,1788521819749726.200	,0,NPU:2
2,MDCMAP,1788521819849736.420	,0,NPU:2
2,MDCMAP,1788521819949755.860	,0,NPU:2
2,MDCMAP,1788521820049727.140	,0,NPU:2
2,MDCMAP,1788521820149716.360	,0,NPU:2
2,MDCMAP,1788521820249716.370	,0,NPU:2
2,MDCMAP,1788521820349711.840	,0,NPU:2
2,MDCMAP,1788521820449726.890	,0,NPU:2
2,MDCMAP,1788521820549712.730	,0,NPU:2
2,MDCMAP,1788521820649702.030	,0,NPU:2
2,MDCMAP,1788521820749710.230	,0,NPU:2
2,MDCMAP,1788521820849694.750	,0,NPU:2
2,MDCMAP,1788521820949698.940	,0,NPU:2
2,MDCMAP,1788521821049704.330	,0,NPU:2
2,MDCMAP,1788521821149676.820	,0,NPU:2
2,MDCMAP,1788521821249718.890	,0,NPU:2
2,MDCMAP,1788521821349696.880	,0,NPU:2
2,MDCMAP,1788521821449692.650	,0,NPU:2
2,MDCMAP,1788521821549728.440	,0,NPU:2
2,MDCMAP,1788521821649696.680	,0,NPU:2
2,MDCMAP,1788521821749682.240	,0,NPU:2
2,MDCMAP,1788521821849664.100	,0,NPU:2
2,MDCMAP,1788521821949669.250	,0,NPU:2
2,MDCMAP,1788521822049680.230	,0,NPU:2
2,MDCMAP,1788521822149683.530	,0,NPU:2
2,MDCMAP,1788521822176183.290	,0,NPU:2
2,TUNE,1788521817449834.360	,0,NPU:2
2,TUNE,1788521817549656.350	,0,NPU:2
2,TUNE,1788521817649645.590	,0,NPU:2
2,TUNE,1788521817749647.080	,0,NPU:2
2,TUNE,1788521817849642.630	,0,NPU:2
2,TUNE,1788521817949662.080	,0,NPU:2
2,TUNE,1788521818049639.980	,0,NPU:2
2,TUNE,1788521818149638.650	,0,NPU:2
2,TUNE,1788521818249659.260	,0,NPU:2
2,TUNE,1788521818349662.080	,0,NPU:2
2,TUNE,1788521818449657.480	,0,NPU:2
2,TUNE,1788521818549637.990	,0,NPU:2
2,TUNE,1788521818649644.760	,0,NPU:2
2,TUNE,1788521818749644.410	,0,NPU:2
2,TUNE,1788521818849632.540	,0,NPU:2
2,TUNE,1788521818949665.770	,0,NPU:2
2,TUNE,1788521819049635.370	,0,NPU:2
2,TUNE,1788521819149660.550	,0,NPU:2
2,TUNE,1788521819249634.550	,0,NPU:2
2,TUNE,1788521819349720.460	,0,NPU:2
2,TUNE,1788521819449719.400	,0,NPU:2
2,TUNE,1788521819549723.740	,0,NPU:2
2,TUNE,1788521819649723.370	,0,NPU:2
2,TUNE,1788521819749726.200	,0,NPU:2
2,TUNE,1788521819849736.420	,0,NPU:2
2,TUNE,1788521819949755.860	,0,NPU:2
2,TUNE,1788521820049727.140	,0,NPU:2
2,TUNE,1788521820149716.360	,0,NPU:2
2,TUNE,1788521820249716.370	,0,NPU:2
2,TUNE,1788521820349711.840	,0,NPU:2
2,TUNE,1788521820449726.890	,0,NPU:2
2,TUNE,1788521820549712.730	,0,NPU:2
2,TUNE,1788521820649702.030	,0,NPU:2
2,TUNE,1788521820749710.230	,0,NPU:2
2,TUNE,1788521820849694.750	,0,NPU:2
2,TUNE,1788521820949698.940	,0,NPU:2
2,TUNE,1788521821049704.330	,0,NPU:2
2,TUNE,1788521821149676.820	,0,NPU:2
2,TUNE,1788521821249718.890	,0,NPU:2
2,TUNE,1788521821349696.880	,0,NPU:2
2,TUNE,1788521821449692.650	,0,NPU:2
2,TUNE,1788521821549728.440	,0,NPU:2
2,TUNE,1788521821649696.680	,0,NPU:2
2,TUNE,1788521821749682.240	,0,NPU:2
2,TUNE,1788521821849664.100	,0,NPU:2
2,TUNE,1788521821949669.250	,0,NPU:2
2,TUNE,1788521822049680.230	,0,NPU:2
2,TUNE,1788521822149683.530	,0,NPU:2
2,TUNE,1788521822176183.290	,0,NPU:2
2,HSS,1788521817449834.360	,0,NPU:2
2,HSS,1788521817549656.350	,0,NPU:2
2,HSS,1788521817649645.590	,0,NPU:2
2,HSS,1788521817749647.080	,0,NPU:2
2,HSS,1788521817849642.630	,0,NPU:2
2,HSS,1788521817949662.080	,0,NPU:2
2,HSS,1788521818049639.980	,0,NPU:2
2,HSS,1788521818149638.650	,0,NPU:2
2,HSS,1788521818249659.260	,0,NPU:2
2,HSS,1788521818349662.080	,0,NPU:2
2,HSS,1788521818449657.480	,0,NPU:2
2,HSS,1788521818549637.990	,0,NPU:2
2,HSS,1788521818649644.760	,0,NPU:2
2,HSS,1788521818749644.410	,0,NPU:2
2,HSS,1788521818849632.540	,0,NPU:2
2,HSS,1788521818949665.770	,0,NPU:2
2,HSS,1788521819049635.370	,0,NPU:2
2,HSS,1788521819149660.550	,0,NPU:2
2,HSS,1788521819249634.550	,0,NPU:2
2,HSS,1788521819349720.460	,0,NPU:2
2,HSS,1788521819449719.400	,0,NPU:2
2,HSS,1788521819549723.740	,0,NPU:2
2,HSS,1788521819649723.370	,0,NPU:2
2,HSS,1788521819749726.200	,0,NPU:2
2,HSS,1788521819849736.420	,0,NPU:2
2,HSS,1788521819949755.860	,0,NPU:2
2,HSS,1788521820049727.140	,0,NPU:2
2,HSS,1788521820149716.360	,0,NPU:2
2,HSS,1788521820249716.370	,0,NPU:2
2,HSS,1788521820349711.840	,0,NPU:2
2,HSS,1788521820449726.890	,0,NPU:2
2,HSS,1788521820549712.730	,0,NPU:2
2,HSS,1788521820649702.030	,0,NPU:2
2,HSS,1788521820749710.230	,0,NPU:2
2,HSS,1788521820849694.750	,0,NPU:2
2,HSS,1788521820949698.940	,0,NPU:2
2,HSS,1788521821049704.330	,0,NPU:2
2,HSS,1788521821149676.820	,0,NPU:2
2,HSS,1788521821249718.890	,0,NPU:2
2,HSS,1788521821349696.880	,0,NPU:2
2,HSS,1788521821449692.650	,0,NPU:2
2,HSS,1788521821549728.440	,0,NPU:2
2,HSS,1788521821649696.680	,0,NPU:2
2,HSS,1788521821749682.240	,0,NPU:2
2,HSS,1788521821849664.100	,0,NPU:2
2,HSS,1788521821949669.250	,0,NPU:2
2,HSS,1788521822049680.230	,0,NPU:2
2,HSS,1788521822149683.530	,0,NPU:2
2,HSS,1788521822176183.290	,0,NPU:2
2,FFTS,1788521817449834.360	,0,NPU:2
2,FFTS,1788521817549656.350	,0,NPU:2
2,FFTS,1788521817649645.590	,0,NPU:2
2,FFTS,1788521817749647.080	,0,NPU:2
2,FFTS,1788521817849642.630	,0,NPU:2
2,FFTS,1788521817949662.080	,0,NPU:2
2,FFTS,1788521818049639.980	,0,NPU:2
2,FFTS,1788521818149638.650	,0,NPU:2
2,FFTS,1788521818249659.260	,0,NPU:2
2,FFTS,1788521818349662.080	,0,NPU:2
2,FFTS,1788521818449657.480	,0,NPU:2
2,FFTS,1788521818549637.990	,0,NPU:2
2,FFTS,1788521818649644.760	,0,NPU:2
2,FFTS,1788521818749644.410	,0,NPU:2
2,FFTS,1788521818849632.540	,0,NPU:2
2,FFTS,1788521818949665.770	,0,NPU:2
2,FFTS,1788521819049635.370	,0,NPU:2
2,FFTS,1788521819149660.550	,0,NPU:2
2,FFTS,1788521819249634.550	,0,NPU:2
2,FFTS,1788521819349720.460	,0,NPU:2
2,FFTS,1788521819449719.400	,0,NPU:2
2,FFTS,1788521819549723.740	,0,NPU:2
2,FFTS,1788521819649723.370	,0,NPU:2
2,FFTS,1788521819749726.200	,0,NPU:2
2,FFTS,1788521819849736.420	,0,NPU:2
2,FFTS,1788521819949755.860	,0,NPU:2
2,FFTS,1788521820049727.140	,0,NPU:2
2,FFTS,1788521820149716.360	,0,NPU:2
2,FFTS,1788521820249716.370	,0,NPU:2
2,FFTS,1788521820349711.840	,0,NPU:2
2,FFTS,1788521820449726.890	,0,NPU:2
2,FFTS,1788521820549712.730	,0,NPU:2
2,FFTS,1788521820649702.030	,0,NPU:2
2,FFTS,1788521820749710.230	,0,NPU:2
2,FFTS,1788521820849694.750	,0,NPU:2
2,FFTS,1788521820949698.940	,0,NPU:2
2,FFTS,1788521821049704.330	,0,NPU:2
2,FFTS,1788521821149676.820	,0,NPU:2
2,FFTS,1788521821249718.890	,0,NPU:2
2,FFTS,1788521821349696.880	,0,NPU:2
2,FFTS,1788521821449692.650	,0,NPU:2
2,FFTS,1788521821549728.440	,0,NPU:2
2,FFTS,1788521821649696.680	,0,NPU:2
2,FFTS,1788521821749682.240	,0,NPU:2
2,FFTS,1788521821849664.100	,0,NPU:2
2,FFTS,1788521821949669.250	,0,NPU:2
2,FFTS,1788521822049680.230	,0,NPU:2
2,FFTS,1788521822149683.530	,0,NPU:2
2,FFTS,1788521822176183.290	,0,NPU:2
2,OP,1788521817449834.360	,0,NPU:2
2,OP,1788521817549656.350	,0,NPU:2
2,OP,1788521817649645.590	,0,NPU:2
2,OP,1788521817749647.080	,0,NPU:2
2,OP,1788521817849642.630	,0,NPU:2
2,OP,1788521817949662.080	,0,NPU:2
2,OP,1788521818049639.980	,0,NPU:2
2,OP,1788521818149638.650	,0,NPU:2
2,OP,1788521818249659.260	,0,NPU:2
2,OP,1788521818349662.080	,0,NPU:2
2,OP,1788521818449657.480	,0,NPU:2
2,OP,1788521818549637.990	,0,NPU:2
2,OP,1788521818649644.760	,0,NPU:2
2,OP,1788521818749644.410	,0,NPU:2
2,OP,1788521818849632.540	,0,NPU:2
2,OP,1788521818949665.770	,0,NPU:2
2,OP,1788521819049635.370	,0,NPU:2
2,OP,1788521819149660.550	,0,NPU:2
2,OP,1788521819249634.550	,0,NPU:2
2,OP,1788521819349720.460	,0,NPU:2
2,OP,1788521819449719.400	,0,NPU:2
2,OP,1788521819549723.740	,0,NPU:2
2,OP,1788521819649723.370	,0,NPU:2
2,OP,1788521819749726.200	,0,NPU:2
2,OP,1788521819849736.420	,0,NPU:2
2,OP,1788521819949755.860	,0,NPU:2
2,OP,1788521820049727.140	,0,NPU:2
2,OP,1788521820149716.360	,0,NPU:2
2,OP,1788521820249716.370	,0,NPU:2
2,OP,1788521820349711.840	,0,NPU:2
2,OP,1788521820449726.890	,0,NPU:2
2,OP,1788521820549712.730	,0,NPU:2
2,OP,1788521820649702.030	,0,NPU:2
2,OP,1788521820749710.230	,0,NPU:2
2,OP,1788521820849694.750	,0,NPU:2
2,OP,1788521820949698.940	,0,NPU:2
2,OP,1788521821049704.330	,0,NPU:2
2,OP,1788521821149676.820	,0,NPU:2
2,OP,1788521821249718.890	,0,NPU:2
2,OP,1788521821349696.880	,0,NPU:2
2,OP,1788521821449692.650	,0,NPU:2
2,OP,1788521821549728.440	,0,NPU:2
2,OP,1788521821649696.680	,0,NPU:2
2,OP,1788521821749682.240	,0,NPU:2
2,OP,1788521821849664.100	,0,NPU:2
2,OP,1788521821949669.250	,0,NPU:2
2,OP,1788521822049680.230	,0,NPU:2
2,OP,1788521822149683.530	,0,NPU:2
2,OP,1788521822176183.290	,0,NPU:2
2,UDF,1788521817449834.360	,0,NPU:2
2,UDF,1788521817549656.350	,0,NPU:2
2,UDF,1788521817649645.590	,0,NPU:2
2,UDF,1788521817749647.080	,0,NPU:2
2,UDF,1788521817849642.630	,0,NPU:2
2,UDF,1788521817949662.080	,0,NPU:2
2,UDF,1788521818049639.980	,0,NPU:2
2,UDF,1788521818149638.650	,0,NPU:2
2,UDF,1788521818249659.260	,0,NPU:2
2,UDF,1788521818349662.080	,0,NPU:2
2,UDF,1788521818449657.480	,0,NPU:2
2,UDF,1788521818549637.990	,0,NPU:2
2,UDF,1788521818649644.760	,0,NPU:2
2,UDF,1788521818749644.410	,0,NPU:2
2,UDF,1788521818849632.540	,0,NPU:2
2,UDF,1788521818949665.770	,0,NPU:2
2,UDF,1788521819049635.370	,0,NPU:2
2,UDF,1788521819149660.550	,0,NPU:2
2,UDF,1788521819249634.550	,0,NPU:2
2,UDF,1788521819349720.460	,0,NPU:2
2,UDF,1788521819449719.400	,0,NPU:2
2,UDF,1788521819549723.740	,0,NPU:2
2,UDF,1788521819649723.370	,0,NPU:2
2,UDF,1788521819749726.200	,0,NPU:2
2,UDF,1788521819849736.420	,0,NPU:2
2,UDF,1788521819949755.860	,0,NPU:2
2,UDF,1788521820049727.140	,0,NPU:2
2,UDF,1788521820149716.360	,0,NPU:2
2,UDF,1788521820249716.370	,0,NPU:2
2,UDF,1788521820349711.840	,0,NPU:2
2,UDF,1788521820449726.890	,0,NPU:2
2,UDF,1788521820549712.730	,0,NPU:2
2,UDF,1788521820649702.030	,0,NPU:2
2,UDF,1788521820749710.230	,0,NPU:2
2,UDF,1788521820849694.750	,0,NPU:2
2,UDF,1788521820949698.940	,0,NPU:2
2,UDF,1788521821049704.330	,0,NPU:2
2,UDF,1788521821149676.820	,0,NPU:2
2,UDF,1788521821249718.890	,0,NPU:2
2,UDF,1788521821349696.880	,0,NPU:2
2,UDF,1788521821449692.650	,0,NPU:2
2,UDF,1788521821549728.440	,0,NPU:2
2,UDF,1788521821649696.680	,0,NPU:2
2,UDF,1788521821749682.240	,0,NPU:2
2,UDF,1788521821849664.100	,0,NPU:2
2,UDF,1788521821949669.250	,0,NPU:2
2,UDF,1788521822049680.230	,0,NPU:2
2,UDF,1788521822149683.530	,0,NPU:2
2,UDF,1788521822176183.290	,0,NPU:2
2,HICAID,1788521817449834.360	,0,NPU:2
2,HICAID,1788521817549656.350	,0,NPU:2
2,HICAID,1788521817649645.590	,0,NPU:2
2,HICAID,1788521817749647.080	,0,NPU:2
2,HICAID,1788521817849642.630	,0,NPU:2
2,HICAID,1788521817949662.080	,0,NPU:2
2,HICAID,1788521818049639.980	,0,NPU:2
2,HICAID,1788521818149638.650	,0,NPU:2
2,HICAID,1788521818249659.260	,0,NPU:2
2,HICAID,1788521818349662.080	,0,NPU:2
2,HICAID,1788521818449657.480	,0,NPU:2
2,HICAID,1788521818549637.990	,0,NPU:2
2,HICAID,1788521818649644.760	,0,NPU:2
2,HICAID,1788521818749644.410	,0,NPU:2
2,HICAID,1788521818849632.540	,0,NPU:2
2,HICAID,1788521818949665.770	,0,NPU:2
2,HICAID,1788521819049635.370	,0,NPU:2
2,HICAID,1788521819149660.550	,0,NPU:2
2,HICAID,1788521819249634.550	,0,NPU:2
2,HICAID,1788521819349720.460	,0,NPU:2
2,HICAID,1788521819449719.400	,0,NPU:2
2,HICAID,1788521819549723.740	,0,NPU:2
2,HICAID,1788521819649723.370	,0,NPU:2
2,HICAID,1788521819749726.200	,0,NPU:2
2,HICAID,1788521819849736.420	,0,NPU:2
2,HICAID,1788521819949755.860	,0,NPU:2
2,HICAID,1788521820049727.140	,0,NPU:2
2,HICAID,1788521820149716.360	,0,NPU:2
2,HICAID,1788521820249716.370	,0,NPU:2
2,HICAID,1788521820349711.840	,0,NPU:2
2,HICAID,1788521820449726.890	,0,NPU:2
2,HICAID,1788521820549712.730	,0,NPU:2
2,HICAID,1788521820649702.030	,0,NPU:2
2,HICAID,1788521820749710.230	,0,NPU:2
2,HICAID,1788521820849694.750	,0,NPU:2
2,HICAID,1788521820949698.940	,0,NPU:2
2,HICAID,1788521821049704.330	,0,NPU:2
2,HICAID,1788521821149676.820	,0,NPU:2
2,HICAID,1788521821249718.890	,0,NPU:2
2,HICAID,1788521821349696.880	,0,NPU:2
2,HICAID,1788521821449692.650	,0,NPU:2
2,HICAID,1788521821549728.440	,0,NPU:2
2,HICAID,1788521821649696.680	,0,NPU:2
2,HICAID,1788521821749682.240	,0,NPU:2
2,HICAID,1788521821849664.100	,0,NPU:2
2,HICAID,1788521821949669.250	,0,NPU:2
2,HICAID,1788521822049680.230	,0,NPU:2
2,HICAID,1788521822149683.530	,0,NPU:2
2,HICAID,1788521822176183.290	,0,NPU:2
2,TSYNC,1788521817449834.360	,0,NPU:2
2,TSYNC,1788521817549656.350	,0,NPU:2
2,TSYNC,1788521817649645.590	,0,NPU:2
2,TSYNC,1788521817749647.080	,0,NPU:2
2,TSYNC,1788521817849642.630	,0,NPU:2
2,TSYNC,1788521817949662.080	,0,NPU:2
2,TSYNC,1788521818049639.980	,0,NPU:2
2,TSYNC,1788521818149638.650	,0,NPU:2
2,TSYNC,1788521818249659.260	,0,NPU:2
2,TSYNC,1788521818349662.080	,0,NPU:2
2,TSYNC,1788521818449657.480	,0,NPU:2
2,TSYNC,1788521818549637.990	,0,NPU:2
2,TSYNC,1788521818649644.760	,0,NPU:2
2,TSYNC,1788521818749644.410	,0,NPU:2
2,TSYNC,1788521818849632.540	,0,NPU:2
2,TSYNC,1788521818949665.770	,0,NPU:2
2,TSYNC,1788521819049635.370	,0,NPU:2
2,TSYNC,1788521819149660.550	,0,NPU:2
2,TSYNC,1788521819249634.550	,0,NPU:2
2,TSYNC,1788521819349720.460	,0,NPU:2
2,TSYNC,1788521819449719.400	,0,NPU:2
2,TSYNC,1788521819549723.740	,0,NPU:2
2,TSYNC,1788521819649723.370	,0,NPU:2
2,TSYNC,1788521819749726.200	,0,NPU:2
2,TSYNC,1788521819849736.420	,0,NPU:2
2,TSYNC,1788521819949755.860	,0,NPU:2
2,TSYNC,1788521820049727.140	,0,NPU:2
2,TSYNC,1788521820149716.360	,0,NPU:2
2,TSYNC,1788521820249716.370	,0,NPU:2
2,TSYNC,1788521820349711.840	,0,NPU:2
2,TSYNC,1788521820449726.890	,0,NPU:2
2,TSYNC,1788521820549712.730	,0,NPU:2
2,TSYNC,1788521820649702.030	,0,NPU:2
2,TSYNC,1788521820749710.230	,0,NPU:2
2,TSYNC,1788521820849694.750	,0,NPU:2
2,TSYNC,1788521820949698.940	,0,NPU:2
2,TSYNC,1788521821049704.330	,0,NPU:2
2,TSYNC,1788521821149676.820	,0,NPU:2
2,TSYNC,1788521821249718.890	,0,NPU:2
2,TSYNC,1788521821349696.880	,0,NPU:2
2,TSYNC,1788521821449692.650	,0,NPU:2
2,TSYNC,1788521821549728.440	,0,NPU:2
2,TSYNC,1788521821649696.680	,0,NPU:2
2,TSYNC,1788521821749682.240	,0,NPU:2
2,TSYNC,1788521821849664.100	,0,NPU:2
2,TSYNC,1788521821949669.250	,0,NPU:2
2,TSYNC,1788521822049680.230	,0,NPU:2
2,TSYNC,1788521822149683.530	,0,NPU:2
2,TSYNC,1788521822176183.290	,0,NPU:2
2,AUDIO,1788521817449834.360	,0,NPU:2
2,AUDIO,1788521817549656.350	,0,NPU:2
2,AUDIO,1788521817649645.590	,0,NPU:2
2,AUDIO,1788521817749647.080	,0,NPU:2
2,AUDIO,1788521817849642.630	,0,NPU:2
2,AUDIO,1788521817949662.080	,0,NPU:2
2,AUDIO,1788521818049639.980	,0,NPU:2
2,AUDIO,1788521818149638.650	,0,NPU:2
2,AUDIO,1788521818249659.260	,0,NPU:2
2,AUDIO,1788521818349662.080	,0,NPU:2
2,AUDIO,1788521818449657.480	,0,NPU:2
2,AUDIO,1788521818549637.990	,0,NPU:2
2,AUDIO,1788521818649644.760	,0,NPU:2
2,AUDIO,1788521818749644.410	,0,NPU:2
2,AUDIO,1788521818849632.540	,0,NPU:2
2,AUDIO,1788521818949665.770	,0,NPU:2
2,AUDIO,1788521819049635.370	,0,NPU:2
2,AUDIO,1788521819149660.550	,0,NPU:2
2,AUDIO,1788521819249634.550	,0,NPU:2
2,AUDIO,1788521819349720.460	,0,NPU:2
2,AUDIO,1788521819449719.400	,0,NPU:2
2,AUDIO,1788521819549723.740	,0,NPU:2
2,AUDIO,1788521819649723.370	,0,NPU:2
2,AUDIO,1788521819749726.200	,0,NPU:2
2,AUDIO,1788521819849736.420	,0,NPU:2
2,AUDIO,1788521819949755.860	,0,NPU:2
2,AUDIO,1788521820049727.140	,0,NPU:2
2,AUDIO,1788521820149716.360	,0,NPU:2
2,AUDIO,1788521820249716.370	,0,NPU:2
2,AUDIO,1788521820349711.840	,0,NPU:2
2,AUDIO,1788521820449726.890	,0,NPU:2
2,AUDIO,1788521820549712.730	,0,NPU:2
2,AUDIO,1788521820649702.030	,0,NPU:2
2,AUDIO,1788521820749710.230	,0,NPU:2
2,AUDIO,1788521820849694.750	,0,NPU:2
2,AUDIO,1788521820949698.940	,0,NPU:2
2,AUDIO,1788521821049704.330	,0,NPU:2
2,AUDIO,1788521821149676.820	,0,NPU:2
2,AUDIO,1788521821249718.890	,0,NPU:2
2,AUDIO,1788521821349696.880	,0,NPU:2
2,AUDIO,1788521821449692.650	,0,NPU:2
2,AUDIO,1788521821549728.440	,0,NPU:2
2,AUDIO,1788521821649696.680	,0,NPU:2
2,AUDIO,1788521821749682.240	,0,NPU:2
2,AUDIO,1788521821849664.100	,0,NPU:2
2,AUDIO,1788521821949669.250	,0,NPU:2
2,AUDIO,1788521822049680.230	,0,NPU:2
2,AUDIO,1788521822149683.530	,0,NPU:2
2,AUDIO,1788521822176183.290	,0,NPU:2
2,TPRT,1788521817449834.360	,0,NPU:2
2,TPRT,1788521817549656.350	,0,NPU:2
2,TPRT,1788521817649645.590	,0,NPU:2
2,TPRT,1788521817749647.080	,0,NPU:2
2,TPRT,1788521817849642.630	,0,NPU:2
2,TPRT,1788521817949662.080	,0,NPU:2
2,TPRT,1788521818049639.980	,0,NPU:2
2,TPRT,1788521818149638.650	,0,NPU:2
2,TPRT,1788521818249659.260	,0,NPU:2
2,TPRT,1788521818349662.080	,0,NPU:2
2,TPRT,1788521818449657.480	,0,NPU:2
2,TPRT,1788521818549637.990	,0,NPU:2
2,TPRT,1788521818649644.760	,0,NPU:2
2,TPRT,1788521818749644.410	,0,NPU:2
2,TPRT,1788521818849632.540	,0,NPU:2
2,TPRT,1788521818949665.770	,0,NPU:2
2,TPRT,1788521819049635.370	,0,NPU:2
2,TPRT,1788521819149660.550	,0,NPU:2
2,TPRT,1788521819249634.550	,0,NPU:2
2,TPRT,1788521819349720.460	,0,NPU:2
2,TPRT,1788521819449719.400	,0,NPU:2
2,TPRT,1788521819549723.740	,0,NPU:2
2,TPRT,1788521819649723.370	,0,NPU:2
2,TPRT,1788521819749726.200	,0,NPU:2
2,TPRT,1788521819849736.420	,0,NPU:2
2,TPRT,1788521819949755.860	,0,NPU:2
2,TPRT,1788521820049727.140	,0,NPU:2
2,TPRT,1788521820149716.360	,0,NPU:2
2,TPRT,1788521820249716.370	,0,NPU:2
2,TPRT,1788521820349711.840	,0,NPU:2
2,TPRT,1788521820449726.890	,0,NPU:2
2,TPRT,1788521820549712.730	,0,NPU:2
2,TPRT,1788521820649702.030	,0,NPU:2
2,TPRT,1788521820749710.230	,0,NPU:2
2,TPRT,1788521820849694.750	,0,NPU:2
2,TPRT,1788521820949698.940	,0,NPU:2
2,TPRT,1788521821049704.330	,0,NPU:2
2,TPRT,1788521821149676.820	,0,NPU:2
2,TPRT,1788521821249718.890	,0,NPU:2
2,TPRT,1788521821349696.880	,0,NPU:2
2,TPRT,1788521821449692.650	,0,NPU:2
2,TPRT,1788521821549728.440	,0,NPU:2
2,TPRT,1788521821649696.680	,0,NPU:2
2,TPRT,1788521821749682.240	,0,NPU:2
2,TPRT,1788521821849664.100	,0,NPU:2
2,TPRT,1788521821949669.250	,0,NPU:2
2,TPRT,1788521822049680.230	,0,NPU:2
2,TPRT,1788521822149683.530	,0,NPU:2
2,TPRT,1788521822176183.290	,0,NPU:2
2,ASCENDCKERNEL,1788521817449834.360	,0,NPU:2
2,ASCENDCKERNEL,1788521817549656.350	,0,NPU:2
2,ASCENDCKERNEL,1788521817649645.590	,0,NPU:2
2,ASCENDCKERNEL,1788521817749647.080	,0,NPU:2
2,ASCENDCKERNEL,1788521817849642.630	,0,NPU:2
2,ASCENDCKERNEL,1788521817949662.080	,0,NPU:2
2,ASCENDCKERNEL,1788521818049639.980	,0,NPU:2
2,ASCENDCKERNEL,1788521818149638.650	,0,NPU:2
2,ASCENDCKERNEL,1788521818249659.260	,0,NPU:2
2,ASCENDCKERNEL,1788521818349662.080	,0,NPU:2
2,ASCENDCKERNEL,1788521818449657.480	,0,NPU:2
2,ASCENDCKERNEL,1788521818549637.990	,0,NPU:2
2,ASCENDCKERNEL,1788521818649644.760	,0,NPU:2
2,ASCENDCKERNEL,1788521818749644.410	,0,NPU:2
2,ASCENDCKERNEL,1788521818849632.540	,0,NPU:2
2,ASCENDCKERNEL,1788521818949665.770	,0,NPU:2
2,ASCENDCKERNEL,1788521819049635.370	,0,NPU:2
2,ASCENDCKERNEL,1788521819149660.550	,0,NPU:2
2,ASCENDCKERNEL,1788521819249634.550	,0,NPU:2
2,ASCENDCKERNEL,1788521819349720.460	,0,NPU:2
2,ASCENDCKERNEL,1788521819449719.400	,0,NPU:2
2,ASCENDCKERNEL,1788521819549723.740	,0,NPU:2
2,ASCENDCKERNEL,1788521819649723.370	,0,NPU:2
2,ASCENDCKERNEL,1788521819749726.200	,0,NPU:2
2,ASCENDCKERNEL,1788521819849736.420	,0,NPU:2
2,ASCENDCKERNEL,1788521819949755.860	,0,NPU:2
2,ASCENDCKERNEL,1788521820049727.140	,0,NPU:2
2,ASCENDCKERNEL,1788521820149716.360	,0,NPU:2
2,ASCENDCKERNEL,1788521820249716.370	,0,NPU:2
2,ASCENDCKERNEL,1788521820349711.840	,0,NPU:2
2,ASCENDCKERNEL,1788521820449726.890	,0,NPU:2
2,ASCENDCKERNEL,1788521820549712.730	,0,NPU:2
2,ASCENDCKERNEL,1788521820649702.030	,0,NPU:2
2,ASCENDCKERNEL,1788521820749710.230	,0,NPU:2
2,ASCENDCKERNEL,1788521820849694.750	,0,NPU:2
2,ASCENDCKERNEL,1788521820949698.940	,0,NPU:2
2,ASCENDCKERNEL,1788521821049704.330	,0,NPU:2
2,ASCENDCKERNEL,1788521821149676.820	,0,NPU:2
2,ASCENDCKERNEL,1788521821249718.890	,0,NPU:2
2,ASCENDCKERNEL,1788521821349696.880	,0,NPU:2
2,ASCENDCKERNEL,1788521821449692.650	,0,NPU:2
2,ASCENDCKERNEL,1788521821549728.440	,0,NPU:2
2,ASCENDCKERNEL,1788521821649696.680	,0,NPU:2
2,ASCENDCKERNEL,1788521821749682.240	,0,NPU:2
2,ASCENDCKERNEL,1788521821849664.100	,0,NPU:2
2,ASCENDCKERNEL,1788521821949669.250	,0,NPU:2
2,ASCENDCKERNEL,1788521822049680.230	,0,NPU:2
2,ASCENDCKERNEL,1788521822149683.530	,0,NPU:2
2,ASCENDCKERNEL,1788521822176183.290	,0,NPU:2
2,ASYS,1788521817449834.360	,0,NPU:2
2,ASYS,1788521817549656.350	,0,NPU:2
2,ASYS,1788521817649645.590	,0,NPU:2
2,ASYS,1788521817749647.080	,0,NPU:2
2,ASYS,1788521817849642.630	,0,NPU:2
2,ASYS,1788521817949662.080	,0,NPU:2
2,ASYS,1788521818049639.980	,0,NPU:2
2,ASYS,1788521818149638.650	,0,NPU:2
2,ASYS,1788521818249659.260	,0,NPU:2
2,ASYS,1788521818349662.080	,0,NPU:2
2,ASYS,1788521818449657.480	,0,NPU:2
2,ASYS,1788521818549637.990	,0,NPU:2
2,ASYS,1788521818649644.760	,0,NPU:2
2,ASYS,1788521818749644.410	,0,NPU:2
2,ASYS,1788521818849632.540	,0,NPU:2
2,ASYS,1788521818949665.770	,0,NPU:2
2,ASYS,1788521819049635.370	,0,NPU:2
2,ASYS,1788521819149660.550	,0,NPU:2
2,ASYS,1788521819249634.550	,0,NPU:2
2,ASYS,1788521819349720.460	,0,NPU:2
2,ASYS,1788521819449719.400	,0,NPU:2
2,ASYS,1788521819549723.740	,0,NPU:2
2,ASYS,1788521819649723.370	,0,NPU:2
2,ASYS,1788521819749726.200	,0,NPU:2
2,ASYS,1788521819849736.420	,0,NPU:2
2,ASYS,1788521819949755.860	,0,NPU:2
2,ASYS,1788521820049727.140	,0,NPU:2
2,ASYS,1788521820149716.360	,0,NPU:2
2,ASYS,1788521820249716.370	,0,NPU:2
2,ASYS,1788521820349711.840	,0,NPU:2
2,ASYS,1788521820449726.890	,0,NPU:2
2,ASYS,1788521820549712.730	,0,NPU:2
2,ASYS,1788521820649702.030	,0,NPU:2
2,ASYS,1788521820749710.230	,0,NPU:2
2,ASYS,1788521820849694.750	,0,NPU:2
2,ASYS,1788521820949698.940	,0,NPU:2
2,ASYS,1788521821049704.330	,0,NPU:2
2,ASYS,1788521821149676.820	,0,NPU:2
2,ASYS,1788521821249718.890	,0,NPU:2
2,ASYS,1788521821349696.880	,0,NPU:2
2,ASYS,1788521821449692.650	,0,NPU:2
2,ASYS,1788521821549728.440	,0,NPU:2
2,ASYS,1788521821649696.680	,0,NPU:2
2,ASYS,1788521821749682.240	,0,NPU:2
2,ASYS,1788521821849664.100	,0,NPU:2
2,ASYS,1788521821949669.250	,0,NPU:2
2,ASYS,1788521822049680.230	,0,NPU:2
2,ASYS,1788521822149683.530	,0,NPU:2
2,ASYS,1788521822176183.290	,0,NPU:2
2,ATRACE,1788521817449834.360	,0,NPU:2
2,ATRACE,1788521817549656.350	,0,NPU:2
2,ATRACE,1788521817649645.590	,0,NPU:2
2,ATRACE,1788521817749647.080	,0,NPU:2
2,ATRACE,1788521817849642.630	,0,NPU:2
2,ATRACE,1788521817949662.080	,0,NPU:2
2,ATRACE,1788521818049639.980	,0,NPU:2
2,ATRACE,1788521818149638.650	,0,NPU:2
2,ATRACE,1788521818249659.260	,0,NPU:2
2,ATRACE,1788521818349662.080	,0,NPU:2
2,ATRACE,1788521818449657.480	,0,NPU:2
2,ATRACE,1788521818549637.990	,0,NPU:2
2,ATRACE,1788521818649644.760	,0,NPU:2
2,ATRACE,1788521818749644.410	,0,NPU:2
2,ATRACE,1788521818849632.540	,0,NPU:2
2,ATRACE,1788521818949665.770	,0,NPU:2
2,ATRACE,1788521819049635.370	,0,NPU:2
2,ATRACE,1788521819149660.550	,0,NPU:2
2,ATRACE,1788521819249634.550	,0,NPU:2
2,ATRACE,1788521819349720.460	,0,NPU:2
2,ATRACE,1788521819449719.400	,0,NPU:2
2,ATRACE,1788521819549723.740	,0,NPU:2
2,ATRACE,1788521819649723.370	,0,NPU:2
2,ATRACE,1788521819749726.200	,0,NPU:2
2,ATRACE,1788521819849736.420	,0,NPU:2
2,ATRACE,1788521819949755.860	,0,NPU:2
2,ATRACE,1788521820049727.140	,0,NPU:2
2,ATRACE,1788521820149716.360	,0,NPU:2
2,ATRACE,1788521820249716.370	,0,NPU:2
2,ATRACE,1788521820349711.840	,0,NPU:2
2,ATRACE,1788521820449726.890	,0,NPU:2
2,ATRACE,1788521820549712.730	,0,NPU:2
2,ATRACE,1788521820649702.030	,0,NPU:2
2,ATRACE,1788521820749710.230	,0,NPU:2
2,ATRACE,1788521820849694.750	,0,NPU:2
2,ATRACE,1788521820949698.940	,0,NPU:2
2,ATRACE,1788521821049704.330	,0,NPU:2
2,ATRACE,1788521821149676.820	,0,NPU:2
2,ATRACE,1788521821249718.890	,0,NPU:2
2,ATRACE,1788521821349696.880	,0,NPU:2
2,ATRACE,1788521821449692.650	,0,NPU:2
2,ATRACE,1788521821549728.440	,0,NPU:2
2,ATRACE,1788521821649696.680	,0,NPU:2
2,ATRACE,1788521821749682.240	,0,NPU:2
2,ATRACE,1788521821849664.100	,0,NPU:2
2,ATRACE,1788521821949669.250	,0,NPU:2
2,ATRACE,1788521822049680.230	,0,NPU:2
2,ATRACE,1788521822149683.530	,0,NPU:2
2,ATRACE,1788521822176183.290	,0,NPU:2
2,RTC,1788521817449834.360	,0,NPU:2
2,RTC,1788521817549656.350	,0,NPU:2
2,RTC,1788521817649645.590	,0,NPU:2
2,RTC,1788521817749647.080	,0,NPU:2
2,RTC,1788521817849642.630	,0,NPU:2
2,RTC,1788521817949662.080	,0,NPU:2
2,RTC,1788521818049639.980	,0,NPU:2
2,RTC,1788521818149638.650	,0,NPU:2
2,RTC,1788521818249659.260	,0,NPU:2
2,RTC,1788521818349662.080	,0,NPU:2
2,RTC,1788521818449657.480	,0,NPU:2
2,RTC,1788521818549637.990	,0,NPU:2
2,RTC,1788521818649644.760	,0,NPU:2
2,RTC,1788521818749644.410	,0,NPU:2
2,RTC,1788521818849632.540	,0,NPU:2
2,RTC,1788521818949665.770	,0,NPU:2
2,RTC,1788521819049635.370	,0,NPU:2
2,RTC,1788521819149660.550	,0,NPU:2
2,RTC,1788521819249634.550	,0,NPU:2
2,RTC,1788521819349720.460	,0,NPU:2
2,RTC,1788521819449719.400	,0,NPU:2
2,RTC,1788521819549723.740	,0,NPU:2
2,RTC,1788521819649723.370	,0,NPU:2
2,RTC,1788521819749726.200	,0,NPU:2
2,RTC,1788521819849736.420	,0,NPU:2
2,RTC,1788521819949755.860	,0,NPU:2
2,RTC,1788521820049727.140	,0,NPU:2
2,RTC,1788521820149716.360	,0,NPU:2
2,RTC,1788521820249716.370	,0,NPU:2
2,RTC,1788521820349711.840	,0,NPU:2
2,RTC,1788521820449726.890	,0,NPU:2
2,RTC,1788521820549712.730	,0,NPU:2
2,RTC,1788521820649702.030	,0,NPU:2
2,RTC,1788521820749710.230	,0,NPU:2
2,RTC,1788521820849694.750	,0,NPU:2
2,RTC,1788521820949698.940	,0,NPU:2
2,RTC,1788521821049704.330	,0,NPU:2
2,RTC,1788521821149676.820	,0,NPU:2
2,RTC,1788521821249718.890	,0,NPU:2
2,RTC,1788521821349696.880	,0,NPU:2
2,RTC,1788521821449692.650	,0,NPU:2
2,RTC,1788521821549728.440	,0,NPU:2
2,RTC,1788521821649696.680	,0,NPU:2
2,RTC,1788521821749682.240	,0,NPU:2
2,RTC,1788521821849664.100	,0,NPU:2
2,RTC,1788521821949669.250	,0,NPU:2
2,RTC,1788521822049680.230	,0,NPU:2
2,RTC,1788521822149683.530	,0,NPU:2
2,RTC,1788521822176183.290	,0,NPU:2
2,SYSMONITOR,1788521817449834.360	,0,NPU:2
2,SYSMONITOR,1788521817549656.350	,0,NPU:2
2,SYSMONITOR,1788521817649645.590	,0,NPU:2
2,SYSMONITOR,1788521817749647.080	,0,NPU:2
2,SYSMONITOR,1788521817849642.630	,0,NPU:2
2,SYSMONITOR,1788521817949662.080	,0,NPU:2
2,SYSMONITOR,1788521818049639.980	,0,NPU:2
2,SYSMONITOR,1788521818149638.650	,0,NPU:2
2,SYSMONITOR,1788521818249659.260	,0,NPU:2
2,SYSMONITOR,1788521818349662.080	,0,NPU:2
2,SYSMONITOR,1788521818449657.480	,0,NPU:2
2,SYSMONITOR,1788521818549637.990	,0,NPU:2
2,SYSMONITOR,1788521818649644.760	,0,NPU:2
2,SYSMONITOR,1788521818749644.410	,0,NPU:2
2,SYSMONITOR,1788521818849632.540	,0,NPU:2
2,SYSMONITOR,1788521818949665.770	,0,NPU:2
2,SYSMONITOR,1788521819049635.370	,0,NPU:2
2,SYSMONITOR,1788521819149660.550	,0,NPU:2
2,SYSMONITOR,1788521819249634.550	,0,NPU:2
2,SYSMONITOR,1788521819349720.460	,0,NPU:2
2,SYSMONITOR,1788521819449719.400	,0,NPU:2
2,SYSMONITOR,1788521819549723.740	,0,NPU:2
2,SYSMONITOR,1788521819649723.370	,0,NPU:2
2,SYSMONITOR,1788521819749726.200	,0,NPU:2
2,SYSMONITOR,1788521819849736.420	,0,NPU:2
2,SYSMONITOR,1788521819949755.860	,0,NPU:2
2,SYSMONITOR,1788521820049727.140	,0,NPU:2
2,SYSMONITOR,1788521820149716.360	,0,NPU:2
2,SYSMONITOR,1788521820249716.370	,0,NPU:2
2,SYSMONITOR,1788521820349711.840	,0,NPU:2
2,SYSMONITOR,1788521820449726.890	,0,NPU:2
2,SYSMONITOR,1788521820549712.730	,0,NPU:2
2,SYSMONITOR,1788521820649702.030	,0,NPU:2
2,SYSMONITOR,1788521820749710.230	,0,NPU:2
2,SYSMONITOR,1788521820849694.750	,0,NPU:2
2,SYSMONITOR,1788521820949698.940	,0,NPU:2
2,SYSMONITOR,1788521821049704.330	,0,NPU:2
2,SYSMONITOR,1788521821149676.820	,0,NPU:2
2,SYSMONITOR,1788521821249718.890	,0,NPU:2
2,SYSMONITOR,1788521821349696.880	,0,NPU:2
2,SYSMONITOR,1788521821449692.650	,0,NPU:2
2,SYSMONITOR,1788521821549728.440	,0,NPU:2
2,SYSMONITOR,1788521821649696.680	,0,NPU:2
2,SYSMONITOR,1788521821749682.240	,0,NPU:2
2,SYSMONITOR,1788521821849664.100	,0,NPU:2
2,SYSMONITOR,1788521821949669.250	,0,NPU:2
2,SYSMONITOR,1788521822049680.230	,0,NPU:2
2,SYSMONITOR,1788521822149683.530	,0,NPU:2
2,SYSMONITOR,1788521822176183.290	,0,NPU:2
2,MBUFF,1788521817449834.360	,0,NPU:2
2,MBUFF,1788521817549656.350	,0,NPU:2
2,MBUFF,1788521817649645.590	,0,NPU:2
2,MBUFF,1788521817749647.080	,0,NPU:2
2,MBUFF,1788521817849642.630	,0,NPU:2
2,MBUFF,1788521817949662.080	,0,NPU:2
2,MBUFF,1788521818049639.980	,0,NPU:2
2,MBUFF,1788521818149638.650	,0,NPU:2
2,MBUFF,1788521818249659.260	,0,NPU:2
2,MBUFF,1788521818349662.080	,0,NPU:2
2,MBUFF,1788521818449657.480	,0,NPU:2
2,MBUFF,1788521818549637.990	,0,NPU:2
2,MBUFF,1788521818649644.760	,0,NPU:2
2,MBUFF,1788521818749644.410	,0,NPU:2
2,MBUFF,1788521818849632.540	,0,NPU:2
2,MBUFF,1788521818949665.770	,0,NPU:2
2,MBUFF,1788521819049635.370	,0,NPU:2
2,MBUFF,1788521819149660.550	,0,NPU:2
2,MBUFF,1788521819249634.550	,0,NPU:2
2,MBUFF,1788521819349720.460	,0,NPU:2
2,MBUFF,1788521819449719.400	,0,NPU:2
2,MBUFF,1788521819549723.740	,0,NPU:2
2,MBUFF,1788521819649723.370	,0,NPU:2
2,MBUFF,1788521819749726.200	,0,NPU:2
2,MBUFF,1788521819849736.420	,0,NPU:2
2,MBUFF,1788521819949755.860	,0,NPU:2
2,MBUFF,1788521820049727.140	,0,NPU:2
2,MBUFF,1788521820149716.360	,0,NPU:2
2,MBUFF,1788521820249716.370	,0,NPU:2
2,MBUFF,1788521820349711.840	,0,NPU:2
2,MBUFF,1788521820449726.890	,0,NPU:2
2,MBUFF,1788521820549712.730	,0,NPU:2
2,MBUFF,1788521820649702.030	,0,NPU:2
2,MBUFF,1788521820749710.230	,0,NPU:2
2,MBUFF,1788521820849694.750	,0,NPU:2
2,MBUFF,1788521820949698.940	,0,NPU:2
2,MBUFF,1788521821049704.330	,0,NPU:2
2,MBUFF,1788521821149676.820	,0,NPU:2
2,MBUFF,1788521821249718.890	,0,NPU:2
2,MBUFF,1788521821349696.880	,0,NPU:2
2,MBUFF,1788521821449692.650	,0,NPU:2
2,MBUFF,1788521821549728.440	,0,NPU:2
2,MBUFF,1788521821649696.680	,0,NPU:2
2,MBUFF,1788521821749682.240	,0,NPU:2
2,MBUFF,1788521821849664.100	,0,NPU:2
2,MBUFF,1788521821949669.250	,0,NPU:2
2,MBUFF,1788521822049680.230	,0,NPU:2
2,MBUFF,1788521822149683.530	,0,NPU:2
2,MBUFF,1788521822176183.290	,0,NPU:2
2,CUSTOM,1788521817449834.360	,0,NPU:2
2,CUSTOM,1788521817549656.350	,0,NPU:2
2,CUSTOM,1788521817649645.590	,0,NPU:2
2,CUSTOM,1788521817749647.080	,0,NPU:2
2,CUSTOM,1788521817849642.630	,0,NPU:2
2,CUSTOM,1788521817949662.080	,0,NPU:2
2,CUSTOM,1788521818049639.980	,0,NPU:2
2,CUSTOM,1788521818149638.650	,0,NPU:2
2,CUSTOM,1788521818249659.260	,0,NPU:2
2,CUSTOM,1788521818349662.080	,0,NPU:2
2,CUSTOM,1788521818449657.480	,0,NPU:2
2,CUSTOM,1788521818549637.990	,0,NPU:2
2,CUSTOM,1788521818649644.760	,0,NPU:2
2,CUSTOM,1788521818749644.410	,0,NPU:2
2,CUSTOM,1788521818849632.540	,0,NPU:2
2,CUSTOM,1788521818949665.770	,0,NPU:2
2,CUSTOM,1788521819049635.370	,0,NPU:2
2,CUSTOM,1788521819149660.550	,0,NPU:2
2,CUSTOM,1788521819249634.550	,0,NPU:2
2,CUSTOM,1788521819349720.460	,0,NPU:2
2,CUSTOM,1788521819449719.400	,0,NPU:2
2,CUSTOM,1788521819549723.740	,0,NPU:2
2,CUSTOM,1788521819649723.370	,0,NPU:2
2,CUSTOM,1788521819749726.200	,0,NPU:2
2,CUSTOM,1788521819849736.420	,0,NPU:2
2,CUSTOM,1788521819949755.860	,0,NPU:2
2,CUSTOM,1788521820049727.140	,0,NPU:2
2,CUSTOM,1788521820149716.360	,0,NPU:2
2,CUSTOM,1788521820249716.370	,0,NPU:2
2,CUSTOM,1788521820349711.840	,0,NPU:2
2,CUSTOM,1788521820449726.890	,0,NPU:2
2,CUSTOM,1788521820549712.730	,0,NPU:2
2,CUSTOM,1788521820649702.030	,0,NPU:2
2,CUSTOM,1788521820749710.230	,0,NPU:2
2,CUSTOM,1788521820849694.750	,0,NPU:2
2,CUSTOM,1788521820949698.940	,0,NPU:2
2,CUSTOM,1788521821049704.330	,0,NPU:2
2,CUSTOM,1788521821149676.820	,0,NPU:2
2,CUSTOM,1788521821249718.890	,0,NPU:2
2,CUSTOM,1788521821349696.880	,0,NPU:2
2,CUSTOM,1788521821449692.650	,0,NPU:2
2,CUSTOM,1788521821549728.440	,0,NPU:2
2,CUSTOM,1788521821649696.680	,0,NPU:2
2,CUSTOM,1788521821749682.240	,0,NPU:2
2,CUSTOM,1788521821849664.100	,0,NPU:2
2,CUSTOM,1788521821949669.250	,0,NPU:2
2,CUSTOM,1788521822049680.230	,0,NPU:2
2,CUSTOM,1788521822149683.530	,0,NPU:2
2,CUSTOM,1788521822176183.290	,0,NPU:2
2,76,1788521817449834.360	,0,NPU:2
2,76,1788521817549656.350	,0,NPU:2
2,76,1788521817649645.590	,0,NPU:2
2,76,1788521817749647.080	,0,NPU:2
2,76,1788521817849642.630	,0,NPU:2
2,76,1788521817949662.080	,0,NPU:2
2,76,1788521818049639.980	,0,NPU:2
2,76,1788521818149638.650	,0,NPU:2
2,76,1788521818249659.260	,0,NPU:2
2,76,1788521818349662.080	,0,NPU:2
2,76,1788521818449657.480	,0,NPU:2
2,76,1788521818549637.990	,0,NPU:2
2,76,1788521818649644.760	,0,NPU:2
2,76,1788521818749644.410	,0,NPU:2
2,76,1788521818849632.540	,0,NPU:2
2,76,1788521818949665.770	,0,NPU:2
2,76,1788521819049635.370	,0,NPU:2
2,76,1788521819149660.550	,0,NPU:2
2,76,1788521819249634.550	,0,NPU:2
2,76,1788521819349720.460	,0,NPU:2
2,76,1788521819449719.400	,0,NPU:2
2,76,1788521819549723.740	,0,NPU:2
2,76,1788521819649723.370	,0,NPU:2
2,76,1788521819749726.200	,0,NPU:2
2,76,1788521819849736.420	,0,NPU:2
2,76,1788521819949755.860	,0,NPU:2
2,76,1788521820049727.140	,0,NPU:2
2,76,1788521820149716.360	,0,NPU:2
2,76,1788521820249716.370	,0,NPU:2
2,76,1788521820349711.840	,0,NPU:2
2,76,1788521820449726.890	,0,NPU:2
2,76,1788521820549712.730	,0,NPU:2
2,76,1788521820649702.030	,0,NPU:2
2,76,1788521820749710.230	,0,NPU:2
2,76,1788521820849694.750	,0,NPU:2
2,76,1788521820949698.940	,0,NPU:2
2,76,1788521821049704.330	,0,NPU:2
2,76,1788521821149676.820	,0,NPU:2
2,76,1788521821249718.890	,0,NPU:2
2,76,1788521821349696.880	,0,NPU:2
2,76,1788521821449692.650	,0,NPU:2
2,76,1788521821549728.440	,0,NPU:2
2,76,1788521821649696.680	,0,NPU:2
2,76,1788521821749682.240	,0,NPU:2
2,76,1788521821849664.100	,0,NPU:2
2,76,1788521821949669.250	,0,NPU:2
2,76,1788521822049680.230	,0,NPU:2
2,76,1788521822149683.530	,0,NPU:2
2,76,1788521822176183.290	,0,NPU:2
