/models/npu_nvme_exp/user7-stack/conda/lib/python3.11/site-packages/numpy/core/getlimits.py:549: UserWarning: The value of the smallest subnormal for <class 'numpy.float32'> type is zero.
  setattr(self, word, getattr(machar, word).flat[0])
/models/npu_nvme_exp/user7-stack/conda/lib/python3.11/site-packages/numpy/core/getlimits.py:89: UserWarning: The value of the smallest subnormal for <class 'numpy.float32'> type is zero.
  return self._float_to_str(self.smallest_subnormal)
/models/npu_nvme_exp/user7-stack/conda/lib/python3.11/site-packages/numpy/core/getlimits.py:549: UserWarning: The value of the smallest subnormal for <class 'numpy.float64'> type is zero.
  setattr(self, word, getattr(machar, word).flat[0])
/models/npu_nvme_exp/user7-stack/conda/lib/python3.11/site-packages/numpy/core/getlimits.py:89: UserWarning: The value of the smallest subnormal for <class 'numpy.float64'> type is zero.
  return self._float_to_str(self.smallest_subnormal)
None of PyTorch, TensorFlow >= 2.0, or Flax have been found. Models won't be available and only tokenizers, configuration and file/data utilities can be used.
2026-09-11 21:17:42,437 - mindformers/models/npu_nvme_exp/user7-stack/qwen3-v13-source-002/output/log[mindformers/tools/register/template.py:84] - WARNING - The input config swap_config is empty.
2026-09-11 21:17:42,437 - mindformers/models/npu_nvme_exp/user7-stack/qwen3-v13-source-002/output/log[mindformers/tools/register/template.py:84] - WARNING - The input config metric is empty.
2026-09-11 21:17:42,438 - mindformers/models/npu_nvme_exp/user7-stack/qwen3-v13-source-002/output/log[mindformers/tools/register/template.py:84] - WARNING - The input config monitor_config is empty.
[WARNING] ME(253923:281473218048032,MainProcess):2026-09-11-21:17:42.953.000 [mindspore/context.py:1334] For 'context.set_context', the parameter 'device_target' will be deprecated and removed in a future version. Please use the api mindspore.set_device() instead.
[WARNING] ME(253923:281473218048032,MainProcess):2026-09-11-21:17:42.954.000 [mindspore/context.py:1334] For 'context.set_context', the parameter 'max_device_memory' will be deprecated and removed in a future version. Please use the api mindspore.runtime.set_memory() instead.
[WARNING] ME(253923:281473218048032,MainProcess):2026-09-11-21:17:42.955.000 [mindspore/context.py:1334] For 'context.set_context', the parameter 'max_call_depth' will be deprecated and removed in a future version. Please use the api mindspore.set_recursion_limit() instead.
[WARNING] ME(253923:281473218048032,MainProcess):2026-09-11-21:17:42.955.000 [mindspore/context.py:1334] For 'context.set_context', the parameter 'memory_optimize_level' will be deprecated and removed in a future version. Please use the api mindspore.runtime.set_memory() instead.
[WARNING] ME(253923:281473218048032,MainProcess):2026-09-11-21:17:42.955.000 [mindspore/context.py:1334] For 'context.set_context', the parameter 'ascend_config' will be deprecated and removed in a future version. Please use the api mindspore.device_context.ascend.op_precision.precision_mode(),
                                                       mindspore.device_context.ascend.op_precision.op_precision_mode(),
                                                       mindspore.device_context.ascend.op_precision.matmul_allow_hf32(),
                                                       mindspore.device_context.ascend.op_precision.conv_allow_hf32(),
                                                       mindspore.device_context.ascend.op_tuning.op_compile() instead.
[WARNING] ME(253923:281473218048032,MainProcess):2026-09-11-21:17:42.955.000 [mindspore/context.py:1334] For 'context.set_context', the parameter 'deterministic' will be deprecated and removed in a future version. Please use the api mindspore.set_deterministic() instead.
[WARNING] DISTRIBUTED(253923,ffff972cf020,python):2026-09-11-21:17:42.977.640 [mindspore/ccsrc/cluster/topology/compute_graph_node.cc:171] Register] Failed to connect to the meta server node url: 127.0.0.1:33263
[WARNING] DISTRIBUTED(253923,ffff972cf020,python):2026-09-11-21:17:42.977.702 [mindspore/ccsrc/cluster/topology/compute_graph_node.cc:361] ReconnectWithTimeoutWindow] Failed to register and try to reconnect to the meta server.
[WARNING] DISTRIBUTED(253923,ffff972cf020,python):2026-09-11-21:17:43.498.424 [mindspore/ccsrc/cluster/topology/cluster_context.cc:319] BuildCluster] Topology build timed out., retry(1/600).
[WARNING] DISTRIBUTED(253923,ffff972cf020,python):2026-09-11-21:17:43.998.523 [mindspore/ccsrc/cluster/topology/cluster_context.cc:319] BuildCluster] Topology build timed out., retry(2/600).
[WARNING] DISTRIBUTED(253923,ffff972cf020,python):2026-09-11-21:17:44.498.614 [mindspore/ccsrc/cluster/topology/cluster_context.cc:322] BuildCluster] Cluster is successfully initialized.
[WARNING] DISTRIBUTED(253923,ffff972cf020,python):2026-09-11-21:17:44.498.633 [mindspore/ccsrc/cluster/topology/cluster_context.cc:431] PostProcess] This node 3 rank id: 3
[WARNING] DEVICE(253923,ffff972cf020,python):2026-09-11-21:17:44.726.241 [mindspore/ccsrc/plugin/ascend/res_manager/mem_manager/ascend_memory_adapter.cc:168] Initialize] Reserved memory size for other components(3187671040) is less than recommend size(4068349440), It may lead to Out Of Memory in HCCL or other components, Please double check context key 'variable_memory_max_size'/'max_device_memory'
[WARNING] ME(253923,ffff972cf020,python):2026-09-11-21:17:45.675.187 [mindspore/ccsrc/runtime/hardware_abstract/collective/collective_manager.cc:371] CreateCommunicationGroup] This group's communicator is async created hccl_world_group
[WARNING] DEVICE(253923,fffe95fbf1a0,python):2026-09-11-21:17:45.675.399 [mindspore/ccsrc/plugin/ascend/res_manager/collective/ascend_communication_group.cc:281] SetGlobalCommInfo] Start to SetGlobalCommInfo for hccl_world_group, master_ip:2130706433, master_port:33263, node_rank:2130706433, total_rank_size:4, local_rank_size4
[WARNING] HCCL_ADPT(253923,fffe95fbf1a0,python):2026-09-11-21:17:45.675.459 [mindspore/ccsrc/utils/dlopen_macro.h:179] DlsymAscend] Dynamically load symbol HcclSetGlobalCommInfo failed, result = /models/npu_nvme_exp/user7-stack/conda/lib/python3.11/site-packages/mindspore/communication/../lib/plugin/ascend/libhccl_plugin.so: undefined symbol: HcclSetGlobalCommInfo
[WARNING] HCCL_ADPT(253923,fffe95fbf1a0,python):2026-09-11-21:17:45.675.475 [mindspore/ccsrc/plugin/ascend/res_manager/hccl_adapter/hccl_adapter.cc:626] HcclSetGlobalCommInfo] Func HcclSetGlobalCommInfo is not supported in CANN package.
[WARNING] DEVICE(253923,fffe95fbf1a0,python):2026-09-11-21:17:45.675.485 [mindspore/ccsrc/plugin/ascend/res_manager/collective/ascend_communication_group.cc:292] SetGlobalCommInfo] End to SetGlobalCommInfo for hccl_world_group
[WARNING] ME(253923,fffe95fbf1a0,python):2026-09-11-21:17:45.675.812 [mindspore/ccsrc/runtime/hardware_abstract/collective/collective_manager.cc:1006] CreateDeviceCommunicator] Begin initialize communication group on the device side: hccl_world_group
[WARNING] DEVICE(253923,fffe957af1a0,python):2026-09-11-21:17:45.676.108 [mindspore/ccsrc/plugin/ascend/res_manager/collective/utils.cc:281] GetHcclBufferSize] HcclGroup hccl_world_group, ranks are [0, 1, 2, 3], default hcclBufferSize: 200 MB.
[WARNING] DEVICE(253923,fffe957af1a0,python):2026-09-11-21:17:45.676.145 [mindspore/ccsrc/plugin/ascend/res_manager/collective/ascend_communication_group.cc:186] InitByRootInfoConfig] Start to initialize communicator by HcclCommInitRootInfoConfig for hccl_world_group, hcclBufferSize is 200 MB, hcclDeterministic is 1
2026-09-11 21:17:45,677 - mindformers/models/npu_nvme_exp/user7-stack/qwen3-v13-source-002/output/log[mindformers/tools/utils.py:181] - INFO - set strategy path to '/models/npu_nvme_exp/user7-stack/qwen3-v13-source-002/output/strategy/ckpt_strategy_rank_3.ckpt'
QWEN_COMM_READY rank=3 device=3 python=/models/npu_nvme_exp/user7-stack/conda/bin/python
2026-09-11 21:17:46,236 - mindformers/models/npu_nvme_exp/user7-stack/qwen3-v13-source-002/output/log[mindformers/tools/register/template.py:84] - WARNING - The input config swap_config is empty.
2026-09-11 21:17:46,237 - mindformers/models/npu_nvme_exp/user7-stack/qwen3-v13-source-002/output/log[mindformers/tools/register/template.py:84] - WARNING - The input config monitor_config is empty.
2026-09-11 21:17:46,237 - mindformers/models/npu_nvme_exp/user7-stack/qwen3-v13-source-002/output/log[mindformers/tools/register/template.py:691] - WARNING - Some configs in yaml are useless for train: ['auto_tune', 'autotune_per_step', 'eval_dataset', 'eval_dataset_task', 'filepath_prefix', 'processor']
2026-09-11 21:17:46,238 - mindformers/models/npu_nvme_exp/user7-stack/qwen3-v13-source-002/output/log[mindformers/trainer/trainer.py:1042] - INFO - Load configs in /models/npu_nvme_exp/user7-stack/conda/lib/python3.11/site-packages/configs/general/run_general_task.yaml to build trainer.
2026-09-11 21:17:46,238 - mindformers/models/npu_nvme_exp/user7-stack/qwen3-v13-source-002/output/log[mindformers/trainer/trainer.py:1078] - INFO - ..........Init Config..........
2026-09-11 21:17:46,238 - mindformers/models/npu_nvme_exp/user7-stack/qwen3-v13-source-002/output/log[mindformers/core/parallel_config.py:49] - INFO - initial swap_config from dict: {'swap': False, 'layer_swap': None, 'op_swap': None, 'default_prefetch': 1}
2026-09-11 21:17:46,238 - mindformers/models/npu_nvme_exp/user7-stack/qwen3-v13-source-002/output/log[mindformers/core/parallel_config.py:56] - INFO - initial recompute_config from dict: {'recompute': True, 'select_recompute': False, 'parallel_optimizer_comm_recompute': True, 'select_comm_recompute': False, 'mp_comm_recompute': True, 'recompute_slice_activation': False, 'select_recompute_exclude': False, 'select_comm_recompute_exclude': False}
2026-09-11 21:17:46,238 - mindformers/models/npu_nvme_exp/user7-stack/qwen3-v13-source-002/output/log[mindformers/core/parallel_config.py:62] - INFO - initial parallel_config from dict: {'data_parallel': 1, 'model_parallel': 4, 'context_parallel': 1, 'expert_parallel': 1, 'pipeline_stage': 1, 'micro_batch_num': 1, 'seq_split_num': 1, 'use_seq_parallel': True, 'optimizer_shard': None, 'gradient_aggregation_group': 1, 'vocab_emb_dp': False, 'context_parallel_algo': 'colossalai_cp', 'ulysses_degree_in_cp': 1, 'mem_coeff': 0.1}
2026-09-11 21:17:46,241 - mindformers/models/npu_nvme_exp/user7-stack/qwen3-v13-source-002/training/log[mindformers/tools/utils.py:165] - INFO - set output path to '/models/npu_nvme_exp/user7-stack/qwen3-v13-source-002/training'
2026-09-11 21:17:46,241 - mindformers/models/npu_nvme_exp/user7-stack/qwen3-v13-source-002/training/log[mindformers/tools/utils.py:181] - INFO - set strategy path to '/models/npu_nvme_exp/user7-stack/qwen3-v13-source-002/training/strategy/ckpt_strategy_rank_3.ckpt'
2026-09-11 21:17:46,242 - mindformers/models/npu_nvme_exp/user7-stack/qwen3-v13-source-002/training/log[mindformers/tools/utils.py:189] - INFO - set checkpoint save path to `/models/npu_nvme_exp/user7-stack/qwen3-v13-source-002/training/checkpoint`
2026-09-11 21:17:46,252 - mindformers/models/npu_nvme_exp/user7-stack/qwen3-v13-source-002/training/log[mindformers/trainer/base_trainer.py:113] - INFO - host_name: train06, host_ip: 11.11.10.28
2026-09-11 21:17:46,252 - mindformers/models/npu_nvme_exp/user7-stack/qwen3-v13-source-002/training/log[mindformers/trainer/base_trainer.py:119] - INFO - Now Running Task is: text_generation, Model is: Qwen3
2026-09-11 21:17:46,252 - mindformers/models/npu_nvme_exp/user7-stack/qwen3-v13-source-002/training/log[mindformers/trainer/base_trainer.py:149] - WARNING - Input model name is not in the supported list or unspecified.
2026-09-11 21:17:46,252 - mindformers/models/npu_nvme_exp/user7-stack/qwen3-v13-source-002/training/log[mindformers/trainer/base_trainer.py:150] - WARNING - See the list of supported task and model name: ['common', 'glm4_9b']
2026-09-11 21:17:46,253 - mindformers/models/npu_nvme_exp/user7-stack/qwen3-v13-source-002/training/log[mindformers/trainer/base_trainer.py:151] - WARNING - The default model config: /models/npu_nvme_exp/user7-stack/conda/lib/python3.11/site-packages/configs/general/run_general_task.yaml will now be used for the text_generation task 
2026-09-11 21:17:46,253 - mindformers/models/npu_nvme_exp/user7-stack/qwen3-v13-source-002/training/log[mindformers/trainer/trainer.py:1148] - INFO - ..........Init Model..........
2026-09-11 21:17:46,253 - mindformers/models/npu_nvme_exp/user7-stack/qwen3-v13-source-002/training/log[mindformers/trainer/trainer.py:1189] - INFO - ..........Init Callbacks..........
2026-09-11 21:17:46,254 - mindformers/models/npu_nvme_exp/user7-stack/qwen3-v13-source-002/training/log[mindformers/trainer/trainer.py:328] - INFO - ==========Trainer Init Success!==========
2026-09-11 21:17:46,254 - mindformers/models/npu_nvme_exp/user7-stack/qwen3-v13-source-002/training/log[mindformers/trainer/trainer.py:1422] - WARNING - The functionality of setting `resume_training` to a weight filename will be deprecated in future versions.
2026-09-11 21:17:46,254 - mindformers/models/npu_nvme_exp/user7-stack/qwen3-v13-source-002/training/log[mindformers/trainer/trainer.py:1148] - INFO - ..........Init Model..........
2026-09-11 21:17:46,256 - mindformers/models/npu_nvme_exp/user7-stack/qwen3-v13-source-002/training/log[mindformers/trainer/base_trainer.py:957] - INFO - Got dataset config: dataset_strategy: [[1, 1], [1, 1], [1, 1], [1, 1], [1, 1, 1, 1]], column_names: ['input_ids', 'labels', 'loss_mask', 'position_ids', 'attention_mask'], construct_args_key: ['input_ids', 'labels', 'loss_mask', 'position_ids', 'attention_mask']
2026-09-11 21:17:46,256 - mindformers/models/npu_nvme_exp/user7-stack/qwen3-v13-source-002/training/log[mindformers/trainer/base_trainer.py:871] - WARNING - `full_batch` will be deprecated in future interfaces, use `dataset_strategy` instead.
2026-09-11 21:17:46,256 - mindformers/models/npu_nvme_exp/user7-stack/qwen3-v13-source-002/training/log[mindformers/trainer/base_trainer.py:316] - WARNING - The Lazy Inline compilation acceleration feature only works with using gradient_accumulation_steps > 1 when not in pipeline parallel mode (pipeline_stage = 1). Current pipeline stage=1 but gradient_accumulation_steps=1, the feature is disabled by default.
2026-09-11 21:17:46,257 - mindformers/models/npu_nvme_exp/user7-stack/qwen3-v13-source-002/training/log[mindformers/trainer/base_trainer.py:259] - INFO - The current parallel mode is semi_auto_parallel, full batch is False, batch size per card will be changed: per_batch_size = batch_size * micro_batch_interleave_num * gradient_accumulation_steps = 1 = 1 * 1 * 1).
2026-09-11 21:17:46,257 - mindformers/models/npu_nvme_exp/user7-stack/qwen3-v13-source-002/training/log[mindformers/trainer/base_trainer.py:265] - INFO - global_batch_size = per_batch_size * data_parallel = 1 * 1 = 1
2026-09-11 21:17:46,257 - mindformers/models/npu_nvme_exp/user7-stack/qwen3-v13-source-002/training/log[mindformers/trainer/base_trainer.py:1057] - INFO - .........Build Dataset For Train..........
2026-09-11 21:17:46,257 - mindformers/models/npu_nvme_exp/user7-stack/qwen3-v13-source-002/training/log[mindformers/trainer/base_trainer.py:430] - INFO - .........Build Dataset From Config..........
2026-09-11 21:17:46,258 - mindformers/models/npu_nvme_exp/user7-stack/qwen3-v13-source-002/training/log[mindformers/trainer/base_trainer.py:1061] - INFO - Create train dataset finish, dataset size:11
2026-09-11 21:17:46,258 - mindformers/models/npu_nvme_exp/user7-stack/qwen3-v13-source-002/training/log[mindformers/trainer/utils.py:214] - INFO - Will be Training epochs:1, sink_size:1
2026-09-11 21:17:46,258 - mindformers/models/npu_nvme_exp/user7-stack/qwen3-v13-source-002/training/log[mindformers/trainer/utils.py:216] - INFO - Create training dataset finish, dataset size:11
2026-09-11 21:17:46,259 - mindformers/models/npu_nvme_exp/user7-stack/qwen3-v13-source-002/training/log[mindformers/trainer/base_trainer.py:1161] - INFO - .........Build Net For Train..........
2026-09-11 21:17:46,259 - mindformers/models/npu_nvme_exp/user7-stack/qwen3-v13-source-002/training/log[mindformers/trainer/base_trainer.py:464] - INFO - .........Build Network From Config..........
2026-09-11 21:17:46,260 - mindformers/models/npu_nvme_exp/user7-stack/qwen3-v13-source-002/training/log[mindformers/models/model_config_utils.py:149] - WARNING - Found unsupported HuggingFace arguments in Qwen3Config:
2026-09-11 21:17:46,260 - mindformers/models/npu_nvme_exp/user7-stack/qwen3-v13-source-002/training/log[mindformers/models/model_config_utils.py:159] - WARNING - +------------------------+---------------------------------------------+
2026-09-11 21:17:46,260 - mindformers/models/npu_nvme_exp/user7-stack/qwen3-v13-source-002/training/log[mindformers/models/model_config_utils.py:160] - WARNING - | Argument               | Status-Info                                 |
2026-09-11 21:17:46,261 - mindformers/models/npu_nvme_exp/user7-stack/qwen3-v13-source-002/training/log[mindformers/models/model_config_utils.py:161] - WARNING - |:-----------------------|:--------------------------------------------|
2026-09-11 21:17:46,261 - mindformers/models/npu_nvme_exp/user7-stack/qwen3-v13-source-002/training/log[mindformers/models/model_config_utils.py:165] - WARNING - | auto_map               | Useless                                     |
2026-09-11 21:17:46,261 - mindformers/models/npu_nvme_exp/user7-stack/qwen3-v13-source-002/training/log[mindformers/models/model_config_utils.py:165] - WARNING - | torch_dtype            | Useless, replace by compute_dtype           |
2026-09-11 21:17:46,261 - mindformers/models/npu_nvme_exp/user7-stack/qwen3-v13-source-002/training/log[mindformers/models/model_config_utils.py:165] - WARNING - | use_cache              | Useless, enable kv_cache by default in MF   |
2026-09-11 21:17:46,261 - mindformers/models/npu_nvme_exp/user7-stack/qwen3-v13-source-002/training/log[mindformers/models/model_config_utils.py:165] - WARNING - | transformers_version   | Useless                                     |
2026-09-11 21:17:46,262 - mindformers/models/npu_nvme_exp/user7-stack/qwen3-v13-source-002/training/log[mindformers/models/model_config_utils.py:165] - WARNING - | max_window_layers      | Useless                                     |
2026-09-11 21:17:46,262 - mindformers/models/npu_nvme_exp/user7-stack/qwen3-v13-source-002/training/log[mindformers/models/model_config_utils.py:165] - WARNING - | sliding_window         | Useless                                     |
2026-09-11 21:17:46,262 - mindformers/models/npu_nvme_exp/user7-stack/qwen3-v13-source-002/training/log[mindformers/models/model_config_utils.py:165] - WARNING - | use_sliding_window     | Useless                                     |
2026-09-11 21:17:46,262 - mindformers/models/npu_nvme_exp/user7-stack/qwen3-v13-source-002/training/log[mindformers/models/model_config_utils.py:165] - WARNING - | layer_types            | Useless                                     |
2026-09-11 21:17:46,262 - mindformers/models/npu_nvme_exp/user7-stack/qwen3-v13-source-002/training/log[mindformers/models/model_config_utils.py:167] - WARNING - +------------------------+---------------------------------------------+
2026-09-11 21:17:46,276 - mindformers/models/npu_nvme_exp/user7-stack/qwen3-v13-source-002/training/log[mindformers/parallel_core/transformer_config_utils.py:471] - INFO - These Keys of this model will do not need to be mapped: {'checkpoint_name_or_path', 'moe_config', 'vocab_emb_dp', 'top_p', 'quantization_config', 'top_k', 'gradient_aggregation_group', 'data_parallel', 'is_sample_acceleration', 'mindformers_version', 'type', 'mem_coeff', 'max_decode_length', 'input_sliced_sig', 'rl_config', 'seq_split_num', 'pad_token_id', 'repetition_penalty', 'model_parallel', 'expert_parallel', 'context_parallel_algo', 'micro_batch_num', 'context_parallel', 'return_extra_loss', 'model_type', 'dataset_config', 'architectures', 'ffn_dim_multiplier', 'eos_token_id', 'ulysses_degree_in_cp', 'temperature', 'scaling_factor', 'tokenizer_class', 'pipeline_stage', 'qkv_concat', 'is_encoder_decoder', 'monitor_config', 'do_sample', 'pretrained_model_dir', 'bos_token_id', 'multiple_of', 'quantization', 'use_seq_parallel', 'use_past', 'optimizer_shard', '_name_or_path'}
2026-09-11 21:17:46,278 - mindformers/models/npu_nvme_exp/user7-stack/qwen3-v13-source-002/training/log[mindformers/parallel_core/transformer_config_utils.py:520] - INFO - The converted TransformerConfig is: 
{'batch_size': 1, 'parallel_config': None, 'pet_config': None, 'context_parallel_algo': 'colossalai_cp', 'is_dynamic': False, 'compute_dtype': mindspore.bfloat16, 'layernorm_compute_dtype': mindspore.float32, 'rotary_dtype': mindspore.float32, 'rotary_cos_format': 'rotate_half', 'bias_swiglu_fusion': False, 'mla_qkv_concat': True, 'use_contiguous_weight_layout_attention': False, 'use_interleaved_weight_layout_mlp': True, 'normalization': 'RMSNorm', 'fused_norm': True, 'add_bias_linear': False, 'add_mlp_fc1_bias_linear': None, 'add_mlp_fc2_bias_linear': None, 'gated_linear_unit': True, 'use_flash_attention': True, 'attention_pre_tokens': None, 'attention_next_tokens': None, 'rotary_seq_len_interpolation_factor': None, 'rope_scaling': None, 'use_rope_scaling': False, 'input_layout': 'BNSD', 'sparse_mode': 0, 'use_alibi_mask': False, 'use_attn_mask_compression': False, 'use_eod_attn_mask_compression': False, 'use_attention_mask': True, 'use_ring_attention': False, 'fp16_lm_cross_entropy': False, 'untie_embeddings_and_output_weights': True, 'hidden_act': 'silu', 'mask_func_type': 'attn_mask_fill', 'comp_comm_parallel': False, 'comp_comm_parallel_degree': 2, 'norm_topk_prob': True, 'use_fused_ops_topkrouter': False, 'use_shared_expert_gating': False, 'topk_method': 'greedy', 'npu_nums_per_device': 8, 'use_pad_tokens': True, 'callback_moe_droprate': False, 'moe_init_method_std': 0.01, 'first_k_dense_replace': None, 'moe_router_enable_expert_bias': False, 'moe_router_force_expert_balance': False, 'moe_router_score_function': 'softmax', 'moe_router_fusion': False, 'use_eod_reset': False, 'hidden_dropout': 0.0, 'residual_dtype': None, 'print_separate_loss': True, 'vocab_size': 151936, 'seq_length': 128, 'pad_token_id': 0, 'ignore_token_id': -100, 'max_position_embeddings': 40960, 'sandwich_norm': False, 'tie_word_embeddings': False, 'block_size': 32, 'num_blocks': 1024, 'parallel_decoding_params': None, 'pre_process': True, 'post_process': True, 'dispatch_global_max_bs': 0, 'attn_reduce_scatter': False, 'attn_allgather': False, 'attn_allreduce': True, 'ffn_reduce_scatter': False, 'ffn_allgather': False, 'ffn_allreduce': True, 'use_alltoall': False, 'use_fused_mla': False, 'quantization_config': None, 'disable_lazy_inline': True, 'data_parallel_size': 1, 'tensor_model_parallel_size': 4, 'pipeline_model_parallel_size': 1, 'virtual_pipeline_model_parallel_size': None, 'sequence_parallel': True, 'context_parallel_size': 1, 'hierarchical_context_parallel_sizes': 1, 'expert_model_parallel_size': 1, 'expert_tensor_parallel_size': None, 'micro_batch_num': 1, 'seq_split_num': 1, 'gradient_aggregation_group': 1, 'offset': 0, 'ulysses_degree_in_cp': 1, 'vocab_emb_dp': False, 'fp16': False, 'bf16': False, 'params_dtype': mindspore.float32, 'finalize_model_grads_func': None, 'grad_scale_func': None, 'grad_sync_func': None, 'param_sync_func': None, 'num_microbatches_with_partial_activation_checkpoints': None, 'cpu_offloading': False, 'cpu_offloading_num_layers': None, 'op_swap': None, 'default_prefetch': 1, 'num_layers': 36, 'mtp_num_layers': 0, 'mtp_loss_scaling_factor': None, 'hidden_size': 4096, 'num_attention_heads': 32, 'softmax_scale': None, 'num_query_groups': 8, 'ffn_hidden_size': 12288, 'kv_channels': 128, 'attention_dropout': 0.0, 'fp32_residual_connection': True, 'apply_residual_connection_post_layernorm': False, 'layernorm_epsilon': 1e-06, 'layernorm_zero_centered_gamma': False, 'add_qkv_bias': False, 'activation_func': 'gelu', 'num_moe_experts': None, 'rotary_interleaved': False, 'calculate_per_token_loss': None, 'multi_latent_attention': False, 'position_embedding_type': 'rope', 'rotary_base': 1000000, 'partial_rotary_factor': 1.0, 'qk_layernorm': False, 'init_method': <function init_method_normal.<locals>.init_ at 0xffff20b28e00>, 'output_layer_init_method': <function scaled_init_method_normal.<locals>.init_ at 0xffff951cb6a0>, 'init_method_std': 0.02, 'init_model_with_meta_device': False, 'apply_query_key_layer_scaling': False, 'attention_softmax_in_fp32': True, 'softmax_compute_dtype': mindspore.float32, 'disable_bf16_reduced_precision_matmul': False, 'bias_activation_fusion': False, 'masked_softmax_fusion': False, 'persist_layer_norm': False, 'memory_efficient_layer_norm': False, 'bias_dropout_fusion': False, 'apply_rope_fusion': False, 'recompute': True, 'select_recompute': False, 'parallel_optimizer_comm_recompute': True, 'select_comm_recompute': False, 'mp_comm_recompute': True, 'recompute_slice_activation': False, 'select_recompute_exclude': False, 'select_comm_recompute_exclude': False, 'moe_shared_expert_intermediate_size': None, 'moe_shared_expert_overlap': False, 'moe_layer_freq': 1, 'moe_ffn_hidden_size': 12288, 'moe_router_load_balancing_type': 'sub_seq_aux_loss', 'moe_router_topk': 2, 'moe_router_num_groups': None, 'moe_router_group_topk': None, 'moe_router_pre_softmax': False, 'moe_router_topk_scaling_factor': None, 'moe_router_dtype': mindspore.float32, 'moe_router_bias_update_rate': 0.001, 'moe_grouped_gemm': False, 'moe_aux_loss_coeff': 0.0, 'moe_z_loss_coeff': None, 'moe_input_jitter_eps': None, 'group_wise_a2a': False, 'moe_token_dispatcher_type': 'alltoall', 'moe_enable_deepep': False, 'moe_per_layer_logging': False, 'moe_expert_capacity_factor': None, 'moe_pad_expert_input_to_capacity': False, 'moe_token_drop_policy': 'probs', 'moe_permute_fusion': False, 'moe_apply_probs_on_input': False, 'shared_expert_num': 0, 'cp_comm_type': 'all_gather'}
2026-09-11 21:17:46,278 - mindformers/models/npu_nvme_exp/user7-stack/qwen3-v13-source-002/training/log[mindformers/version_control.py:103] - INFO - The Lazy Inline compilation acceleration feature has been called, and the feature is disabled by default.
2026-09-11 21:17:46,280 - mindformers/models/npu_nvme_exp/user7-stack/qwen3-v13-source-002/training/log[mindformers/parallel_core/inference/parallel_state.py:297] - INFO - expert_model_parallel_size(1) is not equal to tensor_and_data_parallel_size(4), so we will use 4 as the MOE_tensor_parallel_size.
[WARNING] DEVICE(253923,fffe957af1a0,python):2026-09-11-21:17:48.839.607 [mindspore/ccsrc/plugin/ascend/res_manager/collective/ascend_communication_group.cc:201] InitByRootInfoConfig] End to initialize communicator by HcclCommInitRootInfoConfig for hccl_world_group
[WARNING] ME(253923,fffe95fbf1a0,python):2026-09-11-21:17:48.839.856 [mindspore/ccsrc/runtime/hardware_abstract/collective/collective_manager.cc:1017] CreateDeviceCommunicator] End initialize communication group on the device side: hccl_world_group
[WARNING] ME(253923,fffe95fbf1a0,python):2026-09-11-21:17:48.840.177 [mindspore/ccsrc/runtime/hardware_abstract/collective/collective_manager.cc:1006] CreateDeviceCommunicator] Begin initialize communication group on the device side: tp-0-1-2-3
[WARNING] DEVICE(253923,fffe957af1a0,python):2026-09-11-21:17:48.840.390 [mindspore/ccsrc/plugin/ascend/res_manager/collective/utils.cc:281] GetHcclBufferSize] HcclGroup tp-0-1-2-3, ranks are [0, 1, 2, 3], default hcclBufferSize: 200 MB.
[WARNING] DEVICE(253923,fffe957af1a0,python):2026-09-11-21:17:48.840.417 [mindspore/ccsrc/plugin/ascend/res_manager/collective/ascend_communication_group.cc:186] InitByRootInfoConfig] Start to initialize communicator by HcclCommInitRootInfoConfig for tp-0-1-2-3, hcclBufferSize is 200 MB, hcclDeterministic is 1
[WARNING] DEVICE(253923,fffe957af1a0,python):2026-09-11-21:17:49.069.500 [mindspore/ccsrc/plugin/ascend/res_manager/collective/ascend_communication_group.cc:201] InitByRootInfoConfig] End to initialize communicator by HcclCommInitRootInfoConfig for tp-0-1-2-3
[WARNING] ME(253923,fffe95fbf1a0,python):2026-09-11-21:17:49.069.678 [mindspore/ccsrc/runtime/hardware_abstract/collective/collective_manager.cc:1017] CreateDeviceCommunicator] End initialize communication group on the device side: tp-0-1-2-3
[WARNING] ME(253923,fffe95fbf1a0,python):2026-09-11-21:17:49.121.174 [mindspore/ccsrc/runtime/hardware_abstract/collective/collective_manager.cc:1006] CreateDeviceCommunicator] Begin initialize communication group on the device side: 224d137833604db324a3fc2845d4054b8fadfc1fb316eaea
[WARNING] DEVICE(253923,fffe957af1a0,python):2026-09-11-21:17:49.121.436 [mindspore/ccsrc/plugin/ascend/res_manager/collective/utils.cc:281] GetHcclBufferSize] HcclGroup 224d137833604db324a3fc2845d4054b8fadfc1fb316eaea, ranks are [0, 1, 2, 3], default hcclBufferSize: 200 MB.
[WARNING] DEVICE(253923,fffe957af1a0,python):2026-09-11-21:17:49.121.464 [mindspore/ccsrc/plugin/ascend/res_manager/collective/ascend_communication_group.cc:186] InitByRootInfoConfig] Start to initialize communicator by HcclCommInitRootInfoConfig for 224d137833604db324a3fc2845d4054b8fadfc1fb316eaea, hcclBufferSize is 200 MB, hcclDeterministic is 1
[WARNING] DEVICE(253923,fffe957af1a0,python):2026-09-11-21:17:49.348.607 [mindspore/ccsrc/plugin/ascend/res_manager/collective/ascend_communication_group.cc:201] InitByRootInfoConfig] End to initialize communicator by HcclCommInitRootInfoConfig for 224d137833604db324a3fc2845d4054b8fadfc1fb316eaea
[WARNING] ME(253923,fffe95fbf1a0,python):2026-09-11-21:17:49.348.793 [mindspore/ccsrc/runtime/hardware_abstract/collective/collective_manager.cc:1017] CreateDeviceCommunicator] End initialize communication group on the device side: 224d137833604db324a3fc2845d4054b8fadfc1fb316eaea
2026-09-11 21:17:49,354 - mindformers/models/npu_nvme_exp/user7-stack/qwen3-v13-source-002/training/log[mindformers/parallel_core/training_graph/transformer/utils.py:174] - INFO - num_layers per stage: [[36]]
2026-09-11 21:17:49,354 - mindformers/models/npu_nvme_exp/user7-stack/qwen3-v13-source-002/training/log[mindformers/parallel_core/training_graph/transformer/utils.py:175] - INFO - Accumulated num_layers per stage: [[36]]
2026-09-11 21:17:49,354 - mindformers/models/npu_nvme_exp/user7-stack/qwen3-v13-source-002/training/log[mindformers/parallel_core/training_graph/transformer/utils.py:177] - INFO - Pipeline id list with start_stage: [0, 0, 0, 0, 0, 0, 0, 0, 0, 0, 0, 0, 0, 0, 0, 0, 0, 0, 0, 0, 0, 0, 0, 0, 0, 0, 0, 0, 0, 0, 0, 0, 0, 0, 0, 0]
2026-09-11 21:17:49,355 - mindformers/models/npu_nvme_exp/user7-stack/qwen3-v13-source-002/training/log[mindformers/parallel_core/training_graph/transformer/utils.py:178] - INFO - Interleave id list: [0, 0, 0, 0, 0, 0, 0, 0, 0, 0, 0, 0, 0, 0, 0, 0, 0, 0, 0, 0, 0, 0, 0, 0, 0, 0, 0, 0, 0, 0, 0, 0, 0, 0, 0, 0]
2026-09-11 21:17:49,355 - mindformers/models/npu_nvme_exp/user7-stack/qwen3-v13-source-002/training/log[mindformers/parallel_core/training_graph/transformer/utils.py:196] - INFO - Formative layer_recompute: [[36]]
2026-09-11 21:17:49,355 - mindformers/models/npu_nvme_exp/user7-stack/qwen3-v13-source-002/training/log[mindformers/parallel_core/training_graph/transformer/utils.py:198] - INFO - The configuration of select_recompute_exclude and select_comm_recompute_exclude have the highest priority.
2026-09-11 21:17:49,355 - mindformers/models/npu_nvme_exp/user7-stack/qwen3-v13-source-002/training/log[mindformers/parallel_core/training_graph/transformer/utils.py:204] - INFO - Formative select_recompute: {'mlp\\.shared_experts\\.mul': [[0]], 'mlp\\.shared_experts\\.activation_func\\.silu': [[0]], 'mlp\\.mul': [[0]], 'mlp\\.activation_func\\.silu': [[0]]}
2026-09-11 21:17:49,355 - mindformers/models/npu_nvme_exp/user7-stack/qwen3-v13-source-002/training/log[mindformers/parallel_core/training_graph/transformer/utils.py:205] - INFO - Formative select_comm_recompute: {'.*\\.norm': [[0]]}
2026-09-11 21:17:49,356 - mindformers/models/npu_nvme_exp/user7-stack/qwen3-v13-source-002/training/log[mindformers/parallel_core/training_graph/transformer/utils.py:206] - INFO - Formative select_recompute_exclude: {}
2026-09-11 21:17:49,356 - mindformers/models/npu_nvme_exp/user7-stack/qwen3-v13-source-002/training/log[mindformers/parallel_core/training_graph/transformer/utils.py:207] - INFO - Formative select_comm_recompute_exclude: {}
2026-09-11 21:17:49,477 - mindformers/models/npu_nvme_exp/user7-stack/qwen3-v13-source-002/training/log[mindformers/parallel_core/training_graph/transformer/utils.py:413] - INFO - Set full recompute at layer 0
2026-09-11 21:17:49,567 - mindformers/models/npu_nvme_exp/user7-stack/qwen3-v13-source-002/training/log[mindformers/parallel_core/training_graph/transformer/utils.py:413] - INFO - Set full recompute at layer 1
2026-09-11 21:17:49,655 - mindformers/models/npu_nvme_exp/user7-stack/qwen3-v13-source-002/training/log[mindformers/parallel_core/training_graph/transformer/utils.py:413] - INFO - Set full recompute at layer 2
2026-09-11 21:17:49,742 - mindformers/models/npu_nvme_exp/user7-stack/qwen3-v13-source-002/training/log[mindformers/parallel_core/training_graph/transformer/utils.py:413] - INFO - Set full recompute at layer 3
2026-09-11 21:17:49,827 - mindformers/models/npu_nvme_exp/user7-stack/qwen3-v13-source-002/training/log[mindformers/parallel_core/training_graph/transformer/utils.py:413] - INFO - Set full recompute at layer 4
2026-09-11 21:17:49,912 - mindformers/models/npu_nvme_exp/user7-stack/qwen3-v13-source-002/training/log[mindformers/parallel_core/training_graph/transformer/utils.py:413] - INFO - Set full recompute at layer 5
2026-09-11 21:17:49,997 - mindformers/models/npu_nvme_exp/user7-stack/qwen3-v13-source-002/training/log[mindformers/parallel_core/training_graph/transformer/utils.py:413] - INFO - Set full recompute at layer 6
2026-09-11 21:17:50,081 - mindformers/models/npu_nvme_exp/user7-stack/qwen3-v13-source-002/training/log[mindformers/parallel_core/training_graph/transformer/utils.py:413] - INFO - Set full recompute at layer 7
2026-09-11 21:17:50,166 - mindformers/models/npu_nvme_exp/user7-stack/qwen3-v13-source-002/training/log[mindformers/parallel_core/training_graph/transformer/utils.py:413] - INFO - Set full recompute at layer 8
2026-09-11 21:17:50,251 - mindformers/models/npu_nvme_exp/user7-stack/qwen3-v13-source-002/training/log[mindformers/parallel_core/training_graph/transformer/utils.py:413] - INFO - Set full recompute at layer 9
2026-09-11 21:17:50,336 - mindformers/models/npu_nvme_exp/user7-stack/qwen3-v13-source-002/training/log[mindformers/parallel_core/training_graph/transformer/utils.py:413] - INFO - Set full recompute at layer 10
2026-09-11 21:17:50,420 - mindformers/models/npu_nvme_exp/user7-stack/qwen3-v13-source-002/training/log[mindformers/parallel_core/training_graph/transformer/utils.py:413] - INFO - Set full recompute at layer 11
2026-09-11 21:17:50,503 - mindformers/models/npu_nvme_exp/user7-stack/qwen3-v13-source-002/training/log[mindformers/parallel_core/training_graph/transformer/utils.py:413] - INFO - Set full recompute at layer 12
2026-09-11 21:17:50,587 - mindformers/models/npu_nvme_exp/user7-stack/qwen3-v13-source-002/training/log[mindformers/parallel_core/training_graph/transformer/utils.py:413] - INFO - Set full recompute at layer 13
2026-09-11 21:17:50,671 - mindformers/models/npu_nvme_exp/user7-stack/qwen3-v13-source-002/training/log[mindformers/parallel_core/training_graph/transformer/utils.py:413] - INFO - Set full recompute at layer 14
2026-09-11 21:17:50,755 - mindformers/models/npu_nvme_exp/user7-stack/qwen3-v13-source-002/training/log[mindformers/parallel_core/training_graph/transformer/utils.py:413] - INFO - Set full recompute at layer 15
2026-09-11 21:17:50,841 - mindformers/models/npu_nvme_exp/user7-stack/qwen3-v13-source-002/training/log[mindformers/parallel_core/training_graph/transformer/utils.py:413] - INFO - Set full recompute at layer 16
2026-09-11 21:17:50,927 - mindformers/models/npu_nvme_exp/user7-stack/qwen3-v13-source-002/training/log[mindformers/parallel_core/training_graph/transformer/utils.py:413] - INFO - Set full recompute at layer 17
2026-09-11 21:17:51,011 - mindformers/models/npu_nvme_exp/user7-stack/qwen3-v13-source-002/training/log[mindformers/parallel_core/training_graph/transformer/utils.py:413] - INFO - Set full recompute at layer 18
2026-09-11 21:17:51,098 - mindformers/models/npu_nvme_exp/user7-stack/qwen3-v13-source-002/training/log[mindformers/parallel_core/training_graph/transformer/utils.py:413] - INFO - Set full recompute at layer 19
2026-09-11 21:17:51,182 - mindformers/models/npu_nvme_exp/user7-stack/qwen3-v13-source-002/training/log[mindformers/parallel_core/training_graph/transformer/utils.py:413] - INFO - Set full recompute at layer 20
2026-09-11 21:17:51,267 - mindformers/models/npu_nvme_exp/user7-stack/qwen3-v13-source-002/training/log[mindformers/parallel_core/training_graph/transformer/utils.py:413] - INFO - Set full recompute at layer 21
2026-09-11 21:17:51,351 - mindformers/models/npu_nvme_exp/user7-stack/qwen3-v13-source-002/training/log[mindformers/parallel_core/training_graph/transformer/utils.py:413] - INFO - Set full recompute at layer 22
2026-09-11 21:17:51,435 - mindformers/models/npu_nvme_exp/user7-stack/qwen3-v13-source-002/training/log[mindformers/parallel_core/training_graph/transformer/utils.py:413] - INFO - Set full recompute at layer 23
2026-09-11 21:17:51,520 - mindformers/models/npu_nvme_exp/user7-stack/qwen3-v13-source-002/training/log[mindformers/parallel_core/training_graph/transformer/utils.py:413] - INFO - Set full recompute at layer 24
2026-09-11 21:17:51,604 - mindformers/models/npu_nvme_exp/user7-stack/qwen3-v13-source-002/training/log[mindformers/parallel_core/training_graph/transformer/utils.py:413] - INFO - Set full recompute at layer 25
2026-09-11 21:17:51,688 - mindformers/models/npu_nvme_exp/user7-stack/qwen3-v13-source-002/training/log[mindformers/parallel_core/training_graph/transformer/utils.py:413] - INFO - Set full recompute at layer 26
2026-09-11 21:17:51,772 - mindformers/models/npu_nvme_exp/user7-stack/qwen3-v13-source-002/training/log[mindformers/parallel_core/training_graph/transformer/utils.py:413] - INFO - Set full recompute at layer 27
2026-09-11 21:17:51,856 - mindformers/models/npu_nvme_exp/user7-stack/qwen3-v13-source-002/training/log[mindformers/parallel_core/training_graph/transformer/utils.py:413] - INFO - Set full recompute at layer 28
2026-09-11 21:17:51,940 - mindformers/models/npu_nvme_exp/user7-stack/qwen3-v13-source-002/training/log[mindformers/parallel_core/training_graph/transformer/utils.py:413] - INFO - Set full recompute at layer 29
2026-09-11 21:17:52,025 - mindformers/models/npu_nvme_exp/user7-stack/qwen3-v13-source-002/training/log[mindformers/parallel_core/training_graph/transformer/utils.py:413] - INFO - Set full recompute at layer 30
2026-09-11 21:17:52,109 - mindformers/models/npu_nvme_exp/user7-stack/qwen3-v13-source-002/training/log[mindformers/parallel_core/training_graph/transformer/utils.py:413] - INFO - Set full recompute at layer 31
2026-09-11 21:17:52,195 - mindformers/models/npu_nvme_exp/user7-stack/qwen3-v13-source-002/training/log[mindformers/parallel_core/training_graph/transformer/utils.py:413] - INFO - Set full recompute at layer 32
2026-09-11 21:17:52,541 - mindformers/models/npu_nvme_exp/user7-stack/qwen3-v13-source-002/training/log[mindformers/parallel_core/training_graph/transformer/utils.py:413] - INFO - Set full recompute at layer 33
2026-09-11 21:17:52,625 - mindformers/models/npu_nvme_exp/user7-stack/qwen3-v13-source-002/training/log[mindformers/parallel_core/training_graph/transformer/utils.py:413] - INFO - Set full recompute at layer 34
2026-09-11 21:17:52,709 - mindformers/models/npu_nvme_exp/user7-stack/qwen3-v13-source-002/training/log[mindformers/parallel_core/training_graph/transformer/utils.py:413] - INFO - Set full recompute at layer 35
2026-09-11 21:17:52,742 - mindformers/models/npu_nvme_exp/user7-stack/qwen3-v13-source-002/training/log[mindformers/generation/generation_config.py:242] - INFO - Loading Generate config from /models/Qwen3-8B/generation_config.json
2026-09-11 21:17:52,743 - mindformers/models/npu_nvme_exp/user7-stack/qwen3-v13-source-002/training/log[mindformers/trainer/base_trainer.py:478] - INFO - Parameters are not initialized during model initialization.
2026-09-11 21:17:52,743 - mindformers/models/npu_nvme_exp/user7-stack/qwen3-v13-source-002/training/log[mindformers/utils/load_checkpoint_utils.py:84] - INFO - .......Load Checkpoint format is hf safetensors, start convert to ms safetensors!.......
2026-09-11 21:17:52,744 - mindformers/models/npu_nvme_exp/user7-stack/qwen3-v13-source-002/training/log[mindformers/utils/load_checkpoint_utils.py:497] - INFO - The Hugging Face checkpoint will be converted to MindSpore checkpoint at: '/models/npu_nvme_exp/user7-stack/qwen3-v13-source-002/training/qwen3_ms_converted_weight'.
2026-09-11 21:17:52,744 - mindformers/models/npu_nvme_exp/user7-stack/qwen3-v13-source-002/training/log[mindformers/tools/utils.py:744] - INFO - Wait for the main rank to convert HuggingFace weight...
2026-09-11 21:17:59,059 - mindformers/models/npu_nvme_exp/user7-stack/qwen3-v13-source-002/training/log[mindformers/utils/load_checkpoint_utils.py:512] - INFO - Convert Hugging Face checkpoint successfully! The MindSpore checkpoint path is: '/models/npu_nvme_exp/user7-stack/qwen3-v13-source-002/training/qwen3_ms_converted_weight'.
2026-09-11 21:17:59,083 - mindformers/models/npu_nvme_exp/user7-stack/qwen3-v13-source-002/training/log[mindformers/trainer/base_trainer.py:733] - INFO - Network Parameters: 8190 M.
2026-09-11 21:17:59,083 - mindformers/models/npu_nvme_exp/user7-stack/qwen3-v13-source-002/training/log[mindformers/trainer/base_trainer.py:1211] - INFO - .........Build Optimizer For Train..........
2026-09-11 21:17:59,083 - mindformers/models/npu_nvme_exp/user7-stack/qwen3-v13-source-002/training/log[mindformers/trainer/base_trainer.py:584] - INFO - .........Build Optimizer From Config..........
2026-09-11 21:17:59,084 - mindformers/models/npu_nvme_exp/user7-stack/qwen3-v13-source-002/training/log[mindformers/trainer/base_trainer.py:629] - INFO - .........Build LR Schedule From Config..........
2026-09-11 21:17:59,084 - mindformers/models/npu_nvme_exp/user7-stack/qwen3-v13-source-002/training/log[mindformers/core/lr/lr_schedule.py:53] - INFO - Current warmup_ratio is 0, total_steps is 32, warmup_steps will be set to 0
2026-09-11 21:17:59,085 - mindformers/models/npu_nvme_exp/user7-stack/qwen3-v13-source-002/training/log[mindformers/trainer/base_trainer.py:667] - INFO - warmup_lr_init is not set. The default value 0.0 will be applied.
2026-09-11 21:17:59,089 - mindformers/models/npu_nvme_exp/user7-stack/qwen3-v13-source-002/training/log[mindformers/trainer/optimizer_grouped_parameters.py:79] - WARNING - dynamic_lr_schedule will be reset and invalid when layer_scale is False.
2026-09-11 21:17:59,095 - mindformers/models/npu_nvme_exp/user7-stack/qwen3-v13-source-002/training/log[mindformers/trainer/optimizer_grouped_parameters.py:112] - INFO - Param groups = {
  "decay": {
    "weight_decay": 0.0,
    "params": [
      "embedding.word_embeddings.weight",
      "decoder.layers.0.self_attention.linear_proj.weight",
      "decoder.layers.0.self_attention.linear_qkv.weight",
      "decoder.layers.0.mlp.linear_fc1.weight",
      "decoder.layers.0.mlp.linear_fc2.weight",
      "decoder.layers.1.self_attention.linear_proj.weight",
      "decoder.layers.1.self_attention.linear_qkv.weight",
      "decoder.layers.1.mlp.linear_fc1.weight",
      "decoder.layers.1.mlp.linear_fc2.weight",
      "decoder.layers.2.self_attention.linear_proj.weight",
      "decoder.layers.2.self_attention.linear_qkv.weight",
      "decoder.layers.2.mlp.linear_fc1.weight",
      "decoder.layers.2.mlp.linear_fc2.weight",
      "decoder.layers.3.self_attention.linear_proj.weight",
      "decoder.layers.3.self_attention.linear_qkv.weight",
      "decoder.layers.3.mlp.linear_fc1.weight",
      "decoder.layers.3.mlp.linear_fc2.weight",
      "decoder.layers.4.self_attention.linear_proj.weight",
      "decoder.layers.4.self_attention.linear_qkv.weight",
      "decoder.layers.4.mlp.linear_fc1.weight",
      "decoder.layers.4.mlp.linear_fc2.weight",
      "decoder.layers.5.self_attention.linear_proj.weight",
      "decoder.layers.5.self_attention.linear_qkv.weight",
      "decoder.layers.5.mlp.linear_fc1.weight",
      "decoder.layers.5.mlp.linear_fc2.weight",
      "decoder.layers.6.self_attention.linear_proj.weight",
      "decoder.layers.6.self_attention.linear_qkv.weight",
      "decoder.layers.6.mlp.linear_fc1.weight",
      "decoder.layers.6.mlp.linear_fc2.weight",
      "decoder.layers.7.self_attention.linear_proj.weight",
      "decoder.layers.7.self_attention.linear_qkv.weight",
      "decoder.layers.7.mlp.linear_fc1.weight",
      "decoder.layers.7.mlp.linear_fc2.weight",
      "decoder.layers.8.self_attention.linear_proj.weight",
      "decoder.layers.8.self_attention.linear_qkv.weight",
      "decoder.layers.8.mlp.linear_fc1.weight",
      "decoder.layers.8.mlp.linear_fc2.weight",
      "decoder.layers.9.self_attention.linear_proj.weight",
      "decoder.layers.9.self_attention.linear_qkv.weight",
      "decoder.layers.9.mlp.linear_fc1.weight",
      "decoder.layers.9.mlp.linear_fc2.weight",
      "decoder.layers.10.self_attention.linear_proj.weight",
      "decoder.layers.10.self_attention.linear_qkv.weight",
      "decoder.layers.10.mlp.linear_fc1.weight",
      "decoder.layers.10.mlp.linear_fc2.weight",
      "decoder.layers.11.self_attention.linear_proj.weight",
      "decoder.layers.11.self_attention.linear_qkv.weight",
      "decoder.layers.11.mlp.linear_fc1.weight",
      "decoder.layers.11.mlp.linear_fc2.weight",
      "decoder.layers.12.self_attention.linear_proj.weight",
      "decoder.layers.12.self_attention.linear_qkv.weight",
      "decoder.layers.12.mlp.linear_fc1.weight",
      "decoder.layers.12.mlp.linear_fc2.weight",
      "decoder.layers.13.self_attention.linear_proj.weight",
      "decoder.layers.13.self_attention.linear_qkv.weight",
      "decoder.layers.13.mlp.linear_fc1.weight",
      "decoder.layers.13.mlp.linear_fc2.weight",
      "decoder.layers.14.self_attention.linear_proj.weight",
      "decoder.layers.14.self_attention.linear_qkv.weight",
      "decoder.layers.14.mlp.linear_fc1.weight",
      "decoder.layers.14.mlp.linear_fc2.weight",
      "decoder.layers.15.self_attention.linear_proj.weight",
      "decoder.layers.15.self_attention.linear_qkv.weight",
      "decoder.layers.15.mlp.linear_fc1.weight",
      "decoder.layers.15.mlp.linear_fc2.weight",
      "decoder.layers.16.self_attention.linear_proj.weight",
      "decoder.layers.16.self_attention.linear_qkv.weight",
      "decoder.layers.16.mlp.linear_fc1.weight",
      "decoder.layers.16.mlp.linear_fc2.weight",
      "decoder.layers.17.self_attention.linear_proj.weight",
      "decoder.layers.17.self_attention.linear_qkv.weight",
      "decoder.layers.17.mlp.linear_fc1.weight",
      "decoder.layers.17.mlp.linear_fc2.weight",
      "decoder.layers.18.self_attention.linear_proj.weight",
      "decoder.layers.18.self_attention.linear_qkv.weight",
      "decoder.layers.18.mlp.linear_fc1.weight",
      "decoder.layers.18.mlp.linear_fc2.weight",
      "decoder.layers.19.self_attention.linear_proj.weight",
      "decoder.layers.19.self_attention.linear_qkv.weight",
      "decoder.layers.19.mlp.linear_fc1.weight",
      "decoder.layers.19.mlp.linear_fc2.weight",
      "decoder.layers.20.self_attention.linear_proj.weight",
      "decoder.layers.20.self_attention.linear_qkv.weight",
      "decoder.layers.20.mlp.linear_fc1.weight",
      "decoder.layers.20.mlp.linear_fc2.weight",
      "decoder.layers.21.self_attention.linear_proj.weight",
      "decoder.layers.21.self_attention.linear_qkv.weight",
      "decoder.layers.21.mlp.linear_fc1.weight",
      "decoder.layers.21.mlp.linear_fc2.weight",
      "decoder.layers.22.self_attention.linear_proj.weight",
      "decoder.layers.22.self_attention.linear_qkv.weight",
      "decoder.layers.22.mlp.linear_fc1.weight",
      "decoder.layers.22.mlp.linear_fc2.weight",
      "decoder.layers.23.self_attention.linear_proj.weight",
      "decoder.layers.23.self_attention.linear_qkv.weight",
      "decoder.layers.23.mlp.linear_fc1.weight",
      "decoder.layers.23.mlp.linear_fc2.weight",
      "decoder.layers.24.self_attention.linear_proj.weight",
      "decoder.layers.24.self_attention.linear_qkv.weight",
      "decoder.layers.24.mlp.linear_fc1.weight",
      "decoder.layers.24.mlp.linear_fc2.weight",
      "decoder.layers.25.self_attention.linear_proj.weight",
      "decoder.layers.25.self_attention.linear_qkv.weight",
      "decoder.layers.25.mlp.linear_fc1.weight",
      "decoder.layers.25.mlp.linear_fc2.weight",
      "decoder.layers.26.self_attention.linear_proj.weight",
      "decoder.layers.26.self_attention.linear_qkv.weight",
      "decoder.layers.26.mlp.linear_fc1.weight",
      "decoder.layers.26.mlp.linear_fc2.weight",
      "decoder.layers.27.self_attention.linear_proj.weight",
      "decoder.layers.27.self_attention.linear_qkv.weight",
      "decoder.layers.27.mlp.linear_fc1.weight",
      "decoder.layers.27.mlp.linear_fc2.weight",
      "decoder.layers.28.self_attention.linear_proj.weight",
      "decoder.layers.28.self_attention.linear_qkv.weight",
      "decoder.layers.28.mlp.linear_fc1.weight",
      "decoder.layers.28.mlp.linear_fc2.weight",
      "decoder.layers.29.self_attention.linear_proj.weight",
      "decoder.layers.29.self_attention.linear_qkv.weight",
      "decoder.layers.29.mlp.linear_fc1.weight",
      "decoder.layers.29.mlp.linear_fc2.weight",
      "decoder.layers.30.self_attention.linear_proj.weight",
      "decoder.layers.30.self_attention.linear_qkv.weight",
      "decoder.layers.30.mlp.linear_fc1.weight",
      "decoder.layers.30.mlp.linear_fc2.weight",
      "decoder.layers.31.self_attention.linear_proj.weight",
      "decoder.layers.31.self_attention.linear_qkv.weight",
      "decoder.layers.31.mlp.linear_fc1.weight",
      "decoder.layers.31.mlp.linear_fc2.weight",
      "decoder.layers.32.self_attention.linear_proj.weight",
      "decoder.layers.32.self_attention.linear_qkv.weight",
      "decoder.layers.32.mlp.linear_fc1.weight",
      "decoder.layers.32.mlp.linear_fc2.weight",
      "decoder.layers.33.self_attention.linear_proj.weight",
      "decoder.layers.33.self_attention.linear_qkv.weight",
      "decoder.layers.33.mlp.linear_fc1.weight",
      "decoder.layers.33.mlp.linear_fc2.weight",
      "decoder.layers.34.self_attention.linear_proj.weight",
      "decoder.layers.34.self_attention.linear_qkv.weight",
      "decoder.layers.34.mlp.linear_fc1.weight",
      "decoder.layers.34.mlp.linear_fc2.weight",
      "decoder.layers.35.self_attention.linear_proj.weight",
      "decoder.layers.35.self_attention.linear_qkv.weight",
      "decoder.layers.35.mlp.linear_fc1.weight",
      "decoder.layers.35.mlp.linear_fc2.weight",
      "output_layer.weight"
    ]
  },
  "no_decay": {
    "weight_decay": 0.0,
    "params": [
      "decoder.layers.0.input_layernorm.weight",
      "decoder.layers.0.self_attention.q_layernorm.weight",
      "decoder.layers.0.self_attention.k_layernorm.weight",
      "decoder.layers.0.pre_mlp_layernorm.weight",
      "decoder.layers.1.input_layernorm.weight",
      "decoder.layers.1.self_attention.q_layernorm.weight",
      "decoder.layers.1.self_attention.k_layernorm.weight",
      "decoder.layers.1.pre_mlp_layernorm.weight",
      "decoder.layers.2.input_layernorm.weight",
      "decoder.layers.2.self_attention.q_layernorm.weight",
      "decoder.layers.2.self_attention.k_layernorm.weight",
      "decoder.layers.2.pre_mlp_layernorm.weight",
      "decoder.layers.3.input_layernorm.weight",
      "decoder.layers.3.self_attention.q_layernorm.weight",
      "decoder.layers.3.self_attention.k_layernorm.weight",
      "decoder.layers.3.pre_mlp_layernorm.weight",
      "decoder.layers.4.input_layernorm.weight",
      "decoder.layers.4.self_attention.q_layernorm.weight",
      "decoder.layers.4.self_attention.k_layernorm.weight",
      "decoder.layers.4.pre_mlp_layernorm.weight",
      "decoder.layers.5.input_layernorm.weight",
      "decoder.layers.5.self_attention.q_layernorm.weight",
      "decoder.layers.5.self_attention.k_layernorm.weight",
      "decoder.layers.5.pre_mlp_layernorm.weight",
      "decoder.layers.6.input_layernorm.weight",
      "decoder.layers.6.self_attention.q_layernorm.weight",
      "decoder.layers.6.self_attention.k_layernorm.weight",
      "decoder.layers.6.pre_mlp_layernorm.weight",
      "decoder.layers.7.input_layernorm.weight",
      "decoder.layers.7.self_attention.q_layernorm.weight",
      "decoder.layers.7.self_attention.k_layernorm.weight",
      "decoder.layers.7.pre_mlp_layernorm.weight",
      "decoder.layers.8.input_layernorm.weight",
      "decoder.layers.8.self_attention.q_layernorm.weight",
      "decoder.layers.8.self_attention.k_layernorm.weight",
      "decoder.layers.8.pre_mlp_layernorm.weight",
      "decoder.layers.9.input_layernorm.weight",
      "decoder.layers.9.self_attention.q_layernorm.weight",
      "decoder.layers.9.self_attention.k_layernorm.weight",
      "decoder.layers.9.pre_mlp_layernorm.weight",
      "decoder.layers.10.input_layernorm.weight",
      "decoder.layers.10.self_attention.q_layernorm.weight",
      "decoder.layers.10.self_attention.k_layernorm.weight",
      "decoder.layers.10.pre_mlp_layernorm.weight",
      "decoder.layers.11.input_layernorm.weight",
      "decoder.layers.11.self_attention.q_layernorm.weight",
      "decoder.layers.11.self_attention.k_layernorm.weight",
      "decoder.layers.11.pre_mlp_layernorm.weight",
      "decoder.layers.12.input_layernorm.weight",
      "decoder.layers.12.self_attention.q_layernorm.weight",
      "decoder.layers.12.self_attention.k_layernorm.weight",
      "decoder.layers.12.pre_mlp_layernorm.weight",
      "decoder.layers.13.input_layernorm.weight",
      "decoder.layers.13.self_attention.q_layernorm.weight",
      "decoder.layers.13.self_attention.k_layernorm.weight",
      "decoder.layers.13.pre_mlp_layernorm.weight",
      "decoder.layers.14.input_layernorm.weight",
      "decoder.layers.14.self_attention.q_layernorm.weight",
      "decoder.layers.14.self_attention.k_layernorm.weight",
      "decoder.layers.14.pre_mlp_layernorm.weight",
      "decoder.layers.15.input_layernorm.weight",
      "decoder.layers.15.self_attention.q_layernorm.weight",
      "decoder.layers.15.self_attention.k_layernorm.weight",
      "decoder.layers.15.pre_mlp_layernorm.weight",
      "decoder.layers.16.input_layernorm.weight",
      "decoder.layers.16.self_attention.q_layernorm.weight",
      "decoder.layers.16.self_attention.k_layernorm.weight",
      "decoder.layers.16.pre_mlp_layernorm.weight",
      "decoder.layers.17.input_layernorm.weight",
      "decoder.layers.17.self_attention.q_layernorm.weight",
      "decoder.layers.17.self_attention.k_layernorm.weight",
      "decoder.layers.17.pre_mlp_layernorm.weight",
      "decoder.layers.18.input_layernorm.weight",
      "decoder.layers.18.self_attention.q_layernorm.weight",
      "decoder.layers.18.self_attention.k_layernorm.weight",
      "decoder.layers.18.pre_mlp_layernorm.weight",
      "decoder.layers.19.input_layernorm.weight",
      "decoder.layers.19.self_attention.q_layernorm.weight",
      "decoder.layers.19.self_attention.k_layernorm.weight",
      "decoder.layers.19.pre_mlp_layernorm.weight",
      "decoder.layers.20.input_layernorm.weight",
      "decoder.layers.20.self_attention.q_layernorm.weight",
      "decoder.layers.20.self_attention.k_layernorm.weight",
      "decoder.layers.20.pre_mlp_layernorm.weight",
      "decoder.layers.21.input_layernorm.weight",
      "decoder.layers.21.self_attention.q_layernorm.weight",
      "decoder.layers.21.self_attention.k_layernorm.weight",
      "decoder.layers.21.pre_mlp_layernorm.weight",
      "decoder.layers.22.input_layernorm.weight",
      "decoder.layers.22.self_attention.q_layernorm.weight",
      "decoder.layers.22.self_attention.k_layernorm.weight",
      "decoder.layers.22.pre_mlp_layernorm.weight",
      "decoder.layers.23.input_layernorm.weight",
      "decoder.layers.23.self_attention.q_layernorm.weight",
      "decoder.layers.23.self_attention.k_layernorm.weight",
      "decoder.layers.23.pre_mlp_layernorm.weight",
      "decoder.layers.24.input_layernorm.weight",
      "decoder.layers.24.self_attention.q_layernorm.weight",
      "decoder.layers.24.self_attention.k_layernorm.weight",
      "decoder.layers.24.pre_mlp_layernorm.weight",
      "decoder.layers.25.input_layernorm.weight",
      "decoder.layers.25.self_attention.q_layernorm.weight",
      "decoder.layers.25.self_attention.k_layernorm.weight",
      "decoder.layers.25.pre_mlp_layernorm.weight",
      "decoder.layers.26.input_layernorm.weight",
      "decoder.layers.26.self_attention.q_layernorm.weight",
      "decoder.layers.26.self_attention.k_layernorm.weight",
      "decoder.layers.26.pre_mlp_layernorm.weight",
      "decoder.layers.27.input_layernorm.weight",
      "decoder.layers.27.self_attention.q_layernorm.weight",
      "decoder.layers.27.self_attention.k_layernorm.weight",
      "decoder.layers.27.pre_mlp_layernorm.weight",
      "decoder.layers.28.input_layernorm.weight",
      "decoder.layers.28.self_attention.q_layernorm.weight",
      "decoder.layers.28.self_attention.k_layernorm.weight",
      "decoder.layers.28.pre_mlp_layernorm.weight",
      "decoder.layers.29.input_layernorm.weight",
      "decoder.layers.29.self_attention.q_layernorm.weight",
      "decoder.layers.29.self_attention.k_layernorm.weight",
      "decoder.layers.29.pre_mlp_layernorm.weight",
      "decoder.layers.30.input_layernorm.weight",
      "decoder.layers.30.self_attention.q_layernorm.weight",
      "decoder.layers.30.self_attention.k_layernorm.weight",
      "decoder.layers.30.pre_mlp_layernorm.weight",
      "decoder.layers.31.input_layernorm.weight",
      "decoder.layers.31.self_attention.q_layernorm.weight",
      "decoder.layers.31.self_attention.k_layernorm.weight",
      "decoder.layers.31.pre_mlp_layernorm.weight",
      "decoder.layers.32.input_layernorm.weight",
      "decoder.layers.32.self_attention.q_layernorm.weight",
      "decoder.layers.32.self_attention.k_layernorm.weight",
      "decoder.layers.32.pre_mlp_layernorm.weight",
      "decoder.layers.33.input_layernorm.weight",
      "decoder.layers.33.self_attention.q_layernorm.weight",
      "decoder.layers.33.self_attention.k_layernorm.weight",
      "decoder.layers.33.pre_mlp_layernorm.weight",
      "decoder.layers.34.input_layernorm.weight",
      "decoder.layers.34.self_attention.q_layernorm.weight",
      "decoder.layers.34.self_attention.k_layernorm.weight",
      "decoder.layers.34.pre_mlp_layernorm.weight",
      "decoder.layers.35.input_layernorm.weight",
      "decoder.layers.35.self_attention.q_layernorm.weight",
      "decoder.layers.35.self_attention.k_layernorm.weight",
      "decoder.layers.35.pre_mlp_layernorm.weight",
      "decoder.final_layernorm.weight"
    ]
  }
}
2026-09-11 21:17:59,095 - mindformers/models/npu_nvme_exp/user7-stack/qwen3-v13-source-002/training/log[mindformers/core/optim/build_optim.py:39] - INFO - tft is not valid
2026-09-11 21:17:59,317 - mindformers/models/npu_nvme_exp/user7-stack/qwen3-v13-source-002/training/log[mindformers/trainer/base_trainer.py:623] - INFO - Parameters are not initialized during optimizer initialization.
2026-09-11 21:17:59,317 - mindformers/models/npu_nvme_exp/user7-stack/qwen3-v13-source-002/training/log[mindformers/trainer/base_trainer.py:1221] - INFO - .........Build Running Wrapper From Config For Train..........
2026-09-11 21:17:59,318 - mindformers/models/npu_nvme_exp/user7-stack/qwen3-v13-source-002/training/log[mindformers/trainer/base_trainer.py:672] - INFO - .........Build Model Wrapper for Train From Config..........
2026-09-11 21:17:59,329 - mindformers/models/npu_nvme_exp/user7-stack/qwen3-v13-source-002/training/log[mindformers/trainer/base_trainer.py:1238] - INFO - .........Build Callbacks For Train..........
2026-09-11 21:17:59,330 - mindformers/models/npu_nvme_exp/user7-stack/qwen3-v13-source-002/training/log[mindformers/trainer/base_trainer.py:1289] - INFO - Recommend using weights in the safetensors format.
2026-09-11 21:17:59,331 - mindformers/models/npu_nvme_exp/user7-stack/qwen3-v13-source-002/training/log[mindformers/core/callback/callback.py:1304] - INFO - Integrated_save is changed to False when using auto_parallel.
2026-09-11 21:17:59,331 - mindformers/models/npu_nvme_exp/user7-stack/qwen3-v13-source-002/training/log[mindformers/trainer/base_trainer.py:1362] - INFO - .........Starting Init Train Model..........
2026-09-11 21:17:59,332 - mindformers/models/npu_nvme_exp/user7-stack/qwen3-v13-source-002/training/log[mindformers/utils/load_checkpoint_utils.py:257] - INFO - ......Start load checkpoint from safetensors......
2026-09-11 21:17:59,332 - mindformers/models/npu_nvme_exp/user7-stack/qwen3-v13-source-002/training/log[mindformers/utils/load_checkpoint_utils.py:262] - INFO - Load checkpoint from /models/npu_nvme_exp/user7-stack/qwen3-v13-source-002/training/qwen3_ms_converted_weight.
2026-09-11 21:17:59,332 - mindformers/models/npu_nvme_exp/user7-stack/qwen3-v13-source-002/training/log[mindformers/utils/load_checkpoint_utils.py:280] - INFO - ......Use multi checkpoint file mode......
2026-09-11 21:17:59,333 - mindformers/models/npu_nvme_exp/user7-stack/qwen3-v13-source-002/training/log[mindformers/checkpoint/utils.py:439] - INFO - .........Compiling model.........
huggingface/tokenizers: The current process just got forked, after parallelism has already been used. Disabling parallelism to avoid deadlocks...
To disable this warning, you can either:
	- Avoid using `tokenizers` before the fork if possible
	- Explicitly set the environment variable TOKENIZERS_PARALLELISM=(true | false)
[WARNING] ME(253923,ffff972cf020,python):2026-09-11-21:18:03.586.034 [mindspore/ccsrc/tools/error_handler/error_config.cc:215] operator()] Value of `MS_ENABLE_TFT` is ``
[WARNING] ME(253923,ffff972cf020,python):2026-09-11-21:18:03.586.103 [mindspore/ccsrc/tools/error_handler/error_config.cc:163] operator()] Can find `TRE` in environment var `MS_ENABLE_TFT`
[WARNING] ANALYZER(253923,ffff972cf020,python):2026-09-11-21:18:29.987.121 [mindspore/ccsrc/frontend/jit/ps/static_analysis/auto_monad.cc:1592] ClearIsolatedNodes] Some side effect nodes were eliminated by mistake. The node is:@174_2↓mindformers_parallel_core_training_graph_base_models_gpt_gpt_model_GPTModel_construct_229:loss_mask{[0]: ValueNode<FuncGraph> 6877__tuple_getitem_by_number_230, [1]: CNode_231, [2]: ValueNode<Int64Imm> 2}
[WARNING] ANALYZER(253923,ffff972cf020,python):2026-09-11-21:18:29.987.216 [mindspore/ccsrc/frontend/jit/ps/static_analysis/auto_monad.cc:1592] ClearIsolatedNodes] Some side effect nodes were eliminated by mistake. The node is:@174_2↓mindformers_parallel_core_training_graph_base_models_gpt_gpt_model_GPTModel_construct_229:rotary_pos_emb{[0]: ValueNode<FuncGraph> 6878__tuple_getitem_by_number_232, [1]: CNode_233, [2]: ValueNode<Int64Imm> 1}
[WARNING] ANALYZER(253923,ffff972cf020,python):2026-09-11-21:18:29.987.250 [mindspore/ccsrc/frontend/jit/ps/static_analysis/auto_monad.cc:1592] ClearIsolatedNodes] Some side effect nodes were eliminated by mistake. The node is:@174_2↓mindformers_parallel_core_training_graph_base_models_gpt_gpt_model_GPTModel_construct_229:labels{[0]: ValueNode<FuncGraph> 6879__tuple_getitem_by_number_234, [1]: CNode_231, [2]: ValueNode<Int64Imm> 0}
[WARNING] ANALYZER(253923,ffff972cf020,python):2026-09-11-21:18:29.995.088 [mindspore/ccsrc/frontend/jit/ps/static_analysis/auto_monad.cc:1599] ClearIsolatedNodes] Some side effect nodes were eliminated by mistake. The node is:@180_5↓mindformers_parallel_core_training_graph_base_models_gpt_gpt_model_GPTModel_construct_235:_{[0]: ValueNode<FuncGraph> 6866__tuple_getitem_by_number_236, [1]: CNode_237, [2]: ValueNode<Int64Imm> 1}
[WARNING] ANALYZER(253923,ffff972cf020,python):2026-09-11-21:18:29.995.960 [mindspore/ccsrc/frontend/jit/ps/static_analysis/auto_monad.cc:1592] ClearIsolatedNodes] Some side effect nodes were eliminated by mistake. The node is:@231_↻mindformers_parallel_core_training_graph_transformer_transformer_block_TransformerBlock_construct_238:context{[0]: ValueNode<FuncGraph> 6829__tuple_getitem_by_number_239, [1]: CNode_240, [2]: ValueNode<Int64Imm> 1}
[WARNING] ANALYZER(253923,ffff972cf020,python):2026-09-11-21:18:29.998.243 [mindspore/ccsrc/frontend/jit/ps/static_analysis/auto_monad.cc:1592] ClearIsolatedNodes] Some side effect nodes were eliminated by mistake. The node is:@234_↻mindformers_parallel_core_training_graph_transformer_transformer_block_TransformerBlock_construct_241:context{[0]: ValueNode<FuncGraph> 6648__tuple_getitem_by_number_242, [1]: CNode_243, [2]: ValueNode<Int64Imm> 1}
[WARNING] ANALYZER(253923,ffff972cf020,python):2026-09-11-21:18:29.999.943 [mindspore/ccsrc/frontend/jit/ps/static_analysis/auto_monad.cc:1592] ClearIsolatedNodes] Some side effect nodes were eliminated by mistake. The node is:@236_↻mindformers_parallel_core_training_graph_transformer_transformer_block_TransformerBlock_construct_244:context{[0]: ValueNode<FuncGraph> 6467__tuple_getitem_by_number_245, [1]: CNode_246, [2]: ValueNode<Int64Imm> 1}
[WARNING] ANALYZER(253923,ffff972cf020,python):2026-09-11-21:18:30.000.298 [mindspore/ccsrc/frontend/jit/ps/static_analysis/auto_monad.cc:1592] ClearIsolatedNodes] Some side effect nodes were eliminated by mistake. The node is:@6767_get_query_key_value_tensors_247:_{[0]: ValueNode<FuncGraph> 6787__tuple_getitem_by_number_248, [1]: CNode_249, [2]: ValueNode<Int64Imm> 1}
[WARNING] ANALYZER(253923,ffff972cf020,python):2026-09-11-21:18:30.001.098 [mindspore/ccsrc/frontend/jit/ps/static_analysis/auto_monad.cc:1592] ClearIsolatedNodes] Some side effect nodes were eliminated by mistake. The node is:@238_↻mindformers_parallel_core_training_graph_transformer_transformer_block_TransformerBlock_construct_250:context{[0]: ValueNode<FuncGraph> 6286__tuple_getitem_by_number_251, [1]: CNode_252, [2]: ValueNode<Int64Imm> 1}
[WARNING] ANALYZER(253923,ffff972cf020,python):2026-09-11-21:18:30.001.765 [mindspore/ccsrc/frontend/jit/ps/static_analysis/auto_monad.cc:1592] ClearIsolatedNodes] Some side effect nodes were eliminated by mistake. The node is:@6586_get_query_key_value_tensors_253:_{[0]: ValueNode<FuncGraph> 6606__tuple_getitem_by_number_254, [1]: CNode_255, [2]: ValueNode<Int64Imm> 1}
[WARNING] ANALYZER(253923,ffff972cf020,python):2026-09-11-21:18:30.002.834 [mindspore/ccsrc/frontend/jit/ps/static_analysis/auto_monad.cc:1592] ClearIsolatedNodes] Some side effect nodes were eliminated by mistake. The node is:@240_↻mindformers_parallel_core_training_graph_transformer_transformer_block_TransformerBlock_construct_256:context{[0]: ValueNode<FuncGraph> 6105__tuple_getitem_by_number_257, [1]: CNode_258, [2]: ValueNode<Int64Imm> 1}
[WARNING] ANALYZER(253923,ffff972cf020,python):2026-09-11-21:18:30.003.590 [mindspore/ccsrc/frontend/jit/ps/static_analysis/auto_monad.cc:1592] ClearIsolatedNodes] Some side effect nodes were eliminated by mistake. The node is:@6405_get_query_key_value_tensors_259:_{[0]: ValueNode<FuncGraph> 6425__tuple_getitem_by_number_260, [1]: CNode_261, [2]: ValueNode<Int64Imm> 1}
[WARNING] ANALYZER(253923,ffff972cf020,python):2026-09-11-21:18:30.004.774 [mindspore/ccsrc/frontend/jit/ps/static_analysis/auto_monad.cc:1592] ClearIsolatedNodes] Some side effect nodes were eliminated by mistake. The node is:@242_↻mindformers_parallel_core_training_graph_transformer_transformer_block_TransformerBlock_construct_262:context{[0]: ValueNode<FuncGraph> 5924__tuple_getitem_by_number_263, [1]: CNode_264, [2]: ValueNode<Int64Imm> 1}
[WARNING] ANALYZER(253923,ffff972cf020,python):2026-09-11-21:18:30.005.643 [mindspore/ccsrc/frontend/jit/ps/static_analysis/auto_monad.cc:1592] ClearIsolatedNodes] Some side effect nodes were eliminated by mistake. The node is:@6224_get_query_key_value_tensors_265:_{[0]: ValueNode<FuncGraph> 6244__tuple_getitem_by_number_266, [1]: CNode_267, [2]: ValueNode<Int64Imm> 1}
[WARNING] ANALYZER(253923,ffff972cf020,python):2026-09-11-21:18:30.006.926 [mindspore/ccsrc/frontend/jit/ps/static_analysis/auto_monad.cc:1592] ClearIsolatedNodes] Some side effect nodes were eliminated by mistake. The node is:@244_↻mindformers_parallel_core_training_graph_transformer_transformer_block_TransformerBlock_construct_268:context{[0]: ValueNode<FuncGraph> 5743__tuple_getitem_by_number_269, [1]: CNode_270, [2]: ValueNode<Int64Imm> 1}
[WARNING] ANALYZER(253923,ffff972cf020,python):2026-09-11-21:18:30.007.872 [mindspore/ccsrc/frontend/jit/ps/static_analysis/auto_monad.cc:1592] ClearIsolatedNodes] Some side effect nodes were eliminated by mistake. The node is:@6043_get_query_key_value_tensors_271:_{[0]: ValueNode<FuncGraph> 6063__tuple_getitem_by_number_272, [1]: CNode_273, [2]: ValueNode<Int64Imm> 1}
[WARNING] ANALYZER(253923,ffff972cf020,python):2026-09-11-21:18:30.009.287 [mindspore/ccsrc/frontend/jit/ps/static_analysis/auto_monad.cc:1592] ClearIsolatedNodes] Some side effect nodes were eliminated by mistake. The node is:@246_↻mindformers_parallel_core_training_graph_transformer_transformer_block_TransformerBlock_construct_274:context{[0]: ValueNode<FuncGraph> 5562__tuple_getitem_by_number_275, [1]: CNode_276, [2]: ValueNode<Int64Imm> 1}
[WARNING] ANALYZER(253923,ffff972cf020,python):2026-09-11-21:18:30.010.382 [mindspore/ccsrc/frontend/jit/ps/static_analysis/auto_monad.cc:1592] ClearIsolatedNodes] Some side effect nodes were eliminated by mistake. The node is:@5862_get_query_key_value_tensors_277:_{[0]: ValueNode<FuncGraph> 5882__tuple_getitem_by_number_278, [1]: CNode_279, [2]: ValueNode<Int64Imm> 1}
[WARNING] ANALYZER(253923,ffff972cf020,python):2026-09-11-21:18:30.011.838 [mindspore/ccsrc/frontend/jit/ps/static_analysis/auto_monad.cc:1592] ClearIsolatedNodes] Some side effect nodes were eliminated by mistake. The node is:@248_↻mindformers_parallel_core_training_graph_transformer_transformer_block_TransformerBlock_construct_280:context{[0]: ValueNode<FuncGraph> 5381__tuple_getitem_by_number_281, [1]: CNode_282, [2]: ValueNode<Int64Imm> 1}
[WARNING] ANALYZER(253923,ffff972cf020,python):2026-09-11-21:18:30.012.987 [mindspore/ccsrc/frontend/jit/ps/static_analysis/auto_monad.cc:1592] ClearIsolatedNodes] Some side effect nodes were eliminated by mistake. The node is:@5681_get_query_key_value_tensors_283:_{[0]: ValueNode<FuncGraph> 5701__tuple_getitem_by_number_284, [1]: CNode_285, [2]: ValueNode<Int64Imm> 1}
[WARNING] ANALYZER(253923,ffff972cf020,python):2026-09-11-21:18:30.014.545 [mindspore/ccsrc/frontend/jit/ps/static_analysis/auto_monad.cc:1592] ClearIsolatedNodes] Some side effect nodes were eliminated by mistake. The node is:@250_↻mindformers_parallel_core_training_graph_transformer_transformer_block_TransformerBlock_construct_286:context{[0]: ValueNode<FuncGraph> 5200__tuple_getitem_by_number_287, [1]: CNode_288, [2]: ValueNode<Int64Imm> 1}
[WARNING] ANALYZER(253923,ffff972cf020,python):2026-09-11-21:18:30.015.746 [mindspore/ccsrc/frontend/jit/ps/static_analysis/auto_monad.cc:1592] ClearIsolatedNodes] Some side effect nodes were eliminated by mistake. The node is:@5500_get_query_key_value_tensors_289:_{[0]: ValueNode<FuncGraph> 5520__tuple_getitem_by_number_290, [1]: CNode_291, [2]: ValueNode<Int64Imm> 1}
[WARNING] ANALYZER(253923,ffff972cf020,python):2026-09-11-21:18:30.017.355 [mindspore/ccsrc/frontend/jit/ps/static_analysis/auto_monad.cc:1592] ClearIsolatedNodes] Some side effect nodes were eliminated by mistake. The node is:@252_↻mindformers_parallel_core_training_graph_transformer_transformer_block_TransformerBlock_construct_292:context{[0]: ValueNode<FuncGraph> 5019__tuple_getitem_by_number_293, [1]: CNode_294, [2]: ValueNode<Int64Imm> 1}
[WARNING] ANALYZER(253923,ffff972cf020,python):2026-09-11-21:18:30.018.600 [mindspore/ccsrc/frontend/jit/ps/static_analysis/auto_monad.cc:1592] ClearIsolatedNodes] Some side effect nodes were eliminated by mistake. The node is:@5319_get_query_key_value_tensors_295:_{[0]: ValueNode<FuncGraph> 5339__tuple_getitem_by_number_296, [1]: CNode_297, [2]: ValueNode<Int64Imm> 1}
[WARNING] ANALYZER(253923,ffff972cf020,python):2026-09-11-21:18:30.020.221 [mindspore/ccsrc/frontend/jit/ps/static_analysis/auto_monad.cc:1592] ClearIsolatedNodes] Some side effect nodes were eliminated by mistake. The node is:@254_↻mindformers_parallel_core_training_graph_transformer_transformer_block_TransformerBlock_construct_298:context{[0]: ValueNode<FuncGraph> 4838__tuple_getitem_by_number_299, [1]: CNode_300, [2]: ValueNode<Int64Imm> 1}
[WARNING] ANALYZER(253923,ffff972cf020,python):2026-09-11-21:18:30.021.542 [mindspore/ccsrc/frontend/jit/ps/static_analysis/auto_monad.cc:1592] ClearIsolatedNodes] Some side effect nodes were eliminated by mistake. The node is:@5138_get_query_key_value_tensors_301:_{[0]: ValueNode<FuncGraph> 5158__tuple_getitem_by_number_302, [1]: CNode_303, [2]: ValueNode<Int64Imm> 1}
[WARNING] ANALYZER(253923,ffff972cf020,python):2026-09-11-21:18:30.023.264 [mindspore/ccsrc/frontend/jit/ps/static_analysis/auto_monad.cc:1592] ClearIsolatedNodes] Some side effect nodes were eliminated by mistake. The node is:@256_↻mindformers_parallel_core_training_graph_transformer_transformer_block_TransformerBlock_construct_304:context{[0]: ValueNode<FuncGraph> 4657__tuple_getitem_by_number_305, [1]: CNode_306, [2]: ValueNode<Int64Imm> 1}
[WARNING] ANALYZER(253923,ffff972cf020,python):2026-09-11-21:18:30.024.664 [mindspore/ccsrc/frontend/jit/ps/static_analysis/auto_monad.cc:1592] ClearIsolatedNodes] Some side effect nodes were eliminated by mistake. The node is:@4957_get_query_key_value_tensors_307:_{[0]: ValueNode<FuncGraph> 4977__tuple_getitem_by_number_308, [1]: CNode_309, [2]: ValueNode<Int64Imm> 1}
[WARNING] ANALYZER(253923,ffff972cf020,python):2026-09-11-21:18:30.026.437 [mindspore/ccsrc/frontend/jit/ps/static_analysis/auto_monad.cc:1592] ClearIsolatedNodes] Some side effect nodes were eliminated by mistake. The node is:@258_↻mindformers_parallel_core_training_graph_transformer_transformer_block_TransformerBlock_construct_310:context{[0]: ValueNode<FuncGraph> 4476__tuple_getitem_by_number_311, [1]: CNode_312, [2]: ValueNode<Int64Imm> 1}
[WARNING] ANALYZER(253923,ffff972cf020,python):2026-09-11-21:18:30.027.827 [mindspore/ccsrc/frontend/jit/ps/static_analysis/auto_monad.cc:1592] ClearIsolatedNodes] Some side effect nodes were eliminated by mistake. The node is:@4776_get_query_key_value_tensors_313:_{[0]: ValueNode<FuncGraph> 4796__tuple_getitem_by_number_314, [1]: CNode_315, [2]: ValueNode<Int64Imm> 1}
[WARNING] ANALYZER(253923,ffff972cf020,python):2026-09-11-21:18:30.029.605 [mindspore/ccsrc/frontend/jit/ps/static_analysis/auto_monad.cc:1592] ClearIsolatedNodes] Some side effect nodes were eliminated by mistake. The node is:@260_↻mindformers_parallel_core_training_graph_transformer_transformer_block_TransformerBlock_construct_316:context{[0]: ValueNode<FuncGraph> 4295__tuple_getitem_by_number_317, [1]: CNode_318, [2]: ValueNode<Int64Imm> 1}
[WARNING] ANALYZER(253923,ffff972cf020,python):2026-09-11-21:18:30.031.002 [mindspore/ccsrc/frontend/jit/ps/static_analysis/auto_monad.cc:1592] ClearIsolatedNodes] Some side effect nodes were eliminated by mistake. The node is:@4595_get_query_key_value_tensors_319:_{[0]: ValueNode<FuncGraph> 4615__tuple_getitem_by_number_320, [1]: CNode_321, [2]: ValueNode<Int64Imm> 1}
[WARNING] ANALYZER(253923,ffff972cf020,python):2026-09-11-21:18:30.032.780 [mindspore/ccsrc/frontend/jit/ps/static_analysis/auto_monad.cc:1592] ClearIsolatedNodes] Some side effect nodes were eliminated by mistake. The node is:@262_↻mindformers_parallel_core_training_graph_transformer_transformer_block_TransformerBlock_construct_322:context{[0]: ValueNode<FuncGraph> 4114__tuple_getitem_by_number_323, [1]: CNode_324, [2]: ValueNode<Int64Imm> 1}
[WARNING] ANALYZER(253923,ffff972cf020,python):2026-09-11-21:18:30.034.193 [mindspore/ccsrc/frontend/jit/ps/static_analysis/auto_monad.cc:1592] ClearIsolatedNodes] Some side effect nodes were eliminated by mistake. The node is:@4414_get_query_key_value_tensors_325:_{[0]: ValueNode<FuncGraph> 4434__tuple_getitem_by_number_326, [1]: CNode_327, [2]: ValueNode<Int64Imm> 1}
[WARNING] ANALYZER(253923,ffff972cf020,python):2026-09-11-21:18:30.036.048 [mindspore/ccsrc/frontend/jit/ps/static_analysis/auto_monad.cc:1592] ClearIsolatedNodes] Some side effect nodes were eliminated by mistake. The node is:@264_↻mindformers_parallel_core_training_graph_transformer_transformer_block_TransformerBlock_construct_328:context{[0]: ValueNode<FuncGraph> 3933__tuple_getitem_by_number_329, [1]: CNode_330, [2]: ValueNode<Int64Imm> 1}
[WARNING] ANALYZER(253923,ffff972cf020,python):2026-09-11-21:18:30.037.472 [mindspore/ccsrc/frontend/jit/ps/static_analysis/auto_monad.cc:1592] ClearIsolatedNodes] Some side effect nodes were eliminated by mistake. The node is:@4233_get_query_key_value_tensors_331:_{[0]: ValueNode<FuncGraph> 4253__tuple_getitem_by_number_332, [1]: CNode_333, [2]: ValueNode<Int64Imm> 1}
[WARNING] ANALYZER(253923,ffff972cf020,python):2026-09-11-21:18:30.039.341 [mindspore/ccsrc/frontend/jit/ps/static_analysis/auto_monad.cc:1592] ClearIsolatedNodes] Some side effect nodes were eliminated by mistake. The node is:@266_↻mindformers_parallel_core_training_graph_transformer_transformer_block_TransformerBlock_construct_334:context{[0]: ValueNode<FuncGraph> 3752__tuple_getitem_by_number_335, [1]: CNode_336, [2]: ValueNode<Int64Imm> 1}
[WARNING] ANALYZER(253923,ffff972cf020,python):2026-09-11-21:18:30.040.804 [mindspore/ccsrc/frontend/jit/ps/static_analysis/auto_monad.cc:1592] ClearIsolatedNodes] Some side effect nodes were eliminated by mistake. The node is:@4052_get_query_key_value_tensors_337:_{[0]: ValueNode<FuncGraph> 4072__tuple_getitem_by_number_338, [1]: CNode_339, [2]: ValueNode<Int64Imm> 1}
[WARNING] ANALYZER(253923,ffff972cf020,python):2026-09-11-21:18:30.042.671 [mindspore/ccsrc/frontend/jit/ps/static_analysis/auto_monad.cc:1592] ClearIsolatedNodes] Some side effect nodes were eliminated by mistake. The node is:@268_↻mindformers_parallel_core_training_graph_transformer_transformer_block_TransformerBlock_construct_340:context{[0]: ValueNode<FuncGraph> 3571__tuple_getitem_by_number_341, [1]: CNode_342, [2]: ValueNode<Int64Imm> 1}
[WARNING] ANALYZER(253923,ffff972cf020,python):2026-09-11-21:18:30.044.086 [mindspore/ccsrc/frontend/jit/ps/static_analysis/auto_monad.cc:1592] ClearIsolatedNodes] Some side effect nodes were eliminated by mistake. The node is:@3871_get_query_key_value_tensors_343:_{[0]: ValueNode<FuncGraph> 3891__tuple_getitem_by_number_344, [1]: CNode_345, [2]: ValueNode<Int64Imm> 1}
[WARNING] ANALYZER(253923,ffff972cf020,python):2026-09-11-21:18:30.045.964 [mindspore/ccsrc/frontend/jit/ps/static_analysis/auto_monad.cc:1592] ClearIsolatedNodes] Some side effect nodes were eliminated by mistake. The node is:@270_↻mindformers_parallel_core_training_graph_transformer_transformer_block_TransformerBlock_construct_346:context{[0]: ValueNode<FuncGraph> 3390__tuple_getitem_by_number_347, [1]: CNode_348, [2]: ValueNode<Int64Imm> 1}
[WARNING] ANALYZER(253923,ffff972cf020,python):2026-09-11-21:18:30.047.416 [mindspore/ccsrc/frontend/jit/ps/static_analysis/auto_monad.cc:1592] ClearIsolatedNodes] Some side effect nodes were eliminated by mistake. The node is:@3690_get_query_key_value_tensors_349:_{[0]: ValueNode<FuncGraph> 3710__tuple_getitem_by_number_350, [1]: CNode_351, [2]: ValueNode<Int64Imm> 1}
[WARNING] ANALYZER(253923,ffff972cf020,python):2026-09-11-21:18:30.049.314 [mindspore/ccsrc/frontend/jit/ps/static_analysis/auto_monad.cc:1592] ClearIsolatedNodes] Some side effect nodes were eliminated by mistake. The node is:@272_↻mindformers_parallel_core_training_graph_transformer_transformer_block_TransformerBlock_construct_352:context{[0]: ValueNode<FuncGraph> 3209__tuple_getitem_by_number_353, [1]: CNode_354, [2]: ValueNode<Int64Imm> 1}
[WARNING] ANALYZER(253923,ffff972cf020,python):2026-09-11-21:18:30.050.768 [mindspore/ccsrc/frontend/jit/ps/static_analysis/auto_monad.cc:1592] ClearIsolatedNodes] Some side effect nodes were eliminated by mistake. The node is:@3509_get_query_key_value_tensors_355:_{[0]: ValueNode<FuncGraph> 3529__tuple_getitem_by_number_356, [1]: CNode_357, [2]: ValueNode<Int64Imm> 1}
[WARNING] ANALYZER(253923,ffff972cf020,python):2026-09-11-21:18:30.052.632 [mindspore/ccsrc/frontend/jit/ps/static_analysis/auto_monad.cc:1592] ClearIsolatedNodes] Some side effect nodes were eliminated by mistake. The node is:@274_↻mindformers_parallel_core_training_graph_transformer_transformer_block_TransformerBlock_construct_358:context{[0]: ValueNode<FuncGraph> 3028__tuple_getitem_by_number_359, [1]: CNode_360, [2]: ValueNode<Int64Imm> 1}
[WARNING] ANALYZER(253923,ffff972cf020,python):2026-09-11-21:18:30.054.073 [mindspore/ccsrc/frontend/jit/ps/static_analysis/auto_monad.cc:1592] ClearIsolatedNodes] Some side effect nodes were eliminated by mistake. The node is:@3328_get_query_key_value_tensors_361:_{[0]: ValueNode<FuncGraph> 3348__tuple_getitem_by_number_362, [1]: CNode_363, [2]: ValueNode<Int64Imm> 1}
[WARNING] ANALYZER(253923,ffff972cf020,python):2026-09-11-21:18:30.055.913 [mindspore/ccsrc/frontend/jit/ps/static_analysis/auto_monad.cc:1592] ClearIsolatedNodes] Some side effect nodes were eliminated by mistake. The node is:@276_↻mindformers_parallel_core_training_graph_transformer_transformer_block_TransformerBlock_construct_364:context{[0]: ValueNode<FuncGraph> 2847__tuple_getitem_by_number_365, [1]: CNode_366, [2]: ValueNode<Int64Imm> 1}
[WARNING] ANALYZER(253923,ffff972cf020,python):2026-09-11-21:18:30.057.332 [mindspore/ccsrc/frontend/jit/ps/static_analysis/auto_monad.cc:1592] ClearIsolatedNodes] Some side effect nodes were eliminated by mistake. The node is:@3147_get_query_key_value_tensors_367:_{[0]: ValueNode<FuncGraph> 3167__tuple_getitem_by_number_368, [1]: CNode_369, [2]: ValueNode<Int64Imm> 1}
[WARNING] ANALYZER(253923,ffff972cf020,python):2026-09-11-21:18:30.059.178 [mindspore/ccsrc/frontend/jit/ps/static_analysis/auto_monad.cc:1592] ClearIsolatedNodes] Some side effect nodes were eliminated by mistake. The node is:@278_↻mindformers_parallel_core_training_graph_transformer_transformer_block_TransformerBlock_construct_370:context{[0]: ValueNode<FuncGraph> 2666__tuple_getitem_by_number_371, [1]: CNode_372, [2]: ValueNode<Int64Imm> 1}
[WARNING] ANALYZER(253923,ffff972cf020,python):2026-09-11-21:18:30.060.598 [mindspore/ccsrc/frontend/jit/ps/static_analysis/auto_monad.cc:1592] ClearIsolatedNodes] Some side effect nodes were eliminated by mistake. The node is:@2966_get_query_key_value_tensors_373:_{[0]: ValueNode<FuncGraph> 2986__tuple_getitem_by_number_374, [1]: CNode_375, [2]: ValueNode<Int64Imm> 1}
[WARNING] ANALYZER(253923,ffff972cf020,python):2026-09-11-21:18:30.062.466 [mindspore/ccsrc/frontend/jit/ps/static_analysis/auto_monad.cc:1592] ClearIsolatedNodes] Some side effect nodes were eliminated by mistake. The node is:@280_↻mindformers_parallel_core_training_graph_transformer_transformer_block_TransformerBlock_construct_376:context{[0]: ValueNode<FuncGraph> 2485__tuple_getitem_by_number_377, [1]: CNode_378, [2]: ValueNode<Int64Imm> 1}
[WARNING] ANALYZER(253923,ffff972cf020,python):2026-09-11-21:18:30.063.870 [mindspore/ccsrc/frontend/jit/ps/static_analysis/auto_monad.cc:1592] ClearIsolatedNodes] Some side effect nodes were eliminated by mistake. The node is:@2785_get_query_key_value_tensors_379:_{[0]: ValueNode<FuncGraph> 2805__tuple_getitem_by_number_380, [1]: CNode_381, [2]: ValueNode<Int64Imm> 1}
[WARNING] ANALYZER(253923,ffff972cf020,python):2026-09-11-21:18:30.065.736 [mindspore/ccsrc/frontend/jit/ps/static_analysis/auto_monad.cc:1592] ClearIsolatedNodes] Some side effect nodes were eliminated by mistake. The node is:@282_↻mindformers_parallel_core_training_graph_transformer_transformer_block_TransformerBlock_construct_382:context{[0]: ValueNode<FuncGraph> 2304__tuple_getitem_by_number_383, [1]: CNode_384, [2]: ValueNode<Int64Imm> 1}
[WARNING] ANALYZER(253923,ffff972cf020,python):2026-09-11-21:18:30.067.155 [mindspore/ccsrc/frontend/jit/ps/static_analysis/auto_monad.cc:1592] ClearIsolatedNodes] Some side effect nodes were eliminated by mistake. The node is:@2604_get_query_key_value_tensors_385:_{[0]: ValueNode<FuncGraph> 2624__tuple_getitem_by_number_386, [1]: CNode_387, [2]: ValueNode<Int64Imm> 1}
[WARNING] ANALYZER(253923,ffff972cf020,python):2026-09-11-21:18:30.069.017 [mindspore/ccsrc/frontend/jit/ps/static_analysis/auto_monad.cc:1592] ClearIsolatedNodes] Some side effect nodes were eliminated by mistake. The node is:@284_↻mindformers_parallel_core_training_graph_transformer_transformer_block_TransformerBlock_construct_388:context{[0]: ValueNode<FuncGraph> 2123__tuple_getitem_by_number_389, [1]: CNode_390, [2]: ValueNode<Int64Imm> 1}
[WARNING] ANALYZER(253923,ffff972cf020,python):2026-09-11-21:18:30.070.469 [mindspore/ccsrc/frontend/jit/ps/static_analysis/auto_monad.cc:1592] ClearIsolatedNodes] Some side effect nodes were eliminated by mistake. The node is:@2423_get_query_key_value_tensors_391:_{[0]: ValueNode<FuncGraph> 2443__tuple_getitem_by_number_392, [1]: CNode_393, [2]: ValueNode<Int64Imm> 1}
[WARNING] ANALYZER(253923,ffff972cf020,python):2026-09-11-21:18:30.072.321 [mindspore/ccsrc/frontend/jit/ps/static_analysis/auto_monad.cc:1592] ClearIsolatedNodes] Some side effect nodes were eliminated by mistake. The node is:@286_↻mindformers_parallel_core_training_graph_transformer_transformer_block_TransformerBlock_construct_394:context{[0]: ValueNode<FuncGraph> 1942__tuple_getitem_by_number_395, [1]: CNode_396, [2]: ValueNode<Int64Imm> 1}
[WARNING] ANALYZER(253923,ffff972cf020,python):2026-09-11-21:18:30.073.740 [mindspore/ccsrc/frontend/jit/ps/static_analysis/auto_monad.cc:1592] ClearIsolatedNodes] Some side effect nodes were eliminated by mistake. The node is:@2242_get_query_key_value_tensors_397:_{[0]: ValueNode<FuncGraph> 2262__tuple_getitem_by_number_398, [1]: CNode_399, [2]: ValueNode<Int64Imm> 1}
[WARNING] ANALYZER(253923,ffff972cf020,python):2026-09-11-21:18:30.075.576 [mindspore/ccsrc/frontend/jit/ps/static_analysis/auto_monad.cc:1592] ClearIsolatedNodes] Some side effect nodes were eliminated by mistake. The node is:@288_↻mindformers_parallel_core_training_graph_transformer_transformer_block_TransformerBlock_construct_400:context{[0]: ValueNode<FuncGraph> 1761__tuple_getitem_by_number_401, [1]: CNode_402, [2]: ValueNode<Int64Imm> 1}
[WARNING] ANALYZER(253923,ffff972cf020,python):2026-09-11-21:18:30.076.981 [mindspore/ccsrc/frontend/jit/ps/static_analysis/auto_monad.cc:1592] ClearIsolatedNodes] Some side effect nodes were eliminated by mistake. The node is:@2061_get_query_key_value_tensors_403:_{[0]: ValueNode<FuncGraph> 2081__tuple_getitem_by_number_404, [1]: CNode_405, [2]: ValueNode<Int64Imm> 1}
[WARNING] ANALYZER(253923,ffff972cf020,python):2026-09-11-21:18:30.078.923 [mindspore/ccsrc/frontend/jit/ps/static_analysis/auto_monad.cc:1592] ClearIsolatedNodes] Some side effect nodes were eliminated by mistake. The node is:@290_↻mindformers_parallel_core_training_graph_transformer_transformer_block_TransformerBlock_construct_406:context{[0]: ValueNode<FuncGraph> 1580__tuple_getitem_by_number_407, [1]: CNode_408, [2]: ValueNode<Int64Imm> 1}
[WARNING] ANALYZER(253923,ffff972cf020,python):2026-09-11-21:18:30.080.325 [mindspore/ccsrc/frontend/jit/ps/static_analysis/auto_monad.cc:1592] ClearIsolatedNodes] Some side effect nodes were eliminated by mistake. The node is:@1880_get_query_key_value_tensors_409:_{[0]: ValueNode<FuncGraph> 1900__tuple_getitem_by_number_410, [1]: CNode_411, [2]: ValueNode<Int64Imm> 1}
[WARNING] ANALYZER(253923,ffff972cf020,python):2026-09-11-21:18:30.082.151 [mindspore/ccsrc/frontend/jit/ps/static_analysis/auto_monad.cc:1592] ClearIsolatedNodes] Some side effect nodes were eliminated by mistake. The node is:@292_↻mindformers_parallel_core_training_graph_transformer_transformer_block_TransformerBlock_construct_412:context{[0]: ValueNode<FuncGraph> 1399__tuple_getitem_by_number_413, [1]: CNode_414, [2]: ValueNode<Int64Imm> 1}
[WARNING] ANALYZER(253923,ffff972cf020,python):2026-09-11-21:18:30.083.576 [mindspore/ccsrc/frontend/jit/ps/static_analysis/auto_monad.cc:1592] ClearIsolatedNodes] Some side effect nodes were eliminated by mistake. The node is:@1699_get_query_key_value_tensors_415:_{[0]: ValueNode<FuncGraph> 1719__tuple_getitem_by_number_416, [1]: CNode_417, [2]: ValueNode<Int64Imm> 1}
[WARNING] ANALYZER(253923,ffff972cf020,python):2026-09-11-21:18:30.085.452 [mindspore/ccsrc/frontend/jit/ps/static_analysis/auto_monad.cc:1592] ClearIsolatedNodes] Some side effect nodes were eliminated by mistake. The node is:@294_↻mindformers_parallel_core_training_graph_transformer_transformer_block_TransformerBlock_construct_418:context{[0]: ValueNode<FuncGraph> 1218__tuple_getitem_by_number_419, [1]: CNode_420, [2]: ValueNode<Int64Imm> 1}
[WARNING] ANALYZER(253923,ffff972cf020,python):2026-09-11-21:18:30.086.872 [mindspore/ccsrc/frontend/jit/ps/static_analysis/auto_monad.cc:1592] ClearIsolatedNodes] Some side effect nodes were eliminated by mistake. The node is:@1518_get_query_key_value_tensors_421:_{[0]: ValueNode<FuncGraph> 1538__tuple_getitem_by_number_422, [1]: CNode_423, [2]: ValueNode<Int64Imm> 1}
[WARNING] ANALYZER(253923,ffff972cf020,python):2026-09-11-21:18:30.088.732 [mindspore/ccsrc/frontend/jit/ps/static_analysis/auto_monad.cc:1592] ClearIsolatedNodes] Some side effect nodes were eliminated by mistake. The node is:@296_↻mindformers_parallel_core_training_graph_transformer_transformer_block_TransformerBlock_construct_424:context{[0]: ValueNode<FuncGraph> 1037__tuple_getitem_by_number_425, [1]: CNode_426, [2]: ValueNode<Int64Imm> 1}
[WARNING] ANALYZER(253923,ffff972cf020,python):2026-09-11-21:18:30.090.178 [mindspore/ccsrc/frontend/jit/ps/static_analysis/auto_monad.cc:1592] ClearIsolatedNodes] Some side effect nodes were eliminated by mistake. The node is:@1337_get_query_key_value_tensors_427:_{[0]: ValueNode<FuncGraph> 1357__tuple_getitem_by_number_428, [1]: CNode_429, [2]: ValueNode<Int64Imm> 1}
[WARNING] ANALYZER(253923,ffff972cf020,python):2026-09-11-21:18:30.092.033 [mindspore/ccsrc/frontend/jit/ps/static_analysis/auto_monad.cc:1592] ClearIsolatedNodes] Some side effect nodes were eliminated by mistake. The node is:@298_↻mindformers_parallel_core_training_graph_transformer_transformer_block_TransformerBlock_construct_430:context{[0]: ValueNode<FuncGraph> 856__tuple_getitem_by_number_431, [1]: CNode_432, [2]: ValueNode<Int64Imm> 1}
[WARNING] ANALYZER(253923,ffff972cf020,python):2026-09-11-21:18:30.093.466 [mindspore/ccsrc/frontend/jit/ps/static_analysis/auto_monad.cc:1592] ClearIsolatedNodes] Some side effect nodes were eliminated by mistake. The node is:@1156_get_query_key_value_tensors_433:_{[0]: ValueNode<FuncGraph> 1176__tuple_getitem_by_number_434, [1]: CNode_435, [2]: ValueNode<Int64Imm> 1}
[WARNING] ANALYZER(253923,ffff972cf020,python):2026-09-11-21:18:30.095.299 [mindspore/ccsrc/frontend/jit/ps/static_analysis/auto_monad.cc:1592] ClearIsolatedNodes] Some side effect nodes were eliminated by mistake. The node is:@300_↻mindformers_parallel_core_training_graph_transformer_transformer_block_TransformerBlock_construct_436:context{[0]: ValueNode<FuncGraph> 675__tuple_getitem_by_number_437, [1]: CNode_438, [2]: ValueNode<Int64Imm> 1}
[WARNING] ANALYZER(253923,ffff972cf020,python):2026-09-11-21:18:30.096.736 [mindspore/ccsrc/frontend/jit/ps/static_analysis/auto_monad.cc:1592] ClearIsolatedNodes] Some side effect nodes were eliminated by mistake. The node is:@975_get_query_key_value_tensors_439:_{[0]: ValueNode<FuncGraph> 995__tuple_getitem_by_number_440, [1]: CNode_441, [2]: ValueNode<Int64Imm> 1}
[WARNING] ANALYZER(253923,ffff972cf020,python):2026-09-11-21:18:30.098.560 [mindspore/ccsrc/frontend/jit/ps/static_analysis/auto_monad.cc:1592] ClearIsolatedNodes] Some side effect nodes were eliminated by mistake. The node is:@302_↻mindformers_parallel_core_training_graph_transformer_transformer_block_TransformerBlock_construct_442:context{[0]: ValueNode<FuncGraph> 494__tuple_getitem_by_number_443, [1]: CNode_444, [2]: ValueNode<Int64Imm> 1}
[WARNING] ANALYZER(253923,ffff972cf020,python):2026-09-11-21:18:30.099.969 [mindspore/ccsrc/frontend/jit/ps/static_analysis/auto_monad.cc:1592] ClearIsolatedNodes] Some side effect nodes were eliminated by mistake. The node is:@794_get_query_key_value_tensors_445:_{[0]: ValueNode<FuncGraph> 814__tuple_getitem_by_number_446, [1]: CNode_447, [2]: ValueNode<Int64Imm> 1}
[WARNING] ANALYZER(253923,ffff972cf020,python):2026-09-11-21:18:30.103.028 [mindspore/ccsrc/frontend/jit/ps/static_analysis/auto_monad.cc:1592] ClearIsolatedNodes] Some side effect nodes were eliminated by mistake. The node is:@613_get_query_key_value_tensors_448:_{[0]: ValueNode<FuncGraph> 633__tuple_getitem_by_number_449, [1]: CNode_450, [2]: ValueNode<Int64Imm> 1}
[WARNING] ANALYZER(253923,ffff972cf020,python):2026-09-11-21:18:30.106.060 [mindspore/ccsrc/frontend/jit/ps/static_analysis/auto_monad.cc:1592] ClearIsolatedNodes] Some side effect nodes were eliminated by mistake. The node is:@427_get_query_key_value_tensors_451:_{[0]: ValueNode<FuncGraph> 447__tuple_getitem_by_number_452, [1]: CNode_453, [2]: ValueNode<Int64Imm> 1}
[WARNING] PARALLEL(253923,ffff972cf020,python):2026-09-11-21:18:39.590.448 [mindspore/ccsrc/frontend/parallel/pipeline_transformer/pipeline_transformer.cc:259] MainGraph] Pipeline Parallel with no 'lazy_inline' is deprecated, '@lazy_inline' should be enabled
[WARNING] PARALLEL(253923,ffff972cf020,python):2026-09-11-21:18:40.958.735 [mindspore/ccsrc/frontend/parallel/ops_info/reduce_method_info.cc:353] CheckStrategy] ArgMaxWithValueInfo55 CheckStrategy for ArgMaxWithValueInfo, the strategy corresponding to axis is not one, real strategy is  4, the output index may be not compatible with the stand alone Primitive
[WARNING] PARALLEL(253923,ffff972cf020,python):2026-09-11-21:18:40.961.132 [mindspore/ccsrc/frontend/parallel/ops_info/self_define_shard_info.cc:104] CheckInputLayout] Use self define shard for SelfDefineShardInfo2828. User needs to ensure the accuracy and correctness of input/output layout, and framework will only do basic check.
[WARNING] PARALLEL(253923,ffff972cf020,python):2026-09-11-21:18:40.961.709 [mindspore/ccsrc/frontend/parallel/ops_info/self_define_shard_info.cc:104] CheckInputLayout] Use self define shard for SelfDefineShardInfo3333. User needs to ensure the accuracy and correctness of input/output layout, and framework will only do basic check.
[WARNING] PARALLEL(253923,ffff972cf020,python):2026-09-11-21:18:40.961.880 [mindspore/ccsrc/frontend/parallel/ops_info/self_define_shard_info.cc:104] CheckInputLayout] Use self define shard for SelfDefineShardInfo3434. User needs to ensure the accuracy and correctness of input/output layout, and framework will only do basic check.
[WARNING] PARALLEL(253923,ffff972cf020,python):2026-09-11-21:18:40.962.437 [mindspore/ccsrc/frontend/parallel/ops_info/self_define_shard_info.cc:104] CheckInputLayout] Use self define shard for SelfDefineShardInfo3838. User needs to ensure the accuracy and correctness of input/output layout, and framework will only do basic check.
[WARNING] PARALLEL(253923,ffff972cf020,python):2026-09-11-21:18:40.962.979 [mindspore/ccsrc/frontend/parallel/ops_info/self_define_shard_info.cc:104] CheckInputLayout] Use self define shard for SelfDefineShardInfo4242. User needs to ensure the accuracy and correctness of input/output layout, and framework will only do basic check.
[WARNING] PARALLEL(253923,ffff972cf020,python):2026-09-11-21:18:40.963.144 [mindspore/ccsrc/frontend/parallel/ops_info/self_define_shard_info.cc:104] CheckInputLayout] Use self define shard for SelfDefineShardInfo4343. User needs to ensure the accuracy and correctness of input/output layout, and framework will only do basic check.
[WARNING] PARALLEL(253923,ffff972cf020,python):2026-09-11-21:18:40.965.901 [mindspore/ccsrc/frontend/parallel/ops_info/self_define_shard_info.cc:104] CheckInputLayout] Use self define shard for SelfDefineShardInfo6868. User needs to ensure the accuracy and correctness of input/output layout, and framework will only do basic check.
[WARNING] PARALLEL(253923,ffff972cf020,python):2026-09-11-21:18:40.966.469 [mindspore/ccsrc/frontend/parallel/ops_info/self_define_shard_info.cc:104] CheckInputLayout] Use self define shard for SelfDefineShardInfo7373. User needs to ensure the accuracy and correctness of input/output layout, and framework will only do basic check.
[WARNING] PARALLEL(253923,ffff972cf020,python):2026-09-11-21:18:40.966.634 [mindspore/ccsrc/frontend/parallel/ops_info/self_define_shard_info.cc:104] CheckInputLayout] Use self define shard for SelfDefineShardInfo7474. User needs to ensure the accuracy and correctness of input/output layout, and framework will only do basic check.
[WARNING] PARALLEL(253923,ffff972cf020,python):2026-09-11-21:18:40.967.144 [mindspore/ccsrc/frontend/parallel/ops_info/self_define_shard_info.cc:104] CheckInputLayout] Use self define shard for SelfDefineShardInfo7878. User needs to ensure the accuracy and correctness of input/output layout, and framework will only do basic check.
[WARNING] PARALLEL(253923,ffff972cf020,python):2026-09-11-21:18:40.967.652 [mindspore/ccsrc/frontend/parallel/ops_info/self_define_shard_info.cc:104] CheckInputLayout] Use self define shard for SelfDefineShardInfo8282. User needs to ensure the accuracy and correctness of input/output layout, and framework will only do basic check.
[WARNING] PARALLEL(253923,ffff972cf020,python):2026-09-11-21:18:40.967.832 [mindspore/ccsrc/frontend/parallel/ops_info/self_define_shard_info.cc:104] CheckInputLayout] Use self define shard for SelfDefineShardInfo8383. User needs to ensure the accuracy and correctness of input/output layout, and framework will only do basic check.
[WARNING] PARALLEL(253923,ffff972cf020,python):2026-09-11-21:18:40.970.292 [mindspore/ccsrc/frontend/parallel/ops_info/self_define_shard_info.cc:104] CheckInputLayout] Use self define shard for SelfDefineShardInfo108108. User needs to ensure the accuracy and correctness of input/output layout, and framework will only do basic check.
[WARNING] PARALLEL(253923,ffff972cf020,python):2026-09-11-21:18:40.970.805 [mindspore/ccsrc/frontend/parallel/ops_info/self_define_shard_info.cc:104] CheckInputLayout] Use self define shard for SelfDefineShardInfo113113. User needs to ensure the accuracy and correctness of input/output layout, and framework will only do basic check.
[WARNING] PARALLEL(253923,ffff972cf020,python):2026-09-11-21:18:40.970.965 [mindspore/ccsrc/frontend/parallel/ops_info/self_define_shard_info.cc:104] CheckInputLayout] Use self define shard for SelfDefineShardInfo114114. User needs to ensure the accuracy and correctness of input/output layout, and framework will only do basic check.
[WARNING] PARALLEL(253923,ffff972cf020,python):2026-09-11-21:18:40.971.388 [mindspore/ccsrc/frontend/parallel/ops_info/self_define_shard_info.cc:104] CheckInputLayout] Use self define shard for SelfDefineShardInfo118118. User needs to ensure the accuracy and correctness of input/output layout, and framework will only do basic check.
[WARNING] PARALLEL(253923,ffff972cf020,python):2026-09-11-21:18:40.971.841 [mindspore/ccsrc/frontend/parallel/ops_info/self_define_shard_info.cc:104] CheckInputLayout] Use self define shard for SelfDefineShardInfo122122. User needs to ensure the accuracy and correctness of input/output layout, and framework will only do basic check.
[WARNING] PARALLEL(253923,ffff972cf020,python):2026-09-11-21:18:40.971.985 [mindspore/ccsrc/frontend/parallel/ops_info/self_define_shard_info.cc:104] CheckInputLayout] Use self define shard for SelfDefineShardInfo123123. User needs to ensure the accuracy and correctness of input/output layout, and framework will only do basic check.
[WARNING] PARALLEL(253923,ffff972cf020,python):2026-09-11-21:18:40.974.342 [mindspore/ccsrc/frontend/parallel/ops_info/self_define_shard_info.cc:104] CheckInputLayout] Use self define shard for SelfDefineShardInfo148148. User needs to ensure the accuracy and correctness of input/output layout, and framework will only do basic check.
[WARNING] PARALLEL(253923,ffff972cf020,python):2026-09-11-21:18:40.974.831 [mindspore/ccsrc/frontend/parallel/ops_info/self_define_shard_info.cc:104] CheckInputLayout] Use self define shard for SelfDefineShardInfo153153. User needs to ensure the accuracy and correctness of input/output layout, and framework will only do basic check.
[WARNING] PARALLEL(253923,ffff972cf020,python):2026-09-11-21:18:40.974.987 [mindspore/ccsrc/frontend/parallel/ops_info/self_define_shard_info.cc:104] CheckInputLayout] Use self define shard for SelfDefineShardInfo154154. User needs to ensure the accuracy and correctness of input/output layout, and framework will only do basic check.
[WARNING] PARALLEL(253923,ffff972cf020,python):2026-09-11-21:18:40.975.416 [mindspore/ccsrc/frontend/parallel/ops_info/self_define_shard_info.cc:104] CheckInputLayout] Use self define shard for SelfDefineShardInfo158158. User needs to ensure the accuracy and correctness of input/output layout, and framework will only do basic check.
[WARNING] PARALLEL(253923,ffff972cf020,python):2026-09-11-21:18:40.975.865 [mindspore/ccsrc/frontend/parallel/ops_info/self_define_shard_info.cc:104] CheckInputLayout] Use self define shard for SelfDefineShardInfo162162. User needs to ensure the accuracy and correctness of input/output layout, and framework will only do basic check.
[WARNING] PARALLEL(253923,ffff972cf020,python):2026-09-11-21:18:40.976.010 [mindspore/ccsrc/frontend/parallel/ops_info/self_define_shard_info.cc:104] CheckInputLayout] Use self define shard for SelfDefineShardInfo163163. User needs to ensure the accuracy and correctness of input/output layout, and framework will only do basic check.
[WARNING] PARALLEL(253923,ffff972cf020,python):2026-09-11-21:18:40.978.338 [mindspore/ccsrc/frontend/parallel/ops_info/self_define_shard_info.cc:104] CheckInputLayout] Use self define shard for SelfDefineShardInfo188188. User needs to ensure the accuracy and correctness of input/output layout, and framework will only do basic check.
[WARNING] PARALLEL(253923,ffff972cf020,python):2026-09-11-21:18:40.978.827 [mindspore/ccsrc/frontend/parallel/ops_info/self_define_shard_info.cc:104] CheckInputLayout] Use self define shard for SelfDefineShardInfo193193. User needs to ensure the accuracy and correctness of input/output layout, and framework will only do basic check.
[WARNING] PARALLEL(253923,ffff972cf020,python):2026-09-11-21:18:40.978.976 [mindspore/ccsrc/frontend/parallel/ops_info/self_define_shard_info.cc:104] CheckInputLayout] Use self define shard for SelfDefineShardInfo194194. User needs to ensure the accuracy and correctness of input/output layout, and framework will only do basic check.
[WARNING] PARALLEL(253923,ffff972cf020,python):2026-09-11-21:18:40.979.392 [mindspore/ccsrc/frontend/parallel/ops_info/self_define_shard_info.cc:104] CheckInputLayout] Use self define shard for SelfDefineShardInfo198198. User needs to ensure the accuracy and correctness of input/output layout, and framework will only do basic check.
[WARNING] PARALLEL(253923,ffff972cf020,python):2026-09-11-21:18:40.979.818 [mindspore/ccsrc/frontend/parallel/ops_info/self_define_shard_info.cc:104] CheckInputLayout] Use self define shard for SelfDefineShardInfo202202. User needs to ensure the accuracy and correctness of input/output layout, and framework will only do basic check.
[WARNING] PARALLEL(253923,ffff972cf020,python):2026-09-11-21:18:40.979.955 [mindspore/ccsrc/frontend/parallel/ops_info/self_define_shard_info.cc:104] CheckInputLayout] Use self define shard for SelfDefineShardInfo203203. User needs to ensure the accuracy and correctness of input/output layout, and framework will only do basic check.
[WARNING] PARALLEL(253923,ffff972cf020,python):2026-09-11-21:18:40.982.313 [mindspore/ccsrc/frontend/parallel/ops_info/self_define_shard_info.cc:104] CheckInputLayout] Use self define shard for SelfDefineShardInfo228228. User needs to ensure the accuracy and correctness of input/output layout, and framework will only do basic check.
[WARNING] PARALLEL(253923,ffff972cf020,python):2026-09-11-21:18:40.982.816 [mindspore/ccsrc/frontend/parallel/ops_info/self_define_shard_info.cc:104] CheckInputLayout] Use self define shard for SelfDefineShardInfo233233. User needs to ensure the accuracy and correctness of input/output layout, and framework will only do basic check.
[WARNING] PARALLEL(253923,ffff972cf020,python):2026-09-11-21:18:40.982.971 [mindspore/ccsrc/frontend/parallel/ops_info/self_define_shard_info.cc:104] CheckInputLayout] Use self define shard for SelfDefineShardInfo234234. User needs to ensure the accuracy and correctness of input/output layout, and framework will only do basic check.
[WARNING] PARALLEL(253923,ffff972cf020,python):2026-09-11-21:18:40.983.409 [mindspore/ccsrc/frontend/parallel/ops_info/self_define_shard_info.cc:104] CheckInputLayout] Use self define shard for SelfDefineShardInfo238238. User needs to ensure the accuracy and correctness of input/output layout, and framework will only do basic check.
[WARNING] PARALLEL(253923,ffff972cf020,python):2026-09-11-21:18:40.983.856 [mindspore/ccsrc/frontend/parallel/ops_info/self_define_shard_info.cc:104] CheckInputLayout] Use self define shard for SelfDefineShardInfo242242. User needs to ensure the accuracy and correctness of input/output layout, and framework will only do basic check.
[WARNING] PARALLEL(253923,ffff972cf020,python):2026-09-11-21:18:40.984.005 [mindspore/ccsrc/frontend/parallel/ops_info/self_define_shard_info.cc:104] CheckInputLayout] Use self define shard for SelfDefineShardInfo243243. User needs to ensure the accuracy and correctness of input/output layout, and framework will only do basic check.
[WARNING] PARALLEL(253923,ffff972cf020,python):2026-09-11-21:18:40.986.361 [mindspore/ccsrc/frontend/parallel/ops_info/self_define_shard_info.cc:104] CheckInputLayout] Use self define shard for SelfDefineShardInfo268268. User needs to ensure the accuracy and correctness of input/output layout, and framework will only do basic check.
[WARNING] PARALLEL(253923,ffff972cf020,python):2026-09-11-21:18:40.986.862 [mindspore/ccsrc/frontend/parallel/ops_info/self_define_shard_info.cc:104] CheckInputLayout] Use self define shard for SelfDefineShardInfo273273. User needs to ensure the accuracy and correctness of input/output layout, and framework will only do basic check.
[WARNING] PARALLEL(253923,ffff972cf020,python):2026-09-11-21:18:40.987.019 [mindspore/ccsrc/frontend/parallel/ops_info/self_define_shard_info.cc:104] CheckInputLayout] Use self define shard for SelfDefineShardInfo274274. User needs to ensure the accuracy and correctness of input/output layout, and framework will only do basic check.
[WARNING] PARALLEL(253923,ffff972cf020,python):2026-09-11-21:18:40.987.452 [mindspore/ccsrc/frontend/parallel/ops_info/self_define_shard_info.cc:104] CheckInputLayout] Use self define shard for SelfDefineShardInfo278278. User needs to ensure the accuracy and correctness of input/output layout, and framework will only do basic check.
[WARNING] PARALLEL(253923,ffff972cf020,python):2026-09-11-21:18:40.987.901 [mindspore/ccsrc/frontend/parallel/ops_info/self_define_shard_info.cc:104] CheckInputLayout] Use self define shard for SelfDefineShardInfo282282. User needs to ensure the accuracy and correctness of input/output layout, and framework will only do basic check.
[WARNING] PARALLEL(253923,ffff972cf020,python):2026-09-11-21:18:40.988.049 [mindspore/ccsrc/frontend/parallel/ops_info/self_define_shard_info.cc:104] CheckInputLayout] Use self define shard for SelfDefineShardInfo283283. User needs to ensure the accuracy and correctness of input/output layout, and framework will only do basic check.
[WARNING] PARALLEL(253923,ffff972cf020,python):2026-09-11-21:18:40.990.390 [mindspore/ccsrc/frontend/parallel/ops_info/self_define_shard_info.cc:104] CheckInputLayout] Use self define shard for SelfDefineShardInfo308308. User needs to ensure the accuracy and correctness of input/output layout, and framework will only do basic check.
[WARNING] PARALLEL(253923,ffff972cf020,python):2026-09-11-21:18:40.990.886 [mindspore/ccsrc/frontend/parallel/ops_info/self_define_shard_info.cc:104] CheckInputLayout] Use self define shard for SelfDefineShardInfo313313. User needs to ensure the accuracy and correctness of input/output layout, and framework will only do basic check.
[WARNING] PARALLEL(253923,ffff972cf020,python):2026-09-11-21:18:40.991.041 [mindspore/ccsrc/frontend/parallel/ops_info/self_define_shard_info.cc:104] CheckInputLayout] Use self define shard for SelfDefineShardInfo314314. User needs to ensure the accuracy and correctness of input/output layout, and framework will only do basic check.
[WARNING] PARALLEL(253923,ffff972cf020,python):2026-09-11-21:18:40.991.462 [mindspore/ccsrc/frontend/parallel/ops_info/self_define_shard_info.cc:104] CheckInputLayout] Use self define shard for SelfDefineShardInfo318318. User needs to ensure the accuracy and correctness of input/output layout, and framework will only do basic check.
[WARNING] PARALLEL(253923,ffff972cf020,python):2026-09-11-21:18:40.991.901 [mindspore/ccsrc/frontend/parallel/ops_info/self_define_shard_info.cc:104] CheckInputLayout] Use self define shard for SelfDefineShardInfo322322. User needs to ensure the accuracy and correctness of input/output layout, and framework will only do basic check.
[WARNING] PARALLEL(253923,ffff972cf020,python):2026-09-11-21:18:40.992.049 [mindspore/ccsrc/frontend/parallel/ops_info/self_define_shard_info.cc:104] CheckInputLayout] Use self define shard for SelfDefineShardInfo323323. User needs to ensure the accuracy and correctness of input/output layout, and framework will only do basic check.
[WARNING] PARALLEL(253923,ffff972cf020,python):2026-09-11-21:18:40.994.371 [mindspore/ccsrc/frontend/parallel/ops_info/self_define_shard_info.cc:104] CheckInputLayout] Use self define shard for SelfDefineShardInfo348348. User needs to ensure the accuracy and correctness of input/output layout, and framework will only do basic check.
[WARNING] PARALLEL(253923,ffff972cf020,python):2026-09-11-21:18:40.994.870 [mindspore/ccsrc/frontend/parallel/ops_info/self_define_shard_info.cc:104] CheckInputLayout] Use self define shard for SelfDefineShardInfo353353. User needs to ensure the accuracy and correctness of input/output layout, and framework will only do basic check.
[WARNING] PARALLEL(253923,ffff972cf020,python):2026-09-11-21:18:40.995.019 [mindspore/ccsrc/frontend/parallel/ops_info/self_define_shard_info.cc:104] CheckInputLayout] Use self define shard for SelfDefineShardInfo354354. User needs to ensure the accuracy and correctness of input/output layout, and framework will only do basic check.
[WARNING] PARALLEL(253923,ffff972cf020,python):2026-09-11-21:18:40.995.448 [mindspore/ccsrc/frontend/parallel/ops_info/self_define_shard_info.cc:104] CheckInputLayout] Use self define shard for SelfDefineShardInfo358358. User needs to ensure the accuracy and correctness of input/output layout, and framework will only do basic check.
[WARNING] PARALLEL(253923,ffff972cf020,python):2026-09-11-21:18:40.995.876 [mindspore/ccsrc/frontend/parallel/ops_info/self_define_shard_info.cc:104] CheckInputLayout] Use self define shard for SelfDefineShardInfo362362. User needs to ensure the accuracy and correctness of input/output layout, and framework will only do basic check.
[WARNING] PARALLEL(253923,ffff972cf020,python):2026-09-11-21:18:40.996.024 [mindspore/ccsrc/frontend/parallel/ops_info/self_define_shard_info.cc:104] CheckInputLayout] Use self define shard for SelfDefineShardInfo363363. User needs to ensure the accuracy and correctness of input/output layout, and framework will only do basic check.
[WARNING] PARALLEL(253923,ffff972cf020,python):2026-09-11-21:18:40.998.340 [mindspore/ccsrc/frontend/parallel/ops_info/self_define_shard_info.cc:104] CheckInputLayout] Use self define shard for SelfDefineShardInfo388388. User needs to ensure the accuracy and correctness of input/output layout, and framework will only do basic check.
[WARNING] PARALLEL(253923,ffff972cf020,python):2026-09-11-21:18:40.998.828 [mindspore/ccsrc/frontend/parallel/ops_info/self_define_shard_info.cc:104] CheckInputLayout] Use self define shard for SelfDefineShardInfo393393. User needs to ensure the accuracy and correctness of input/output layout, and framework will only do basic check.
[WARNING] PARALLEL(253923,ffff972cf020,python):2026-09-11-21:18:40.998.984 [mindspore/ccsrc/frontend/parallel/ops_info/self_define_shard_info.cc:104] CheckInputLayout] Use self define shard for SelfDefineShardInfo394394. User needs to ensure the accuracy and correctness of input/output layout, and framework will only do basic check.
[WARNING] PARALLEL(253923,ffff972cf020,python):2026-09-11-21:18:40.999.401 [mindspore/ccsrc/frontend/parallel/ops_info/self_define_shard_info.cc:104] CheckInputLayout] Use self define shard for SelfDefineShardInfo398398. User needs to ensure the accuracy and correctness of input/output layout, and framework will only do basic check.
[WARNING] PARALLEL(253923,ffff972cf020,python):2026-09-11-21:18:40.999.826 [mindspore/ccsrc/frontend/parallel/ops_info/self_define_shard_info.cc:104] CheckInputLayout] Use self define shard for SelfDefineShardInfo402402. User needs to ensure the accuracy and correctness of input/output layout, and framework will only do basic check.
[WARNING] PARALLEL(253923,ffff972cf020,python):2026-09-11-21:18:40.999.974 [mindspore/ccsrc/frontend/parallel/ops_info/self_define_shard_info.cc:104] CheckInputLayout] Use self define shard for SelfDefineShardInfo403403. User needs to ensure the accuracy and correctness of input/output layout, and framework will only do basic check.
[WARNING] PARALLEL(253923,ffff972cf020,python):2026-09-11-21:18:41.002.253 [mindspore/ccsrc/frontend/parallel/ops_info/self_define_shard_info.cc:104] CheckInputLayout] Use self define shard for SelfDefineShardInfo428428. User needs to ensure the accuracy and correctness of input/output layout, and framework will only do basic check.
[WARNING] PARALLEL(253923,ffff972cf020,python):2026-09-11-21:18:41.002.746 [mindspore/ccsrc/frontend/parallel/ops_info/self_define_shard_info.cc:104] CheckInputLayout] Use self define shard for SelfDefineShardInfo433433. User needs to ensure the accuracy and correctness of input/output layout, and framework will only do basic check.
[WARNING] PARALLEL(253923,ffff972cf020,python):2026-09-11-21:18:41.002.900 [mindspore/ccsrc/frontend/parallel/ops_info/self_define_shard_info.cc:104] CheckInputLayout] Use self define shard for SelfDefineShardInfo434434. User needs to ensure the accuracy and correctness of input/output layout, and framework will only do basic check.
[WARNING] PARALLEL(253923,ffff972cf020,python):2026-09-11-21:18:41.003.317 [mindspore/ccsrc/frontend/parallel/ops_info/self_define_shard_info.cc:104] CheckInputLayout] Use self define shard for SelfDefineShardInfo438438. User needs to ensure the accuracy and correctness of input/output layout, and framework will only do basic check.
[WARNING] PARALLEL(253923,ffff972cf020,python):2026-09-11-21:18:41.003.744 [mindspore/ccsrc/frontend/parallel/ops_info/self_define_shard_info.cc:104] CheckInputLayout] Use self define shard for SelfDefineShardInfo442442. User needs to ensure the accuracy and correctness of input/output layout, and framework will only do basic check.
[WARNING] PARALLEL(253923,ffff972cf020,python):2026-09-11-21:18:41.003.885 [mindspore/ccsrc/frontend/parallel/ops_info/self_define_shard_info.cc:104] CheckInputLayout] Use self define shard for SelfDefineShardInfo443443. User needs to ensure the accuracy and correctness of input/output layout, and framework will only do basic check.
[WARNING] PARALLEL(253923,ffff972cf020,python):2026-09-11-21:18:41.006.153 [mindspore/ccsrc/frontend/parallel/ops_info/self_define_shard_info.cc:104] CheckInputLayout] Use self define shard for SelfDefineShardInfo468468. User needs to ensure the accuracy and correctness of input/output layout, and framework will only do basic check.
[WARNING] PARALLEL(253923,ffff972cf020,python):2026-09-11-21:18:41.006.639 [mindspore/ccsrc/frontend/parallel/ops_info/self_define_shard_info.cc:104] CheckInputLayout] Use self define shard for SelfDefineShardInfo473473. User needs to ensure the accuracy and correctness of input/output layout, and framework will only do basic check.
[WARNING] PARALLEL(253923,ffff972cf020,python):2026-09-11-21:18:41.006.793 [mindspore/ccsrc/frontend/parallel/ops_info/self_define_shard_info.cc:104] CheckInputLayout] Use self define shard for SelfDefineShardInfo474474. User needs to ensure the accuracy and correctness of input/output layout, and framework will only do basic check.
[WARNING] PARALLEL(253923,ffff972cf020,python):2026-09-11-21:18:41.007.214 [mindspore/ccsrc/frontend/parallel/ops_info/self_define_shard_info.cc:104] CheckInputLayout] Use self define shard for SelfDefineShardInfo478478. User needs to ensure the accuracy and correctness of input/output layout, and framework will only do basic check.
[WARNING] PARALLEL(253923,ffff972cf020,python):2026-09-11-21:18:41.007.652 [mindspore/ccsrc/frontend/parallel/ops_info/self_define_shard_info.cc:104] CheckInputLayout] Use self define shard for SelfDefineShardInfo482482. User needs to ensure the accuracy and correctness of input/output layout, and framework will only do basic check.
[WARNING] PARALLEL(253923,ffff972cf020,python):2026-09-11-21:18:41.007.799 [mindspore/ccsrc/frontend/parallel/ops_info/self_define_shard_info.cc:104] CheckInputLayout] Use self define shard for SelfDefineShardInfo483483. User needs to ensure the accuracy and correctness of input/output layout, and framework will only do basic check.
[WARNING] PARALLEL(253923,ffff972cf020,python):2026-09-11-21:18:41.010.101 [mindspore/ccsrc/frontend/parallel/ops_info/self_define_shard_info.cc:104] CheckInputLayout] Use self define shard for SelfDefineShardInfo508508. User needs to ensure the accuracy and correctness of input/output layout, and framework will only do basic check.
[WARNING] PARALLEL(253923,ffff972cf020,python):2026-09-11-21:18:41.010.609 [mindspore/ccsrc/frontend/parallel/ops_info/self_define_shard_info.cc:104] CheckInputLayout] Use self define shard for SelfDefineShardInfo513513. User needs to ensure the accuracy and correctness of input/output layout, and framework will only do basic check.
[WARNING] PARALLEL(253923,ffff972cf020,python):2026-09-11-21:18:41.010.760 [mindspore/ccsrc/frontend/parallel/ops_info/self_define_shard_info.cc:104] CheckInputLayout] Use self define shard for SelfDefineShardInfo514514. User needs to ensure the accuracy and correctness of input/output layout, and framework will only do basic check.
[WARNING] PARALLEL(253923,ffff972cf020,python):2026-09-11-21:18:41.011.178 [mindspore/ccsrc/frontend/parallel/ops_info/self_define_shard_info.cc:104] CheckInputLayout] Use self define shard for SelfDefineShardInfo518518. User needs to ensure the accuracy and correctness of input/output layout, and framework will only do basic check.
[WARNING] PARALLEL(253923,ffff972cf020,python):2026-09-11-21:18:41.011.606 [mindspore/ccsrc/frontend/parallel/ops_info/self_define_shard_info.cc:104] CheckInputLayout] Use self define shard for SelfDefineShardInfo522522. User needs to ensure the accuracy and correctness of input/output layout, and framework will only do basic check.
[WARNING] PARALLEL(253923,ffff972cf020,python):2026-09-11-21:18:41.011.747 [mindspore/ccsrc/frontend/parallel/ops_info/self_define_shard_info.cc:104] CheckInputLayout] Use self define shard for SelfDefineShardInfo523523. User needs to ensure the accuracy and correctness of input/output layout, and framework will only do basic check.
[WARNING] PARALLEL(253923,ffff972cf020,python):2026-09-11-21:18:41.014.045 [mindspore/ccsrc/frontend/parallel/ops_info/self_define_shard_info.cc:104] CheckInputLayout] Use self define shard for SelfDefineShardInfo548548. User needs to ensure the accuracy and correctness of input/output layout, and framework will only do basic check.
[WARNING] PARALLEL(253923,ffff972cf020,python):2026-09-11-21:18:41.014.534 [mindspore/ccsrc/frontend/parallel/ops_info/self_define_shard_info.cc:104] CheckInputLayout] Use self define shard for SelfDefineShardInfo553553. User needs to ensure the accuracy and correctness of input/output layout, and framework will only do basic check.
[WARNING] PARALLEL(253923,ffff972cf020,python):2026-09-11-21:18:41.014.685 [mindspore/ccsrc/frontend/parallel/ops_info/self_define_shard_info.cc:104] CheckInputLayout] Use self define shard for SelfDefineShardInfo554554. User needs to ensure the accuracy and correctness of input/output layout, and framework will only do basic check.
[WARNING] PARALLEL(253923,ffff972cf020,python):2026-09-11-21:18:41.015.107 [mindspore/ccsrc/frontend/parallel/ops_info/self_define_shard_info.cc:104] CheckInputLayout] Use self define shard for SelfDefineShardInfo558558. User needs to ensure the accuracy and correctness of input/output layout, and framework will only do basic check.
[WARNING] PARALLEL(253923,ffff972cf020,python):2026-09-11-21:18:41.015.544 [mindspore/ccsrc/frontend/parallel/ops_info/self_define_shard_info.cc:104] CheckInputLayout] Use self define shard for SelfDefineShardInfo562562. User needs to ensure the accuracy and correctness of input/output layout, and framework will only do basic check.
[WARNING] PARALLEL(253923,ffff972cf020,python):2026-09-11-21:18:41.015.685 [mindspore/ccsrc/frontend/parallel/ops_info/self_define_shard_info.cc:104] CheckInputLayout] Use self define shard for SelfDefineShardInfo563563. User needs to ensure the accuracy and correctness of input/output layout, and framework will only do basic check.
[WARNING] PARALLEL(253923,ffff972cf020,python):2026-09-11-21:18:41.017.996 [mindspore/ccsrc/frontend/parallel/ops_info/self_define_shard_info.cc:104] CheckInputLayout] Use self define shard for SelfDefineShardInfo588588. User needs to ensure the accuracy and correctness of input/output layout, and framework will only do basic check.
[WARNING] PARALLEL(253923,ffff972cf020,python):2026-09-11-21:18:41.018.500 [mindspore/ccsrc/frontend/parallel/ops_info/self_define_shard_info.cc:104] CheckInputLayout] Use self define shard for SelfDefineShardInfo593593. User needs to ensure the accuracy and correctness of input/output layout, and framework will only do basic check.
[WARNING] PARALLEL(253923,ffff972cf020,python):2026-09-11-21:18:41.018.651 [mindspore/ccsrc/frontend/parallel/ops_info/self_define_shard_info.cc:104] CheckInputLayout] Use self define shard for SelfDefineShardInfo594594. User needs to ensure the accuracy and correctness of input/output layout, and framework will only do basic check.
[WARNING] PARALLEL(253923,ffff972cf020,python):2026-09-11-21:18:41.019.070 [mindspore/ccsrc/frontend/parallel/ops_info/self_define_shard_info.cc:104] CheckInputLayout] Use self define shard for SelfDefineShardInfo598598. User needs to ensure the accuracy and correctness of input/output layout, and framework will only do basic check.
[WARNING] PARALLEL(253923,ffff972cf020,python):2026-09-11-21:18:41.019.511 [mindspore/ccsrc/frontend/parallel/ops_info/self_define_shard_info.cc:104] CheckInputLayout] Use self define shard for SelfDefineShardInfo602602. User needs to ensure the accuracy and correctness of input/output layout, and framework will only do basic check.
[WARNING] PARALLEL(253923,ffff972cf020,python):2026-09-11-21:18:41.019.654 [mindspore/ccsrc/frontend/parallel/ops_info/self_define_shard_info.cc:104] CheckInputLayout] Use self define shard for SelfDefineShardInfo603603. User needs to ensure the accuracy and correctness of input/output layout, and framework will only do basic check.
[WARNING] PARALLEL(253923,ffff972cf020,python):2026-09-11-21:18:41.021.942 [mindspore/ccsrc/frontend/parallel/ops_info/self_define_shard_info.cc:104] CheckInputLayout] Use self define shard for SelfDefineShardInfo628628. User needs to ensure the accuracy and correctness of input/output layout, and framework will only do basic check.
[WARNING] PARALLEL(253923,ffff972cf020,python):2026-09-11-21:18:41.022.423 [mindspore/ccsrc/frontend/parallel/ops_info/self_define_shard_info.cc:104] CheckInputLayout] Use self define shard for SelfDefineShardInfo633633. User needs to ensure the accuracy and correctness of input/output layout, and framework will only do basic check.
[WARNING] PARALLEL(253923,ffff972cf020,python):2026-09-11-21:18:41.022.570 [mindspore/ccsrc/frontend/parallel/ops_info/self_define_shard_info.cc:104] CheckInputLayout] Use self define shard for SelfDefineShardInfo634634. User needs to ensure the accuracy and correctness of input/output layout, and framework will only do basic check.
[WARNING] PARALLEL(253923,ffff972cf020,python):2026-09-11-21:18:41.022.987 [mindspore/ccsrc/frontend/parallel/ops_info/self_define_shard_info.cc:104] CheckInputLayout] Use self define shard for SelfDefineShardInfo638638. User needs to ensure the accuracy and correctness of input/output layout, and framework will only do basic check.
[WARNING] PARALLEL(253923,ffff972cf020,python):2026-09-11-21:18:41.023.413 [mindspore/ccsrc/frontend/parallel/ops_info/self_define_shard_info.cc:104] CheckInputLayout] Use self define shard for SelfDefineShardInfo642642. User needs to ensure the accuracy and correctness of input/output layout, and framework will only do basic check.
[WARNING] PARALLEL(253923,ffff972cf020,python):2026-09-11-21:18:41.023.559 [mindspore/ccsrc/frontend/parallel/ops_info/self_define_shard_info.cc:104] CheckInputLayout] Use self define shard for SelfDefineShardInfo643643. User needs to ensure the accuracy and correctness of input/output layout, and framework will only do basic check.
[WARNING] PARALLEL(253923,ffff972cf020,python):2026-09-11-21:18:41.025.855 [mindspore/ccsrc/frontend/parallel/ops_info/self_define_shard_info.cc:104] CheckInputLayout] Use self define shard for SelfDefineShardInfo668668. User needs to ensure the accuracy and correctness of input/output layout, and framework will only do basic check.
[WARNING] PARALLEL(253923,ffff972cf020,python):2026-09-11-21:18:41.026.351 [mindspore/ccsrc/frontend/parallel/ops_info/self_define_shard_info.cc:104] CheckInputLayout] Use self define shard for SelfDefineShardInfo673673. User needs to ensure the accuracy and correctness of input/output layout, and framework will only do basic check.
[WARNING] PARALLEL(253923,ffff972cf020,python):2026-09-11-21:18:41.026.499 [mindspore/ccsrc/frontend/parallel/ops_info/self_define_shard_info.cc:104] CheckInputLayout] Use self define shard for SelfDefineShardInfo674674. User needs to ensure the accuracy and correctness of input/output layout, and framework will only do basic check.
[WARNING] PARALLEL(253923,ffff972cf020,python):2026-09-11-21:18:41.026.917 [mindspore/ccsrc/frontend/parallel/ops_info/self_define_shard_info.cc:104] CheckInputLayout] Use self define shard for SelfDefineShardInfo678678. User needs to ensure the accuracy and correctness of input/output layout, and framework will only do basic check.
[WARNING] PARALLEL(253923,ffff972cf020,python):2026-09-11-21:18:41.027.351 [mindspore/ccsrc/frontend/parallel/ops_info/self_define_shard_info.cc:104] CheckInputLayout] Use self define shard for SelfDefineShardInfo682682. User needs to ensure the accuracy and correctness of input/output layout, and framework will only do basic check.
[WARNING] PARALLEL(253923,ffff972cf020,python):2026-09-11-21:18:41.027.490 [mindspore/ccsrc/frontend/parallel/ops_info/self_define_shard_info.cc:104] CheckInputLayout] Use self define shard for SelfDefineShardInfo683683. User needs to ensure the accuracy and correctness of input/output layout, and framework will only do basic check.
[WARNING] PARALLEL(253923,ffff972cf020,python):2026-09-11-21:18:41.029.787 [mindspore/ccsrc/frontend/parallel/ops_info/self_define_shard_info.cc:104] CheckInputLayout] Use self define shard for SelfDefineShardInfo708708. User needs to ensure the accuracy and correctness of input/output layout, and framework will only do basic check.
[WARNING] PARALLEL(253923,ffff972cf020,python):2026-09-11-21:18:41.030.274 [mindspore/ccsrc/frontend/parallel/ops_info/self_define_shard_info.cc:104] CheckInputLayout] Use self define shard for SelfDefineShardInfo713713. User needs to ensure the accuracy and correctness of input/output layout, and framework will only do basic check.
[WARNING] PARALLEL(253923,ffff972cf020,python):2026-09-11-21:18:41.030.430 [mindspore/ccsrc/frontend/parallel/ops_info/self_define_shard_info.cc:104] CheckInputLayout] Use self define shard for SelfDefineShardInfo714714. User needs to ensure the accuracy and correctness of input/output layout, and framework will only do basic check.
[WARNING] PARALLEL(253923,ffff972cf020,python):2026-09-11-21:18:41.030.846 [mindspore/ccsrc/frontend/parallel/ops_info/self_define_shard_info.cc:104] CheckInputLayout] Use self define shard for SelfDefineShardInfo718718. User needs to ensure the accuracy and correctness of input/output layout, and framework will only do basic check.
[WARNING] PARALLEL(253923,ffff972cf020,python):2026-09-11-21:18:41.031.274 [mindspore/ccsrc/frontend/parallel/ops_info/self_define_shard_info.cc:104] CheckInputLayout] Use self define shard for SelfDefineShardInfo722722. User needs to ensure the accuracy and correctness of input/output layout, and framework will only do basic check.
[WARNING] PARALLEL(253923,ffff972cf020,python):2026-09-11-21:18:41.031.417 [mindspore/ccsrc/frontend/parallel/ops_info/self_define_shard_info.cc:104] CheckInputLayout] Use self define shard for SelfDefineShardInfo723723. User needs to ensure the accuracy and correctness of input/output layout, and framework will only do basic check.
[WARNING] PARALLEL(253923,ffff972cf020,python):2026-09-11-21:18:41.033.706 [mindspore/ccsrc/frontend/parallel/ops_info/self_define_shard_info.cc:104] CheckInputLayout] Use self define shard for SelfDefineShardInfo748748. User needs to ensure the accuracy and correctness of input/output layout, and framework will only do basic check.
[WARNING] PARALLEL(253923,ffff972cf020,python):2026-09-11-21:18:41.034.205 [mindspore/ccsrc/frontend/parallel/ops_info/self_define_shard_info.cc:104] CheckInputLayout] Use self define shard for SelfDefineShardInfo753753. User needs to ensure the accuracy and correctness of input/output layout, and framework will only do basic check.
[WARNING] PARALLEL(253923,ffff972cf020,python):2026-09-11-21:18:41.034.355 [mindspore/ccsrc/frontend/parallel/ops_info/self_define_shard_info.cc:104] CheckInputLayout] Use self define shard for SelfDefineShardInfo754754. User needs to ensure the accuracy and correctness of input/output layout, and framework will only do basic check.
[WARNING] PARALLEL(253923,ffff972cf020,python):2026-09-11-21:18:41.034.768 [mindspore/ccsrc/frontend/parallel/ops_info/self_define_shard_info.cc:104] CheckInputLayout] Use self define shard for SelfDefineShardInfo758758. User needs to ensure the accuracy and correctness of input/output layout, and framework will only do basic check.
[WARNING] PARALLEL(253923,ffff972cf020,python):2026-09-11-21:18:41.035.196 [mindspore/ccsrc/frontend/parallel/ops_info/self_define_shard_info.cc:104] CheckInputLayout] Use self define shard for SelfDefineShardInfo762762. User needs to ensure the accuracy and correctness of input/output layout, and framework will only do basic check.
[WARNING] PARALLEL(253923,ffff972cf020,python):2026-09-11-21:18:41.035.339 [mindspore/ccsrc/frontend/parallel/ops_info/self_define_shard_info.cc:104] CheckInputLayout] Use self define shard for SelfDefineShardInfo763763. User needs to ensure the accuracy and correctness of input/output layout, and framework will only do basic check.
[WARNING] PARALLEL(253923,ffff972cf020,python):2026-09-11-21:18:41.037.607 [mindspore/ccsrc/frontend/parallel/ops_info/self_define_shard_info.cc:104] CheckInputLayout] Use self define shard for SelfDefineShardInfo788788. User needs to ensure the accuracy and correctness of input/output layout, and framework will only do basic check.
[WARNING] PARALLEL(253923,ffff972cf020,python):2026-09-11-21:18:41.038.093 [mindspore/ccsrc/frontend/parallel/ops_info/self_define_shard_info.cc:104] CheckInputLayout] Use self define shard for SelfDefineShardInfo793793. User needs to ensure the accuracy and correctness of input/output layout, and framework will only do basic check.
[WARNING] PARALLEL(253923,ffff972cf020,python):2026-09-11-21:18:41.038.246 [mindspore/ccsrc/frontend/parallel/ops_info/self_define_shard_info.cc:104] CheckInputLayout] Use self define shard for SelfDefineShardInfo794794. User needs to ensure the accuracy and correctness of input/output layout, and framework will only do basic check.
[WARNING] PARALLEL(253923,ffff972cf020,python):2026-09-11-21:18:41.038.665 [mindspore/ccsrc/frontend/parallel/ops_info/self_define_shard_info.cc:104] CheckInputLayout] Use self define shard for SelfDefineShardInfo798798. User needs to ensure the accuracy and correctness of input/output layout, and framework will only do basic check.
[WARNING] PARALLEL(253923,ffff972cf020,python):2026-09-11-21:18:41.039.096 [mindspore/ccsrc/frontend/parallel/ops_info/self_define_shard_info.cc:104] CheckInputLayout] Use self define shard for SelfDefineShardInfo802802. User needs to ensure the accuracy and correctness of input/output layout, and framework will only do basic check.
[WARNING] PARALLEL(253923,ffff972cf020,python):2026-09-11-21:18:41.039.235 [mindspore/ccsrc/frontend/parallel/ops_info/self_define_shard_info.cc:104] CheckInputLayout] Use self define shard for SelfDefineShardInfo803803. User needs to ensure the accuracy and correctness of input/output layout, and framework will only do basic check.
[WARNING] PARALLEL(253923,ffff972cf020,python):2026-09-11-21:18:41.041.523 [mindspore/ccsrc/frontend/parallel/ops_info/self_define_shard_info.cc:104] CheckInputLayout] Use self define shard for SelfDefineShardInfo828828. User needs to ensure the accuracy and correctness of input/output layout, and framework will only do basic check.
[WARNING] PARALLEL(253923,ffff972cf020,python):2026-09-11-21:18:41.042.029 [mindspore/ccsrc/frontend/parallel/ops_info/self_define_shard_info.cc:104] CheckInputLayout] Use self define shard for SelfDefineShardInfo833833. User needs to ensure the accuracy and correctness of input/output layout, and framework will only do basic check.
[WARNING] PARALLEL(253923,ffff972cf020,python):2026-09-11-21:18:41.042.181 [mindspore/ccsrc/frontend/parallel/ops_info/self_define_shard_info.cc:104] CheckInputLayout] Use self define shard for SelfDefineShardInfo834834. User needs to ensure the accuracy and correctness of input/output layout, and framework will only do basic check.
[WARNING] PARALLEL(253923,ffff972cf020,python):2026-09-11-21:18:41.042.600 [mindspore/ccsrc/frontend/parallel/ops_info/self_define_shard_info.cc:104] CheckInputLayout] Use self define shard for SelfDefineShardInfo838838. User needs to ensure the accuracy and correctness of input/output layout, and framework will only do basic check.
[WARNING] PARALLEL(253923,ffff972cf020,python):2026-09-11-21:18:41.043.026 [mindspore/ccsrc/frontend/parallel/ops_info/self_define_shard_info.cc:104] CheckInputLayout] Use self define shard for SelfDefineShardInfo842842. User needs to ensure the accuracy and correctness of input/output layout, and framework will only do basic check.
[WARNING] PARALLEL(253923,ffff972cf020,python):2026-09-11-21:18:41.043.164 [mindspore/ccsrc/frontend/parallel/ops_info/self_define_shard_info.cc:104] CheckInputLayout] Use self define shard for SelfDefineShardInfo843843. User needs to ensure the accuracy and correctness of input/output layout, and framework will only do basic check.
[WARNING] PARALLEL(253923,ffff972cf020,python):2026-09-11-21:18:41.045.450 [mindspore/ccsrc/frontend/parallel/ops_info/self_define_shard_info.cc:104] CheckInputLayout] Use self define shard for SelfDefineShardInfo868868. User needs to ensure the accuracy and correctness of input/output layout, and framework will only do basic check.
[WARNING] PARALLEL(253923,ffff972cf020,python):2026-09-11-21:18:41.045.934 [mindspore/ccsrc/frontend/parallel/ops_info/self_define_shard_info.cc:104] CheckInputLayout] Use self define shard for SelfDefineShardInfo873873. User needs to ensure the accuracy and correctness of input/output layout, and framework will only do basic check.
[WARNING] PARALLEL(253923,ffff972cf020,python):2026-09-11-21:18:41.046.084 [mindspore/ccsrc/frontend/parallel/ops_info/self_define_shard_info.cc:104] CheckInputLayout] Use self define shard for SelfDefineShardInfo874874. User needs to ensure the accuracy and correctness of input/output layout, and framework will only do basic check.
[WARNING] PARALLEL(253923,ffff972cf020,python):2026-09-11-21:18:41.046.495 [mindspore/ccsrc/frontend/parallel/ops_info/self_define_shard_info.cc:104] CheckInputLayout] Use self define shard for SelfDefineShardInfo878878. User needs to ensure the accuracy and correctness of input/output layout, and framework will only do basic check.
[WARNING] PARALLEL(253923,ffff972cf020,python):2026-09-11-21:18:41.046.927 [mindspore/ccsrc/frontend/parallel/ops_info/self_define_shard_info.cc:104] CheckInputLayout] Use self define shard for SelfDefineShardInfo882882. User needs to ensure the accuracy and correctness of input/output layout, and framework will only do basic check.
[WARNING] PARALLEL(253923,ffff972cf020,python):2026-09-11-21:18:41.047.073 [mindspore/ccsrc/frontend/parallel/ops_info/self_define_shard_info.cc:104] CheckInputLayout] Use self define shard for SelfDefineShardInfo883883. User needs to ensure the accuracy and correctness of input/output layout, and framework will only do basic check.
[WARNING] PARALLEL(253923,ffff972cf020,python):2026-09-11-21:18:41.049.350 [mindspore/ccsrc/frontend/parallel/ops_info/self_define_shard_info.cc:104] CheckInputLayout] Use self define shard for SelfDefineShardInfo908908. User needs to ensure the accuracy and correctness of input/output layout, and framework will only do basic check.
[WARNING] PARALLEL(253923,ffff972cf020,python):2026-09-11-21:18:41.049.844 [mindspore/ccsrc/frontend/parallel/ops_info/self_define_shard_info.cc:104] CheckInputLayout] Use self define shard for SelfDefineShardInfo913913. User needs to ensure the accuracy and correctness of input/output layout, and framework will only do basic check.
[WARNING] PARALLEL(253923,ffff972cf020,python):2026-09-11-21:18:41.049.999 [mindspore/ccsrc/frontend/parallel/ops_info/self_define_shard_info.cc:104] CheckInputLayout] Use self define shard for SelfDefineShardInfo914914. User needs to ensure the accuracy and correctness of input/output layout, and framework will only do basic check.
[WARNING] PARALLEL(253923,ffff972cf020,python):2026-09-11-21:18:41.050.417 [mindspore/ccsrc/frontend/parallel/ops_info/self_define_shard_info.cc:104] CheckInputLayout] Use self define shard for SelfDefineShardInfo918918. User needs to ensure the accuracy and correctness of input/output layout, and framework will only do basic check.
[WARNING] PARALLEL(253923,ffff972cf020,python):2026-09-11-21:18:41.050.849 [mindspore/ccsrc/frontend/parallel/ops_info/self_define_shard_info.cc:104] CheckInputLayout] Use self define shard for SelfDefineShardInfo922922. User needs to ensure the accuracy and correctness of input/output layout, and framework will only do basic check.
[WARNING] PARALLEL(253923,ffff972cf020,python):2026-09-11-21:18:41.050.991 [mindspore/ccsrc/frontend/parallel/ops_info/self_define_shard_info.cc:104] CheckInputLayout] Use self define shard for SelfDefineShardInfo923923. User needs to ensure the accuracy and correctness of input/output layout, and framework will only do basic check.
[WARNING] PARALLEL(253923,ffff972cf020,python):2026-09-11-21:18:41.053.279 [mindspore/ccsrc/frontend/parallel/ops_info/self_define_shard_info.cc:104] CheckInputLayout] Use self define shard for SelfDefineShardInfo948948. User needs to ensure the accuracy and correctness of input/output layout, and framework will only do basic check.
[WARNING] PARALLEL(253923,ffff972cf020,python):2026-09-11-21:18:41.053.770 [mindspore/ccsrc/frontend/parallel/ops_info/self_define_shard_info.cc:104] CheckInputLayout] Use self define shard for SelfDefineShardInfo953953. User needs to ensure the accuracy and correctness of input/output layout, and framework will only do basic check.
[WARNING] PARALLEL(253923,ffff972cf020,python):2026-09-11-21:18:41.053.922 [mindspore/ccsrc/frontend/parallel/ops_info/self_define_shard_info.cc:104] CheckInputLayout] Use self define shard for SelfDefineShardInfo954954. User needs to ensure the accuracy and correctness of input/output layout, and framework will only do basic check.
[WARNING] PARALLEL(253923,ffff972cf020,python):2026-09-11-21:18:41.054.340 [mindspore/ccsrc/frontend/parallel/ops_info/self_define_shard_info.cc:104] CheckInputLayout] Use self define shard for SelfDefineShardInfo958958. User needs to ensure the accuracy and correctness of input/output layout, and framework will only do basic check.
[WARNING] PARALLEL(253923,ffff972cf020,python):2026-09-11-21:18:41.054.762 [mindspore/ccsrc/frontend/parallel/ops_info/self_define_shard_info.cc:104] CheckInputLayout] Use self define shard for SelfDefineShardInfo962962. User needs to ensure the accuracy and correctness of input/output layout, and framework will only do basic check.
[WARNING] PARALLEL(253923,ffff972cf020,python):2026-09-11-21:18:41.054.905 [mindspore/ccsrc/frontend/parallel/ops_info/self_define_shard_info.cc:104] CheckInputLayout] Use self define shard for SelfDefineShardInfo963963. User needs to ensure the accuracy and correctness of input/output layout, and framework will only do basic check.
[WARNING] PARALLEL(253923,ffff972cf020,python):2026-09-11-21:18:41.057.198 [mindspore/ccsrc/frontend/parallel/ops_info/self_define_shard_info.cc:104] CheckInputLayout] Use self define shard for SelfDefineShardInfo988988. User needs to ensure the accuracy and correctness of input/output layout, and framework will only do basic check.
[WARNING] PARALLEL(253923,ffff972cf020,python):2026-09-11-21:18:41.057.696 [mindspore/ccsrc/frontend/parallel/ops_info/self_define_shard_info.cc:104] CheckInputLayout] Use self define shard for SelfDefineShardInfo993993. User needs to ensure the accuracy and correctness of input/output layout, and framework will only do basic check.
[WARNING] PARALLEL(253923,ffff972cf020,python):2026-09-11-21:18:41.057.855 [mindspore/ccsrc/frontend/parallel/ops_info/self_define_shard_info.cc:104] CheckInputLayout] Use self define shard for SelfDefineShardInfo994994. User needs to ensure the accuracy and correctness of input/output layout, and framework will only do basic check.
[WARNING] PARALLEL(253923,ffff972cf020,python):2026-09-11-21:18:41.058.275 [mindspore/ccsrc/frontend/parallel/ops_info/self_define_shard_info.cc:104] CheckInputLayout] Use self define shard for SelfDefineShardInfo998998. User needs to ensure the accuracy and correctness of input/output layout, and framework will only do basic check.
[WARNING] PARALLEL(253923,ffff972cf020,python):2026-09-11-21:18:41.058.706 [mindspore/ccsrc/frontend/parallel/ops_info/self_define_shard_info.cc:104] CheckInputLayout] Use self define shard for SelfDefineShardInfo10021002. User needs to ensure the accuracy and correctness of input/output layout, and framework will only do basic check.
[WARNING] PARALLEL(253923,ffff972cf020,python):2026-09-11-21:18:41.058.848 [mindspore/ccsrc/frontend/parallel/ops_info/self_define_shard_info.cc:104] CheckInputLayout] Use self define shard for SelfDefineShardInfo10031003. User needs to ensure the accuracy and correctness of input/output layout, and framework will only do basic check.
[WARNING] PARALLEL(253923,ffff972cf020,python):2026-09-11-21:18:41.061.132 [mindspore/ccsrc/frontend/parallel/ops_info/self_define_shard_info.cc:104] CheckInputLayout] Use self define shard for SelfDefineShardInfo10281028. User needs to ensure the accuracy and correctness of input/output layout, and framework will only do basic check.
[WARNING] PARALLEL(253923,ffff972cf020,python):2026-09-11-21:18:41.061.622 [mindspore/ccsrc/frontend/parallel/ops_info/self_define_shard_info.cc:104] CheckInputLayout] Use self define shard for SelfDefineShardInfo10331033. User needs to ensure the accuracy and correctness of input/output layout, and framework will only do basic check.
[WARNING] PARALLEL(253923,ffff972cf020,python):2026-09-11-21:18:41.061.774 [mindspore/ccsrc/frontend/parallel/ops_info/self_define_shard_info.cc:104] CheckInputLayout] Use self define shard for SelfDefineShardInfo10341034. User needs to ensure the accuracy and correctness of input/output layout, and framework will only do basic check.
[WARNING] PARALLEL(253923,ffff972cf020,python):2026-09-11-21:18:41.062.190 [mindspore/ccsrc/frontend/parallel/ops_info/self_define_shard_info.cc:104] CheckInputLayout] Use self define shard for SelfDefineShardInfo10381038. User needs to ensure the accuracy and correctness of input/output layout, and framework will only do basic check.
[WARNING] PARALLEL(253923,ffff972cf020,python):2026-09-11-21:18:41.062.623 [mindspore/ccsrc/frontend/parallel/ops_info/self_define_shard_info.cc:104] CheckInputLayout] Use self define shard for SelfDefineShardInfo10421042. User needs to ensure the accuracy and correctness of input/output layout, and framework will only do basic check.
[WARNING] PARALLEL(253923,ffff972cf020,python):2026-09-11-21:18:41.062.764 [mindspore/ccsrc/frontend/parallel/ops_info/self_define_shard_info.cc:104] CheckInputLayout] Use self define shard for SelfDefineShardInfo10431043. User needs to ensure the accuracy and correctness of input/output layout, and framework will only do basic check.
[WARNING] PARALLEL(253923,ffff972cf020,python):2026-09-11-21:18:41.065.051 [mindspore/ccsrc/frontend/parallel/ops_info/self_define_shard_info.cc:104] CheckInputLayout] Use self define shard for SelfDefineShardInfo10681068. User needs to ensure the accuracy and correctness of input/output layout, and framework will only do basic check.
[WARNING] PARALLEL(253923,ffff972cf020,python):2026-09-11-21:18:41.065.542 [mindspore/ccsrc/frontend/parallel/ops_info/self_define_shard_info.cc:104] CheckInputLayout] Use self define shard for SelfDefineShardInfo10731073. User needs to ensure the accuracy and correctness of input/output layout, and framework will only do basic check.
[WARNING] PARALLEL(253923,ffff972cf020,python):2026-09-11-21:18:41.065.700 [mindspore/ccsrc/frontend/parallel/ops_info/self_define_shard_info.cc:104] CheckInputLayout] Use self define shard for SelfDefineShardInfo10741074. User needs to ensure the accuracy and correctness of input/output layout, and framework will only do basic check.
[WARNING] PARALLEL(253923,ffff972cf020,python):2026-09-11-21:18:41.066.120 [mindspore/ccsrc/frontend/parallel/ops_info/self_define_shard_info.cc:104] CheckInputLayout] Use self define shard for SelfDefineShardInfo10781078. User needs to ensure the accuracy and correctness of input/output layout, and framework will only do basic check.
[WARNING] PARALLEL(253923,ffff972cf020,python):2026-09-11-21:18:41.066.547 [mindspore/ccsrc/frontend/parallel/ops_info/self_define_shard_info.cc:104] CheckInputLayout] Use self define shard for SelfDefineShardInfo10821082. User needs to ensure the accuracy and correctness of input/output layout, and framework will only do basic check.
[WARNING] PARALLEL(253923,ffff972cf020,python):2026-09-11-21:18:41.066.689 [mindspore/ccsrc/frontend/parallel/ops_info/self_define_shard_info.cc:104] CheckInputLayout] Use self define shard for SelfDefineShardInfo10831083. User needs to ensure the accuracy and correctness of input/output layout, and framework will only do basic check.
[WARNING] PARALLEL(253923,ffff972cf020,python):2026-09-11-21:18:41.069.011 [mindspore/ccsrc/frontend/parallel/ops_info/self_define_shard_info.cc:104] CheckInputLayout] Use self define shard for SelfDefineShardInfo11081108. User needs to ensure the accuracy and correctness of input/output layout, and framework will only do basic check.
[WARNING] PARALLEL(253923,ffff972cf020,python):2026-09-11-21:18:41.069.503 [mindspore/ccsrc/frontend/parallel/ops_info/self_define_shard_info.cc:104] CheckInputLayout] Use self define shard for SelfDefineShardInfo11131113. User needs to ensure the accuracy and correctness of input/output layout, and framework will only do basic check.
[WARNING] PARALLEL(253923,ffff972cf020,python):2026-09-11-21:18:41.069.655 [mindspore/ccsrc/frontend/parallel/ops_info/self_define_shard_info.cc:104] CheckInputLayout] Use self define shard for SelfDefineShardInfo11141114. User needs to ensure the accuracy and correctness of input/output layout, and framework will only do basic check.
[WARNING] PARALLEL(253923,ffff972cf020,python):2026-09-11-21:18:41.070.077 [mindspore/ccsrc/frontend/parallel/ops_info/self_define_shard_info.cc:104] CheckInputLayout] Use self define shard for SelfDefineShardInfo11181118. User needs to ensure the accuracy and correctness of input/output layout, and framework will only do basic check.
[WARNING] PARALLEL(253923,ffff972cf020,python):2026-09-11-21:18:41.070.504 [mindspore/ccsrc/frontend/parallel/ops_info/self_define_shard_info.cc:104] CheckInputLayout] Use self define shard for SelfDefineShardInfo11221122. User needs to ensure the accuracy and correctness of input/output layout, and framework will only do basic check.
[WARNING] PARALLEL(253923,ffff972cf020,python):2026-09-11-21:18:41.070.648 [mindspore/ccsrc/frontend/parallel/ops_info/self_define_shard_info.cc:104] CheckInputLayout] Use self define shard for SelfDefineShardInfo11231123. User needs to ensure the accuracy and correctness of input/output layout, and framework will only do basic check.
[WARNING] PARALLEL(253923,ffff972cf020,python):2026-09-11-21:18:41.072.961 [mindspore/ccsrc/frontend/parallel/ops_info/self_define_shard_info.cc:104] CheckInputLayout] Use self define shard for SelfDefineShardInfo11481148. User needs to ensure the accuracy and correctness of input/output layout, and framework will only do basic check.
[WARNING] PARALLEL(253923,ffff972cf020,python):2026-09-11-21:18:41.073.451 [mindspore/ccsrc/frontend/parallel/ops_info/self_define_shard_info.cc:104] CheckInputLayout] Use self define shard for SelfDefineShardInfo11531153. User needs to ensure the accuracy and correctness of input/output layout, and framework will only do basic check.
[WARNING] PARALLEL(253923,ffff972cf020,python):2026-09-11-21:18:41.073.611 [mindspore/ccsrc/frontend/parallel/ops_info/self_define_shard_info.cc:104] CheckInputLayout] Use self define shard for SelfDefineShardInfo11541154. User needs to ensure the accuracy and correctness of input/output layout, and framework will only do basic check.
[WARNING] PARALLEL(253923,ffff972cf020,python):2026-09-11-21:18:41.074.028 [mindspore/ccsrc/frontend/parallel/ops_info/self_define_shard_info.cc:104] CheckInputLayout] Use self define shard for SelfDefineShardInfo11581158. User needs to ensure the accuracy and correctness of input/output layout, and framework will only do basic check.
[WARNING] PARALLEL(253923,ffff972cf020,python):2026-09-11-21:18:41.074.470 [mindspore/ccsrc/frontend/parallel/ops_info/self_define_shard_info.cc:104] CheckInputLayout] Use self define shard for SelfDefineShardInfo11621162. User needs to ensure the accuracy and correctness of input/output layout, and framework will only do basic check.
[WARNING] PARALLEL(253923,ffff972cf020,python):2026-09-11-21:18:41.074.612 [mindspore/ccsrc/frontend/parallel/ops_info/self_define_shard_info.cc:104] CheckInputLayout] Use self define shard for SelfDefineShardInfo11631163. User needs to ensure the accuracy and correctness of input/output layout, and framework will only do basic check.
[WARNING] PARALLEL(253923,ffff972cf020,python):2026-09-11-21:18:41.076.912 [mindspore/ccsrc/frontend/parallel/ops_info/self_define_shard_info.cc:104] CheckInputLayout] Use self define shard for SelfDefineShardInfo11881188. User needs to ensure the accuracy and correctness of input/output layout, and framework will only do basic check.
[WARNING] PARALLEL(253923,ffff972cf020,python):2026-09-11-21:18:41.077.412 [mindspore/ccsrc/frontend/parallel/ops_info/self_define_shard_info.cc:104] CheckInputLayout] Use self define shard for SelfDefineShardInfo11931193. User needs to ensure the accuracy and correctness of input/output layout, and framework will only do basic check.
[WARNING] PARALLEL(253923,ffff972cf020,python):2026-09-11-21:18:41.077.565 [mindspore/ccsrc/frontend/parallel/ops_info/self_define_shard_info.cc:104] CheckInputLayout] Use self define shard for SelfDefineShardInfo11941194. User needs to ensure the accuracy and correctness of input/output layout, and framework will only do basic check.
[WARNING] PARALLEL(253923,ffff972cf020,python):2026-09-11-21:18:41.077.986 [mindspore/ccsrc/frontend/parallel/ops_info/self_define_shard_info.cc:104] CheckInputLayout] Use self define shard for SelfDefineShardInfo11981198. User needs to ensure the accuracy and correctness of input/output layout, and framework will only do basic check.
[WARNING] PARALLEL(253923,ffff972cf020,python):2026-09-11-21:18:41.078.418 [mindspore/ccsrc/frontend/parallel/ops_info/self_define_shard_info.cc:104] CheckInputLayout] Use self define shard for SelfDefineShardInfo12021202. User needs to ensure the accuracy and correctness of input/output layout, and framework will only do basic check.
[WARNING] PARALLEL(253923,ffff972cf020,python):2026-09-11-21:18:41.078.559 [mindspore/ccsrc/frontend/parallel/ops_info/self_define_shard_info.cc:104] CheckInputLayout] Use self define shard for SelfDefineShardInfo12031203. User needs to ensure the accuracy and correctness of input/output layout, and framework will only do basic check.
[WARNING] PARALLEL(253923,ffff972cf020,python):2026-09-11-21:18:41.080.914 [mindspore/ccsrc/frontend/parallel/ops_info/self_define_shard_info.cc:104] CheckInputLayout] Use self define shard for SelfDefineShardInfo12281228. User needs to ensure the accuracy and correctness of input/output layout, and framework will only do basic check.
[WARNING] PARALLEL(253923,ffff972cf020,python):2026-09-11-21:18:41.081.413 [mindspore/ccsrc/frontend/parallel/ops_info/self_define_shard_info.cc:104] CheckInputLayout] Use self define shard for SelfDefineShardInfo12331233. User needs to ensure the accuracy and correctness of input/output layout, and framework will only do basic check.
[WARNING] PARALLEL(253923,ffff972cf020,python):2026-09-11-21:18:41.081.575 [mindspore/ccsrc/frontend/parallel/ops_info/self_define_shard_info.cc:104] CheckInputLayout] Use self define shard for SelfDefineShardInfo12341234. User needs to ensure the accuracy and correctness of input/output layout, and framework will only do basic check.
[WARNING] PARALLEL(253923,ffff972cf020,python):2026-09-11-21:18:41.081.997 [mindspore/ccsrc/frontend/parallel/ops_info/self_define_shard_info.cc:104] CheckInputLayout] Use self define shard for SelfDefineShardInfo12381238. User needs to ensure the accuracy and correctness of input/output layout, and framework will only do basic check.
[WARNING] PARALLEL(253923,ffff972cf020,python):2026-09-11-21:18:41.082.442 [mindspore/ccsrc/frontend/parallel/ops_info/self_define_shard_info.cc:104] CheckInputLayout] Use self define shard for SelfDefineShardInfo12421242. User needs to ensure the accuracy and correctness of input/output layout, and framework will only do basic check.
[WARNING] PARALLEL(253923,ffff972cf020,python):2026-09-11-21:18:41.082.592 [mindspore/ccsrc/frontend/parallel/ops_info/self_define_shard_info.cc:104] CheckInputLayout] Use self define shard for SelfDefineShardInfo12431243. User needs to ensure the accuracy and correctness of input/output layout, and framework will only do basic check.
[WARNING] PARALLEL(253923,ffff972cf020,python):2026-09-11-21:18:41.085.091 [mindspore/ccsrc/frontend/parallel/ops_info/self_define_shard_info.cc:104] CheckInputLayout] Use self define shard for SelfDefineShardInfo12681268. User needs to ensure the accuracy and correctness of input/output layout, and framework will only do basic check.
[WARNING] PARALLEL(253923,ffff972cf020,python):2026-09-11-21:18:41.085.621 [mindspore/ccsrc/frontend/parallel/ops_info/self_define_shard_info.cc:104] CheckInputLayout] Use self define shard for SelfDefineShardInfo12731273. User needs to ensure the accuracy and correctness of input/output layout, and framework will only do basic check.
[WARNING] PARALLEL(253923,ffff972cf020,python):2026-09-11-21:18:41.085.773 [mindspore/ccsrc/frontend/parallel/ops_info/self_define_shard_info.cc:104] CheckInputLayout] Use self define shard for SelfDefineShardInfo12741274. User needs to ensure the accuracy and correctness of input/output layout, and framework will only do basic check.
[WARNING] PARALLEL(253923,ffff972cf020,python):2026-09-11-21:18:41.086.224 [mindspore/ccsrc/frontend/parallel/ops_info/self_define_shard_info.cc:104] CheckInputLayout] Use self define shard for SelfDefineShardInfo12781278. User needs to ensure the accuracy and correctness of input/output layout, and framework will only do basic check.
[WARNING] PARALLEL(253923,ffff972cf020,python):2026-09-11-21:18:41.086.688 [mindspore/ccsrc/frontend/parallel/ops_info/self_define_shard_info.cc:104] CheckInputLayout] Use self define shard for SelfDefineShardInfo12821282. User needs to ensure the accuracy and correctness of input/output layout, and framework will only do basic check.
[WARNING] PARALLEL(253923,ffff972cf020,python):2026-09-11-21:18:41.086.838 [mindspore/ccsrc/frontend/parallel/ops_info/self_define_shard_info.cc:104] CheckInputLayout] Use self define shard for SelfDefineShardInfo12831283. User needs to ensure the accuracy and correctness of input/output layout, and framework will only do basic check.
[WARNING] PARALLEL(253923,ffff972cf020,python):2026-09-11-21:18:41.089.316 [mindspore/ccsrc/frontend/parallel/ops_info/self_define_shard_info.cc:104] CheckInputLayout] Use self define shard for SelfDefineShardInfo13081308. User needs to ensure the accuracy and correctness of input/output layout, and framework will only do basic check.
[WARNING] PARALLEL(253923,ffff972cf020,python):2026-09-11-21:18:41.089.847 [mindspore/ccsrc/frontend/parallel/ops_info/self_define_shard_info.cc:104] CheckInputLayout] Use self define shard for SelfDefineShardInfo13131313. User needs to ensure the accuracy and correctness of input/output layout, and framework will only do basic check.
[WARNING] PARALLEL(253923,ffff972cf020,python):2026-09-11-21:18:41.090.014 [mindspore/ccsrc/frontend/parallel/ops_info/self_define_shard_info.cc:104] CheckInputLayout] Use self define shard for SelfDefineShardInfo13141314. User needs to ensure the accuracy and correctness of input/output layout, and framework will only do basic check.
[WARNING] PARALLEL(253923,ffff972cf020,python):2026-09-11-21:18:41.090.470 [mindspore/ccsrc/frontend/parallel/ops_info/self_define_shard_info.cc:104] CheckInputLayout] Use self define shard for SelfDefineShardInfo13181318. User needs to ensure the accuracy and correctness of input/output layout, and framework will only do basic check.
[WARNING] PARALLEL(253923,ffff972cf020,python):2026-09-11-21:18:41.090.933 [mindspore/ccsrc/frontend/parallel/ops_info/self_define_shard_info.cc:104] CheckInputLayout] Use self define shard for SelfDefineShardInfo13221322. User needs to ensure the accuracy and correctness of input/output layout, and framework will only do basic check.
[WARNING] PARALLEL(253923,ffff972cf020,python):2026-09-11-21:18:41.091.080 [mindspore/ccsrc/frontend/parallel/ops_info/self_define_shard_info.cc:104] CheckInputLayout] Use self define shard for SelfDefineShardInfo13231323. User needs to ensure the accuracy and correctness of input/output layout, and framework will only do basic check.
[WARNING] PARALLEL(253923,ffff972cf020,python):2026-09-11-21:18:41.093.616 [mindspore/ccsrc/frontend/parallel/ops_info/self_define_shard_info.cc:104] CheckInputLayout] Use self define shard for SelfDefineShardInfo13481348. User needs to ensure the accuracy and correctness of input/output layout, and framework will only do basic check.
[WARNING] PARALLEL(253923,ffff972cf020,python):2026-09-11-21:18:41.094.162 [mindspore/ccsrc/frontend/parallel/ops_info/self_define_shard_info.cc:104] CheckInputLayout] Use self define shard for SelfDefineShardInfo13531353. User needs to ensure the accuracy and correctness of input/output layout, and framework will only do basic check.
[WARNING] PARALLEL(253923,ffff972cf020,python):2026-09-11-21:18:41.094.322 [mindspore/ccsrc/frontend/parallel/ops_info/self_define_shard_info.cc:104] CheckInputLayout] Use self define shard for SelfDefineShardInfo13541354. User needs to ensure the accuracy and correctness of input/output layout, and framework will only do basic check.
[WARNING] PARALLEL(253923,ffff972cf020,python):2026-09-11-21:18:41.094.774 [mindspore/ccsrc/frontend/parallel/ops_info/self_define_shard_info.cc:104] CheckInputLayout] Use self define shard for SelfDefineShardInfo13581358. User needs to ensure the accuracy and correctness of input/output layout, and framework will only do basic check.
[WARNING] PARALLEL(253923,ffff972cf020,python):2026-09-11-21:18:41.095.239 [mindspore/ccsrc/frontend/parallel/ops_info/self_define_shard_info.cc:104] CheckInputLayout] Use self define shard for SelfDefineShardInfo13621362. User needs to ensure the accuracy and correctness of input/output layout, and framework will only do basic check.
[WARNING] PARALLEL(253923,ffff972cf020,python):2026-09-11-21:18:41.095.388 [mindspore/ccsrc/frontend/parallel/ops_info/self_define_shard_info.cc:104] CheckInputLayout] Use self define shard for SelfDefineShardInfo13631363. User needs to ensure the accuracy and correctness of input/output layout, and framework will only do basic check.
[WARNING] PARALLEL(253923,ffff972cf020,python):2026-09-11-21:18:41.097.902 [mindspore/ccsrc/frontend/parallel/ops_info/self_define_shard_info.cc:104] CheckInputLayout] Use self define shard for SelfDefineShardInfo13881388. User needs to ensure the accuracy and correctness of input/output layout, and framework will only do basic check.
[WARNING] PARALLEL(253923,ffff972cf020,python):2026-09-11-21:18:41.098.465 [mindspore/ccsrc/frontend/parallel/ops_info/self_define_shard_info.cc:104] CheckInputLayout] Use self define shard for SelfDefineShardInfo13931393. User needs to ensure the accuracy and correctness of input/output layout, and framework will only do basic check.
[WARNING] PARALLEL(253923,ffff972cf020,python):2026-09-11-21:18:41.098.639 [mindspore/ccsrc/frontend/parallel/ops_info/self_define_shard_info.cc:104] CheckInputLayout] Use self define shard for SelfDefineShardInfo13941394. User needs to ensure the accuracy and correctness of input/output layout, and framework will only do basic check.
[WARNING] PARALLEL(253923,ffff972cf020,python):2026-09-11-21:18:41.099.106 [mindspore/ccsrc/frontend/parallel/ops_info/self_define_shard_info.cc:104] CheckInputLayout] Use self define shard for SelfDefineShardInfo13981398. User needs to ensure the accuracy and correctness of input/output layout, and framework will only do basic check.
[WARNING] PARALLEL(253923,ffff972cf020,python):2026-09-11-21:18:41.099.567 [mindspore/ccsrc/frontend/parallel/ops_info/self_define_shard_info.cc:104] CheckInputLayout] Use self define shard for SelfDefineShardInfo14021402. User needs to ensure the accuracy and correctness of input/output layout, and framework will only do basic check.
[WARNING] PARALLEL(253923,ffff972cf020,python):2026-09-11-21:18:41.099.708 [mindspore/ccsrc/frontend/parallel/ops_info/self_define_shard_info.cc:104] CheckInputLayout] Use self define shard for SelfDefineShardInfo14031403. User needs to ensure the accuracy and correctness of input/output layout, and framework will only do basic check.
[WARNING] PARALLEL(253923,ffff972cf020,python):2026-09-11-21:18:41.102.247 [mindspore/ccsrc/frontend/parallel/ops_info/self_define_shard_info.cc:104] CheckInputLayout] Use self define shard for SelfDefineShardInfo14281428. User needs to ensure the accuracy and correctness of input/output layout, and framework will only do basic check.
[WARNING] PARALLEL(253923,ffff972cf020,python):2026-09-11-21:18:41.102.798 [mindspore/ccsrc/frontend/parallel/ops_info/self_define_shard_info.cc:104] CheckInputLayout] Use self define shard for SelfDefineShardInfo14331433. User needs to ensure the accuracy and correctness of input/output layout, and framework will only do basic check.
[WARNING] PARALLEL(253923,ffff972cf020,python):2026-09-11-21:18:41.102.966 [mindspore/ccsrc/frontend/parallel/ops_info/self_define_shard_info.cc:104] CheckInputLayout] Use self define shard for SelfDefineShardInfo14341434. User needs to ensure the accuracy and correctness of input/output layout, and framework will only do basic check.
[WARNING] PARALLEL(253923,ffff972cf020,python):2026-09-11-21:18:41.103.420 [mindspore/ccsrc/frontend/parallel/ops_info/self_define_shard_info.cc:104] CheckInputLayout] Use self define shard for SelfDefineShardInfo14381438. User needs to ensure the accuracy and correctness of input/output layout, and framework will only do basic check.
[WARNING] PARALLEL(253923,ffff972cf020,python):2026-09-11-21:18:41.103.884 [mindspore/ccsrc/frontend/parallel/ops_info/self_define_shard_info.cc:104] CheckInputLayout] Use self define shard for SelfDefineShardInfo14421442. User needs to ensure the accuracy and correctness of input/output layout, and framework will only do basic check.
[WARNING] PARALLEL(253923,ffff972cf020,python):2026-09-11-21:18:41.104.302 [mindspore/ccsrc/frontend/parallel/ops_info/self_define_shard_info.cc:104] CheckInputLayout] Use self define shard for SelfDefineShardInfo14461446. User needs to ensure the accuracy and correctness of input/output layout, and framework will only do basic check.
[WARNING] PARALLEL(253923,ffff972cf020,python):2026-09-11-21:18:41.106.537 [mindspore/ccsrc/frontend/parallel/ops_info/self_define_shard_info.cc:104] CheckInputLayout] Use self define shard for SelfDefineShardInfo14661466. User needs to ensure the accuracy and correctness of input/output layout, and framework will only do basic check.
[WARNING] PARALLEL(253923,ffff972cf020,python):2026-09-11-21:18:41.106.698 [mindspore/ccsrc/frontend/parallel/ops_info/self_define_shard_info.cc:104] CheckInputLayout] Use self define shard for SelfDefineShardInfo14671467. User needs to ensure the accuracy and correctness of input/output layout, and framework will only do basic check.
[WARNING] PARALLEL(253923,ffff972cf020,python):2026-09-11-21:18:41.106.929 [mindspore/ccsrc/frontend/parallel/ops_info/self_define_shard_info.cc:104] CheckInputLayout] Use self define shard for SelfDefineShardInfo14681468. User needs to ensure the accuracy and correctness of input/output layout, and framework will only do basic check.
[WARNING] PARALLEL(253923,ffff972cf020,python):2026-09-11-21:18:41.107.170 [mindspore/ccsrc/frontend/parallel/ops_info/self_define_shard_info.cc:104] CheckInputLayout] Use self define shard for SelfDefineShardInfo14691469. User needs to ensure the accuracy and correctness of input/output layout, and framework will only do basic check.
[WARNING] PARALLEL(253923,ffff972cf020,python):2026-09-11-21:18:41.107.428 [mindspore/ccsrc/frontend/parallel/ops_info/self_define_shard_info.cc:104] CheckInputLayout] Use self define shard for SelfDefineShardInfo14701470. User needs to ensure the accuracy and correctness of input/output layout, and framework will only do basic check.
[WARNING] PARALLEL(253923,ffff972cf020,python):2026-09-11-21:18:41.107.635 [mindspore/ccsrc/frontend/parallel/ops_info/self_define_shard_info.cc:104] CheckInputLayout] Use self define shard for SelfDefineShardInfo14711471. User needs to ensure the accuracy and correctness of input/output layout, and framework will only do basic check.
[WARNING] PARALLEL(253923,ffff972cf020,python):2026-09-11-21:18:41.107.845 [mindspore/ccsrc/frontend/parallel/ops_info/self_define_shard_info.cc:104] CheckInputLayout] Use self define shard for SelfDefineShardInfo14721472. User needs to ensure the accuracy and correctness of input/output layout, and framework will only do basic check.
[WARNING] PARALLEL(253923,ffff972cf020,python):2026-09-11-21:18:41.108.065 [mindspore/ccsrc/frontend/parallel/ops_info/self_define_shard_info.cc:104] CheckInputLayout] Use self define shard for SelfDefineShardInfo14731473. User needs to ensure the accuracy and correctness of input/output layout, and framework will only do basic check.
[WARNING] PARALLEL(253923,ffff972cf020,python):2026-09-11-21:18:41.108.317 [mindspore/ccsrc/frontend/parallel/ops_info/self_define_shard_info.cc:104] CheckInputLayout] Use self define shard for SelfDefineShardInfo14741474. User needs to ensure the accuracy and correctness of input/output layout, and framework will only do basic check.
[WARNING] PARALLEL(253923,ffff972cf020,python):2026-09-11-21:18:41.108.557 [mindspore/ccsrc/frontend/parallel/ops_info/self_define_shard_info.cc:104] CheckInputLayout] Use self define shard for SelfDefineShardInfo14751475. User needs to ensure the accuracy and correctness of input/output layout, and framework will only do basic check.
[WARNING] PARALLEL(253923,ffff972cf020,python):2026-09-11-21:18:41.108.822 [mindspore/ccsrc/frontend/parallel/ops_info/self_define_shard_info.cc:104] CheckInputLayout] Use self define shard for SelfDefineShardInfo14761476. User needs to ensure the accuracy and correctness of input/output layout, and framework will only do basic check.
[WARNING] PARALLEL(253923,ffff972cf020,python):2026-09-11-21:18:41.109.026 [mindspore/ccsrc/frontend/parallel/ops_info/self_define_shard_info.cc:104] CheckInputLayout] Use self define shard for SelfDefineShardInfo14771477. User needs to ensure the accuracy and correctness of input/output layout, and framework will only do basic check.
[WARNING] PARALLEL(253923,ffff972cf020,python):2026-09-11-21:18:41.109.258 [mindspore/ccsrc/frontend/parallel/ops_info/self_define_shard_info.cc:104] CheckInputLayout] Use self define shard for SelfDefineShardInfo14781478. User needs to ensure the accuracy and correctness of input/output layout, and framework will only do basic check.
[WARNING] PARALLEL(253923,ffff972cf020,python):2026-09-11-21:18:41.109.461 [mindspore/ccsrc/frontend/parallel/ops_info/self_define_shard_info.cc:104] CheckInputLayout] Use self define shard for SelfDefineShardInfo14791479. User needs to ensure the accuracy and correctness of input/output layout, and framework will only do basic check.
[WARNING] PARALLEL(253923,ffff972cf020,python):2026-09-11-21:18:41.109.693 [mindspore/ccsrc/frontend/parallel/ops_info/self_define_shard_info.cc:104] CheckInputLayout] Use self define shard for SelfDefineShardInfo14801480. User needs to ensure the accuracy and correctness of input/output layout, and framework will only do basic check.
[WARNING] PARALLEL(253923,ffff972cf020,python):2026-09-11-21:18:41.109.905 [mindspore/ccsrc/frontend/parallel/ops_info/self_define_shard_info.cc:104] CheckInputLayout] Use self define shard for SelfDefineShardInfo14811481. User needs to ensure the accuracy and correctness of input/output layout, and framework will only do basic check.
[WARNING] PARALLEL(253923,ffff972cf020,python):2026-09-11-21:18:41.110.124 [mindspore/ccsrc/frontend/parallel/ops_info/self_define_shard_info.cc:104] CheckInputLayout] Use self define shard for SelfDefineShardInfo14821482. User needs to ensure the accuracy and correctness of input/output layout, and framework will only do basic check.
[WARNING] PARALLEL(253923,ffff972cf020,python):2026-09-11-21:18:41.110.332 [mindspore/ccsrc/frontend/parallel/ops_info/self_define_shard_info.cc:104] CheckInputLayout] Use self define shard for SelfDefineShardInfo14831483. User needs to ensure the accuracy and correctness of input/output layout, and framework will only do basic check.
[WARNING] PARALLEL(253923,ffff972cf020,python):2026-09-11-21:18:41.110.558 [mindspore/ccsrc/frontend/parallel/ops_info/self_define_shard_info.cc:104] CheckInputLayout] Use self define shard for SelfDefineShardInfo14841484. User needs to ensure the accuracy and correctness of input/output layout, and framework will only do basic check.
[WARNING] PARALLEL(253923,ffff972cf020,python):2026-09-11-21:18:41.110.750 [mindspore/ccsrc/frontend/parallel/ops_info/self_define_shard_info.cc:104] CheckInputLayout] Use self define shard for SelfDefineShardInfo14851485. User needs to ensure the accuracy and correctness of input/output layout, and framework will only do basic check.
[WARNING] PARALLEL(253923,ffff972cf020,python):2026-09-11-21:18:41.110.972 [mindspore/ccsrc/frontend/parallel/ops_info/self_define_shard_info.cc:104] CheckInputLayout] Use self define shard for SelfDefineShardInfo14861486. User needs to ensure the accuracy and correctness of input/output layout, and framework will only do basic check.
[WARNING] PARALLEL(253923,ffff972cf020,python):2026-09-11-21:18:41.111.174 [mindspore/ccsrc/frontend/parallel/ops_info/self_define_shard_info.cc:104] CheckInputLayout] Use self define shard for SelfDefineShardInfo14871487. User needs to ensure the accuracy and correctness of input/output layout, and framework will only do basic check.
[WARNING] PARALLEL(253923,ffff972cf020,python):2026-09-11-21:18:41.111.407 [mindspore/ccsrc/frontend/parallel/ops_info/self_define_shard_info.cc:104] CheckInputLayout] Use self define shard for SelfDefineShardInfo14881488. User needs to ensure the accuracy and correctness of input/output layout, and framework will only do basic check.
[WARNING] PARALLEL(253923,ffff972cf020,python):2026-09-11-21:18:41.111.607 [mindspore/ccsrc/frontend/parallel/ops_info/self_define_shard_info.cc:104] CheckInputLayout] Use self define shard for SelfDefineShardInfo14891489. User needs to ensure the accuracy and correctness of input/output layout, and framework will only do basic check.
[WARNING] PARALLEL(253923,ffff972cf020,python):2026-09-11-21:18:41.111.836 [mindspore/ccsrc/frontend/parallel/ops_info/self_define_shard_info.cc:104] CheckInputLayout] Use self define shard for SelfDefineShardInfo14901490. User needs to ensure the accuracy and correctness of input/output layout, and framework will only do basic check.
[WARNING] PARALLEL(253923,ffff972cf020,python):2026-09-11-21:18:41.112.032 [mindspore/ccsrc/frontend/parallel/ops_info/self_define_shard_info.cc:104] CheckInputLayout] Use self define shard for SelfDefineShardInfo14911491. User needs to ensure the accuracy and correctness of input/output layout, and framework will only do basic check.
[WARNING] PARALLEL(253923,ffff972cf020,python):2026-09-11-21:18:41.112.261 [mindspore/ccsrc/frontend/parallel/ops_info/self_define_shard_info.cc:104] CheckInputLayout] Use self define shard for SelfDefineShardInfo14921492. User needs to ensure the accuracy and correctness of input/output layout, and framework will only do basic check.
[WARNING] PARALLEL(253923,ffff972cf020,python):2026-09-11-21:18:41.112.478 [mindspore/ccsrc/frontend/parallel/ops_info/self_define_shard_info.cc:104] CheckInputLayout] Use self define shard for SelfDefineShardInfo14931493. User needs to ensure the accuracy and correctness of input/output layout, and framework will only do basic check.
[WARNING] PARALLEL(253923,ffff972cf020,python):2026-09-11-21:18:41.112.723 [mindspore/ccsrc/frontend/parallel/ops_info/self_define_shard_info.cc:104] CheckInputLayout] Use self define shard for SelfDefineShardInfo14941494. User needs to ensure the accuracy and correctness of input/output layout, and framework will only do basic check.
[WARNING] PARALLEL(253923,ffff972cf020,python):2026-09-11-21:18:41.112.938 [mindspore/ccsrc/frontend/parallel/ops_info/self_define_shard_info.cc:104] CheckInputLayout] Use self define shard for SelfDefineShardInfo14951495. User needs to ensure the accuracy and correctness of input/output layout, and framework will only do basic check.
[WARNING] PARALLEL(253923,ffff972cf020,python):2026-09-11-21:18:41.113.160 [mindspore/ccsrc/frontend/parallel/ops_info/self_define_shard_info.cc:104] CheckInputLayout] Use self define shard for SelfDefineShardInfo14961496. User needs to ensure the accuracy and correctness of input/output layout, and framework will only do basic check.
[WARNING] PARALLEL(253923,ffff972cf020,python):2026-09-11-21:18:41.113.372 [mindspore/ccsrc/frontend/parallel/ops_info/self_define_shard_info.cc:104] CheckInputLayout] Use self define shard for SelfDefineShardInfo14971497. User needs to ensure the accuracy and correctness of input/output layout, and framework will only do basic check.
[WARNING] PARALLEL(253923,ffff972cf020,python):2026-09-11-21:18:41.113.601 [mindspore/ccsrc/frontend/parallel/ops_info/self_define_shard_info.cc:104] CheckInputLayout] Use self define shard for SelfDefineShardInfo14981498. User needs to ensure the accuracy and correctness of input/output layout, and framework will only do basic check.
[WARNING] PARALLEL(253923,ffff972cf020,python):2026-09-11-21:18:41.113.801 [mindspore/ccsrc/frontend/parallel/ops_info/self_define_shard_info.cc:104] CheckInputLayout] Use self define shard for SelfDefineShardInfo14991499. User needs to ensure the accuracy and correctness of input/output layout, and framework will only do basic check.
[WARNING] PARALLEL(253923,ffff972cf020,python):2026-09-11-21:18:41.114.021 [mindspore/ccsrc/frontend/parallel/ops_info/self_define_shard_info.cc:104] CheckInputLayout] Use self define shard for SelfDefineShardInfo15001500. User needs to ensure the accuracy and correctness of input/output layout, and framework will only do basic check.
[WARNING] PARALLEL(253923,ffff972cf020,python):2026-09-11-21:18:41.114.224 [mindspore/ccsrc/frontend/parallel/ops_info/self_define_shard_info.cc:104] CheckInputLayout] Use self define shard for SelfDefineShardInfo15011501. User needs to ensure the accuracy and correctness of input/output layout, and framework will only do basic check.
[WARNING] PARALLEL(253923,ffff972cf020,python):2026-09-11-21:18:41.114.437 [mindspore/ccsrc/frontend/parallel/ops_info/self_define_shard_info.cc:104] CheckInputLayout] Use self define shard for SelfDefineShardInfo15021502. User needs to ensure the accuracy and correctness of input/output layout, and framework will only do basic check.
[WARNING] PARALLEL(253923,ffff972cf020,python):2026-09-11-21:18:41.114.650 [mindspore/ccsrc/frontend/parallel/ops_info/self_define_shard_info.cc:104] CheckInputLayout] Use self define shard for SelfDefineShardInfo15031503. User needs to ensure the accuracy and correctness of input/output layout, and framework will only do basic check.
[WARNING] PARALLEL(253923,ffff972cf020,python):2026-09-11-21:18:41.114.865 [mindspore/ccsrc/frontend/parallel/ops_info/self_define_shard_info.cc:104] CheckInputLayout] Use self define shard for SelfDefineShardInfo15041504. User needs to ensure the accuracy and correctness of input/output layout, and framework will only do basic check.
[WARNING] PARALLEL(253923,ffff972cf020,python):2026-09-11-21:18:41.115.082 [mindspore/ccsrc/frontend/parallel/ops_info/self_define_shard_info.cc:104] CheckInputLayout] Use self define shard for SelfDefineShardInfo15051505. User needs to ensure the accuracy and correctness of input/output layout, and framework will only do basic check.
[WARNING] PARALLEL(253923,ffff972cf020,python):2026-09-11-21:18:41.115.299 [mindspore/ccsrc/frontend/parallel/ops_info/self_define_shard_info.cc:104] CheckInputLayout] Use self define shard for SelfDefineShardInfo15061506. User needs to ensure the accuracy and correctness of input/output layout, and framework will only do basic check.
[WARNING] PARALLEL(253923,ffff972cf020,python):2026-09-11-21:18:41.115.507 [mindspore/ccsrc/frontend/parallel/ops_info/self_define_shard_info.cc:104] CheckInputLayout] Use self define shard for SelfDefineShardInfo15071507. User needs to ensure the accuracy and correctness of input/output layout, and framework will only do basic check.
[WARNING] PARALLEL(253923,ffff972cf020,python):2026-09-11-21:18:41.115.750 [mindspore/ccsrc/frontend/parallel/ops_info/self_define_shard_info.cc:104] CheckInputLayout] Use self define shard for SelfDefineShardInfo15081508. User needs to ensure the accuracy and correctness of input/output layout, and framework will only do basic check.
[WARNING] PARALLEL(253923,ffff972cf020,python):2026-09-11-21:18:41.115.938 [mindspore/ccsrc/frontend/parallel/ops_info/self_define_shard_info.cc:104] CheckInputLayout] Use self define shard for SelfDefineShardInfo15091509. User needs to ensure the accuracy and correctness of input/output layout, and framework will only do basic check.
[WARNING] PARALLEL(253923,ffff972cf020,python):2026-09-11-21:18:41.116.179 [mindspore/ccsrc/frontend/parallel/ops_info/self_define_shard_info.cc:104] CheckInputLayout] Use self define shard for SelfDefineShardInfo15101510. User needs to ensure the accuracy and correctness of input/output layout, and framework will only do basic check.
[WARNING] PARALLEL(253923,ffff972cf020,python):2026-09-11-21:18:41.116.386 [mindspore/ccsrc/frontend/parallel/ops_info/self_define_shard_info.cc:104] CheckInputLayout] Use self define shard for SelfDefineShardInfo15111511. User needs to ensure the accuracy and correctness of input/output layout, and framework will only do basic check.
[WARNING] PARALLEL(253923,ffff972cf020,python):2026-09-11-21:18:41.116.624 [mindspore/ccsrc/frontend/parallel/ops_info/self_define_shard_info.cc:104] CheckInputLayout] Use self define shard for SelfDefineShardInfo15121512. User needs to ensure the accuracy and correctness of input/output layout, and framework will only do basic check.
[WARNING] PARALLEL(253923,ffff972cf020,python):2026-09-11-21:18:41.116.838 [mindspore/ccsrc/frontend/parallel/ops_info/self_define_shard_info.cc:104] CheckInputLayout] Use self define shard for SelfDefineShardInfo15131513. User needs to ensure the accuracy and correctness of input/output layout, and framework will only do basic check.
[WARNING] PARALLEL(253923,ffff972cf020,python):2026-09-11-21:18:41.117.077 [mindspore/ccsrc/frontend/parallel/ops_info/self_define_shard_info.cc:104] CheckInputLayout] Use self define shard for SelfDefineShardInfo15141514. User needs to ensure the accuracy and correctness of input/output layout, and framework will only do basic check.
[WARNING] PARALLEL(253923,ffff972cf020,python):2026-09-11-21:18:41.117.274 [mindspore/ccsrc/frontend/parallel/ops_info/self_define_shard_info.cc:104] CheckInputLayout] Use self define shard for SelfDefineShardInfo15151515. User needs to ensure the accuracy and correctness of input/output layout, and framework will only do basic check.
[WARNING] PARALLEL(253923,ffff972cf020,python):2026-09-11-21:18:41.117.501 [mindspore/ccsrc/frontend/parallel/ops_info/self_define_shard_info.cc:104] CheckInputLayout] Use self define shard for SelfDefineShardInfo15161516. User needs to ensure the accuracy and correctness of input/output layout, and framework will only do basic check.
[WARNING] PARALLEL(253923,ffff972cf020,python):2026-09-11-21:18:41.117.709 [mindspore/ccsrc/frontend/parallel/ops_info/self_define_shard_info.cc:104] CheckInputLayout] Use self define shard for SelfDefineShardInfo15171517. User needs to ensure the accuracy and correctness of input/output layout, and framework will only do basic check.
[WARNING] PARALLEL(253923,ffff972cf020,python):2026-09-11-21:18:41.117.941 [mindspore/ccsrc/frontend/parallel/ops_info/self_define_shard_info.cc:104] CheckInputLayout] Use self define shard for SelfDefineShardInfo15181518. User needs to ensure the accuracy and correctness of input/output layout, and framework will only do basic check.
[WARNING] PARALLEL(253923,ffff972cf020,python):2026-09-11-21:18:41.118.145 [mindspore/ccsrc/frontend/parallel/ops_info/self_define_shard_info.cc:104] CheckInputLayout] Use self define shard for SelfDefineShardInfo15191519. User needs to ensure the accuracy and correctness of input/output layout, and framework will only do basic check.
[WARNING] PARALLEL(253923,ffff972cf020,python):2026-09-11-21:18:41.118.348 [mindspore/ccsrc/frontend/parallel/ops_info/self_define_shard_info.cc:104] CheckInputLayout] Use self define shard for SelfDefineShardInfo15201520. User needs to ensure the accuracy and correctness of input/output layout, and framework will only do basic check.
[WARNING] PARALLEL(253923,ffff972cf020,python):2026-09-11-21:18:41.118.550 [mindspore/ccsrc/frontend/parallel/ops_info/self_define_shard_info.cc:104] CheckInputLayout] Use self define shard for SelfDefineShardInfo15211521. User needs to ensure the accuracy and correctness of input/output layout, and framework will only do basic check.
[WARNING] PARALLEL(253923,ffff972cf020,python):2026-09-11-21:18:41.118.773 [mindspore/ccsrc/frontend/parallel/ops_info/self_define_shard_info.cc:104] CheckInputLayout] Use self define shard for SelfDefineShardInfo15221522. User needs to ensure the accuracy and correctness of input/output layout, and framework will only do basic check.
[WARNING] PARALLEL(253923,ffff972cf020,python):2026-09-11-21:18:41.118.975 [mindspore/ccsrc/frontend/parallel/ops_info/self_define_shard_info.cc:104] CheckInputLayout] Use self define shard for SelfDefineShardInfo15231523. User needs to ensure the accuracy and correctness of input/output layout, and framework will only do basic check.
[WARNING] PARALLEL(253923,ffff972cf020,python):2026-09-11-21:18:41.119.197 [mindspore/ccsrc/frontend/parallel/ops_info/self_define_shard_info.cc:104] CheckInputLayout] Use self define shard for SelfDefineShardInfo15241524. User needs to ensure the accuracy and correctness of input/output layout, and framework will only do basic check.
[WARNING] PARALLEL(253923,ffff972cf020,python):2026-09-11-21:18:41.119.389 [mindspore/ccsrc/frontend/parallel/ops_info/self_define_shard_info.cc:104] CheckInputLayout] Use self define shard for SelfDefineShardInfo15251525. User needs to ensure the accuracy and correctness of input/output layout, and framework will only do basic check.
[WARNING] PARALLEL(253923,ffff972cf020,python):2026-09-11-21:18:41.119.611 [mindspore/ccsrc/frontend/parallel/ops_info/self_define_shard_info.cc:104] CheckInputLayout] Use self define shard for SelfDefineShardInfo15261526. User needs to ensure the accuracy and correctness of input/output layout, and framework will only do basic check.
[WARNING] PARALLEL(253923,ffff972cf020,python):2026-09-11-21:18:41.119.801 [mindspore/ccsrc/frontend/parallel/ops_info/self_define_shard_info.cc:104] CheckInputLayout] Use self define shard for SelfDefineShardInfo15271527. User needs to ensure the accuracy and correctness of input/output layout, and framework will only do basic check.
[WARNING] PARALLEL(253923,ffff972cf020,python):2026-09-11-21:18:41.120.029 [mindspore/ccsrc/frontend/parallel/ops_info/self_define_shard_info.cc:104] CheckInputLayout] Use self define shard for SelfDefineShardInfo15281528. User needs to ensure the accuracy and correctness of input/output layout, and framework will only do basic check.
[WARNING] PARALLEL(253923,ffff972cf020,python):2026-09-11-21:18:41.120.249 [mindspore/ccsrc/frontend/parallel/ops_info/self_define_shard_info.cc:104] CheckInputLayout] Use self define shard for SelfDefineShardInfo15291529. User needs to ensure the accuracy and correctness of input/output layout, and framework will only do basic check.
[WARNING] PARALLEL(253923,ffff972cf020,python):2026-09-11-21:18:41.120.484 [mindspore/ccsrc/frontend/parallel/ops_info/self_define_shard_info.cc:104] CheckInputLayout] Use self define shard for SelfDefineShardInfo15301530. User needs to ensure the accuracy and correctness of input/output layout, and framework will only do basic check.
[WARNING] PARALLEL(253923,ffff972cf020,python):2026-09-11-21:18:41.120.704 [mindspore/ccsrc/frontend/parallel/ops_info/self_define_shard_info.cc:104] CheckInputLayout] Use self define shard for SelfDefineShardInfo15311531. User needs to ensure the accuracy and correctness of input/output layout, and framework will only do basic check.
[WARNING] PARALLEL(253923,ffff972cf020,python):2026-09-11-21:18:41.120.944 [mindspore/ccsrc/frontend/parallel/ops_info/self_define_shard_info.cc:104] CheckInputLayout] Use self define shard for SelfDefineShardInfo15321532. User needs to ensure the accuracy and correctness of input/output layout, and framework will only do basic check.
[WARNING] PARALLEL(253923,ffff972cf020,python):2026-09-11-21:18:41.121.133 [mindspore/ccsrc/frontend/parallel/ops_info/self_define_shard_info.cc:104] CheckInputLayout] Use self define shard for SelfDefineShardInfo15331533. User needs to ensure the accuracy and correctness of input/output layout, and framework will only do basic check.
[WARNING] PARALLEL(253923,ffff972cf020,python):2026-09-11-21:18:41.121.346 [mindspore/ccsrc/frontend/parallel/ops_info/self_define_shard_info.cc:104] CheckInputLayout] Use self define shard for SelfDefineShardInfo15341534. User needs to ensure the accuracy and correctness of input/output layout, and framework will only do basic check.
[WARNING] PARALLEL(253923,ffff972cf020,python):2026-09-11-21:18:41.121.526 [mindspore/ccsrc/frontend/parallel/ops_info/self_define_shard_info.cc:104] CheckInputLayout] Use self define shard for SelfDefineShardInfo15351535. User needs to ensure the accuracy and correctness of input/output layout, and framework will only do basic check.
[WARNING] PARALLEL(253923,ffff972cf020,python):2026-09-11-21:18:41.121.747 [mindspore/ccsrc/frontend/parallel/ops_info/self_define_shard_info.cc:104] CheckInputLayout] Use self define shard for SelfDefineShardInfo15361536. User needs to ensure the accuracy and correctness of input/output layout, and framework will only do basic check.
[WARNING] PARALLEL(253923,ffff972cf020,python):2026-09-11-21:18:41.121.946 [mindspore/ccsrc/frontend/parallel/ops_info/self_define_shard_info.cc:104] CheckInputLayout] Use self define shard for SelfDefineShardInfo15371537. User needs to ensure the accuracy and correctness of input/output layout, and framework will only do basic check.
[WARNING] PARALLEL(253923,ffff972cf020,python):2026-09-11-21:18:41.122.170 [mindspore/ccsrc/frontend/parallel/ops_info/self_define_shard_info.cc:104] CheckInputLayout] Use self define shard for SelfDefineShardInfo15381538. User needs to ensure the accuracy and correctness of input/output layout, and framework will only do basic check.
[WARNING] PARALLEL(253923,ffff972cf020,python):2026-09-11-21:18:41.122.382 [mindspore/ccsrc/frontend/parallel/ops_info/self_define_shard_info.cc:104] CheckInputLayout] Use self define shard for SelfDefineShardInfo15391539. User needs to ensure the accuracy and correctness of input/output layout, and framework will only do basic check.
[WARNING] PARALLEL(253923,ffff972cf020,python):2026-09-11-21:18:41.122.611 [mindspore/ccsrc/frontend/parallel/ops_info/self_define_shard_info.cc:104] CheckInputLayout] Use self define shard for SelfDefineShardInfo15401540. User needs to ensure the accuracy and correctness of input/output layout, and framework will only do basic check.
[WARNING] PARALLEL(253923,ffff972cf020,python):2026-09-11-21:18:41.122.806 [mindspore/ccsrc/frontend/parallel/ops_info/self_define_shard_info.cc:104] CheckInputLayout] Use self define shard for SelfDefineShardInfo15411541. User needs to ensure the accuracy and correctness of input/output layout, and framework will only do basic check.
[WARNING] PARALLEL(253923,ffff972cf020,python):2026-09-11-21:18:41.123.039 [mindspore/ccsrc/frontend/parallel/ops_info/self_define_shard_info.cc:104] CheckInputLayout] Use self define shard for SelfDefineShardInfo15421542. User needs to ensure the accuracy and correctness of input/output layout, and framework will only do basic check.
[WARNING] PARALLEL(253923,ffff972cf020,python):2026-09-11-21:18:41.123.248 [mindspore/ccsrc/frontend/parallel/ops_info/self_define_shard_info.cc:104] CheckInputLayout] Use self define shard for SelfDefineShardInfo15431543. User needs to ensure the accuracy and correctness of input/output layout, and framework will only do basic check.
[WARNING] PARALLEL(253923,ffff972cf020,python):2026-09-11-21:18:41.123.458 [mindspore/ccsrc/frontend/parallel/ops_info/self_define_shard_info.cc:104] CheckInputLayout] Use self define shard for SelfDefineShardInfo15441544. User needs to ensure the accuracy and correctness of input/output layout, and framework will only do basic check.
[WARNING] PARALLEL(253923,ffff972cf020,python):2026-09-11-21:18:41.123.664 [mindspore/ccsrc/frontend/parallel/ops_info/self_define_shard_info.cc:104] CheckInputLayout] Use self define shard for SelfDefineShardInfo15451545. User needs to ensure the accuracy and correctness of input/output layout, and framework will only do basic check.
[WARNING] PARALLEL(253923,ffff972cf020,python):2026-09-11-21:18:41.123.890 [mindspore/ccsrc/frontend/parallel/ops_info/self_define_shard_info.cc:104] CheckInputLayout] Use self define shard for SelfDefineShardInfo15461546. User needs to ensure the accuracy and correctness of input/output layout, and framework will only do basic check.
[WARNING] PARALLEL(253923,ffff972cf020,python):2026-09-11-21:18:41.124.080 [mindspore/ccsrc/frontend/parallel/ops_info/self_define_shard_info.cc:104] CheckInputLayout] Use self define shard for SelfDefineShardInfo15471547. User needs to ensure the accuracy and correctness of input/output layout, and framework will only do basic check.
[WARNING] PARALLEL(253923,ffff972cf020,python):2026-09-11-21:18:41.124.300 [mindspore/ccsrc/frontend/parallel/ops_info/self_define_shard_info.cc:104] CheckInputLayout] Use self define shard for SelfDefineShardInfo15481548. User needs to ensure the accuracy and correctness of input/output layout, and framework will only do basic check.
[WARNING] PARALLEL(253923,ffff972cf020,python):2026-09-11-21:18:41.124.514 [mindspore/ccsrc/frontend/parallel/ops_info/self_define_shard_info.cc:104] CheckInputLayout] Use self define shard for SelfDefineShardInfo15491549. User needs to ensure the accuracy and correctness of input/output layout, and framework will only do basic check.
[WARNING] PARALLEL(253923,ffff972cf020,python):2026-09-11-21:18:41.124.759 [mindspore/ccsrc/frontend/parallel/ops_info/self_define_shard_info.cc:104] CheckInputLayout] Use self define shard for SelfDefineShardInfo15501550. User needs to ensure the accuracy and correctness of input/output layout, and framework will only do basic check.
[WARNING] PARALLEL(253923,ffff972cf020,python):2026-09-11-21:18:41.124.967 [mindspore/ccsrc/frontend/parallel/ops_info/self_define_shard_info.cc:104] CheckInputLayout] Use self define shard for SelfDefineShardInfo15511551. User needs to ensure the accuracy and correctness of input/output layout, and framework will only do basic check.
[WARNING] PARALLEL(253923,ffff972cf020,python):2026-09-11-21:18:41.125.190 [mindspore/ccsrc/frontend/parallel/ops_info/self_define_shard_info.cc:104] CheckInputLayout] Use self define shard for SelfDefineShardInfo15521552. User needs to ensure the accuracy and correctness of input/output layout, and framework will only do basic check.
[WARNING] PARALLEL(253923,ffff972cf020,python):2026-09-11-21:18:41.125.375 [mindspore/ccsrc/frontend/parallel/ops_info/self_define_shard_info.cc:104] CheckInputLayout] Use self define shard for SelfDefineShardInfo15531553. User needs to ensure the accuracy and correctness of input/output layout, and framework will only do basic check.
[WARNING] PARALLEL(253923,ffff972cf020,python):2026-09-11-21:18:41.125.597 [mindspore/ccsrc/frontend/parallel/ops_info/self_define_shard_info.cc:104] CheckInputLayout] Use self define shard for SelfDefineShardInfo15541554. User needs to ensure the accuracy and correctness of input/output layout, and framework will only do basic check.
[WARNING] PARALLEL(253923,ffff972cf020,python):2026-09-11-21:18:41.125.790 [mindspore/ccsrc/frontend/parallel/ops_info/self_define_shard_info.cc:104] CheckInputLayout] Use self define shard for SelfDefineShardInfo15551555. User needs to ensure the accuracy and correctness of input/output layout, and framework will only do basic check.
[WARNING] PARALLEL(253923,ffff972cf020,python):2026-09-11-21:18:41.126.014 [mindspore/ccsrc/frontend/parallel/ops_info/self_define_shard_info.cc:104] CheckInputLayout] Use self define shard for SelfDefineShardInfo15561556. User needs to ensure the accuracy and correctness of input/output layout, and framework will only do basic check.
[WARNING] PARALLEL(253923,ffff972cf020,python):2026-09-11-21:18:41.126.213 [mindspore/ccsrc/frontend/parallel/ops_info/self_define_shard_info.cc:104] CheckInputLayout] Use self define shard for SelfDefineShardInfo15571557. User needs to ensure the accuracy and correctness of input/output layout, and framework will only do basic check.
[WARNING] PARALLEL(253923,ffff972cf020,python):2026-09-11-21:18:41.126.451 [mindspore/ccsrc/frontend/parallel/ops_info/self_define_shard_info.cc:104] CheckInputLayout] Use self define shard for SelfDefineShardInfo15581558. User needs to ensure the accuracy and correctness of input/output layout, and framework will only do basic check.
[WARNING] PARALLEL(253923,ffff972cf020,python):2026-09-11-21:18:41.126.646 [mindspore/ccsrc/frontend/parallel/ops_info/self_define_shard_info.cc:104] CheckInputLayout] Use self define shard for SelfDefineShardInfo15591559. User needs to ensure the accuracy and correctness of input/output layout, and framework will only do basic check.
[WARNING] PARALLEL(253923,ffff972cf020,python):2026-09-11-21:18:41.126.884 [mindspore/ccsrc/frontend/parallel/ops_info/self_define_shard_info.cc:104] CheckInputLayout] Use self define shard for SelfDefineShardInfo15601560. User needs to ensure the accuracy and correctness of input/output layout, and framework will only do basic check.
[WARNING] PARALLEL(253923,ffff972cf020,python):2026-09-11-21:18:41.127.108 [mindspore/ccsrc/frontend/parallel/ops_info/self_define_shard_info.cc:104] CheckInputLayout] Use self define shard for SelfDefineShardInfo15611561. User needs to ensure the accuracy and correctness of input/output layout, and framework will only do basic check.
[WARNING] PARALLEL(253923,ffff972cf020,python):2026-09-11-21:18:41.127.337 [mindspore/ccsrc/frontend/parallel/ops_info/self_define_shard_info.cc:104] CheckInputLayout] Use self define shard for SelfDefineShardInfo15621562. User needs to ensure the accuracy and correctness of input/output layout, and framework will only do basic check.
[WARNING] PARALLEL(253923,ffff972cf020,python):2026-09-11-21:18:41.127.544 [mindspore/ccsrc/frontend/parallel/ops_info/self_define_shard_info.cc:104] CheckInputLayout] Use self define shard for SelfDefineShardInfo15631563. User needs to ensure the accuracy and correctness of input/output layout, and framework will only do basic check.
[WARNING] PARALLEL(253923,ffff972cf020,python):2026-09-11-21:18:41.127.775 [mindspore/ccsrc/frontend/parallel/ops_info/self_define_shard_info.cc:104] CheckInputLayout] Use self define shard for SelfDefineShardInfo15641564. User needs to ensure the accuracy and correctness of input/output layout, and framework will only do basic check.
[WARNING] PARALLEL(253923,ffff972cf020,python):2026-09-11-21:18:41.127.971 [mindspore/ccsrc/frontend/parallel/ops_info/self_define_shard_info.cc:104] CheckInputLayout] Use self define shard for SelfDefineShardInfo15651565. User needs to ensure the accuracy and correctness of input/output layout, and framework will only do basic check.
[WARNING] PARALLEL(253923,ffff972cf020,python):2026-09-11-21:18:41.128.206 [mindspore/ccsrc/frontend/parallel/ops_info/self_define_shard_info.cc:104] CheckInputLayout] Use self define shard for SelfDefineShardInfo15661566. User needs to ensure the accuracy and correctness of input/output layout, and framework will only do basic check.
[WARNING] PARALLEL(253923,ffff972cf020,python):2026-09-11-21:18:41.128.401 [mindspore/ccsrc/frontend/parallel/ops_info/self_define_shard_info.cc:104] CheckInputLayout] Use self define shard for SelfDefineShardInfo15671567. User needs to ensure the accuracy and correctness of input/output layout, and framework will only do basic check.
[WARNING] PARALLEL(253923,ffff972cf020,python):2026-09-11-21:18:41.128.626 [mindspore/ccsrc/frontend/parallel/ops_info/self_define_shard_info.cc:104] CheckInputLayout] Use self define shard for SelfDefineShardInfo15681568. User needs to ensure the accuracy and correctness of input/output layout, and framework will only do basic check.
[WARNING] PARALLEL(253923,ffff972cf020,python):2026-09-11-21:18:41.128.818 [mindspore/ccsrc/frontend/parallel/ops_info/self_define_shard_info.cc:104] CheckInputLayout] Use self define shard for SelfDefineShardInfo15691569. User needs to ensure the accuracy and correctness of input/output layout, and framework will only do basic check.
[WARNING] PARALLEL(253923,ffff972cf020,python):2026-09-11-21:18:41.129.039 [mindspore/ccsrc/frontend/parallel/ops_info/self_define_shard_info.cc:104] CheckInputLayout] Use self define shard for SelfDefineShardInfo15701570. User needs to ensure the accuracy and correctness of input/output layout, and framework will only do basic check.
[WARNING] PARALLEL(253923,ffff972cf020,python):2026-09-11-21:18:41.129.228 [mindspore/ccsrc/frontend/parallel/ops_info/self_define_shard_info.cc:104] CheckInputLayout] Use self define shard for SelfDefineShardInfo15711571. User needs to ensure the accuracy and correctness of input/output layout, and framework will only do basic check.
[WARNING] PARALLEL(253923,ffff972cf020,python):2026-09-11-21:18:41.129.456 [mindspore/ccsrc/frontend/parallel/ops_info/self_define_shard_info.cc:104] CheckInputLayout] Use self define shard for SelfDefineShardInfo15721572. User needs to ensure the accuracy and correctness of input/output layout, and framework will only do basic check.
[WARNING] PARALLEL(253923,ffff972cf020,python):2026-09-11-21:18:41.129.656 [mindspore/ccsrc/frontend/parallel/ops_info/self_define_shard_info.cc:104] CheckInputLayout] Use self define shard for SelfDefineShardInfo15731573. User needs to ensure the accuracy and correctness of input/output layout, and framework will only do basic check.
[WARNING] PARALLEL(253923,ffff972cf020,python):2026-09-11-21:18:41.129.869 [mindspore/ccsrc/frontend/parallel/ops_info/self_define_shard_info.cc:104] CheckInputLayout] Use self define shard for SelfDefineShardInfo15741574. User needs to ensure the accuracy and correctness of input/output layout, and framework will only do basic check.
[WARNING] PARALLEL(253923,ffff972cf020,python):2026-09-11-21:18:41.130.074 [mindspore/ccsrc/frontend/parallel/ops_info/self_define_shard_info.cc:104] CheckInputLayout] Use self define shard for SelfDefineShardInfo15751575. User needs to ensure the accuracy and correctness of input/output layout, and framework will only do basic check.
[WARNING] PARALLEL(253923,ffff972cf020,python):2026-09-11-21:18:41.130.298 [mindspore/ccsrc/frontend/parallel/ops_info/self_define_shard_info.cc:104] CheckInputLayout] Use self define shard for SelfDefineShardInfo15761576. User needs to ensure the accuracy and correctness of input/output layout, and framework will only do basic check.
[WARNING] PARALLEL(253923,ffff972cf020,python):2026-09-11-21:18:41.130.506 [mindspore/ccsrc/frontend/parallel/ops_info/self_define_shard_info.cc:104] CheckInputLayout] Use self define shard for SelfDefineShardInfo15771577. User needs to ensure the accuracy and correctness of input/output layout, and framework will only do basic check.
[WARNING] PARALLEL(253923,ffff972cf020,python):2026-09-11-21:18:41.130.734 [mindspore/ccsrc/frontend/parallel/ops_info/self_define_shard_info.cc:104] CheckInputLayout] Use self define shard for SelfDefineShardInfo15781578. User needs to ensure the accuracy and correctness of input/output layout, and framework will only do basic check.
[WARNING] PARALLEL(253923,ffff972cf020,python):2026-09-11-21:18:41.130.924 [mindspore/ccsrc/frontend/parallel/ops_info/self_define_shard_info.cc:104] CheckInputLayout] Use self define shard for SelfDefineShardInfo15791579. User needs to ensure the accuracy and correctness of input/output layout, and framework will only do basic check.
[WARNING] PARALLEL(253923,ffff972cf020,python):2026-09-11-21:18:41.131.140 [mindspore/ccsrc/frontend/parallel/ops_info/self_define_shard_info.cc:104] CheckInputLayout] Use self define shard for SelfDefineShardInfo15801580. User needs to ensure the accuracy and correctness of input/output layout, and framework will only do basic check.
[WARNING] PARALLEL(253923,ffff972cf020,python):2026-09-11-21:18:41.131.340 [mindspore/ccsrc/frontend/parallel/ops_info/self_define_shard_info.cc:104] CheckInputLayout] Use self define shard for SelfDefineShardInfo15811581. User needs to ensure the accuracy and correctness of input/output layout, and framework will only do basic check.
[WARNING] PARALLEL(253923,ffff972cf020,python):2026-09-11-21:18:41.131.560 [mindspore/ccsrc/frontend/parallel/ops_info/self_define_shard_info.cc:104] CheckInputLayout] Use self define shard for SelfDefineShardInfo15821582. User needs to ensure the accuracy and correctness of input/output layout, and framework will only do basic check.
[WARNING] PARALLEL(253923,ffff972cf020,python):2026-09-11-21:18:41.131.762 [mindspore/ccsrc/frontend/parallel/ops_info/self_define_shard_info.cc:104] CheckInputLayout] Use self define shard for SelfDefineShardInfo15831583. User needs to ensure the accuracy and correctness of input/output layout, and framework will only do basic check.
[WARNING] PARALLEL(253923,ffff972cf020,python):2026-09-11-21:18:41.131.979 [mindspore/ccsrc/frontend/parallel/ops_info/self_define_shard_info.cc:104] CheckInputLayout] Use self define shard for SelfDefineShardInfo15841584. User needs to ensure the accuracy and correctness of input/output layout, and framework will only do basic check.
[WARNING] PARALLEL(253923,ffff972cf020,python):2026-09-11-21:18:41.132.164 [mindspore/ccsrc/frontend/parallel/ops_info/self_define_shard_info.cc:104] CheckInputLayout] Use self define shard for SelfDefineShardInfo15851585. User needs to ensure the accuracy and correctness of input/output layout, and framework will only do basic check.
[WARNING] PARALLEL(253923,ffff972cf020,python):2026-09-11-21:18:41.132.380 [mindspore/ccsrc/frontend/parallel/ops_info/self_define_shard_info.cc:104] CheckInputLayout] Use self define shard for SelfDefineShardInfo15861586. User needs to ensure the accuracy and correctness of input/output layout, and framework will only do basic check.
[WARNING] PARALLEL(253923,ffff972cf020,python):2026-09-11-21:18:41.132.578 [mindspore/ccsrc/frontend/parallel/ops_info/self_define_shard_info.cc:104] CheckInputLayout] Use self define shard for SelfDefineShardInfo15871587. User needs to ensure the accuracy and correctness of input/output layout, and framework will only do basic check.
[WARNING] PARALLEL(253923,ffff972cf020,python):2026-09-11-21:18:41.132.807 [mindspore/ccsrc/frontend/parallel/ops_info/self_define_shard_info.cc:104] CheckInputLayout] Use self define shard for SelfDefineShardInfo15881588. User needs to ensure the accuracy and correctness of input/output layout, and framework will only do basic check.
[WARNING] PARALLEL(253923,ffff972cf020,python):2026-09-11-21:18:41.133.003 [mindspore/ccsrc/frontend/parallel/ops_info/self_define_shard_info.cc:104] CheckInputLayout] Use self define shard for SelfDefineShardInfo15891589. User needs to ensure the accuracy and correctness of input/output layout, and framework will only do basic check.
[WARNING] PARALLEL(253923,ffff972cf020,python):2026-09-11-21:18:41.133.230 [mindspore/ccsrc/frontend/parallel/ops_info/self_define_shard_info.cc:104] CheckInputLayout] Use self define shard for SelfDefineShardInfo15901590. User needs to ensure the accuracy and correctness of input/output layout, and framework will only do basic check.
[WARNING] PARALLEL(253923,ffff972cf020,python):2026-09-11-21:18:41.133.424 [mindspore/ccsrc/frontend/parallel/ops_info/self_define_shard_info.cc:104] CheckInputLayout] Use self define shard for SelfDefineShardInfo15911591. User needs to ensure the accuracy and correctness of input/output layout, and framework will only do basic check.
[WARNING] PARALLEL(253923,ffff972cf020,python):2026-09-11-21:18:41.133.645 [mindspore/ccsrc/frontend/parallel/ops_info/self_define_shard_info.cc:104] CheckInputLayout] Use self define shard for SelfDefineShardInfo15921592. User needs to ensure the accuracy and correctness of input/output layout, and framework will only do basic check.
[WARNING] PARALLEL(253923,ffff972cf020,python):2026-09-11-21:18:41.133.851 [mindspore/ccsrc/frontend/parallel/ops_info/self_define_shard_info.cc:104] CheckInputLayout] Use self define shard for SelfDefineShardInfo15931593. User needs to ensure the accuracy and correctness of input/output layout, and framework will only do basic check.
[WARNING] PARALLEL(253923,ffff972cf020,python):2026-09-11-21:18:41.134.081 [mindspore/ccsrc/frontend/parallel/ops_info/self_define_shard_info.cc:104] CheckInputLayout] Use self define shard for SelfDefineShardInfo15941594. User needs to ensure the accuracy and correctness of input/output layout, and framework will only do basic check.
[WARNING] PARALLEL(253923,ffff972cf020,python):2026-09-11-21:18:41.134.279 [mindspore/ccsrc/frontend/parallel/ops_info/self_define_shard_info.cc:104] CheckInputLayout] Use self define shard for SelfDefineShardInfo15951595. User needs to ensure the accuracy and correctness of input/output layout, and framework will only do basic check.
[WARNING] PARALLEL(253923,ffff972cf020,python):2026-09-11-21:18:41.134.513 [mindspore/ccsrc/frontend/parallel/ops_info/self_define_shard_info.cc:104] CheckInputLayout] Use self define shard for SelfDefineShardInfo15961596. User needs to ensure the accuracy and correctness of input/output layout, and framework will only do basic check.
[WARNING] PARALLEL(253923,ffff972cf020,python):2026-09-11-21:18:41.134.711 [mindspore/ccsrc/frontend/parallel/ops_info/self_define_shard_info.cc:104] CheckInputLayout] Use self define shard for SelfDefineShardInfo15971597. User needs to ensure the accuracy and correctness of input/output layout, and framework will only do basic check.
[WARNING] PARALLEL(253923,ffff972cf020,python):2026-09-11-21:18:41.134.946 [mindspore/ccsrc/frontend/parallel/ops_info/self_define_shard_info.cc:104] CheckInputLayout] Use self define shard for SelfDefineShardInfo15981598. User needs to ensure the accuracy and correctness of input/output layout, and framework will only do basic check.
[WARNING] PARALLEL(253923,ffff972cf020,python):2026-09-11-21:18:41.135.142 [mindspore/ccsrc/frontend/parallel/ops_info/self_define_shard_info.cc:104] CheckInputLayout] Use self define shard for SelfDefineShardInfo15991599. User needs to ensure the accuracy and correctness of input/output layout, and framework will only do basic check.
[WARNING] PARALLEL(253923,ffff972cf020,python):2026-09-11-21:18:41.135.372 [mindspore/ccsrc/frontend/parallel/ops_info/self_define_shard_info.cc:104] CheckInputLayout] Use self define shard for SelfDefineShardInfo16001600. User needs to ensure the accuracy and correctness of input/output layout, and framework will only do basic check.
[WARNING] PARALLEL(253923,ffff972cf020,python):2026-09-11-21:18:41.135.570 [mindspore/ccsrc/frontend/parallel/ops_info/self_define_shard_info.cc:104] CheckInputLayout] Use self define shard for SelfDefineShardInfo16011601. User needs to ensure the accuracy and correctness of input/output layout, and framework will only do basic check.
[WARNING] PARALLEL(253923,ffff972cf020,python):2026-09-11-21:18:41.135.795 [mindspore/ccsrc/frontend/parallel/ops_info/self_define_shard_info.cc:104] CheckInputLayout] Use self define shard for SelfDefineShardInfo16021602. User needs to ensure the accuracy and correctness of input/output layout, and framework will only do basic check.
[WARNING] PARALLEL(253923,ffff972cf020,python):2026-09-11-21:18:41.136.002 [mindspore/ccsrc/frontend/parallel/ops_info/self_define_shard_info.cc:104] CheckInputLayout] Use self define shard for SelfDefineShardInfo16031603. User needs to ensure the accuracy and correctness of input/output layout, and framework will only do basic check.
[WARNING] PARALLEL(253923,ffff972cf020,python):2026-09-11-21:18:41.136.226 [mindspore/ccsrc/frontend/parallel/ops_info/self_define_shard_info.cc:104] CheckInputLayout] Use self define shard for SelfDefineShardInfo16041604. User needs to ensure the accuracy and correctness of input/output layout, and framework will only do basic check.
[WARNING] PARALLEL(253923,ffff972cf020,python):2026-09-11-21:18:41.136.423 [mindspore/ccsrc/frontend/parallel/ops_info/self_define_shard_info.cc:104] CheckInputLayout] Use self define shard for SelfDefineShardInfo16051605. User needs to ensure the accuracy and correctness of input/output layout, and framework will only do basic check.
[WARNING] PARALLEL(253923,ffff972cf020,python):2026-09-11-21:18:41.136.653 [mindspore/ccsrc/frontend/parallel/ops_info/self_define_shard_info.cc:104] CheckInputLayout] Use self define shard for SelfDefineShardInfo16061606. User needs to ensure the accuracy and correctness of input/output layout, and framework will only do basic check.
[WARNING] PARALLEL(253923,ffff972cf020,python):2026-09-11-21:18:41.136.857 [mindspore/ccsrc/frontend/parallel/ops_info/self_define_shard_info.cc:104] CheckInputLayout] Use self define shard for SelfDefineShardInfo16071607. User needs to ensure the accuracy and correctness of input/output layout, and framework will only do basic check.
[WARNING] PARALLEL(253923,ffff972cf020,python):2026-09-11-21:18:41.137.065 [mindspore/ccsrc/frontend/parallel/ops_info/self_define_shard_info.cc:104] CheckInputLayout] Use self define shard for SelfDefineShardInfo16081608. User needs to ensure the accuracy and correctness of input/output layout, and framework will only do basic check.
[WARNING] PARALLEL(253923,ffff972cf020,python):2026-09-11-21:18:41.137.269 [mindspore/ccsrc/frontend/parallel/ops_info/self_define_shard_info.cc:104] CheckInputLayout] Use self define shard for SelfDefineShardInfo16091609. User needs to ensure the accuracy and correctness of input/output layout, and framework will only do basic check.
[WARNING] PARALLEL(253923,ffff972cf020,python):2026-09-11-21:18:41.137.483 [mindspore/ccsrc/frontend/parallel/ops_info/self_define_shard_info.cc:104] CheckInputLayout] Use self define shard for SelfDefineShardInfo16101610. User needs to ensure the accuracy and correctness of input/output layout, and framework will only do basic check.
[WARNING] PARALLEL(253923,ffff972cf020,python):2026-09-11-21:18:41.137.694 [mindspore/ccsrc/frontend/parallel/ops_info/self_define_shard_info.cc:104] CheckInputLayout] Use self define shard for SelfDefineShardInfo16111611. User needs to ensure the accuracy and correctness of input/output layout, and framework will only do basic check.
[WARNING] PARALLEL(253923,ffff972cf020,python):2026-09-11-21:18:41.137.918 [mindspore/ccsrc/frontend/parallel/ops_info/self_define_shard_info.cc:104] CheckInputLayout] Use self define shard for SelfDefineShardInfo16121612. User needs to ensure the accuracy and correctness of input/output layout, and framework will only do basic check.
[WARNING] PARALLEL(253923,ffff972cf020,python):2026-09-11-21:18:41.138.114 [mindspore/ccsrc/frontend/parallel/ops_info/self_define_shard_info.cc:104] CheckInputLayout] Use self define shard for SelfDefineShardInfo16131613. User needs to ensure the accuracy and correctness of input/output layout, and framework will only do basic check.
[WARNING] PARALLEL(253923,ffff972cf020,python):2026-09-11-21:18:41.138.292 [mindspore/ccsrc/frontend/parallel/ops_info/self_define_shard_info.cc:104] CheckInputLayout] Use self define shard for SelfDefineShardInfo16141614. User needs to ensure the accuracy and correctness of input/output layout, and framework will only do basic check.
[WARNING] PARALLEL(253923,ffff972cf020,python):2026-09-11-21:18:41.154.847 [mindspore/ccsrc/frontend/parallel/parallel_preprocessor.cc:1249] InitReshapeOpInfo] FindNextLayout for recompute_Default/network-MFTrainOneStepCell/network-_VirtualDatasetCell/_backbone-DataOrderWrapperCell/network-TrainingQwen3ForCausalLM/model-GPTModel/decoder-TransformerBlock/layers-CellList/35-TransformerLayer/self_attention-SelfAttention/Reshape-op0 return nullptr, and is_next_reshape is 1. If reshape is not the last primitive, there must be some error.
[WARNING] PARALLEL(253923,ffff972cf020,python):2026-09-11-21:18:41.156.216 [mindspore/ccsrc/frontend/parallel/parallel_preprocessor.cc:1249] InitReshapeOpInfo] FindNextLayout for recompute_Default/network-MFTrainOneStepCell/network-_VirtualDatasetCell/_backbone-DataOrderWrapperCell/network-TrainingQwen3ForCausalLM/model-GPTModel/decoder-TransformerBlock/layers-CellList/34-TransformerLayer/self_attention-SelfAttention/Reshape-op0 return nullptr, and is_next_reshape is 1. If reshape is not the last primitive, there must be some error.
[WARNING] PARALLEL(253923,ffff972cf020,python):2026-09-11-21:18:41.157.519 [mindspore/ccsrc/frontend/parallel/parallel_preprocessor.cc:1249] InitReshapeOpInfo] FindNextLayout for recompute_Default/network-MFTrainOneStepCell/network-_VirtualDatasetCell/_backbone-DataOrderWrapperCell/network-TrainingQwen3ForCausalLM/model-GPTModel/decoder-TransformerBlock/layers-CellList/33-TransformerLayer/self_attention-SelfAttention/Reshape-op0 return nullptr, and is_next_reshape is 1. If reshape is not the last primitive, there must be some error.
[WARNING] PARALLEL(253923,ffff972cf020,python):2026-09-11-21:18:41.158.814 [mindspore/ccsrc/frontend/parallel/parallel_preprocessor.cc:1249] InitReshapeOpInfo] FindNextLayout for recompute_Default/network-MFTrainOneStepCell/network-_VirtualDatasetCell/_backbone-DataOrderWrapperCell/network-TrainingQwen3ForCausalLM/model-GPTModel/decoder-TransformerBlock/layers-CellList/32-TransformerLayer/self_attention-SelfAttention/Reshape-op0 return nullptr, and is_next_reshape is 1. If reshape is not the last primitive, there must be some error.
[WARNING] PARALLEL(253923,ffff972cf020,python):2026-09-11-21:18:41.160.095 [mindspore/ccsrc/frontend/parallel/parallel_preprocessor.cc:1249] InitReshapeOpInfo] FindNextLayout for recompute_Default/network-MFTrainOneStepCell/network-_VirtualDatasetCell/_backbone-DataOrderWrapperCell/network-TrainingQwen3ForCausalLM/model-GPTModel/decoder-TransformerBlock/layers-CellList/31-TransformerLayer/self_attention-SelfAttention/Reshape-op0 return nullptr, and is_next_reshape is 1. If reshape is not the last primitive, there must be some error.
[WARNING] PARALLEL(253923,ffff972cf020,python):2026-09-11-21:18:41.161.368 [mindspore/ccsrc/frontend/parallel/parallel_preprocessor.cc:1249] InitReshapeOpInfo] FindNextLayout for recompute_Default/network-MFTrainOneStepCell/network-_VirtualDatasetCell/_backbone-DataOrderWrapperCell/network-TrainingQwen3ForCausalLM/model-GPTModel/decoder-TransformerBlock/layers-CellList/30-TransformerLayer/self_attention-SelfAttention/Reshape-op0 return nullptr, and is_next_reshape is 1. If reshape is not the last primitive, there must be some error.
[WARNING] PARALLEL(253923,ffff972cf020,python):2026-09-11-21:18:41.162.653 [mindspore/ccsrc/frontend/parallel/parallel_preprocessor.cc:1249] InitReshapeOpInfo] FindNextLayout for recompute_Default/network-MFTrainOneStepCell/network-_VirtualDatasetCell/_backbone-DataOrderWrapperCell/network-TrainingQwen3ForCausalLM/model-GPTModel/decoder-TransformerBlock/layers-CellList/29-TransformerLayer/self_attention-SelfAttention/Reshape-op0 return nullptr, and is_next_reshape is 1. If reshape is not the last primitive, there must be some error.
[WARNING] PARALLEL(253923,ffff972cf020,python):2026-09-11-21:18:41.163.912 [mindspore/ccsrc/frontend/parallel/parallel_preprocessor.cc:1249] InitReshapeOpInfo] FindNextLayout for recompute_Default/network-MFTrainOneStepCell/network-_VirtualDatasetCell/_backbone-DataOrderWrapperCell/network-TrainingQwen3ForCausalLM/model-GPTModel/decoder-TransformerBlock/layers-CellList/28-TransformerLayer/self_attention-SelfAttention/Reshape-op0 return nullptr, and is_next_reshape is 1. If reshape is not the last primitive, there must be some error.
[WARNING] PARALLEL(253923,ffff972cf020,python):2026-09-11-21:18:41.165.219 [mindspore/ccsrc/frontend/parallel/parallel_preprocessor.cc:1249] InitReshapeOpInfo] FindNextLayout for recompute_Default/network-MFTrainOneStepCell/network-_VirtualDatasetCell/_backbone-DataOrderWrapperCell/network-TrainingQwen3ForCausalLM/model-GPTModel/decoder-TransformerBlock/layers-CellList/27-TransformerLayer/self_attention-SelfAttention/Reshape-op0 return nullptr, and is_next_reshape is 1. If reshape is not the last primitive, there must be some error.
[WARNING] PARALLEL(253923,ffff972cf020,python):2026-09-11-21:18:41.166.489 [mindspore/ccsrc/frontend/parallel/parallel_preprocessor.cc:1249] InitReshapeOpInfo] FindNextLayout for recompute_Default/network-MFTrainOneStepCell/network-_VirtualDatasetCell/_backbone-DataOrderWrapperCell/network-TrainingQwen3ForCausalLM/model-GPTModel/decoder-TransformerBlock/layers-CellList/26-TransformerLayer/self_attention-SelfAttention/Reshape-op0 return nullptr, and is_next_reshape is 1. If reshape is not the last primitive, there must be some error.
[WARNING] PARALLEL(253923,ffff972cf020,python):2026-09-11-21:18:41.167.741 [mindspore/ccsrc/frontend/parallel/parallel_preprocessor.cc:1249] InitReshapeOpInfo] FindNextLayout for recompute_Default/network-MFTrainOneStepCell/network-_VirtualDatasetCell/_backbone-DataOrderWrapperCell/network-TrainingQwen3ForCausalLM/model-GPTModel/decoder-TransformerBlock/layers-CellList/25-TransformerLayer/self_attention-SelfAttention/Reshape-op0 return nullptr, and is_next_reshape is 1. If reshape is not the last primitive, there must be some error.
[WARNING] PARALLEL(253923,ffff972cf020,python):2026-09-11-21:18:41.168.979 [mindspore/ccsrc/frontend/parallel/parallel_preprocessor.cc:1249] InitReshapeOpInfo] FindNextLayout for recompute_Default/network-MFTrainOneStepCell/network-_VirtualDatasetCell/_backbone-DataOrderWrapperCell/network-TrainingQwen3ForCausalLM/model-GPTModel/decoder-TransformerBlock/layers-CellList/24-TransformerLayer/self_attention-SelfAttention/Reshape-op0 return nullptr, and is_next_reshape is 1. If reshape is not the last primitive, there must be some error.
[WARNING] PARALLEL(253923,ffff972cf020,python):2026-09-11-21:18:41.170.222 [mindspore/ccsrc/frontend/parallel/parallel_preprocessor.cc:1249] InitReshapeOpInfo] FindNextLayout for recompute_Default/network-MFTrainOneStepCell/network-_VirtualDatasetCell/_backbone-DataOrderWrapperCell/network-TrainingQwen3ForCausalLM/model-GPTModel/decoder-TransformerBlock/layers-CellList/23-TransformerLayer/self_attention-SelfAttention/Reshape-op0 return nullptr, and is_next_reshape is 1. If reshape is not the last primitive, there must be some error.
[WARNING] PARALLEL(253923,ffff972cf020,python):2026-09-11-21:18:41.171.452 [mindspore/ccsrc/frontend/parallel/parallel_preprocessor.cc:1249] InitReshapeOpInfo] FindNextLayout for recompute_Default/network-MFTrainOneStepCell/network-_VirtualDatasetCell/_backbone-DataOrderWrapperCell/network-TrainingQwen3ForCausalLM/model-GPTModel/decoder-TransformerBlock/layers-CellList/22-TransformerLayer/self_attention-SelfAttention/Reshape-op0 return nullptr, and is_next_reshape is 1. If reshape is not the last primitive, there must be some error.
[WARNING] PARALLEL(253923,ffff972cf020,python):2026-09-11-21:18:41.172.708 [mindspore/ccsrc/frontend/parallel/parallel_preprocessor.cc:1249] InitReshapeOpInfo] FindNextLayout for recompute_Default/network-MFTrainOneStepCell/network-_VirtualDatasetCell/_backbone-DataOrderWrapperCell/network-TrainingQwen3ForCausalLM/model-GPTModel/decoder-TransformerBlock/layers-CellList/21-TransformerLayer/self_attention-SelfAttention/Reshape-op0 return nullptr, and is_next_reshape is 1. If reshape is not the last primitive, there must be some error.
[WARNING] PARALLEL(253923,ffff972cf020,python):2026-09-11-21:18:41.173.928 [mindspore/ccsrc/frontend/parallel/parallel_preprocessor.cc:1249] InitReshapeOpInfo] FindNextLayout for recompute_Default/network-MFTrainOneStepCell/network-_VirtualDatasetCell/_backbone-DataOrderWrapperCell/network-TrainingQwen3ForCausalLM/model-GPTModel/decoder-TransformerBlock/layers-CellList/20-TransformerLayer/self_attention-SelfAttention/Reshape-op0 return nullptr, and is_next_reshape is 1. If reshape is not the last primitive, there must be some error.
[WARNING] PARALLEL(253923,ffff972cf020,python):2026-09-11-21:18:41.175.141 [mindspore/ccsrc/frontend/parallel/parallel_preprocessor.cc:1249] InitReshapeOpInfo] FindNextLayout for recompute_Default/network-MFTrainOneStepCell/network-_VirtualDatasetCell/_backbone-DataOrderWrapperCell/network-TrainingQwen3ForCausalLM/model-GPTModel/decoder-TransformerBlock/layers-CellList/19-TransformerLayer/self_attention-SelfAttention/Reshape-op0 return nullptr, and is_next_reshape is 1. If reshape is not the last primitive, there must be some error.
[WARNING] PARALLEL(253923,ffff972cf020,python):2026-09-11-21:18:41.176.353 [mindspore/ccsrc/frontend/parallel/parallel_preprocessor.cc:1249] InitReshapeOpInfo] FindNextLayout for recompute_Default/network-MFTrainOneStepCell/network-_VirtualDatasetCell/_backbone-DataOrderWrapperCell/network-TrainingQwen3ForCausalLM/model-GPTModel/decoder-TransformerBlock/layers-CellList/18-TransformerLayer/self_attention-SelfAttention/Reshape-op0 return nullptr, and is_next_reshape is 1. If reshape is not the last primitive, there must be some error.
[WARNING] PARALLEL(253923,ffff972cf020,python):2026-09-11-21:18:41.177.570 [mindspore/ccsrc/frontend/parallel/parallel_preprocessor.cc:1249] InitReshapeOpInfo] FindNextLayout for recompute_Default/network-MFTrainOneStepCell/network-_VirtualDatasetCell/_backbone-DataOrderWrapperCell/network-TrainingQwen3ForCausalLM/model-GPTModel/decoder-TransformerBlock/layers-CellList/17-TransformerLayer/self_attention-SelfAttention/Reshape-op0 return nullptr, and is_next_reshape is 1. If reshape is not the last primitive, there must be some error.
[WARNING] PARALLEL(253923,ffff972cf020,python):2026-09-11-21:18:41.178.784 [mindspore/ccsrc/frontend/parallel/parallel_preprocessor.cc:1249] InitReshapeOpInfo] FindNextLayout for recompute_Default/network-MFTrainOneStepCell/network-_VirtualDatasetCell/_backbone-DataOrderWrapperCell/network-TrainingQwen3ForCausalLM/model-GPTModel/decoder-TransformerBlock/layers-CellList/16-TransformerLayer/self_attention-SelfAttention/Reshape-op0 return nullptr, and is_next_reshape is 1. If reshape is not the last primitive, there must be some error.
[WARNING] PARALLEL(253923,ffff972cf020,python):2026-09-11-21:18:41.179.975 [mindspore/ccsrc/frontend/parallel/parallel_preprocessor.cc:1249] InitReshapeOpInfo] FindNextLayout for recompute_Default/network-MFTrainOneStepCell/network-_VirtualDatasetCell/_backbone-DataOrderWrapperCell/network-TrainingQwen3ForCausalLM/model-GPTModel/decoder-TransformerBlock/layers-CellList/15-TransformerLayer/self_attention-SelfAttention/Reshape-op0 return nullptr, and is_next_reshape is 1. If reshape is not the last primitive, there must be some error.
[WARNING] PARALLEL(253923,ffff972cf020,python):2026-09-11-21:18:41.181.185 [mindspore/ccsrc/frontend/parallel/parallel_preprocessor.cc:1249] InitReshapeOpInfo] FindNextLayout for recompute_Default/network-MFTrainOneStepCell/network-_VirtualDatasetCell/_backbone-DataOrderWrapperCell/network-TrainingQwen3ForCausalLM/model-GPTModel/decoder-TransformerBlock/layers-CellList/14-TransformerLayer/self_attention-SelfAttention/Reshape-op0 return nullptr, and is_next_reshape is 1. If reshape is not the last primitive, there must be some error.
[WARNING] PARALLEL(253923,ffff972cf020,python):2026-09-11-21:18:41.182.395 [mindspore/ccsrc/frontend/parallel/parallel_preprocessor.cc:1249] InitReshapeOpInfo] FindNextLayout for recompute_Default/network-MFTrainOneStepCell/network-_VirtualDatasetCell/_backbone-DataOrderWrapperCell/network-TrainingQwen3ForCausalLM/model-GPTModel/decoder-TransformerBlock/layers-CellList/13-TransformerLayer/self_attention-SelfAttention/Reshape-op0 return nullptr, and is_next_reshape is 1. If reshape is not the last primitive, there must be some error.
[WARNING] PARALLEL(253923,ffff972cf020,python):2026-09-11-21:18:41.183.580 [mindspore/ccsrc/frontend/parallel/parallel_preprocessor.cc:1249] InitReshapeOpInfo] FindNextLayout for recompute_Default/network-MFTrainOneStepCell/network-_VirtualDatasetCell/_backbone-DataOrderWrapperCell/network-TrainingQwen3ForCausalLM/model-GPTModel/decoder-TransformerBlock/layers-CellList/12-TransformerLayer/self_attention-SelfAttention/Reshape-op0 return nullptr, and is_next_reshape is 1. If reshape is not the last primitive, there must be some error.
[WARNING] PARALLEL(253923,ffff972cf020,python):2026-09-11-21:18:41.184.661 [mindspore/ccsrc/frontend/parallel/parallel_preprocessor.cc:1249] InitReshapeOpInfo] FindNextLayout for recompute_Default/network-MFTrainOneStepCell/network-_VirtualDatasetCell/_backbone-DataOrderWrapperCell/network-TrainingQwen3ForCausalLM/model-GPTModel/decoder-TransformerBlock/layers-CellList/11-TransformerLayer/self_attention-SelfAttention/Reshape-op0 return nullptr, and is_next_reshape is 1. If reshape is not the last primitive, there must be some error.
[WARNING] PARALLEL(253923,ffff972cf020,python):2026-09-11-21:18:41.185.731 [mindspore/ccsrc/frontend/parallel/parallel_preprocessor.cc:1249] InitReshapeOpInfo] FindNextLayout for recompute_Default/network-MFTrainOneStepCell/network-_VirtualDatasetCell/_backbone-DataOrderWrapperCell/network-TrainingQwen3ForCausalLM/model-GPTModel/decoder-TransformerBlock/layers-CellList/10-TransformerLayer/self_attention-SelfAttention/Reshape-op0 return nullptr, and is_next_reshape is 1. If reshape is not the last primitive, there must be some error.
[WARNING] PARALLEL(253923,ffff972cf020,python):2026-09-11-21:18:41.186.777 [mindspore/ccsrc/frontend/parallel/parallel_preprocessor.cc:1249] InitReshapeOpInfo] FindNextLayout for recompute_Default/network-MFTrainOneStepCell/network-_VirtualDatasetCell/_backbone-DataOrderWrapperCell/network-TrainingQwen3ForCausalLM/model-GPTModel/decoder-TransformerBlock/layers-CellList/9-TransformerLayer/self_attention-SelfAttention/Reshape-op0 return nullptr, and is_next_reshape is 1. If reshape is not the last primitive, there must be some error.
[WARNING] PARALLEL(253923,ffff972cf020,python):2026-09-11-21:18:41.187.830 [mindspore/ccsrc/frontend/parallel/parallel_preprocessor.cc:1249] InitReshapeOpInfo] FindNextLayout for recompute_Default/network-MFTrainOneStepCell/network-_VirtualDatasetCell/_backbone-DataOrderWrapperCell/network-TrainingQwen3ForCausalLM/model-GPTModel/decoder-TransformerBlock/layers-CellList/8-TransformerLayer/self_attention-SelfAttention/Reshape-op0 return nullptr, and is_next_reshape is 1. If reshape is not the last primitive, there must be some error.
[WARNING] PARALLEL(253923,ffff972cf020,python):2026-09-11-21:18:41.188.890 [mindspore/ccsrc/frontend/parallel/parallel_preprocessor.cc:1249] InitReshapeOpInfo] FindNextLayout for recompute_Default/network-MFTrainOneStepCell/network-_VirtualDatasetCell/_backbone-DataOrderWrapperCell/network-TrainingQwen3ForCausalLM/model-GPTModel/decoder-TransformerBlock/layers-CellList/7-TransformerLayer/self_attention-SelfAttention/Reshape-op0 return nullptr, and is_next_reshape is 1. If reshape is not the last primitive, there must be some error.
[WARNING] PARALLEL(253923,ffff972cf020,python):2026-09-11-21:18:41.189.955 [mindspore/ccsrc/frontend/parallel/parallel_preprocessor.cc:1249] InitReshapeOpInfo] FindNextLayout for recompute_Default/network-MFTrainOneStepCell/network-_VirtualDatasetCell/_backbone-DataOrderWrapperCell/network-TrainingQwen3ForCausalLM/model-GPTModel/decoder-TransformerBlock/layers-CellList/6-TransformerLayer/self_attention-SelfAttention/Reshape-op0 return nullptr, and is_next_reshape is 1. If reshape is not the last primitive, there must be some error.
[WARNING] PARALLEL(253923,ffff972cf020,python):2026-09-11-21:18:41.191.016 [mindspore/ccsrc/frontend/parallel/parallel_preprocessor.cc:1249] InitReshapeOpInfo] FindNextLayout for recompute_Default/network-MFTrainOneStepCell/network-_VirtualDatasetCell/_backbone-DataOrderWrapperCell/network-TrainingQwen3ForCausalLM/model-GPTModel/decoder-TransformerBlock/layers-CellList/5-TransformerLayer/self_attention-SelfAttention/Reshape-op0 return nullptr, and is_next_reshape is 1. If reshape is not the last primitive, there must be some error.
[WARNING] PARALLEL(253923,ffff972cf020,python):2026-09-11-21:18:41.192.061 [mindspore/ccsrc/frontend/parallel/parallel_preprocessor.cc:1249] InitReshapeOpInfo] FindNextLayout for recompute_Default/network-MFTrainOneStepCell/network-_VirtualDatasetCell/_backbone-DataOrderWrapperCell/network-TrainingQwen3ForCausalLM/model-GPTModel/decoder-TransformerBlock/layers-CellList/4-TransformerLayer/self_attention-SelfAttention/Reshape-op0 return nullptr, and is_next_reshape is 1. If reshape is not the last primitive, there must be some error.
[WARNING] PARALLEL(253923,ffff972cf020,python):2026-09-11-21:18:41.193.132 [mindspore/ccsrc/frontend/parallel/parallel_preprocessor.cc:1249] InitReshapeOpInfo] FindNextLayout for recompute_Default/network-MFTrainOneStepCell/network-_VirtualDatasetCell/_backbone-DataOrderWrapperCell/network-TrainingQwen3ForCausalLM/model-GPTModel/decoder-TransformerBlock/layers-CellList/3-TransformerLayer/self_attention-SelfAttention/Reshape-op0 return nullptr, and is_next_reshape is 1. If reshape is not the last primitive, there must be some error.
[WARNING] PARALLEL(253923,ffff972cf020,python):2026-09-11-21:18:41.194.197 [mindspore/ccsrc/frontend/parallel/parallel_preprocessor.cc:1249] InitReshapeOpInfo] FindNextLayout for recompute_Default/network-MFTrainOneStepCell/network-_VirtualDatasetCell/_backbone-DataOrderWrapperCell/network-TrainingQwen3ForCausalLM/model-GPTModel/decoder-TransformerBlock/layers-CellList/2-TransformerLayer/self_attention-SelfAttention/Reshape-op0 return nullptr, and is_next_reshape is 1. If reshape is not the last primitive, there must be some error.
[WARNING] PARALLEL(253923,ffff972cf020,python):2026-09-11-21:18:41.195.250 [mindspore/ccsrc/frontend/parallel/parallel_preprocessor.cc:1249] InitReshapeOpInfo] FindNextLayout for recompute_Default/network-MFTrainOneStepCell/network-_VirtualDatasetCell/_backbone-DataOrderWrapperCell/network-TrainingQwen3ForCausalLM/model-GPTModel/decoder-TransformerBlock/layers-CellList/1-TransformerLayer/self_attention-SelfAttention/Reshape-op0 return nullptr, and is_next_reshape is 1. If reshape is not the last primitive, there must be some error.
[WARNING] PARALLEL(253923,ffff972cf020,python):2026-09-11-21:18:41.196.412 [mindspore/ccsrc/frontend/parallel/parallel_preprocessor.cc:1249] InitReshapeOpInfo] FindNextLayout for recompute_Default/network-MFTrainOneStepCell/network-_VirtualDatasetCell/_backbone-DataOrderWrapperCell/network-TrainingQwen3ForCausalLM/model-GPTModel/decoder-TransformerBlock/layers-CellList/0-TransformerLayer/self_attention-SelfAttention/Reshape-op0 return nullptr, and is_next_reshape is 1. If reshape is not the last primitive, there must be some error.
2026-09-11 21:20:45,362 - mindformers/models/npu_nvme_exp/user7-stack/qwen3-v13-source-002/training/log[mindformers/checkpoint/utils.py:456] - INFO - Time spent compiling the model: 166.03 seconds
2026-09-11 21:20:58,453 - mindformers/models/npu_nvme_exp/user7-stack/qwen3-v13-source-002/training/log[mindformers/utils/load_checkpoint_utils.py:618] - INFO - merge dst strategy finished.
2026-09-11 21:20:58,480 - mindformers/models/npu_nvme_exp/user7-stack/qwen3-v13-source-002/training/log[mindformers/utils/load_checkpoint_utils.py:413] - INFO - ......Start load distributed checkpoint to model......
0.1%|----------------------------------------|[00:00:00<00:00:00]0.2%|----------------------------------------|[00:00:00<00:00:00]0.3%|----------------------------------------|[00:00:00<00:00:04]0.5%|----------------------------------------|[00:00:00<00:00:06]0.6%|----------------------------------------|[00:00:00<00:00:05]0.7%|----------------------------------------|[00:00:00<00:00:04]0.8%|----------------------------------------|[00:00:00<00:00:03]0.9%|----------------------------------------|[00:00:00<00:00:05]1.0%|----------------------------------------|[00:00:00<00:00:04]1.1%|----------------------------------------|[00:00:00<00:00:04]1.3%|----------------------------------------|[00:00:00<00:00:07]1.4%|----------------------------------------|[00:00:00<00:00:08]1.5%|----------------------------------------|[00:00:00<00:00:09]1.6%|----------------------------------------|[00:00:00<00:00:08]1.7%|----------------------------------------|[00:00:00<00:00:08]1.8%|----------------------------------------|[00:00:00<00:00:08]1.9%|----------------------------------------|[00:00:00<00:00:07]2.1%|----------------------------------------|[00:00:00<00:00:08]2.2%|----------------------------------------|[00:00:00<00:00:08]2.3%|----------------------------------------|[00:00:00<00:00:07]2.4%|----------------------------------------|[00:00:00<00:00:08]2.5%|█---------------------------------------|[00:00:00<00:00:08]2.6%|█---------------------------------------|[00:00:00<00:00:07]2.7%|█---------------------------------------|[00:00:00<00:00:07]2.9%|█---------------------------------------|[00:00:00<00:00:07]3.0%|█---------------------------------------|[00:00:00<00:00:07]3.1%|█---------------------------------------|[00:00:00<00:00:07]3.2%|█---------------------------------------|[00:00:00<00:00:06]3.3%|█---------------------------------------|[00:00:00<00:00:06]3.4%|█---------------------------------------|[00:00:00<00:00:06]3.6%|█---------------------------------------|[00:00:00<00:00:06]3.7%|█---------------------------------------|[00:00:00<00:00:05]3.8%|█---------------------------------------|[00:00:00<00:00:05]3.9%|█---------------------------------------|[00:00:00<00:00:05]4.0%|█---------------------------------------|[00:00:00<00:00:05]4.1%|█---------------------------------------|[00:00:00<00:00:05]4.2%|█---------------------------------------|[00:00:00<00:00:05]4.4%|█---------------------------------------|[00:00:00<00:00:05]4.5%|█---------------------------------------|[00:00:00<00:00:05]4.6%|█---------------------------------------|[00:00:00<00:00:05]4.7%|█---------------------------------------|[00:00:00<00:00:04]4.8%|█---------------------------------------|[00:00:00<00:00:04]4.9%|█---------------------------------------|[00:00:00<00:00:04]5.0%|██--------------------------------------|[00:00:00<00:00:04]5.2%|██--------------------------------------|[00:00:00<00:00:04]5.3%|██--------------------------------------|[00:00:00<00:00:04]5.4%|██--------------------------------------|[00:00:00<00:00:04]5.5%|██--------------------------------------|[00:00:00<00:00:04]5.6%|██--------------------------------------|[00:00:00<00:00:04]5.7%|██--------------------------------------|[00:00:00<00:00:04]5.8%|██--------------------------------------|[00:00:00<00:00:04]6.0%|██--------------------------------------|[00:00:00<00:00:04]6.1%|██--------------------------------------|[00:00:00<00:00:04]6.2%|██--------------------------------------|[00:00:00<00:00:04]6.3%|██--------------------------------------|[00:00:00<00:00:04]6.4%|██--------------------------------------|[00:00:00<00:00:04]6.5%|██--------------------------------------|[00:00:00<00:00:03]6.6%|██--------------------------------------|[00:00:00<00:00:04]6.8%|██--------------------------------------|[00:00:00<00:00:04]6.9%|██--------------------------------------|[00:00:00<00:00:04]7.0%|██--------------------------------------|[00:00:00<00:00:04]7.1%|██--------------------------------------|[00:00:00<00:00:04]7.2%|██--------------------------------------|[00:00:00<00:00:04]7.3%|██--------------------------------------|[00:00:00<00:00:04]7.4%|██--------------------------------------|[00:00:00<00:00:04]7.6%|███-------------------------------------|[00:00:00<00:00:04]7.7%|███-------------------------------------|[00:00:00<00:00:04]7.8%|███-------------------------------------|[00:00:00<00:00:04]7.9%|███-------------------------------------|[00:00:00<00:00:03]8.0%|███-------------------------------------|[00:00:00<00:00:03]8.1%|███-------------------------------------|[00:00:00<00:00:03]8.2%|███-------------------------------------|[00:00:00<00:00:03]8.4%|███-------------------------------------|[00:00:00<00:00:03]8.5%|███-------------------------------------|[00:00:00<00:00:03]8.6%|███-------------------------------------|[00:00:00<00:00:03]8.7%|███-------------------------------------|[00:00:00<00:00:03]8.8%|███-------------------------------------|[00:00:00<00:00:03]8.9%|███-------------------------------------|[00:00:00<00:00:03]9.0%|███-------------------------------------|[00:00:00<00:00:03]9.2%|███-------------------------------------|[00:00:00<00:00:03]9.3%|███-------------------------------------|[00:00:00<00:00:03]9.4%|███-------------------------------------|[00:00:00<00:00:03]9.5%|███-------------------------------------|[00:00:00<00:00:03]9.6%|███-------------------------------------|[00:00:00<00:00:04]9.7%|███-------------------------------------|[00:00:00<00:00:04]9.9%|███-------------------------------------|[00:00:00<00:00:04]10.0%|███-------------------------------------|[00:00:00<00:00:04]10.1%|████------------------------------------|[00:00:00<00:00:04]10.2%|████------------------------------------|[00:00:00<00:00:03]10.3%|████------------------------------------|[00:00:00<00:00:03]10.4%|████------------------------------------|[00:00:00<00:00:03]10.5%|████------------------------------------|[00:00:00<00:00:03]10.7%|████------------------------------------|[00:00:00<00:00:03]10.8%|████------------------------------------|[00:00:00<00:00:03]10.9%|████------------------------------------|[00:00:00<00:00:03]11.0%|████------------------------------------|[00:00:00<00:00:03]11.1%|████------------------------------------|[00:00:00<00:00:03]11.2%|████------------------------------------|[00:00:00<00:00:03]11.3%|████------------------------------------|[00:00:00<00:00:03]11.5%|████------------------------------------|[00:00:00<00:00:03]11.6%|████------------------------------------|[00:00:00<00:00:03]11.7%|████------------------------------------|[00:00:00<00:00:03]11.8%|████------------------------------------|[00:00:00<00:00:03]11.9%|████------------------------------------|[00:00:00<00:00:03]12.0%|████------------------------------------|[00:00:00<00:00:03]12.1%|████------------------------------------|[00:00:00<00:00:03]12.3%|████------------------------------------|[00:00:00<00:00:03]12.4%|████------------------------------------|[00:00:00<00:00:03]12.5%|████------------------------------------|[00:00:00<00:00:03]12.6%|█████-----------------------------------|[00:00:00<00:00:03]12.7%|█████-----------------------------------|[00:00:00<00:00:03]12.8%|█████-----------------------------------|[00:00:00<00:00:03]12.9%|█████-----------------------------------|[00:00:00<00:00:03]13.1%|█████-----------------------------------|[00:00:00<00:00:03]13.2%|█████-----------------------------------|[00:00:00<00:00:03]13.3%|█████-----------------------------------|[00:00:00<00:00:03]13.4%|█████-----------------------------------|[00:00:00<00:00:03]13.5%|█████-----------------------------------|[00:00:00<00:00:03]13.6%|█████-----------------------------------|[00:00:00<00:00:03]13.7%|█████-----------------------------------|[00:00:00<00:00:03]13.9%|█████-----------------------------------|[00:00:00<00:00:03]14.0%|█████-----------------------------------|[00:00:00<00:00:03]14.1%|█████-----------------------------------|[00:00:00<00:00:03]14.2%|█████-----------------------------------|[00:00:00<00:00:03]14.3%|█████-----------------------------------|[00:00:00<00:00:03]14.4%|█████-----------------------------------|[00:00:00<00:00:03]14.5%|█████-----------------------------------|[00:00:00<00:00:03]14.7%|█████-----------------------------------|[00:00:00<00:00:03]14.8%|█████-----------------------------------|[00:00:00<00:00:03]14.9%|█████-----------------------------------|[00:00:00<00:00:03]15.0%|██████----------------------------------|[00:00:00<00:00:03]15.1%|██████----------------------------------|[00:00:00<00:00:03]15.2%|██████----------------------------------|[00:00:00<00:00:03]15.3%|██████----------------------------------|[00:00:00<00:00:03]15.5%|██████----------------------------------|[00:00:00<00:00:03]15.6%|██████----------------------------------|[00:00:00<00:00:03]15.7%|██████----------------------------------|[00:00:00<00:00:03]15.8%|██████----------------------------------|[00:00:00<00:00:03]15.9%|██████----------------------------------|[00:00:00<00:00:03]16.0%|██████----------------------------------|[00:00:00<00:00:03]16.2%|██████----------------------------------|[00:00:00<00:00:03]16.3%|██████----------------------------------|[00:00:00<00:00:03]16.4%|██████----------------------------------|[00:00:00<00:00:03]16.5%|██████----------------------------------|[00:00:00<00:00:03]16.6%|██████----------------------------------|[00:00:00<00:00:03]16.7%|██████----------------------------------|[00:00:00<00:00:03]16.8%|██████----------------------------------|[00:00:00<00:00:03]17.0%|██████----------------------------------|[00:00:00<00:00:03]17.1%|██████----------------------------------|[00:00:00<00:00:03]17.2%|██████----------------------------------|[00:00:00<00:00:03]17.3%|██████----------------------------------|[00:00:00<00:00:03]17.4%|██████----------------------------------|[00:00:00<00:00:03]17.5%|███████---------------------------------|[00:00:00<00:00:03]17.6%|███████---------------------------------|[00:00:00<00:00:03]17.8%|███████---------------------------------|[00:00:00<00:00:03]17.9%|███████---------------------------------|[00:00:00<00:00:03]18.0%|███████---------------------------------|[00:00:00<00:00:03]18.1%|███████---------------------------------|[00:00:00<00:00:03]18.2%|███████---------------------------------|[00:00:00<00:00:03]18.3%|███████---------------------------------|[00:00:00<00:00:03]18.4%|███████---------------------------------|[00:00:00<00:00:03]18.6%|███████---------------------------------|[00:00:00<00:00:03]18.7%|███████---------------------------------|[00:00:00<00:00:03]18.8%|███████---------------------------------|[00:00:00<00:00:03]18.9%|███████---------------------------------|[00:00:00<00:00:03]19.0%|███████---------------------------------|[00:00:00<00:00:03]19.1%|███████---------------------------------|[00:00:00<00:00:03]19.2%|███████---------------------------------|[00:00:00<00:00:03]19.4%|███████---------------------------------|[00:00:00<00:00:03]19.5%|███████---------------------------------|[00:00:00<00:00:03]19.6%|███████---------------------------------|[00:00:00<00:00:03]19.7%|███████---------------------------------|[00:00:00<00:00:03]19.8%|███████---------------------------------|[00:00:00<00:00:02]19.9%|███████---------------------------------|[00:00:00<00:00:02]20.0%|████████--------------------------------|[00:00:00<00:00:03]20.2%|████████--------------------------------|[00:00:00<00:00:03]20.3%|████████--------------------------------|[00:00:00<00:00:03]20.4%|████████--------------------------------|[00:00:00<00:00:03]20.5%|████████--------------------------------|[00:00:00<00:00:03]20.6%|████████--------------------------------|[00:00:00<00:00:02]20.7%|████████--------------------------------|[00:00:00<00:00:02]20.8%|████████--------------------------------|[00:00:00<00:00:02]21.0%|████████--------------------------------|[00:00:00<00:00:02]21.1%|████████--------------------------------|[00:00:00<00:00:02]21.2%|████████--------------------------------|[00:00:00<00:00:02]21.3%|████████--------------------------------|[00:00:00<00:00:02]21.4%|████████--------------------------------|[00:00:00<00:00:02]21.5%|████████--------------------------------|[00:00:00<00:00:02]21.6%|████████--------------------------------|[00:00:00<00:00:02]21.8%|████████--------------------------------|[00:00:00<00:00:02]21.9%|████████--------------------------------|[00:00:00<00:00:02]22.0%|████████--------------------------------|[00:00:00<00:00:02]22.1%|████████--------------------------------|[00:00:00<00:00:02]22.2%|████████--------------------------------|[00:00:00<00:00:02]22.3%|████████--------------------------------|[00:00:00<00:00:02]22.5%|████████--------------------------------|[00:00:00<00:00:02]22.6%|█████████-------------------------------|[00:00:00<00:00:02]22.7%|█████████-------------------------------|[00:00:00<00:00:02]22.8%|█████████-------------------------------|[00:00:00<00:00:02]22.9%|█████████-------------------------------|[00:00:00<00:00:02]23.0%|█████████-------------------------------|[00:00:00<00:00:02]23.1%|█████████-------------------------------|[00:00:00<00:00:02]23.3%|█████████-------------------------------|[00:00:00<00:00:02]23.4%|█████████-------------------------------|[00:00:00<00:00:02]23.5%|█████████-------------------------------|[00:00:00<00:00:02]23.6%|█████████-------------------------------|[00:00:00<00:00:02]23.7%|█████████-------------------------------|[00:00:00<00:00:02]23.8%|█████████-------------------------------|[00:00:00<00:00:02]23.9%|█████████-------------------------------|[00:00:00<00:00:02]24.1%|█████████-------------------------------|[00:00:00<00:00:02]24.2%|█████████-------------------------------|[00:00:00<00:00:02]24.3%|█████████-------------------------------|[00:00:00<00:00:02]24.4%|█████████-------------------------------|[00:00:00<00:00:02]24.5%|█████████-------------------------------|[00:00:00<00:00:02]24.6%|█████████-------------------------------|[00:00:00<00:00:02]24.7%|█████████-------------------------------|[00:00:00<00:00:02]24.9%|█████████-------------------------------|[00:00:00<00:00:02]25.0%|█████████-------------------------------|[00:00:00<00:00:02]25.1%|██████████------------------------------|[00:00:00<00:00:02]25.2%|██████████------------------------------|[00:00:00<00:00:02]25.3%|██████████------------------------------|[00:00:00<00:00:02]25.4%|██████████------------------------------|[00:00:00<00:00:02]25.5%|██████████------------------------------|[00:00:00<00:00:02]25.7%|██████████------------------------------|[00:00:00<00:00:02]25.8%|██████████------------------------------|[00:00:00<00:00:02]25.9%|██████████------------------------------|[00:00:00<00:00:02]26.0%|██████████------------------------------|[00:00:00<00:00:02]26.1%|██████████------------------------------|[00:00:00<00:00:02]26.2%|██████████------------------------------|[00:00:00<00:00:02]26.3%|██████████------------------------------|[00:00:00<00:00:02]26.5%|██████████------------------------------|[00:00:00<00:00:02]26.6%|██████████------------------------------|[00:00:00<00:00:02]26.7%|██████████------------------------------|[00:00:00<00:00:02]26.8%|██████████------------------------------|[00:00:00<00:00:02]26.9%|██████████------------------------------|[00:00:00<00:00:02]27.0%|██████████------------------------------|[00:00:00<00:00:02]27.1%|██████████------------------------------|[00:00:00<00:00:02]27.3%|██████████------------------------------|[00:00:00<00:00:02]27.4%|██████████------------------------------|[00:00:00<00:00:02]27.5%|██████████------------------------------|[00:00:00<00:00:02]27.6%|███████████-----------------------------|[00:00:00<00:00:02]27.7%|███████████-----------------------------|[00:00:00<00:00:02]27.8%|███████████-----------------------------|[00:00:00<00:00:02]27.9%|███████████-----------------------------|[00:00:00<00:00:02]28.1%|███████████-----------------------------|[00:00:00<00:00:02]28.2%|███████████-----------------------------|[00:00:00<00:00:02]28.3%|███████████-----------------------------|[00:00:00<00:00:02]28.4%|███████████-----------------------------|[00:00:00<00:00:02]28.5%|███████████-----------------------------|[00:00:00<00:00:02]28.6%|███████████-----------------------------|[00:00:00<00:00:02]28.8%|███████████-----------------------------|[00:00:00<00:00:02]28.9%|███████████-----------------------------|[00:00:00<00:00:02]29.0%|███████████-----------------------------|[00:00:00<00:00:02]29.1%|███████████-----------------------------|[00:00:00<00:00:02]29.2%|███████████-----------------------------|[00:00:00<00:00:02]29.3%|███████████-----------------------------|[00:00:00<00:00:02]29.4%|███████████-----------------------------|[00:00:00<00:00:02]29.6%|███████████-----------------------------|[00:00:00<00:00:02]29.7%|███████████-----------------------------|[00:00:00<00:00:02]29.8%|███████████-----------------------------|[00:00:00<00:00:02]29.9%|███████████-----------------------------|[00:00:00<00:00:02]30.0%|████████████----------------------------|[00:00:00<00:00:02]30.1%|████████████----------------------------|[00:00:00<00:00:02]30.2%|████████████----------------------------|[00:00:00<00:00:02]30.4%|████████████----------------------------|[00:00:00<00:00:02]30.5%|████████████----------------------------|[00:00:00<00:00:02]30.6%|████████████----------------------------|[00:00:00<00:00:02]30.7%|████████████----------------------------|[00:00:01<00:00:02]30.8%|████████████----------------------------|[00:00:01<00:00:02]30.9%|████████████----------------------------|[00:00:01<00:00:02]31.0%|████████████----------------------------|[00:00:01<00:00:02]31.2%|████████████----------------------------|[00:00:01<00:00:02]31.3%|████████████----------------------------|[00:00:01<00:00:02]31.4%|████████████----------------------------|[00:00:01<00:00:02]31.5%|████████████----------------------------|[00:00:01<00:00:02]31.6%|████████████----------------------------|[00:00:01<00:00:02]31.7%|████████████----------------------------|[00:00:01<00:00:02]31.8%|████████████----------------------------|[00:00:01<00:00:02]32.0%|████████████----------------------------|[00:00:01<00:00:02]32.1%|████████████----------------------------|[00:00:01<00:00:02]32.2%|████████████----------------------------|[00:00:01<00:00:02]32.3%|████████████----------------------------|[00:00:01<00:00:02]32.4%|████████████----------------------------|[00:00:01<00:00:02]32.5%|█████████████---------------------------|[00:00:01<00:00:02]32.6%|█████████████---------------------------|[00:00:01<00:00:02]32.8%|█████████████---------------------------|[00:00:01<00:00:02]32.9%|█████████████---------------------------|[00:00:01<00:00:02]33.0%|█████████████---------------------------|[00:00:01<00:00:02]33.1%|█████████████---------------------------|[00:00:01<00:00:02]33.2%|█████████████---------------------------|[00:00:01<00:00:02]33.3%|█████████████---------------------------|[00:00:01<00:00:02]33.4%|█████████████---------------------------|[00:00:01<00:00:02]33.6%|█████████████---------------------------|[00:00:01<00:00:02]33.7%|█████████████---------------------------|[00:00:01<00:00:02]33.8%|█████████████---------------------------|[00:00:01<00:00:02]33.9%|█████████████---------------------------|[00:00:01<00:00:02]34.0%|█████████████---------------------------|[00:00:01<00:00:02]34.1%|█████████████---------------------------|[00:00:01<00:00:02]34.2%|█████████████---------------------------|[00:00:01<00:00:02]34.4%|█████████████---------------------------|[00:00:01<00:00:02]34.5%|█████████████---------------------------|[00:00:01<00:00:02]34.6%|█████████████---------------------------|[00:00:01<00:00:02]34.7%|█████████████---------------------------|[00:00:01<00:00:02]34.8%|█████████████---------------------------|[00:00:01<00:00:02]34.9%|█████████████---------------------------|[00:00:01<00:00:02]35.1%|██████████████--------------------------|[00:00:01<00:00:02]35.2%|██████████████--------------------------|[00:00:01<00:00:02]35.3%|██████████████--------------------------|[00:00:01<00:00:02]35.4%|██████████████--------------------------|[00:00:01<00:00:02]35.5%|██████████████--------------------------|[00:00:01<00:00:02]35.6%|██████████████--------------------------|[00:00:01<00:00:02]35.7%|██████████████--------------------------|[00:00:01<00:00:02]35.9%|██████████████--------------------------|[00:00:01<00:00:02]36.0%|██████████████--------------------------|[00:00:01<00:00:02]36.1%|██████████████--------------------------|[00:00:01<00:00:02]36.2%|██████████████--------------------------|[00:00:01<00:00:02]36.3%|██████████████--------------------------|[00:00:01<00:00:02]36.4%|██████████████--------------------------|[00:00:01<00:00:02]36.5%|██████████████--------------------------|[00:00:01<00:00:02]36.7%|██████████████--------------------------|[00:00:01<00:00:02]36.8%|██████████████--------------------------|[00:00:01<00:00:02]36.9%|██████████████--------------------------|[00:00:01<00:00:02]37.0%|██████████████--------------------------|[00:00:01<00:00:02]37.1%|██████████████--------------------------|[00:00:01<00:00:02]37.2%|██████████████--------------------------|[00:00:01<00:00:02]37.3%|██████████████--------------------------|[00:00:01<00:00:02]37.5%|██████████████--------------------------|[00:00:01<00:00:02]37.6%|███████████████-------------------------|[00:00:01<00:00:02]37.7%|███████████████-------------------------|[00:00:01<00:00:02]37.8%|███████████████-------------------------|[00:00:01<00:00:02]37.9%|███████████████-------------------------|[00:00:01<00:00:02]38.0%|███████████████-------------------------|[00:00:01<00:00:02]38.1%|███████████████-------------------------|[00:00:01<00:00:02]38.3%|███████████████-------------------------|[00:00:01<00:00:02]38.4%|███████████████-------------------------|[00:00:01<00:00:02]38.5%|███████████████-------------------------|[00:00:01<00:00:02]38.6%|███████████████-------------------------|[00:00:01<00:00:02]38.7%|███████████████-------------------------|[00:00:01<00:00:02]38.8%|███████████████-------------------------|[00:00:01<00:00:02]38.9%|███████████████-------------------------|[00:00:01<00:00:02]39.1%|███████████████-------------------------|[00:00:01<00:00:02]39.2%|███████████████-------------------------|[00:00:01<00:00:02]39.3%|███████████████-------------------------|[00:00:01<00:00:02]39.4%|███████████████-------------------------|[00:00:01<00:00:02]39.5%|███████████████-------------------------|[00:00:01<00:00:01]39.6%|███████████████-------------------------|[00:00:01<00:00:02]39.7%|███████████████-------------------------|[00:00:01<00:00:02]39.9%|███████████████-------------------------|[00:00:01<00:00:02]40.0%|███████████████-------------------------|[00:00:01<00:00:01]40.1%|████████████████------------------------|[00:00:01<00:00:01]40.2%|████████████████------------------------|[00:00:01<00:00:01]40.3%|████████████████------------------------|[00:00:01<00:00:01]40.4%|████████████████------------------------|[00:00:01<00:00:01]40.5%|████████████████------------------------|[00:00:01<00:00:01]40.7%|████████████████------------------------|[00:00:01<00:00:01]40.8%|████████████████------------------------|[00:00:01<00:00:01]40.9%|████████████████------------------------|[00:00:01<00:00:01]41.0%|████████████████------------------------|[00:00:01<00:00:01]41.1%|████████████████------------------------|[00:00:01<00:00:01]41.2%|████████████████------------------------|[00:00:01<00:00:01]41.4%|████████████████------------------------|[00:00:01<00:00:01]41.5%|████████████████------------------------|[00:00:01<00:00:01]41.6%|████████████████------------------------|[00:00:01<00:00:01]41.7%|████████████████------------------------|[00:00:01<00:00:01]41.8%|████████████████------------------------|[00:00:01<00:00:01]41.9%|████████████████------------------------|[00:00:01<00:00:01]42.0%|████████████████------------------------|[00:00:01<00:00:01]42.2%|████████████████------------------------|[00:00:01<00:00:01]42.3%|████████████████------------------------|[00:00:01<00:00:01]42.4%|████████████████------------------------|[00:00:01<00:00:01]42.5%|████████████████------------------------|[00:00:01<00:00:01]42.6%|█████████████████-----------------------|[00:00:01<00:00:01]42.7%|█████████████████-----------------------|[00:00:01<00:00:01]42.8%|█████████████████-----------------------|[00:00:01<00:00:01]43.0%|█████████████████-----------------------|[00:00:01<00:00:01]43.1%|█████████████████-----------------------|[00:00:01<00:00:01]43.2%|█████████████████-----------------------|[00:00:01<00:00:01]43.3%|█████████████████-----------------------|[00:00:01<00:00:01]43.4%|█████████████████-----------------------|[00:00:01<00:00:01]43.5%|█████████████████-----------------------|[00:00:01<00:00:01]43.6%|█████████████████-----------------------|[00:00:01<00:00:01]43.8%|█████████████████-----------------------|[00:00:01<00:00:01]43.9%|█████████████████-----------------------|[00:00:01<00:00:01]44.0%|█████████████████-----------------------|[00:00:01<00:00:01]44.1%|█████████████████-----------------------|[00:00:01<00:00:01]44.2%|█████████████████-----------------------|[00:00:01<00:00:01]44.3%|█████████████████-----------------------|[00:00:01<00:00:01]44.4%|█████████████████-----------------------|[00:00:01<00:00:01]44.6%|█████████████████-----------------------|[00:00:01<00:00:01]44.7%|█████████████████-----------------------|[00:00:01<00:00:01]44.8%|█████████████████-----------------------|[00:00:01<00:00:01]44.9%|█████████████████-----------------------|[00:00:01<00:00:01]45.0%|██████████████████----------------------|[00:00:01<00:00:01]45.1%|██████████████████----------------------|[00:00:01<00:00:01]45.2%|██████████████████----------------------|[00:00:01<00:00:01]45.4%|██████████████████----------------------|[00:00:01<00:00:01]45.5%|██████████████████----------------------|[00:00:01<00:00:01]45.6%|██████████████████----------------------|[00:00:01<00:00:01]45.7%|██████████████████----------------------|[00:00:01<00:00:01]45.8%|██████████████████----------------------|[00:00:01<00:00:01]45.9%|██████████████████----------------------|[00:00:01<00:00:01]46.0%|██████████████████----------------------|[00:00:01<00:00:01]46.2%|██████████████████----------------------|[00:00:01<00:00:01]46.3%|██████████████████----------------------|[00:00:01<00:00:01]46.4%|██████████████████----------------------|[00:00:01<00:00:01]46.5%|██████████████████----------------------|[00:00:01<00:00:01]46.6%|██████████████████----------------------|[00:00:01<00:00:01]46.7%|██████████████████----------------------|[00:00:01<00:00:01]46.8%|██████████████████----------------------|[00:00:01<00:00:01]47.0%|██████████████████----------------------|[00:00:01<00:00:01]47.1%|██████████████████----------------------|[00:00:01<00:00:01]47.2%|██████████████████----------------------|[00:00:01<00:00:01]47.3%|██████████████████----------------------|[00:00:01<00:00:01]47.4%|██████████████████----------------------|[00:00:01<00:00:01]47.5%|███████████████████---------------------|[00:00:01<00:00:01]47.7%|███████████████████---------------------|[00:00:01<00:00:01]47.8%|███████████████████---------------------|[00:00:01<00:00:01]47.9%|███████████████████---------------------|[00:00:01<00:00:01]48.0%|███████████████████---------------------|[00:00:01<00:00:01]48.1%|███████████████████---------------------|[00:00:01<00:00:01]48.2%|███████████████████---------------------|[00:00:01<00:00:01]48.3%|███████████████████---------------------|[00:00:01<00:00:01]48.5%|███████████████████---------------------|[00:00:01<00:00:01]48.6%|███████████████████---------------------|[00:00:01<00:00:01]48.7%|███████████████████---------------------|[00:00:01<00:00:01]48.8%|███████████████████---------------------|[00:00:01<00:00:01]48.9%|███████████████████---------------------|[00:00:01<00:00:01]49.0%|███████████████████---------------------|[00:00:01<00:00:01]49.1%|███████████████████---------------------|[00:00:01<00:00:01]49.3%|███████████████████---------------------|[00:00:01<00:00:01]49.4%|███████████████████---------------------|[00:00:01<00:00:01]49.5%|███████████████████---------------------|[00:00:01<00:00:01]49.6%|███████████████████---------------------|[00:00:01<00:00:01]49.7%|███████████████████---------------------|[00:00:01<00:00:01]49.8%|███████████████████---------------------|[00:00:01<00:00:01]49.9%|███████████████████---------------------|[00:00:01<00:00:01]50.1%|████████████████████--------------------|[00:00:01<00:00:01]50.2%|████████████████████--------------------|[00:00:01<00:00:01]50.3%|████████████████████--------------------|[00:00:01<00:00:01]50.4%|████████████████████--------------------|[00:00:01<00:00:01]50.5%|████████████████████--------------------|[00:00:01<00:00:01]50.6%|████████████████████--------------------|[00:00:01<00:00:01]50.7%|████████████████████--------------------|[00:00:01<00:00:01]50.9%|████████████████████--------------------|[00:00:01<00:00:01]51.0%|████████████████████--------------------|[00:00:01<00:00:01]51.1%|████████████████████--------------------|[00:00:01<00:00:01]51.2%|████████████████████--------------------|[00:00:01<00:00:01]51.3%|████████████████████--------------------|[00:00:01<00:00:01]51.4%|████████████████████--------------------|[00:00:01<00:00:01]51.5%|████████████████████--------------------|[00:00:01<00:00:01]51.7%|████████████████████--------------------|[00:00:01<00:00:01]51.8%|████████████████████--------------------|[00:00:01<00:00:01]51.9%|████████████████████--------------------|[00:00:01<00:00:01]52.0%|████████████████████--------------------|[00:00:01<00:00:01]52.1%|████████████████████--------------------|[00:00:01<00:00:01]52.2%|████████████████████--------------------|[00:00:01<00:00:01]52.3%|████████████████████--------------------|[00:00:01<00:00:01]52.5%|████████████████████--------------------|[00:00:01<00:00:01]52.6%|█████████████████████-------------------|[00:00:01<00:00:01]52.7%|█████████████████████-------------------|[00:00:01<00:00:01]52.8%|█████████████████████-------------------|[00:00:01<00:00:01]52.9%|█████████████████████-------------------|[00:00:01<00:00:01]53.0%|█████████████████████-------------------|[00:00:01<00:00:01]53.2%|█████████████████████-------------------|[00:00:01<00:00:01]53.3%|█████████████████████-------------------|[00:00:01<00:00:01]53.4%|█████████████████████-------------------|[00:00:01<00:00:01]53.5%|█████████████████████-------------------|[00:00:01<00:00:01]53.6%|█████████████████████-------------------|[00:00:01<00:00:01]53.7%|█████████████████████-------------------|[00:00:01<00:00:01]53.8%|█████████████████████-------------------|[00:00:01<00:00:01]54.0%|█████████████████████-------------------|[00:00:01<00:00:01]54.1%|█████████████████████-------------------|[00:00:01<00:00:01]54.2%|█████████████████████-------------------|[00:00:01<00:00:01]54.3%|█████████████████████-------------------|[00:00:01<00:00:01]54.4%|█████████████████████-------------------|[00:00:01<00:00:01]54.5%|█████████████████████-------------------|[00:00:01<00:00:01]54.6%|█████████████████████-------------------|[00:00:01<00:00:01]54.8%|█████████████████████-------------------|[00:00:01<00:00:01]54.9%|█████████████████████-------------------|[00:00:01<00:00:01]55.0%|█████████████████████-------------------|[00:00:01<00:00:01]55.1%|██████████████████████------------------|[00:00:01<00:00:01]55.2%|██████████████████████------------------|[00:00:01<00:00:01]55.3%|██████████████████████------------------|[00:00:01<00:00:01]55.4%|██████████████████████------------------|[00:00:01<00:00:01]55.6%|██████████████████████------------------|[00:00:01<00:00:01]55.7%|██████████████████████------------------|[00:00:01<00:00:01]55.8%|██████████████████████------------------|[00:00:01<00:00:01]55.9%|██████████████████████------------------|[00:00:01<00:00:01]56.0%|██████████████████████------------------|[00:00:01<00:00:01]56.1%|██████████████████████------------------|[00:00:01<00:00:01]56.2%|██████████████████████------------------|[00:00:01<00:00:01]56.4%|██████████████████████------------------|[00:00:01<00:00:01]56.5%|██████████████████████------------------|[00:00:01<00:00:01]56.6%|██████████████████████------------------|[00:00:01<00:00:01]56.7%|██████████████████████------------------|[00:00:01<00:00:01]56.8%|██████████████████████------------------|[00:00:01<00:00:01]56.9%|██████████████████████------------------|[00:00:01<00:00:01]57.0%|██████████████████████------------------|[00:00:01<00:00:01]57.2%|██████████████████████------------------|[00:00:01<00:00:01]57.3%|██████████████████████------------------|[00:00:01<00:00:01]57.4%|██████████████████████------------------|[00:00:01<00:00:01]57.5%|███████████████████████-----------------|[00:00:01<00:00:01]57.6%|███████████████████████-----------------|[00:00:01<00:00:01]57.7%|███████████████████████-----------------|[00:00:01<00:00:01]57.8%|███████████████████████-----------------|[00:00:01<00:00:01]58.0%|███████████████████████-----------------|[00:00:01<00:00:01]58.1%|███████████████████████-----------------|[00:00:01<00:00:01]58.2%|███████████████████████-----------------|[00:00:01<00:00:01]58.3%|███████████████████████-----------------|[00:00:01<00:00:01]58.4%|███████████████████████-----------------|[00:00:01<00:00:01]58.5%|███████████████████████-----------------|[00:00:01<00:00:01]58.6%|███████████████████████-----------------|[00:00:01<00:00:01]58.8%|███████████████████████-----------------|[00:00:01<00:00:01]58.9%|███████████████████████-----------------|[00:00:01<00:00:01]59.0%|███████████████████████-----------------|[00:00:01<00:00:01]59.1%|███████████████████████-----------------|[00:00:01<00:00:01]59.2%|███████████████████████-----------------|[00:00:01<00:00:01]59.3%|███████████████████████-----------------|[00:00:01<00:00:01]59.5%|███████████████████████-----------------|[00:00:02<00:00:01]59.6%|███████████████████████-----------------|[00:00:02<00:00:01]59.7%|███████████████████████-----------------|[00:00:02<00:00:01]59.8%|███████████████████████-----------------|[00:00:02<00:00:01]59.9%|███████████████████████-----------------|[00:00:02<00:00:01]60.0%|████████████████████████----------------|[00:00:02<00:00:01]60.1%|████████████████████████----------------|[00:00:02<00:00:01]60.3%|████████████████████████----------------|[00:00:02<00:00:01]60.4%|████████████████████████----------------|[00:00:02<00:00:01]60.5%|████████████████████████----------------|[00:00:02<00:00:01]60.6%|████████████████████████----------------|[00:00:02<00:00:01]60.7%|████████████████████████----------------|[00:00:02<00:00:01]60.8%|████████████████████████----------------|[00:00:02<00:00:01]60.9%|████████████████████████----------------|[00:00:02<00:00:01]61.1%|████████████████████████----------------|[00:00:02<00:00:01]61.2%|████████████████████████----------------|[00:00:02<00:00:01]61.3%|████████████████████████----------------|[00:00:02<00:00:01]61.4%|████████████████████████----------------|[00:00:02<00:00:01]61.5%|████████████████████████----------------|[00:00:02<00:00:01]61.6%|████████████████████████----------------|[00:00:02<00:00:01]61.7%|████████████████████████----------------|[00:00:02<00:00:01]61.9%|████████████████████████----------------|[00:00:02<00:00:01]62.0%|████████████████████████----------------|[00:00:02<00:00:01]62.1%|████████████████████████----------------|[00:00:02<00:00:01]62.2%|████████████████████████----------------|[00:00:02<00:00:01]62.3%|████████████████████████----------------|[00:00:02<00:00:01]62.4%|████████████████████████----------------|[00:00:02<00:00:01]62.5%|█████████████████████████---------------|[00:00:02<00:00:01]62.7%|█████████████████████████---------------|[00:00:02<00:00:01]62.8%|█████████████████████████---------------|[00:00:02<00:00:01]62.9%|█████████████████████████---------------|[00:00:02<00:00:01]63.0%|█████████████████████████---------------|[00:00:02<00:00:01]63.1%|█████████████████████████---------------|[00:00:02<00:00:01]63.2%|█████████████████████████---------------|[00:00:02<00:00:01]63.3%|█████████████████████████---------------|[00:00:02<00:00:01]63.5%|█████████████████████████---------------|[00:00:02<00:00:01]63.6%|█████████████████████████---------------|[00:00:02<00:00:01]63.7%|█████████████████████████---------------|[00:00:02<00:00:01]63.8%|█████████████████████████---------------|[00:00:02<00:00:01]63.9%|█████████████████████████---------------|[00:00:02<00:00:01]64.0%|█████████████████████████---------------|[00:00:02<00:00:01]64.1%|█████████████████████████---------------|[00:00:02<00:00:01]64.3%|█████████████████████████---------------|[00:00:02<00:00:01]64.4%|█████████████████████████---------------|[00:00:02<00:00:01]64.5%|█████████████████████████---------------|[00:00:02<00:00:01]64.6%|█████████████████████████---------------|[00:00:02<00:00:01]64.7%|█████████████████████████---------------|[00:00:02<00:00:01]64.8%|█████████████████████████---------------|[00:00:02<00:00:01]64.9%|█████████████████████████---------------|[00:00:02<00:00:01]65.1%|██████████████████████████--------------|[00:00:02<00:00:01]65.2%|██████████████████████████--------------|[00:00:02<00:00:01]65.3%|██████████████████████████--------------|[00:00:02<00:00:01]65.4%|██████████████████████████--------------|[00:00:02<00:00:01]65.5%|██████████████████████████--------------|[00:00:02<00:00:01]65.6%|██████████████████████████--------------|[00:00:02<00:00:01]65.8%|██████████████████████████--------------|[00:00:02<00:00:01]65.9%|██████████████████████████--------------|[00:00:02<00:00:01]66.0%|██████████████████████████--------------|[00:00:02<00:00:01]66.1%|██████████████████████████--------------|[00:00:02<00:00:01]66.2%|██████████████████████████--------------|[00:00:02<00:00:01]66.3%|██████████████████████████--------------|[00:00:02<00:00:01]66.4%|██████████████████████████--------------|[00:00:02<00:00:01]66.6%|██████████████████████████--------------|[00:00:02<00:00:01]66.7%|██████████████████████████--------------|[00:00:02<00:00:01]66.8%|██████████████████████████--------------|[00:00:02<00:00:01]66.9%|██████████████████████████--------------|[00:00:02<00:00:01]67.0%|██████████████████████████--------------|[00:00:02<00:00:01]67.1%|██████████████████████████--------------|[00:00:02<00:00:01]67.2%|██████████████████████████--------------|[00:00:02<00:00:01]67.4%|██████████████████████████--------------|[00:00:02<00:00:01]67.5%|██████████████████████████--------------|[00:00:02<00:00:01]67.6%|███████████████████████████-------------|[00:00:02<00:00:01]67.7%|███████████████████████████-------------|[00:00:02<00:00:01]67.8%|███████████████████████████-------------|[00:00:02<00:00:01]67.9%|███████████████████████████-------------|[00:00:02<00:00:01]68.0%|███████████████████████████-------------|[00:00:02<00:00:01]68.2%|███████████████████████████-------------|[00:00:02<00:00:01]68.3%|███████████████████████████-------------|[00:00:02<00:00:01]68.4%|███████████████████████████-------------|[00:00:02<00:00:01]68.5%|███████████████████████████-------------|[00:00:02<00:00:01]68.6%|███████████████████████████-------------|[00:00:02<00:00:01]68.7%|███████████████████████████-------------|[00:00:02<00:00:01]68.8%|███████████████████████████-------------|[00:00:02<00:00:01]69.0%|███████████████████████████-------------|[00:00:02<00:00:01]69.1%|███████████████████████████-------------|[00:00:02<00:00:01]69.2%|███████████████████████████-------------|[00:00:02<00:00:01]69.3%|███████████████████████████-------------|[00:00:02<00:00:01]69.4%|███████████████████████████-------------|[00:00:02<00:00:01]69.5%|███████████████████████████-------------|[00:00:02<00:00:01]69.6%|███████████████████████████-------------|[00:00:02<00:00:01]69.8%|███████████████████████████-------------|[00:00:02<00:00:01]69.9%|███████████████████████████-------------|[00:00:02<00:00:01]70.0%|███████████████████████████-------------|[00:00:02<00:00:01]70.1%|████████████████████████████------------|[00:00:02<00:00:01]70.2%|████████████████████████████------------|[00:00:02<00:00:01]70.3%|████████████████████████████------------|[00:00:02<00:00:01]70.4%|████████████████████████████------------|[00:00:02<00:00:01]70.6%|████████████████████████████------------|[00:00:02<00:00:01]70.7%|████████████████████████████------------|[00:00:02<00:00:01]70.8%|████████████████████████████------------|[00:00:02<00:00:01]70.9%|████████████████████████████------------|[00:00:02<00:00:01]71.0%|████████████████████████████------------|[00:00:02<00:00:01]71.1%|████████████████████████████------------|[00:00:02<00:00:01]71.2%|████████████████████████████------------|[00:00:02<00:00:01]71.4%|████████████████████████████------------|[00:00:02<00:00:01]71.5%|████████████████████████████------------|[00:00:02<00:00:01]71.6%|████████████████████████████------------|[00:00:02<00:00:01]71.7%|████████████████████████████------------|[00:00:02<00:00:01]71.8%|████████████████████████████------------|[00:00:02<00:00:01]71.9%|████████████████████████████------------|[00:00:02<00:00:01]72.1%|████████████████████████████------------|[00:00:02<00:00:01]72.2%|████████████████████████████------------|[00:00:02<00:00:01]72.3%|████████████████████████████------------|[00:00:02<00:00:01]72.4%|████████████████████████████------------|[00:00:02<00:00:01]72.5%|█████████████████████████████-----------|[00:00:02<00:00:01]72.6%|█████████████████████████████-----------|[00:00:02<00:00:00]72.7%|█████████████████████████████-----------|[00:00:02<00:00:00]72.9%|█████████████████████████████-----------|[00:00:02<00:00:00]73.0%|█████████████████████████████-----------|[00:00:02<00:00:00]73.1%|█████████████████████████████-----------|[00:00:02<00:00:00]73.2%|█████████████████████████████-----------|[00:00:02<00:00:00]73.3%|█████████████████████████████-----------|[00:00:02<00:00:00]73.4%|█████████████████████████████-----------|[00:00:02<00:00:00]73.5%|█████████████████████████████-----------|[00:00:02<00:00:00]73.7%|█████████████████████████████-----------|[00:00:02<00:00:00]73.8%|█████████████████████████████-----------|[00:00:02<00:00:00]73.9%|█████████████████████████████-----------|[00:00:02<00:00:00]74.0%|█████████████████████████████-----------|[00:00:02<00:00:00]74.1%|█████████████████████████████-----------|[00:00:02<00:00:00]74.2%|█████████████████████████████-----------|[00:00:02<00:00:00]74.3%|█████████████████████████████-----------|[00:00:02<00:00:00]74.5%|█████████████████████████████-----------|[00:00:02<00:00:00]74.6%|█████████████████████████████-----------|[00:00:02<00:00:00]74.7%|█████████████████████████████-----------|[00:00:02<00:00:00]74.8%|█████████████████████████████-----------|[00:00:02<00:00:00]74.9%|█████████████████████████████-----------|[00:00:02<00:00:00]75.0%|██████████████████████████████----------|[00:00:02<00:00:00]75.1%|██████████████████████████████----------|[00:00:02<00:00:00]75.3%|██████████████████████████████----------|[00:00:02<00:00:00]75.4%|██████████████████████████████----------|[00:00:02<00:00:00]75.5%|██████████████████████████████----------|[00:00:02<00:00:00]75.6%|██████████████████████████████----------|[00:00:02<00:00:00]75.7%|██████████████████████████████----------|[00:00:02<00:00:00]75.8%|██████████████████████████████----------|[00:00:02<00:00:00]75.9%|██████████████████████████████----------|[00:00:02<00:00:00]76.1%|██████████████████████████████----------|[00:00:02<00:00:00]76.2%|██████████████████████████████----------|[00:00:02<00:00:00]76.3%|██████████████████████████████----------|[00:00:02<00:00:00]76.4%|██████████████████████████████----------|[00:00:02<00:00:00]76.5%|██████████████████████████████----------|[00:00:02<00:00:00]76.6%|██████████████████████████████----------|[00:00:02<00:00:00]76.7%|██████████████████████████████----------|[00:00:02<00:00:00]76.9%|██████████████████████████████----------|[00:00:02<00:00:00]77.0%|██████████████████████████████----------|[00:00:02<00:00:00]77.1%|██████████████████████████████----------|[00:00:02<00:00:00]77.2%|██████████████████████████████----------|[00:00:02<00:00:00]77.3%|██████████████████████████████----------|[00:00:02<00:00:00]77.4%|██████████████████████████████----------|[00:00:02<00:00:00]77.5%|███████████████████████████████---------|[00:00:02<00:00:00]77.7%|███████████████████████████████---------|[00:00:02<00:00:00]77.8%|███████████████████████████████---------|[00:00:02<00:00:00]77.9%|███████████████████████████████---------|[00:00:02<00:00:00]78.0%|███████████████████████████████---------|[00:00:02<00:00:00]78.1%|███████████████████████████████---------|[00:00:02<00:00:00]78.2%|███████████████████████████████---------|[00:00:02<00:00:00]78.4%|███████████████████████████████---------|[00:00:02<00:00:00]78.5%|███████████████████████████████---------|[00:00:02<00:00:00]78.6%|███████████████████████████████---------|[00:00:02<00:00:00]78.7%|███████████████████████████████---------|[00:00:02<00:00:00]78.8%|███████████████████████████████---------|[00:00:02<00:00:00]78.9%|███████████████████████████████---------|[00:00:02<00:00:00]79.0%|███████████████████████████████---------|[00:00:02<00:00:00]79.2%|███████████████████████████████---------|[00:00:02<00:00:00]79.3%|███████████████████████████████---------|[00:00:02<00:00:00]79.4%|███████████████████████████████---------|[00:00:02<00:00:00]79.5%|███████████████████████████████---------|[00:00:02<00:00:00]79.6%|███████████████████████████████---------|[00:00:02<00:00:00]79.7%|███████████████████████████████---------|[00:00:02<00:00:00]79.8%|███████████████████████████████---------|[00:00:02<00:00:00]80.0%|███████████████████████████████---------|[00:00:02<00:00:00]80.1%|████████████████████████████████--------|[00:00:02<00:00:00]80.2%|████████████████████████████████--------|[00:00:02<00:00:00]80.3%|████████████████████████████████--------|[00:00:02<00:00:00]80.4%|████████████████████████████████--------|[00:00:02<00:00:00]80.5%|████████████████████████████████--------|[00:00:02<00:00:00]80.6%|████████████████████████████████--------|[00:00:02<00:00:00]80.8%|████████████████████████████████--------|[00:00:03<00:00:00]80.9%|████████████████████████████████--------|[00:00:03<00:00:00]81.0%|████████████████████████████████--------|[00:00:03<00:00:00]81.1%|████████████████████████████████--------|[00:00:03<00:00:00]81.2%|████████████████████████████████--------|[00:00:03<00:00:00]81.3%|████████████████████████████████--------|[00:00:03<00:00:00]81.4%|████████████████████████████████--------|[00:00:03<00:00:00]81.6%|████████████████████████████████--------|[00:00:03<00:00:00]81.7%|████████████████████████████████--------|[00:00:03<00:00:00]81.8%|████████████████████████████████--------|[00:00:03<00:00:00]81.9%|████████████████████████████████--------|[00:00:03<00:00:00]82.0%|████████████████████████████████--------|[00:00:03<00:00:00]82.1%|████████████████████████████████--------|[00:00:03<00:00:00]82.2%|████████████████████████████████--------|[00:00:03<00:00:00]82.4%|████████████████████████████████--------|[00:00:03<00:00:00]82.5%|████████████████████████████████--------|[00:00:03<00:00:00]82.6%|█████████████████████████████████-------|[00:00:03<00:00:00]82.7%|█████████████████████████████████-------|[00:00:03<00:00:00]82.8%|█████████████████████████████████-------|[00:00:03<00:00:00]82.9%|█████████████████████████████████-------|[00:00:03<00:00:00]83.0%|█████████████████████████████████-------|[00:00:03<00:00:00]83.2%|█████████████████████████████████-------|[00:00:03<00:00:00]83.3%|█████████████████████████████████-------|[00:00:03<00:00:00]83.4%|█████████████████████████████████-------|[00:00:03<00:00:00]83.5%|█████████████████████████████████-------|[00:00:03<00:00:00]83.6%|█████████████████████████████████-------|[00:00:03<00:00:00]83.7%|█████████████████████████████████-------|[00:00:03<00:00:00]83.8%|█████████████████████████████████-------|[00:00:03<00:00:00]84.0%|█████████████████████████████████-------|[00:00:03<00:00:00]84.1%|█████████████████████████████████-------|[00:00:03<00:00:00]84.2%|█████████████████████████████████-------|[00:00:03<00:00:00]84.3%|█████████████████████████████████-------|[00:00:03<00:00:00]84.4%|█████████████████████████████████-------|[00:00:03<00:00:00]84.5%|█████████████████████████████████-------|[00:00:03<00:00:00]84.7%|█████████████████████████████████-------|[00:00:03<00:00:00]84.8%|█████████████████████████████████-------|[00:00:03<00:00:00]84.9%|█████████████████████████████████-------|[00:00:03<00:00:00]85.0%|█████████████████████████████████-------|[00:00:03<00:00:00]85.1%|██████████████████████████████████------|[00:00:03<00:00:00]85.2%|██████████████████████████████████------|[00:00:03<00:00:00]85.3%|██████████████████████████████████------|[00:00:03<00:00:00]85.5%|██████████████████████████████████------|[00:00:03<00:00:00]85.6%|██████████████████████████████████------|[00:00:03<00:00:00]85.7%|██████████████████████████████████------|[00:00:03<00:00:00]85.8%|██████████████████████████████████------|[00:00:03<00:00:00]85.9%|██████████████████████████████████------|[00:00:03<00:00:00]86.0%|██████████████████████████████████------|[00:00:03<00:00:00]86.1%|██████████████████████████████████------|[00:00:03<00:00:00]86.3%|██████████████████████████████████------|[00:00:03<00:00:00]86.4%|██████████████████████████████████------|[00:00:03<00:00:00]86.5%|██████████████████████████████████------|[00:00:03<00:00:00]86.6%|██████████████████████████████████------|[00:00:03<00:00:00]86.7%|██████████████████████████████████------|[00:00:03<00:00:00]86.8%|██████████████████████████████████------|[00:00:03<00:00:00]86.9%|██████████████████████████████████------|[00:00:03<00:00:00]87.1%|██████████████████████████████████------|[00:00:03<00:00:00]87.2%|██████████████████████████████████------|[00:00:03<00:00:00]87.3%|██████████████████████████████████------|[00:00:03<00:00:00]87.4%|██████████████████████████████████------|[00:00:03<00:00:00]87.5%|███████████████████████████████████-----|[00:00:03<00:00:00]87.6%|███████████████████████████████████-----|[00:00:03<00:00:00]87.7%|███████████████████████████████████-----|[00:00:03<00:00:00]87.9%|███████████████████████████████████-----|[00:00:03<00:00:00]88.0%|███████████████████████████████████-----|[00:00:03<00:00:00]88.1%|███████████████████████████████████-----|[00:00:03<00:00:00]88.2%|███████████████████████████████████-----|[00:00:03<00:00:00]88.3%|███████████████████████████████████-----|[00:00:03<00:00:00]88.4%|███████████████████████████████████-----|[00:00:03<00:00:00]88.5%|███████████████████████████████████-----|[00:00:03<00:00:00]88.7%|███████████████████████████████████-----|[00:00:03<00:00:00]88.8%|███████████████████████████████████-----|[00:00:03<00:00:00]88.9%|███████████████████████████████████-----|[00:00:03<00:00:00]89.0%|███████████████████████████████████-----|[00:00:03<00:00:00]89.1%|███████████████████████████████████-----|[00:00:03<00:00:00]89.2%|███████████████████████████████████-----|[00:00:03<00:00:00]89.3%|███████████████████████████████████-----|[00:00:03<00:00:00]89.5%|███████████████████████████████████-----|[00:00:03<00:00:00]89.6%|███████████████████████████████████-----|[00:00:03<00:00:00]89.7%|███████████████████████████████████-----|[00:00:03<00:00:00]89.8%|███████████████████████████████████-----|[00:00:03<00:00:00]89.9%|███████████████████████████████████-----|[00:00:03<00:00:00]90.0%|████████████████████████████████████----|[00:00:03<00:00:00]90.1%|████████████████████████████████████----|[00:00:03<00:00:00]90.3%|████████████████████████████████████----|[00:00:03<00:00:00]90.4%|████████████████████████████████████----|[00:00:03<00:00:00]90.5%|████████████████████████████████████----|[00:00:03<00:00:00]90.6%|████████████████████████████████████----|[00:00:03<00:00:00]90.7%|████████████████████████████████████----|[00:00:03<00:00:00]90.8%|████████████████████████████████████----|[00:00:03<00:00:00]91.0%|████████████████████████████████████----|[00:00:03<00:00:00]91.1%|████████████████████████████████████----|[00:00:03<00:00:00]91.2%|████████████████████████████████████----|[00:00:03<00:00:00]91.3%|████████████████████████████████████----|[00:00:03<00:00:00]91.4%|████████████████████████████████████----|[00:00:03<00:00:00]91.5%|████████████████████████████████████----|[00:00:03<00:00:00]91.6%|████████████████████████████████████----|[00:00:03<00:00:00]91.8%|████████████████████████████████████----|[00:00:03<00:00:00]91.9%|████████████████████████████████████----|[00:00:03<00:00:00]92.0%|████████████████████████████████████----|[00:00:03<00:00:00]92.1%|████████████████████████████████████----|[00:00:03<00:00:00]92.2%|████████████████████████████████████----|[00:00:03<00:00:00]92.3%|████████████████████████████████████----|[00:00:03<00:00:00]92.4%|████████████████████████████████████----|[00:00:03<00:00:00]92.6%|█████████████████████████████████████---|[00:00:03<00:00:00]92.7%|█████████████████████████████████████---|[00:00:03<00:00:00]92.8%|█████████████████████████████████████---|[00:00:03<00:00:00]92.9%|█████████████████████████████████████---|[00:00:03<00:00:00]93.0%|█████████████████████████████████████---|[00:00:03<00:00:00]93.1%|█████████████████████████████████████---|[00:00:03<00:00:00]93.2%|█████████████████████████████████████---|[00:00:03<00:00:00]93.4%|█████████████████████████████████████---|[00:00:03<00:00:00]93.5%|█████████████████████████████████████---|[00:00:03<00:00:00]93.6%|█████████████████████████████████████---|[00:00:03<00:00:00]93.7%|█████████████████████████████████████---|[00:00:03<00:00:00]93.8%|█████████████████████████████████████---|[00:00:03<00:00:00]93.9%|█████████████████████████████████████---|[00:00:03<00:00:00]94.0%|█████████████████████████████████████---|[00:00:03<00:00:00]94.2%|█████████████████████████████████████---|[00:00:03<00:00:00]94.3%|█████████████████████████████████████---|[00:00:03<00:00:00]94.4%|█████████████████████████████████████---|[00:00:03<00:00:00]94.5%|█████████████████████████████████████---|[00:00:03<00:00:00]94.6%|█████████████████████████████████████---|[00:00:03<00:00:00]94.7%|█████████████████████████████████████---|[00:00:03<00:00:00]94.8%|█████████████████████████████████████---|[00:00:03<00:00:00]95.0%|█████████████████████████████████████---|[00:00:03<00:00:00]95.1%|██████████████████████████████████████--|[00:00:03<00:00:00]95.2%|██████████████████████████████████████--|[00:00:03<00:00:00]95.3%|██████████████████████████████████████--|[00:00:03<00:00:00]95.4%|██████████████████████████████████████--|[00:00:03<00:00:00]95.5%|██████████████████████████████████████--|[00:00:03<00:00:00]95.6%|██████████████████████████████████████--|[00:00:03<00:00:00]95.8%|██████████████████████████████████████--|[00:00:03<00:00:00]95.9%|██████████████████████████████████████--|[00:00:03<00:00:00]96.0%|██████████████████████████████████████--|[00:00:03<00:00:00]96.1%|██████████████████████████████████████--|[00:00:03<00:00:00]96.2%|██████████████████████████████████████--|[00:00:03<00:00:00]96.3%|██████████████████████████████████████--|[00:00:03<00:00:00]96.4%|██████████████████████████████████████--|[00:00:03<00:00:00]96.6%|██████████████████████████████████████--|[00:00:03<00:00:00]96.7%|██████████████████████████████████████--|[00:00:03<00:00:00]96.8%|██████████████████████████████████████--|[00:00:03<00:00:00]96.9%|██████████████████████████████████████--|[00:00:03<00:00:00]97.0%|██████████████████████████████████████--|[00:00:03<00:00:00]97.1%|██████████████████████████████████████--|[00:00:03<00:00:00]97.3%|██████████████████████████████████████--|[00:00:03<00:00:00]97.4%|██████████████████████████████████████--|[00:00:03<00:00:00]97.5%|██████████████████████████████████████--|[00:00:03<00:00:00]97.6%|███████████████████████████████████████-|[00:00:03<00:00:00]97.7%|███████████████████████████████████████-|[00:00:03<00:00:00]97.8%|███████████████████████████████████████-|[00:00:03<00:00:00]97.9%|███████████████████████████████████████-|[00:00:03<00:00:00]98.1%|███████████████████████████████████████-|[00:00:03<00:00:00]98.2%|███████████████████████████████████████-|[00:00:03<00:00:00]98.3%|███████████████████████████████████████-|[00:00:03<00:00:00]98.4%|███████████████████████████████████████-|[00:00:03<00:00:00]98.5%|███████████████████████████████████████-|[00:00:03<00:00:00]98.6%|███████████████████████████████████████-|[00:00:03<00:00:00]98.7%|███████████████████████████████████████-|[00:00:03<00:00:00]98.9%|███████████████████████████████████████-|[00:00:03<00:00:00]99.0%|███████████████████████████████████████-|[00:00:03<00:00:00]99.1%|███████████████████████████████████████-|[00:00:03<00:00:00]99.2%|███████████████████████████████████████-|[00:00:03<00:00:00]99.3%|███████████████████████████████████████-|[00:00:03<00:00:00]99.4%|███████████████████████████████████████-|[00:00:03<00:00:00]99.5%|███████████████████████████████████████-|[00:00:03<00:00:00]99.7%|███████████████████████████████████████-|[00:00:03<00:00:00]99.8%|███████████████████████████████████████-|[00:00:03<00:00:00]99.9%|███████████████████████████████████████-|[00:00:03<00:00:00][WARNING] ME(253923:281473218048032,MainProcess):2026-09-11-21:21:02.483.000 [mindspore/train/serialization.py:331] The type of Parameter#1001:BFloat16 in 'parameter_dict' is different from the type of it in 'net':Float32, then the type convert from BFloat16 to Float32 in the network. May consume additional memory and time
[WARNING] ME(253923:281473218048032,MainProcess):2026-09-11-21:21:04.404.000 [mindspore/train/serialization.py:331] The type of Parameter#929:BFloat16 in 'parameter_dict' is different from the type of it in 'net':Float32, then the type convert from BFloat16 to Float32 in the network. May consume additional memory and time
[WARNING] ME(253923:281473218048032,MainProcess):2026-09-11-21:21:04.405.000 [mindspore/train/serialization.py:331] The type of Parameter#807:BFloat16 in 'parameter_dict' is different from the type of it in 'net':Float32, then the type convert from BFloat16 to Float32 in the network. May consume additional memory and time
[WARNING] ME(253923:281473218048032,MainProcess):2026-09-11-21:21:04.459.000 [mindspore/train/serialization.py:331] The type of Parameter#892:BFloat16 in 'parameter_dict' is different from the type of it in 'net':Float32, then the type convert from BFloat16 to Float32 in the network. May consume additional memory and time
[WARNING] ME(253923:281473218048032,MainProcess):2026-09-11-21:21:04.539.000 [mindspore/train/serialization.py:331] The type of Parameter#874:BFloat16 in 'parameter_dict' is different from the type of it in 'net':Float32, then the type convert from BFloat16 to Float32 in the network. May consume additional memory and time
[WARNING] ME(253923:281473218048032,MainProcess):2026-09-11-21:21:04.540.000 [mindspore/train/serialization.py:331] The type of Parameter#972:BFloat16 in 'parameter_dict' is different from the type of it in 'net':Float32, then the type convert from BFloat16 to Float32 in the network. May consume additional memory and time
[WARNING] ME(253923:281473218048032,MainProcess):2026-09-11-21:21:04.540.000 [mindspore/train/serialization.py:331] The type of Parameter#950:BFloat16 in 'parameter_dict' is different from the type of it in 'net':Float32, then the type convert from BFloat16 to Float32 in the network. May consume additional memory and time
[WARNING] ME(253923:281473218048032,MainProcess):2026-09-11-21:21:04.540.000 [mindspore/train/serialization.py:331] The type of Parameter#1063:BFloat16 in 'parameter_dict' is different from the type of it in 'net':Float32, then the type convert from BFloat16 to Float32 in the network. May consume additional memory and time
[WARNING] ME(253923:281473218048032,MainProcess):2026-09-11-21:21:04.851.000 [mindspore/train/serialization.py:331] The type of Parameter#988:BFloat16 in 'parameter_dict' is different from the type of it in 'net':Float32, then the type convert from BFloat16 to Float32 in the network. May consume additional memory and time
[WARNING] ME(253923:281473218048032,MainProcess):2026-09-11-21:21:05.900.0 [mindspore/train/serialization.py:331] The type of Parameter#867:BFloat16 in 'parameter_dict' is different from the type of it in 'net':Float32, then the type convert from BFloat16 to Float32 in the network. May consume additional memory and time
[WARNING] ME(253923:281473218048032,MainProcess):2026-09-11-21:21:05.900.0 [mindspore/train/serialization.py:331] The type of Parameter#987:BFloat16 in 'parameter_dict' is different from the type of it in 'net':Float32, then the type convert from BFloat16 to Float32 in the network. May consume additional memory and time
[WARNING] ME(253923:281473218048032,MainProcess):2026-09-11-21:21:05.620.00 [mindspore/train/serialization.py:331] The type of Parameter#1029:BFloat16 in 'parameter_dict' is different from the type of it in 'net':Float32, then the type convert from BFloat16 to Float32 in the network. May consume additional memory and time
[WARNING] ME(253923:281473218048032,MainProcess):2026-09-11-21:21:05.140.000 [mindspore/train/serialization.py:331] The type of Parameter#947:BFloat16 in 'parameter_dict' is different from the type of it in 'net':Float32, then the type convert from BFloat16 to Float32 in the network. May consume additional memory and time
[WARNING] ME(253923:281473218048032,MainProcess):2026-09-11-21:21:05.140.000 [mindspore/train/serialization.py:331] The type of Parameter#823:BFloat16 in 'parameter_dict' is different from the type of it in 'net':Float32, then the type convert from BFloat16 to Float32 in the network. May consume additional memory and time
[WARNING] ME(253923:281473218048032,MainProcess):2026-09-11-21:21:05.141.000 [mindspore/train/serialization.py:331] The type of Parameter#853:BFloat16 in 'parameter_dict' is different from the type of it in 'net':Float32, then the type convert from BFloat16 to Float32 in the network. May consume additional memory and time
[WARNING] ME(253923:281473218048032,MainProcess):2026-09-11-21:21:05.141.000 [mindspore/train/serialization.py:331] The type of Parameter#1024:BFloat16 in 'parameter_dict' is different from the type of it in 'net':Float32, then the type convert from BFloat16 to Float32 in the network. May consume additional memory and time
[WARNING] ME(253923:281473218048032,MainProcess):2026-09-11-21:21:05.450.000 [mindspore/train/serialization.py:331] The type of Parameter#1022:BFloat16 in 'parameter_dict' is different from the type of it in 'net':Float32, then the type convert from BFloat16 to Float32 in the network. May consume additional memory and time
[WARNING] ME(253923:281473218048032,MainProcess):2026-09-11-21:21:05.606.000 [mindspore/train/serialization.py:331] The type of Parameter#808:BFloat16 in 'parameter_dict' is different from the type of it in 'net':Float32, then the type convert from BFloat16 to Float32 in the network. May consume additional memory and time
[WARNING] ME(253923:281473218048032,MainProcess):2026-09-11-21:21:05.607.000 [mindspore/train/serialization.py:331] The type of Parameter#1018:BFloat16 in 'parameter_dict' is different from the type of it in 'net':Float32, then the type convert from BFloat16 to Float32 in the network. May consume additional memory and time
[WARNING] ME(253923:281473218048032,MainProcess):2026-09-11-21:21:05.660.000 [mindspore/train/serialization.py:331] The type of Parameter#1055:BFloat16 in 'parameter_dict' is different from the type of it in 'net':Float32, then the type convert from BFloat16 to Float32 in the network. May consume additional memory and time
[WARNING] ME(253923:281473218048032,MainProcess):2026-09-11-21:21:05.738.000 [mindspore/train/serialization.py:331] The type of Parameter#910:BFloat16 in 'parameter_dict' is different from the type of it in 'net':Float32, then the type convert from BFloat16 to Float32 in the network. May consume additional memory and time
[WARNING] ME(253923:281473218048032,MainProcess):2026-09-11-21:21:05.739.000 [mindspore/train/serialization.py:331] The type of Parameter#1068:BFloat16 in 'parameter_dict' is different from the type of it in 'net':Float32, then the type convert from BFloat16 to Float32 in the network. May consume additional memory and time
[WARNING] ME(253923:281473218048032,MainProcess):2026-09-11-21:21:05.739.000 [mindspore/train/serialization.py:331] The type of Parameter#894:BFloat16 in 'parameter_dict' is different from the type of it in 'net':Float32, then the type convert from BFloat16 to Float32 in the network. May consume additional memory and time
[WARNING] ME(253923:281473218048032,MainProcess):2026-09-11-21:21:05.740.000 [mindspore/train/serialization.py:331] The type of Parameter#822:BFloat16 in 'parameter_dict' is different from the type of it in 'net':Float32, then the type convert from BFloat16 to Float32 in the network. May consume additional memory and time
[WARNING] ME(253923:281473218048032,MainProcess):2026-09-11-21:21:06.490.00 [mindspore/train/serialization.py:331] The type of Parameter#1035:BFloat16 in 'parameter_dict' is different from the type of it in 'net':Float32, then the type convert from BFloat16 to Float32 in the network. May consume additional memory and time
[WARNING] ME(253923:281473218048032,MainProcess):2026-09-11-21:21:06.203.000 [mindspore/train/serialization.py:331] The type of Parameter#975:BFloat16 in 'parameter_dict' is different from the type of it in 'net':Float32, then the type convert from BFloat16 to Float32 in the network. May consume additional memory and time
[WARNING] ME(253923:281473218048032,MainProcess):2026-09-11-21:21:06.204.000 [mindspore/train/serialization.py:331] The type of Parameter#985:BFloat16 in 'parameter_dict' is different from the type of it in 'net':Float32, then the type convert from BFloat16 to Float32 in the network. May consume additional memory and time
[WARNING] ME(253923:281473218048032,MainProcess):2026-09-11-21:21:06.256.000 [mindspore/train/serialization.py:331] The type of Parameter#1079:BFloat16 in 'parameter_dict' is different from the type of it in 'net':Float32, then the type convert from BFloat16 to Float32 in the network. May consume additional memory and time
[WARNING] ME(253923:281473218048032,MainProcess):2026-09-11-21:21:06.335.000 [mindspore/train/serialization.py:331] The type of Parameter#884:BFloat16 in 'parameter_dict' is different from the type of it in 'net':Float32, then the type convert from BFloat16 to Float32 in the network. May consume additional memory and time
[WARNING] ME(253923:281473218048032,MainProcess):2026-09-11-21:21:06.335.000 [mindspore/train/serialization.py:331] The type of Parameter#1060:BFloat16 in 'parameter_dict' is different from the type of it in 'net':Float32, then the type convert from BFloat16 to Float32 in the network. May consume additional memory and time
[WARNING] ME(253923:281473218048032,MainProcess):2026-09-11-21:21:06.335.000 [mindspore/train/serialization.py:331] The type of Parameter#1031:BFloat16 in 'parameter_dict' is different from the type of it in 'net':Float32, then the type convert from BFloat16 to Float32 in the network. May consume additional memory and time
[WARNING] ME(253923:281473218048032,MainProcess):2026-09-11-21:21:06.336.000 [mindspore/train/serialization.py:331] The type of Parameter#1083:BFloat16 in 'parameter_dict' is different from the type of it in 'net':Float32, then the type convert from BFloat16 to Float32 in the network. May consume additional memory and time
[WARNING] ME(253923:281473218048032,MainProcess):2026-09-11-21:21:06.647.000 [mindspore/train/serialization.py:331] The type of Parameter#1053:BFloat16 in 'parameter_dict' is different from the type of it in 'net':Float32, then the type convert from BFloat16 to Float32 in the network. May consume additional memory and time
[WARNING] ME(253923:281473218048032,MainProcess):2026-09-11-21:21:06.804.000 [mindspore/train/serialization.py:331] The type of Parameter#916:BFloat16 in 'parameter_dict' is different from the type of it in 'net':Float32, then the type convert from BFloat16 to Float32 in the network. May consume additional memory and time
[WARNING] ME(253923:281473218048032,MainProcess):2026-09-11-21:21:06.805.000 [mindspore/train/serialization.py:331] The type of Parameter#1065:BFloat16 in 'parameter_dict' is different from the type of it in 'net':Float32, then the type convert from BFloat16 to Float32 in the network. May consume additional memory and time
[WARNING] ME(253923:281473218048032,MainProcess):2026-09-11-21:21:06.859.000 [mindspore/train/serialization.py:331] The type of Parameter#1087:BFloat16 in 'parameter_dict' is different from the type of it in 'net':Float32, then the type convert from BFloat16 to Float32 in the network. May consume additional memory and time
[WARNING] ME(253923:281473218048032,MainProcess):2026-09-11-21:21:06.938.000 [mindspore/train/serialization.py:331] The type of Parameter#857:BFloat16 in 'parameter_dict' is different from the type of it in 'net':Float32, then the type convert from BFloat16 to Float32 in the network. May consume additional memory and time
[WARNING] ME(253923:281473218048032,MainProcess):2026-09-11-21:21:06.939.000 [mindspore/train/serialization.py:331] The type of Parameter#909:BFloat16 in 'parameter_dict' is different from the type of it in 'net':Float32, then the type convert from BFloat16 to Float32 in the network. May consume additional memory and time
[WARNING] ME(253923:281473218048032,MainProcess):2026-09-11-21:21:06.939.000 [mindspore/train/serialization.py:331] The type of Parameter#1061:BFloat16 in 'parameter_dict' is different from the type of it in 'net':Float32, then the type convert from BFloat16 to Float32 in the network. May consume additional memory and time
[WARNING] ME(253923:281473218048032,MainProcess):2026-09-11-21:21:06.939.000 [mindspore/train/serialization.py:331] The type of Parameter#996:BFloat16 in 'parameter_dict' is different from the type of it in 'net':Float32, then the type convert from BFloat16 to Float32 in the network. May consume additional memory and time
[WARNING] ME(253923:281473218048032,MainProcess):2026-09-11-21:21:07.250.000 [mindspore/train/serialization.py:331] The type of Parameter#828:BFloat16 in 'parameter_dict' is different from the type of it in 'net':Float32, then the type convert from BFloat16 to Float32 in the network. May consume additional memory and time
[WARNING] ME(253923:281473218048032,MainProcess):2026-09-11-21:21:07.404.000 [mindspore/train/serialization.py:331] The type of Parameter#1078:BFloat16 in 'parameter_dict' is different from the type of it in 'net':Float32, then the type convert from BFloat16 to Float32 in the network. May consume additional memory and time
[WARNING] ME(253923:281473218048032,MainProcess):2026-09-11-21:21:07.405.000 [mindspore/train/serialization.py:331] The type of Parameter#978:BFloat16 in 'parameter_dict' is different from the type of it in 'net':Float32, then the type convert from BFloat16 to Float32 in the network. May consume additional memory and time
[WARNING] ME(253923:281473218048032,MainProcess):2026-09-11-21:21:07.457.000 [mindspore/train/serialization.py:331] The type of Parameter#851:BFloat16 in 'parameter_dict' is different from the type of it in 'net':Float32, then the type convert from BFloat16 to Float32 in the network. May consume additional memory and time
[WARNING] ME(253923:281473218048032,MainProcess):2026-09-11-21:21:07.536.000 [mindspore/train/serialization.py:331] The type of Parameter#1042:BFloat16 in 'parameter_dict' is different from the type of it in 'net':Float32, then the type convert from BFloat16 to Float32 in the network. May consume additional memory and time
[WARNING] ME(253923:281473218048032,MainProcess):2026-09-11-21:21:07.537.000 [mindspore/train/serialization.py:331] The type of Parameter#1050:BFloat16 in 'parameter_dict' is different from the type of it in 'net':Float32, then the type convert from BFloat16 to Float32 in the network. May consume additional memory and time
[WARNING] ME(253923:281473218048032,MainProcess):2026-09-11-21:21:07.537.000 [mindspore/train/serialization.py:331] The type of Parameter#938:BFloat16 in 'parameter_dict' is different from the type of it in 'net':Float32, then the type convert from BFloat16 to Float32 in the network. May consume additional memory and time
[WARNING] ME(253923:281473218048032,MainProcess):2026-09-11-21:21:07.538.000 [mindspore/train/serialization.py:331] The type of Parameter#1012:BFloat16 in 'parameter_dict' is different from the type of it in 'net':Float32, then the type convert from BFloat16 to Float32 in the network. May consume additional memory and time
[WARNING] ME(253923:281473218048032,MainProcess):2026-09-11-21:21:07.845.000 [mindspore/train/serialization.py:331] The type of Parameter#895:BFloat16 in 'parameter_dict' is different from the type of it in 'net':Float32, then the type convert from BFloat16 to Float32 in the network. May consume additional memory and time
[WARNING] ME(253923:281473218048032,MainProcess):2026-09-11-21:21:07.999.000 [mindspore/train/serialization.py:331] The type of Parameter#816:BFloat16 in 'parameter_dict' is different from the type of it in 'net':Float32, then the type convert from BFloat16 to Float32 in the network. May consume additional memory and time
[WARNING] ME(253923:281473218048032,MainProcess):2026-09-11-21:21:08.0. [mindspore/train/serialization.py:331] The type of Parameter#870:BFloat16 in 'parameter_dict' is different from the type of it in 'net':Float32, then the type convert from BFloat16 to Float32 in the network. May consume additional memory and time
[WARNING] ME(253923:281473218048032,MainProcess):2026-09-11-21:21:08.520.00 [mindspore/train/serialization.py:331] The type of Parameter#1082:BFloat16 in 'parameter_dict' is different from the type of it in 'net':Float32, then the type convert from BFloat16 to Float32 in the network. May consume additional memory and time
[WARNING] ME(253923:281473218048032,MainProcess):2026-09-11-21:21:08.131.000 [mindspore/train/serialization.py:331] The type of Parameter#962:BFloat16 in 'parameter_dict' is different from the type of it in 'net':Float32, then the type convert from BFloat16 to Float32 in the network. May consume additional memory and time
[WARNING] ME(253923:281473218048032,MainProcess):2026-09-11-21:21:08.131.000 [mindspore/train/serialization.py:331] The type of Parameter#942:BFloat16 in 'parameter_dict' is different from the type of it in 'net':Float32, then the type convert from BFloat16 to Float32 in the network. May consume additional memory and time
[WARNING] ME(253923:281473218048032,MainProcess):2026-09-11-21:21:08.131.000 [mindspore/train/serialization.py:331] The type of Parameter#1066:BFloat16 in 'parameter_dict' is different from the type of it in 'net':Float32, then the type convert from BFloat16 to Float32 in the network. May consume additional memory and time
[WARNING] ME(253923:281473218048032,MainProcess):2026-09-11-21:21:08.132.000 [mindspore/train/serialization.py:331] The type of Parameter#1045:BFloat16 in 'parameter_dict' is different from the type of it in 'net':Float32, then the type convert from BFloat16 to Float32 in the network. May consume additional memory and time
[WARNING] ME(253923:281473218048032,MainProcess):2026-09-11-21:21:08.444.000 [mindspore/train/serialization.py:331] The type of Parameter#860:BFloat16 in 'parameter_dict' is different from the type of it in 'net':Float32, then the type convert from BFloat16 to Float32 in the network. May consume additional memory and time
[WARNING] ME(253923:281473218048032,MainProcess):2026-09-11-21:21:08.601.000 [mindspore/train/serialization.py:331] The type of Parameter#949:BFloat16 in 'parameter_dict' is different from the type of it in 'net':Float32, then the type convert from BFloat16 to Float32 in the network. May consume additional memory and time
[WARNING] ME(253923:281473218048032,MainProcess):2026-09-11-21:21:08.602.000 [mindspore/train/serialization.py:331] The type of Parameter#898:BFloat16 in 'parameter_dict' is different from the type of it in 'net':Float32, then the type convert from BFloat16 to Float32 in the network. May consume additional memory and time
[WARNING] ME(253923:281473218048032,MainProcess):2026-09-11-21:21:08.656.000 [mindspore/train/serialization.py:331] The type of Parameter#928:BFloat16 in 'parameter_dict' is different from the type of it in 'net':Float32, then the type convert from BFloat16 to Float32 in the network. May consume additional memory and time
[WARNING] ME(253923:281473218048032,MainProcess):2026-09-11-21:21:08.734.000 [mindspore/train/serialization.py:331] The type of Parameter#922:BFloat16 in 'parameter_dict' is different from the type of it in 'net':Float32, then the type convert from BFloat16 to Float32 in the network. May consume additional memory and time
[WARNING] ME(253923:281473218048032,MainProcess):2026-09-11-21:21:08.734.000 [mindspore/train/serialization.py:331] The type of Parameter#879:BFloat16 in 'parameter_dict' is different from the type of it in 'net':Float32, then the type convert from BFloat16 to Float32 in the network. May consume additional memory and time
[WARNING] ME(253923:281473218048032,MainProcess):2026-09-11-21:21:08.735.000 [mindspore/train/serialization.py:331] The type of Parameter#896:BFloat16 in 'parameter_dict' is different from the type of it in 'net':Float32, then the type convert from BFloat16 to Float32 in the network. May consume additional memory and time
[WARNING] ME(253923:281473218048032,MainProcess):2026-09-11-21:21:08.735.000 [mindspore/train/serialization.py:331] The type of Parameter#911:BFloat16 in 'parameter_dict' is different from the type of it in 'net':Float32, then the type convert from BFloat16 to Float32 in the network. May consume additional memory and time
[WARNING] ME(253923:281473218048032,MainProcess):2026-09-11-21:21:09.470.00 [mindspore/train/serialization.py:331] The type of Parameter#1054:BFloat16 in 'parameter_dict' is different from the type of it in 'net':Float32, then the type convert from BFloat16 to Float32 in the network. May consume additional memory and time
[WARNING] ME(253923:281473218048032,MainProcess):2026-09-11-21:21:09.204.000 [mindspore/train/serialization.py:331] The type of Parameter#904:BFloat16 in 'parameter_dict' is different from the type of it in 'net':Float32, then the type convert from BFloat16 to Float32 in the network. May consume additional memory and time
[WARNING] ME(253923:281473218048032,MainProcess):2026-09-11-21:21:09.205.000 [mindspore/train/serialization.py:331] The type of Parameter#850:BFloat16 in 'parameter_dict' is different from the type of it in 'net':Float32, then the type convert from BFloat16 to Float32 in the network. May consume additional memory and time
[WARNING] ME(253923:281473218048032,MainProcess):2026-09-11-21:21:09.258.000 [mindspore/train/serialization.py:331] The type of Parameter#983:BFloat16 in 'parameter_dict' is different from the type of it in 'net':Float32, then the type convert from BFloat16 to Float32 in the network. May consume additional memory and time
[WARNING] ME(253923:281473218048032,MainProcess):2026-09-11-21:21:09.337.000 [mindspore/train/serialization.py:331] The type of Parameter#1080:BFloat16 in 'parameter_dict' is different from the type of it in 'net':Float32, then the type convert from BFloat16 to Float32 in the network. May consume additional memory and time
[WARNING] ME(253923:281473218048032,MainProcess):2026-09-11-21:21:09.337.000 [mindspore/train/serialization.py:331] The type of Parameter#1070:BFloat16 in 'parameter_dict' is different from the type of it in 'net':Float32, then the type convert from BFloat16 to Float32 in the network. May consume additional memory and time
[WARNING] ME(253923:281473218048032,MainProcess):2026-09-11-21:21:09.338.000 [mindspore/train/serialization.py:331] The type of Parameter#927:BFloat16 in 'parameter_dict' is different from the type of it in 'net':Float32, then the type convert from BFloat16 to Float32 in the network. May consume additional memory and time
[WARNING] ME(253923:281473218048032,MainProcess):2026-09-11-21:21:09.338.000 [mindspore/train/serialization.py:331] The type of Parameter#885:BFloat16 in 'parameter_dict' is different from the type of it in 'net':Float32, then the type convert from BFloat16 to Float32 in the network. May consume additional memory and time
[WARNING] ME(253923:281473218048032,MainProcess):2026-09-11-21:21:09.648.000 [mindspore/train/serialization.py:331] The type of Parameter#881:BFloat16 in 'parameter_dict' is different from the type of it in 'net':Float32, then the type convert from BFloat16 to Float32 in the network. May consume additional memory and time
[WARNING] ME(253923:281473218048032,MainProcess):2026-09-11-21:21:09.804.000 [mindspore/train/serialization.py:331] The type of Parameter#923:BFloat16 in 'parameter_dict' is different from the type of it in 'net':Float32, then the type convert from BFloat16 to Float32 in the network. May consume additional memory and time
[WARNING] ME(253923:281473218048032,MainProcess):2026-09-11-21:21:09.805.000 [mindspore/train/serialization.py:331] The type of Parameter#997:BFloat16 in 'parameter_dict' is different from the type of it in 'net':Float32, then the type convert from BFloat16 to Float32 in the network. May consume additional memory and time
[WARNING] ME(253923:281473218048032,MainProcess):2026-09-11-21:21:09.858.000 [mindspore/train/serialization.py:331] The type of Parameter#1027:BFloat16 in 'parameter_dict' is different from the type of it in 'net':Float32, then the type convert from BFloat16 to Float32 in the network. May consume additional memory and time
[WARNING] ME(253923:281473218048032,MainProcess):2026-09-11-21:21:09.937.000 [mindspore/train/serialization.py:331] The type of Parameter#1038:BFloat16 in 'parameter_dict' is different from the type of it in 'net':Float32, then the type convert from BFloat16 to Float32 in the network. May consume additional memory and time
[WARNING] ME(253923:281473218048032,MainProcess):2026-09-11-21:21:09.938.000 [mindspore/train/serialization.py:331] The type of Parameter#1028:BFloat16 in 'parameter_dict' is different from the type of it in 'net':Float32, then the type convert from BFloat16 to Float32 in the network. May consume additional memory and time
[WARNING] ME(253923:281473218048032,MainProcess):2026-09-11-21:21:09.938.000 [mindspore/train/serialization.py:331] The type of Parameter#1074:BFloat16 in 'parameter_dict' is different from the type of it in 'net':Float32, then the type convert from BFloat16 to Float32 in the network. May consume additional memory and time
[WARNING] ME(253923:281473218048032,MainProcess):2026-09-11-21:21:09.939.000 [mindspore/train/serialization.py:331] The type of Parameter#966:BFloat16 in 'parameter_dict' is different from the type of it in 'net':Float32, then the type convert from BFloat16 to Float32 in the network. May consume additional memory and time
[WARNING] ME(253923:281473218048032,MainProcess):2026-09-11-21:21:10.249.000 [mindspore/train/serialization.py:331] The type of Parameter#926:BFloat16 in 'parameter_dict' is different from the type of it in 'net':Float32, then the type convert from BFloat16 to Float32 in the network. May consume additional memory and time
[WARNING] ME(253923:281473218048032,MainProcess):2026-09-11-21:21:10.403.000 [mindspore/train/serialization.py:331] The type of Parameter#914:BFloat16 in 'parameter_dict' is different from the type of it in 'net':Float32, then the type convert from BFloat16 to Float32 in the network. May consume additional memory and time
[WARNING] ME(253923:281473218048032,MainProcess):2026-09-11-21:21:10.404.000 [mindspore/train/serialization.py:331] The type of Parameter#1044:BFloat16 in 'parameter_dict' is different from the type of it in 'net':Float32, then the type convert from BFloat16 to Float32 in the network. May consume additional memory and time
[WARNING] ME(253923:281473218048032,MainProcess):2026-09-11-21:21:10.456.000 [mindspore/train/serialization.py:331] The type of Parameter#831:BFloat16 in 'parameter_dict' is different from the type of it in 'net':Float32, then the type convert from BFloat16 to Float32 in the network. May consume additional memory and time
[WARNING] ME(253923:281473218048032,MainProcess):2026-09-11-21:21:10.534.000 [mindspore/train/serialization.py:331] The type of Parameter#854:BFloat16 in 'parameter_dict' is different from the type of it in 'net':Float32, then the type convert from BFloat16 to Float32 in the network. May consume additional memory and time
[WARNING] ME(253923:281473218048032,MainProcess):2026-09-11-21:21:10.535.000 [mindspore/train/serialization.py:331] The type of Parameter#954:BFloat16 in 'parameter_dict' is different from the type of it in 'net':Float32, then the type convert from BFloat16 to Float32 in the network. May consume additional memory and time
[WARNING] ME(253923:281473218048032,MainProcess):2026-09-11-21:21:10.535.000 [mindspore/train/serialization.py:331] The type of Parameter#871:BFloat16 in 'parameter_dict' is different from the type of it in 'net':Float32, then the type convert from BFloat16 to Float32 in the network. May consume additional memory and time
[WARNING] ME(253923:281473218048032,MainProcess):2026-09-11-21:21:10.535.000 [mindspore/train/serialization.py:331] The type of Parameter#944:BFloat16 in 'parameter_dict' is different from the type of it in 'net':Float32, then the type convert from BFloat16 to Float32 in the network. May consume additional memory and time
[WARNING] ME(253923:281473218048032,MainProcess):2026-09-11-21:21:10.847.000 [mindspore/train/serialization.py:331] The type of Parameter#846:BFloat16 in 'parameter_dict' is different from the type of it in 'net':Float32, then the type convert from BFloat16 to Float32 in the network. May consume additional memory and time
[WARNING] ME(253923:281473218048032,MainProcess):2026-09-11-21:21:11.300.0 [mindspore/train/serialization.py:331] The type of Parameter#1009:BFloat16 in 'parameter_dict' is different from the type of it in 'net':Float32, then the type convert from BFloat16 to Float32 in the network. May consume additional memory and time
[WARNING] ME(253923:281473218048032,MainProcess):2026-09-11-21:21:11.300.0 [mindspore/train/serialization.py:331] The type of Parameter#995:BFloat16 in 'parameter_dict' is different from the type of it in 'net':Float32, then the type convert from BFloat16 to Float32 in the network. May consume additional memory and time
[WARNING] ME(253923:281473218048032,MainProcess):2026-09-11-21:21:11.560.00 [mindspore/train/serialization.py:331] The type of Parameter#891:BFloat16 in 'parameter_dict' is different from the type of it in 'net':Float32, then the type convert from BFloat16 to Float32 in the network. May consume additional memory and time
[WARNING] ME(253923:281473218048032,MainProcess):2026-09-11-21:21:11.134.000 [mindspore/train/serialization.py:331] The type of Parameter#833:BFloat16 in 'parameter_dict' is different from the type of it in 'net':Float32, then the type convert from BFloat16 to Float32 in the network. May consume additional memory and time
[WARNING] ME(253923:281473218048032,MainProcess):2026-09-11-21:21:11.135.000 [mindspore/train/serialization.py:331] The type of Parameter#864:BFloat16 in 'parameter_dict' is different from the type of it in 'net':Float32, then the type convert from BFloat16 to Float32 in the network. May consume additional memory and time
[WARNING] ME(253923:281473218048032,MainProcess):2026-09-11-21:21:11.135.000 [mindspore/train/serialization.py:331] The type of Parameter#917:BFloat16 in 'parameter_dict' is different from the type of it in 'net':Float32, then the type convert from BFloat16 to Float32 in the network. May consume additional memory and time
[WARNING] ME(253923:281473218048032,MainProcess):2026-09-11-21:21:11.135.000 [mindspore/train/serialization.py:331] The type of Parameter#907:BFloat16 in 'parameter_dict' is different from the type of it in 'net':Float32, then the type convert from BFloat16 to Float32 in the network. May consume additional memory and time
[WARNING] ME(253923:281473218048032,MainProcess):2026-09-11-21:21:11.445.000 [mindspore/train/serialization.py:331] The type of Parameter#842:BFloat16 in 'parameter_dict' is different from the type of it in 'net':Float32, then the type convert from BFloat16 to Float32 in the network. May consume additional memory and time
[WARNING] ME(253923:281473218048032,MainProcess):2026-09-11-21:21:11.601.000 [mindspore/train/serialization.py:331] The type of Parameter#1016:BFloat16 in 'parameter_dict' is different from the type of it in 'net':Float32, then the type convert from BFloat16 to Float32 in the network. May consume additional memory and time
[WARNING] ME(253923:281473218048032,MainProcess):2026-09-11-21:21:11.601.000 [mindspore/train/serialization.py:331] The type of Parameter#971:BFloat16 in 'parameter_dict' is different from the type of it in 'net':Float32, then the type convert from BFloat16 to Float32 in the network. May consume additional memory and time
[WARNING] ME(253923:281473218048032,MainProcess):2026-09-11-21:21:11.655.000 [mindspore/train/serialization.py:331] The type of Parameter#812:BFloat16 in 'parameter_dict' is different from the type of it in 'net':Float32, then the type convert from BFloat16 to Float32 in the network. May consume additional memory and time
[WARNING] ME(253923:281473218048032,MainProcess):2026-09-11-21:21:11.734.000 [mindspore/train/serialization.py:331] The type of Parameter#961:BFloat16 in 'parameter_dict' is different from the type of it in 'net':Float32, then the type convert from BFloat16 to Float32 in the network. May consume additional memory and time
[WARNING] ME(253923:281473218048032,MainProcess):2026-09-11-21:21:11.735.000 [mindspore/train/serialization.py:331] The type of Parameter#980:BFloat16 in 'parameter_dict' is different from the type of it in 'net':Float32, then the type convert from BFloat16 to Float32 in the network. May consume additional memory and time
[WARNING] ME(253923:281473218048032,MainProcess):2026-09-11-21:21:11.735.000 [mindspore/train/serialization.py:331] The type of Parameter#819:BFloat16 in 'parameter_dict' is different from the type of it in 'net':Float32, then the type convert from BFloat16 to Float32 in the network. May consume additional memory and time
[WARNING] ME(253923:281473218048032,MainProcess):2026-09-11-21:21:11.735.000 [mindspore/train/serialization.py:331] The type of Parameter#849:BFloat16 in 'parameter_dict' is different from the type of it in 'net':Float32, then the type convert from BFloat16 to Float32 in the network. May consume additional memory and time
[WARNING] ME(253923:281473218048032,MainProcess):2026-09-11-21:21:12.470.00 [mindspore/train/serialization.py:331] The type of Parameter#990:BFloat16 in 'parameter_dict' is different from the type of it in 'net':Float32, then the type convert from BFloat16 to Float32 in the network. May consume additional memory and time
[WARNING] ME(253923:281473218048032,MainProcess):2026-09-11-21:21:12.203.000 [mindspore/train/serialization.py:331] The type of Parameter#969:BFloat16 in 'parameter_dict' is different from the type of it in 'net':Float32, then the type convert from BFloat16 to Float32 in the network. May consume additional memory and time
[WARNING] ME(253923:281473218048032,MainProcess):2026-09-11-21:21:12.203.000 [mindspore/train/serialization.py:331] The type of Parameter#1023:BFloat16 in 'parameter_dict' is different from the type of it in 'net':Float32, then the type convert from BFloat16 to Float32 in the network. May consume additional memory and time
[WARNING] ME(253923:281473218048032,MainProcess):2026-09-11-21:21:12.257.000 [mindspore/train/serialization.py:331] The type of Parameter#1084:BFloat16 in 'parameter_dict' is different from the type of it in 'net':Float32, then the type convert from BFloat16 to Float32 in the network. May consume additional memory and time
[WARNING] ME(253923:281473218048032,MainProcess):2026-09-11-21:21:12.335.000 [mindspore/train/serialization.py:331] The type of Parameter#1037:BFloat16 in 'parameter_dict' is different from the type of it in 'net':Float32, then the type convert from BFloat16 to Float32 in the network. May consume additional memory and time
[WARNING] ME(253923:281473218048032,MainProcess):2026-09-11-21:21:12.335.000 [mindspore/train/serialization.py:331] The type of Parameter#834:BFloat16 in 'parameter_dict' is different from the type of it in 'net':Float32, then the type convert from BFloat16 to Float32 in the network. May consume additional memory and time
[WARNING] ME(253923:281473218048032,MainProcess):2026-09-11-21:21:12.336.000 [mindspore/train/serialization.py:331] The type of Parameter#936:BFloat16 in 'parameter_dict' is different from the type of it in 'net':Float32, then the type convert from BFloat16 to Float32 in the network. May consume additional memory and time
[WARNING] ME(253923:281473218048032,MainProcess):2026-09-11-21:21:12.336.000 [mindspore/train/serialization.py:331] The type of Parameter#933:BFloat16 in 'parameter_dict' is different from the type of it in 'net':Float32, then the type convert from BFloat16 to Float32 in the network. May consume additional memory and time
[WARNING] ME(253923:281473218048032,MainProcess):2026-09-11-21:21:12.649.000 [mindspore/train/serialization.py:331] The type of Parameter#1092:BFloat16 in 'parameter_dict' is different from the type of it in 'net':Float32, then the type convert from BFloat16 to Float32 in the network. May consume additional memory and time
[WARNING] ME(253923:281473218048032,MainProcess):2026-09-11-21:21:12.805.000 [mindspore/train/serialization.py:331] The type of Parameter#903:BFloat16 in 'parameter_dict' is different from the type of it in 'net':Float32, then the type convert from BFloat16 to Float32 in the network. May consume additional memory and time
[WARNING] ME(253923:281473218048032,MainProcess):2026-09-11-21:21:12.806.000 [mindspore/train/serialization.py:331] The type of Parameter#1015:BFloat16 in 'parameter_dict' is different from the type of it in 'net':Float32, then the type convert from BFloat16 to Float32 in the network. May consume additional memory and time
[WARNING] ME(253923:281473218048032,MainProcess):2026-09-11-21:21:12.858.000 [mindspore/train/serialization.py:331] The type of Parameter#970:BFloat16 in 'parameter_dict' is different from the type of it in 'net':Float32, then the type convert from BFloat16 to Float32 in the network. May consume additional memory and time
[WARNING] ME(253923:281473218048032,MainProcess):2026-09-11-21:21:12.936.000 [mindspore/train/serialization.py:331] The type of Parameter#992:BFloat16 in 'parameter_dict' is different from the type of it in 'net':Float32, then the type convert from BFloat16 to Float32 in the network. May consume additional memory and time
[WARNING] ME(253923:281473218048032,MainProcess):2026-09-11-21:21:12.936.000 [mindspore/train/serialization.py:331] The type of Parameter#1007:BFloat16 in 'parameter_dict' is different from the type of it in 'net':Float32, then the type convert from BFloat16 to Float32 in the network. May consume additional memory and time
[WARNING] ME(253923:281473218048032,MainProcess):2026-09-11-21:21:12.936.000 [mindspore/train/serialization.py:331] The type of Parameter#841:BFloat16 in 'parameter_dict' is different from the type of it in 'net':Float32, then the type convert from BFloat16 to Float32 in the network. May consume additional memory and time
[WARNING] ME(253923:281473218048032,MainProcess):2026-09-11-21:21:12.937.000 [mindspore/train/serialization.py:331] The type of Parameter#981:BFloat16 in 'parameter_dict' is different from the type of it in 'net':Float32, then the type convert from BFloat16 to Float32 in the network. May consume additional memory and time
[WARNING] ME(253923:281473218048032,MainProcess):2026-09-11-21:21:13.250.000 [mindspore/train/serialization.py:331] The type of Parameter#897:BFloat16 in 'parameter_dict' is different from the type of it in 'net':Float32, then the type convert from BFloat16 to Float32 in the network. May consume additional memory and time
[WARNING] ME(253923:281473218048032,MainProcess):2026-09-11-21:21:13.406.000 [mindspore/train/serialization.py:331] The type of Parameter#1051:BFloat16 in 'parameter_dict' is different from the type of it in 'net':Float32, then the type convert from BFloat16 to Float32 in the network. May consume additional memory and time
[WARNING] ME(253923:281473218048032,MainProcess):2026-09-11-21:21:13.406.000 [mindspore/train/serialization.py:331] The type of Parameter#1013:BFloat16 in 'parameter_dict' is different from the type of it in 'net':Float32, then the type convert from BFloat16 to Float32 in the network. May consume additional memory and time
[WARNING] ME(253923:281473218048032,MainProcess):2026-09-11-21:21:13.460.000 [mindspore/train/serialization.py:331] The type of Parameter#964:BFloat16 in 'parameter_dict' is different from the type of it in 'net':Float32, then the type convert from BFloat16 to Float32 in the network. May consume additional memory and time
[WARNING] ME(253923:281473218048032,MainProcess):2026-09-11-21:21:13.538.000 [mindspore/train/serialization.py:331] The type of Parameter#991:BFloat16 in 'parameter_dict' is different from the type of it in 'net':Float32, then the type convert from BFloat16 to Float32 in the network. May consume additional memory and time
[WARNING] ME(253923:281473218048032,MainProcess):2026-09-11-21:21:13.538.000 [mindspore/train/serialization.py:331] The type of Parameter#893:BFloat16 in 'parameter_dict' is different from the type of it in 'net':Float32, then the type convert from BFloat16 to Float32 in the network. May consume additional memory and time
[WARNING] ME(253923:281473218048032,MainProcess):2026-09-11-21:21:13.539.000 [mindspore/train/serialization.py:331] The type of Parameter#908:BFloat16 in 'parameter_dict' is different from the type of it in 'net':Float32, then the type convert from BFloat16 to Float32 in the network. May consume additional memory and time
[WARNING] ME(253923:281473218048032,MainProcess):2026-09-11-21:21:13.539.000 [mindspore/train/serialization.py:331] The type of Parameter#829:BFloat16 in 'parameter_dict' is different from the type of it in 'net':Float32, then the type convert from BFloat16 to Float32 in the network. May consume additional memory and time
[WARNING] ME(253923:281473218048032,MainProcess):2026-09-11-21:21:13.850.000 [mindspore/train/serialization.py:331] The type of Parameter#888:BFloat16 in 'parameter_dict' is different from the type of it in 'net':Float32, then the type convert from BFloat16 to Float32 in the network. May consume additional memory and time
[WARNING] ME(253923:281473218048032,MainProcess):2026-09-11-21:21:14.700.0 [mindspore/train/serialization.py:331] The type of Parameter#882:BFloat16 in 'parameter_dict' is different from the type of it in 'net':Float32, then the type convert from BFloat16 to Float32 in the network. May consume additional memory and time
[WARNING] ME(253923:281473218048032,MainProcess):2026-09-11-21:21:14.700.0 [mindspore/train/serialization.py:331] The type of Parameter#899:BFloat16 in 'parameter_dict' is different from the type of it in 'net':Float32, then the type convert from BFloat16 to Float32 in the network. May consume additional memory and time
[WARNING] ME(253923:281473218048032,MainProcess):2026-09-11-21:21:14.600.00 [mindspore/train/serialization.py:331] The type of Parameter#974:BFloat16 in 'parameter_dict' is different from the type of it in 'net':Float32, then the type convert from BFloat16 to Float32 in the network. May consume additional memory and time
[WARNING] ME(253923:281473218048032,MainProcess):2026-09-11-21:21:14.139.000 [mindspore/train/serialization.py:331] The type of Parameter#968:BFloat16 in 'parameter_dict' is different from the type of it in 'net':Float32, then the type convert from BFloat16 to Float32 in the network. May consume additional memory and time
[WARNING] ME(253923:281473218048032,MainProcess):2026-09-11-21:21:14.139.000 [mindspore/train/serialization.py:331] The type of Parameter#813:BFloat16 in 'parameter_dict' is different from the type of it in 'net':Float32, then the type convert from BFloat16 to Float32 in the network. May consume additional memory and time
[WARNING] ME(253923:281473218048032,MainProcess):2026-09-11-21:21:14.139.000 [mindspore/train/serialization.py:331] The type of Parameter#994:BFloat16 in 'parameter_dict' is different from the type of it in 'net':Float32, then the type convert from BFloat16 to Float32 in the network. May consume additional memory and time
[WARNING] ME(253923:281473218048032,MainProcess):2026-09-11-21:21:14.140.000 [mindspore/train/serialization.py:331] The type of Parameter#931:BFloat16 in 'parameter_dict' is different from the type of it in 'net':Float32, then the type convert from BFloat16 to Float32 in the network. May consume additional memory and time
[WARNING] ME(253923:281473218048032,MainProcess):2026-09-11-21:21:14.451.000 [mindspore/train/serialization.py:331] The type of Parameter#959:BFloat16 in 'parameter_dict' is different from the type of it in 'net':Float32, then the type convert from BFloat16 to Float32 in the network. May consume additional memory and time
[WARNING] ME(253923:281473218048032,MainProcess):2026-09-11-21:21:14.608.000 [mindspore/train/serialization.py:331] The type of Parameter#940:BFloat16 in 'parameter_dict' is different from the type of it in 'net':Float32, then the type convert from BFloat16 to Float32 in the network. May consume additional memory and time
[WARNING] ME(253923:281473218048032,MainProcess):2026-09-11-21:21:14.609.000 [mindspore/train/serialization.py:331] The type of Parameter#993:BFloat16 in 'parameter_dict' is different from the type of it in 'net':Float32, then the type convert from BFloat16 to Float32 in the network. May consume additional memory and time
[WARNING] ME(253923:281473218048032,MainProcess):2026-09-11-21:21:14.661.000 [mindspore/train/serialization.py:331] The type of Parameter#984:BFloat16 in 'parameter_dict' is different from the type of it in 'net':Float32, then the type convert from BFloat16 to Float32 in the network. May consume additional memory and time
[WARNING] ME(253923:281473218048032,MainProcess):2026-09-11-21:21:14.739.000 [mindspore/train/serialization.py:331] The type of Parameter#1010:BFloat16 in 'parameter_dict' is different from the type of it in 'net':Float32, then the type convert from BFloat16 to Float32 in the network. May consume additional memory and time
[WARNING] ME(253923:281473218048032,MainProcess):2026-09-11-21:21:14.740.000 [mindspore/train/serialization.py:331] The type of Parameter#902:BFloat16 in 'parameter_dict' is different from the type of it in 'net':Float32, then the type convert from BFloat16 to Float32 in the network. May consume additional memory and time
[WARNING] ME(253923:281473218048032,MainProcess):2026-09-11-21:21:14.740.000 [mindspore/train/serialization.py:331] The type of Parameter#858:BFloat16 in 'parameter_dict' is different from the type of it in 'net':Float32, then the type convert from BFloat16 to Float32 in the network. May consume additional memory and time
[WARNING] ME(253923:281473218048032,MainProcess):2026-09-11-21:21:14.741.000 [mindspore/train/serialization.py:331] The type of Parameter#1008:BFloat16 in 'parameter_dict' is different from the type of it in 'net':Float32, then the type convert from BFloat16 to Float32 in the network. May consume additional memory and time
[WARNING] ME(253923:281473218048032,MainProcess):2026-09-11-21:21:15.510.00 [mindspore/train/serialization.py:331] The type of Parameter#806:BFloat16 in 'parameter_dict' is different from the type of it in 'net':Float32, then the type convert from BFloat16 to Float32 in the network. May consume additional memory and time
[WARNING] ME(253923:281473218048032,MainProcess):2026-09-11-21:21:15.208.000 [mindspore/train/serialization.py:331] The type of Parameter#1075:BFloat16 in 'parameter_dict' is different from the type of it in 'net':Float32, then the type convert from BFloat16 to Float32 in the network. May consume additional memory and time
[WARNING] ME(253923:281473218048032,MainProcess):2026-09-11-21:21:15.208.000 [mindspore/train/serialization.py:331] The type of Parameter#1090:BFloat16 in 'parameter_dict' is different from the type of it in 'net':Float32, then the type convert from BFloat16 to Float32 in the network. May consume additional memory and time
[WARNING] ME(253923:281473218048032,MainProcess):2026-09-11-21:21:15.261.000 [mindspore/train/serialization.py:331] The type of Parameter#906:BFloat16 in 'parameter_dict' is different from the type of it in 'net':Float32, then the type convert from BFloat16 to Float32 in the network. May consume additional memory and time
[WARNING] ME(253923:281473218048032,MainProcess):2026-09-11-21:21:15.340.000 [mindspore/train/serialization.py:331] The type of Parameter#1091:BFloat16 in 'parameter_dict' is different from the type of it in 'net':Float32, then the type convert from BFloat16 to Float32 in the network. May consume additional memory and time
[WARNING] ME(253923:281473218048032,MainProcess):2026-09-11-21:21:15.340.000 [mindspore/train/serialization.py:331] The type of Parameter#1021:BFloat16 in 'parameter_dict' is different from the type of it in 'net':Float32, then the type convert from BFloat16 to Float32 in the network. May consume additional memory and time
[WARNING] ME(253923:281473218048032,MainProcess):2026-09-11-21:21:15.340.000 [mindspore/train/serialization.py:331] The type of Parameter#830:BFloat16 in 'parameter_dict' is different from the type of it in 'net':Float32, then the type convert from BFloat16 to Float32 in the network. May consume additional memory and time
[WARNING] ME(253923:281473218048032,MainProcess):2026-09-11-21:21:15.341.000 [mindspore/train/serialization.py:331] The type of Parameter#955:BFloat16 in 'parameter_dict' is different from the type of it in 'net':Float32, then the type convert from BFloat16 to Float32 in the network. May consume additional memory and time
[WARNING] ME(253923:281473218048032,MainProcess):2026-09-11-21:21:15.651.000 [mindspore/train/serialization.py:331] The type of Parameter#1002:BFloat16 in 'parameter_dict' is different from the type of it in 'net':Float32, then the type convert from BFloat16 to Float32 in the network. May consume additional memory and time
[WARNING] ME(253923:281473218048032,MainProcess):2026-09-11-21:21:15.807.000 [mindspore/train/serialization.py:331] The type of Parameter#1071:BFloat16 in 'parameter_dict' is different from the type of it in 'net':Float32, then the type convert from BFloat16 to Float32 in the network. May consume additional memory and time
[WARNING] ME(253923:281473218048032,MainProcess):2026-09-11-21:21:15.808.000 [mindspore/train/serialization.py:331] The type of Parameter#912:BFloat16 in 'parameter_dict' is different from the type of it in 'net':Float32, then the type convert from BFloat16 to Float32 in the network. May consume additional memory and time
[WARNING] ME(253923:281473218048032,MainProcess):2026-09-11-21:21:15.860.000 [mindspore/train/serialization.py:331] The type of Parameter#886:BFloat16 in 'parameter_dict' is different from the type of it in 'net':Float32, then the type convert from BFloat16 to Float32 in the network. May consume additional memory and time
[WARNING] ME(253923:281473218048032,MainProcess):2026-09-11-21:21:15.939.000 [mindspore/train/serialization.py:331] The type of Parameter#861:BFloat16 in 'parameter_dict' is different from the type of it in 'net':Float32, then the type convert from BFloat16 to Float32 in the network. May consume additional memory and time
[WARNING] ME(253923:281473218048032,MainProcess):2026-09-11-21:21:15.939.000 [mindspore/train/serialization.py:331] The type of Parameter#1059:BFloat16 in 'parameter_dict' is different from the type of it in 'net':Float32, then the type convert from BFloat16 to Float32 in the network. May consume additional memory and time
[WARNING] ME(253923:281473218048032,MainProcess):2026-09-11-21:21:15.939.000 [mindspore/train/serialization.py:331] The type of Parameter#817:BFloat16 in 'parameter_dict' is different from the type of it in 'net':Float32, then the type convert from BFloat16 to Float32 in the network. May consume additional memory and time
[WARNING] ME(253923:281473218048032,MainProcess):2026-09-11-21:21:15.940.000 [mindspore/train/serialization.py:331] The type of Parameter#821:BFloat16 in 'parameter_dict' is different from the type of it in 'net':Float32, then the type convert from BFloat16 to Float32 in the network. May consume additional memory and time
[WARNING] ME(253923:281473218048032,MainProcess):2026-09-11-21:21:16.250.000 [mindspore/train/serialization.py:331] The type of Parameter#880:BFloat16 in 'parameter_dict' is different from the type of it in 'net':Float32, then the type convert from BFloat16 to Float32 in the network. May consume additional memory and time
[WARNING] ME(253923:281473218048032,MainProcess):2026-09-11-21:21:16.405.000 [mindspore/train/serialization.py:331] The type of Parameter#1049:BFloat16 in 'parameter_dict' is different from the type of it in 'net':Float32, then the type convert from BFloat16 to Float32 in the network. May consume additional memory and time
[WARNING] ME(253923:281473218048032,MainProcess):2026-09-11-21:21:16.405.000 [mindspore/train/serialization.py:331] The type of Parameter#932:BFloat16 in 'parameter_dict' is different from the type of it in 'net':Float32, then the type convert from BFloat16 to Float32 in the network. May consume additional memory and time
[WARNING] ME(253923:281473218048032,MainProcess):2026-09-11-21:21:16.457.000 [mindspore/train/serialization.py:331] The type of Parameter#837:BFloat16 in 'parameter_dict' is different from the type of it in 'net':Float32, then the type convert from BFloat16 to Float32 in the network. May consume additional memory and time
[WARNING] ME(253923:281473218048032,MainProcess):2026-09-11-21:21:16.535.000 [mindspore/train/serialization.py:331] The type of Parameter#986:BFloat16 in 'parameter_dict' is different from the type of it in 'net':Float32, then the type convert from BFloat16 to Float32 in the network. May consume additional memory and time
[WARNING] ME(253923:281473218048032,MainProcess):2026-09-11-21:21:16.535.000 [mindspore/train/serialization.py:331] The type of Parameter#921:BFloat16 in 'parameter_dict' is different from the type of it in 'net':Float32, then the type convert from BFloat16 to Float32 in the network. May consume additional memory and time
[WARNING] ME(253923:281473218048032,MainProcess):2026-09-11-21:21:16.536.000 [mindspore/train/serialization.py:331] The type of Parameter#826:BFloat16 in 'parameter_dict' is different from the type of it in 'net':Float32, then the type convert from BFloat16 to Float32 in the network. May consume additional memory and time
[WARNING] ME(253923:281473218048032,MainProcess):2026-09-11-21:21:16.536.000 [mindspore/train/serialization.py:331] The type of Parameter#844:BFloat16 in 'parameter_dict' is different from the type of it in 'net':Float32, then the type convert from BFloat16 to Float32 in the network. May consume additional memory and time
[WARNING] ME(253923:281473218048032,MainProcess):2026-09-11-21:21:16.845.000 [mindspore/train/serialization.py:331] The type of Parameter#960:BFloat16 in 'parameter_dict' is different from the type of it in 'net':Float32, then the type convert from BFloat16 to Float32 in the network. May consume additional memory and time
[WARNING] ME(253923:281473218048032,MainProcess):2026-09-11-21:21:17.100.0 [mindspore/train/serialization.py:331] The type of Parameter#1017:BFloat16 in 'parameter_dict' is different from the type of it in 'net':Float32, then the type convert from BFloat16 to Float32 in the network. May consume additional memory and time
[WARNING] ME(253923:281473218048032,MainProcess):2026-09-11-21:21:17.200.0 [mindspore/train/serialization.py:331] The type of Parameter#824:BFloat16 in 'parameter_dict' is different from the type of it in 'net':Float32, then the type convert from BFloat16 to Float32 in the network. May consume additional memory and time
[WARNING] ME(253923:281473218048032,MainProcess):2026-09-11-21:21:17.540.00 [mindspore/train/serialization.py:331] The type of Parameter#1000:BFloat16 in 'parameter_dict' is different from the type of it in 'net':Float32, then the type convert from BFloat16 to Float32 in the network. May consume additional memory and time
[WARNING] ME(253923:281473218048032,MainProcess):2026-09-11-21:21:17.132.000 [mindspore/train/serialization.py:331] The type of Parameter#810:BFloat16 in 'parameter_dict' is different from the type of it in 'net':Float32, then the type convert from BFloat16 to Float32 in the network. May consume additional memory and time
[WARNING] ME(253923:281473218048032,MainProcess):2026-09-11-21:21:17.133.000 [mindspore/train/serialization.py:331] The type of Parameter#976:BFloat16 in 'parameter_dict' is different from the type of it in 'net':Float32, then the type convert from BFloat16 to Float32 in the network. May consume additional memory and time
[WARNING] ME(253923:281473218048032,MainProcess):2026-09-11-21:21:17.133.000 [mindspore/train/serialization.py:331] The type of Parameter#890:BFloat16 in 'parameter_dict' is different from the type of it in 'net':Float32, then the type convert from BFloat16 to Float32 in the network. May consume additional memory and time
[WARNING] ME(253923:281473218048032,MainProcess):2026-09-11-21:21:17.133.000 [mindspore/train/serialization.py:331] The type of Parameter#872:BFloat16 in 'parameter_dict' is different from the type of it in 'net':Float32, then the type convert from BFloat16 to Float32 in the network. May consume additional memory and time
[WARNING] ME(253923:281473218048032,MainProcess):2026-09-11-21:21:17.445.000 [mindspore/train/serialization.py:331] The type of Parameter#809:BFloat16 in 'parameter_dict' is different from the type of it in 'net':Float32, then the type convert from BFloat16 to Float32 in the network. May consume additional memory and time
[WARNING] ME(253923:281473218048032,MainProcess):2026-09-11-21:21:17.601.000 [mindspore/train/serialization.py:331] The type of Parameter#1088:BFloat16 in 'parameter_dict' is different from the type of it in 'net':Float32, then the type convert from BFloat16 to Float32 in the network. May consume additional memory and time
[WARNING] ME(253923:281473218048032,MainProcess):2026-09-11-21:21:17.602.000 [mindspore/train/serialization.py:331] The type of Parameter#1058:BFloat16 in 'parameter_dict' is different from the type of it in 'net':Float32, then the type convert from BFloat16 to Float32 in the network. May consume additional memory and time
[WARNING] ME(253923:281473218048032,MainProcess):2026-09-11-21:21:17.654.000 [mindspore/train/serialization.py:331] The type of Parameter#1081:BFloat16 in 'parameter_dict' is different from the type of it in 'net':Float32, then the type convert from BFloat16 to Float32 in the network. May consume additional memory and time
[WARNING] ME(253923:281473218048032,MainProcess):2026-09-11-21:21:17.732.000 [mindspore/train/serialization.py:331] The type of Parameter#835:BFloat16 in 'parameter_dict' is different from the type of it in 'net':Float32, then the type convert from BFloat16 to Float32 in the network. May consume additional memory and time
[WARNING] ME(253923:281473218048032,MainProcess):2026-09-11-21:21:17.733.000 [mindspore/train/serialization.py:331] The type of Parameter#953:BFloat16 in 'parameter_dict' is different from the type of it in 'net':Float32, then the type convert from BFloat16 to Float32 in the network. May consume additional memory and time
[WARNING] ME(253923:281473218048032,MainProcess):2026-09-11-21:21:17.733.000 [mindspore/train/serialization.py:331] The type of Parameter#838:BFloat16 in 'parameter_dict' is different from the type of it in 'net':Float32, then the type convert from BFloat16 to Float32 in the network. May consume additional memory and time
[WARNING] ME(253923:281473218048032,MainProcess):2026-09-11-21:21:17.734.000 [mindspore/train/serialization.py:331] The type of Parameter#956:BFloat16 in 'parameter_dict' is different from the type of it in 'net':Float32, then the type convert from BFloat16 to Float32 in the network. May consume additional memory and time
[WARNING] ME(253923:281473218048032,MainProcess):2026-09-11-21:21:18.450.00 [mindspore/train/serialization.py:331] The type of Parameter#948:BFloat16 in 'parameter_dict' is different from the type of it in 'net':Float32, then the type convert from BFloat16 to Float32 in the network. May consume additional memory and time
[WARNING] ME(253923:281473218048032,MainProcess):2026-09-11-21:21:18.201.000 [mindspore/train/serialization.py:331] The type of Parameter#873:BFloat16 in 'parameter_dict' is different from the type of it in 'net':Float32, then the type convert from BFloat16 to Float32 in the network. May consume additional memory and time
[WARNING] ME(253923:281473218048032,MainProcess):2026-09-11-21:21:18.201.000 [mindspore/train/serialization.py:331] The type of Parameter#982:BFloat16 in 'parameter_dict' is different from the type of it in 'net':Float32, then the type convert from BFloat16 to Float32 in the network. May consume additional memory and time
[WARNING] ME(253923:281473218048032,MainProcess):2026-09-11-21:21:18.254.000 [mindspore/train/serialization.py:331] The type of Parameter#811:BFloat16 in 'parameter_dict' is different from the type of it in 'net':Float32, then the type convert from BFloat16 to Float32 in the network. May consume additional memory and time
[WARNING] ME(253923:281473218048032,MainProcess):2026-09-11-21:21:18.334.000 [mindspore/train/serialization.py:331] The type of Parameter#856:BFloat16 in 'parameter_dict' is different from the type of it in 'net':Float32, then the type convert from BFloat16 to Float32 in the network. May consume additional memory and time
[WARNING] ME(253923:281473218048032,MainProcess):2026-09-11-21:21:18.335.000 [mindspore/train/serialization.py:331] The type of Parameter#1030:BFloat16 in 'parameter_dict' is different from the type of it in 'net':Float32, then the type convert from BFloat16 to Float32 in the network. May consume additional memory and time
[WARNING] ME(253923:281473218048032,MainProcess):2026-09-11-21:21:18.335.000 [mindspore/train/serialization.py:331] The type of Parameter#1034:BFloat16 in 'parameter_dict' is different from the type of it in 'net':Float32, then the type convert from BFloat16 to Float32 in the network. May consume additional memory and time
[WARNING] ME(253923:281473218048032,MainProcess):2026-09-11-21:21:18.335.000 [mindspore/train/serialization.py:331] The type of Parameter#919:BFloat16 in 'parameter_dict' is different from the type of it in 'net':Float32, then the type convert from BFloat16 to Float32 in the network. May consume additional memory and time
[WARNING] ME(253923:281473218048032,MainProcess):2026-09-11-21:21:18.648.000 [mindspore/train/serialization.py:331] The type of Parameter#998:BFloat16 in 'parameter_dict' is different from the type of it in 'net':Float32, then the type convert from BFloat16 to Float32 in the network. May consume additional memory and time
[WARNING] ME(253923:281473218048032,MainProcess):2026-09-11-21:21:18.803.000 [mindspore/train/serialization.py:331] The type of Parameter#958:BFloat16 in 'parameter_dict' is different from the type of it in 'net':Float32, then the type convert from BFloat16 to Float32 in the network. May consume additional memory and time
[WARNING] ME(253923:281473218048032,MainProcess):2026-09-11-21:21:18.804.000 [mindspore/train/serialization.py:331] The type of Parameter#1005:BFloat16 in 'parameter_dict' is different from the type of it in 'net':Float32, then the type convert from BFloat16 to Float32 in the network. May consume additional memory and time
[WARNING] ME(253923:281473218048032,MainProcess):2026-09-11-21:21:18.856.000 [mindspore/train/serialization.py:331] The type of Parameter#1064:BFloat16 in 'parameter_dict' is different from the type of it in 'net':Float32, then the type convert from BFloat16 to Float32 in the network. May consume additional memory and time
[WARNING] ME(253923:281473218048032,MainProcess):2026-09-11-21:21:18.935.000 [mindspore/train/serialization.py:331] The type of Parameter#1041:BFloat16 in 'parameter_dict' is different from the type of it in 'net':Float32, then the type convert from BFloat16 to Float32 in the network. May consume additional memory and time
[WARNING] ME(253923:281473218048032,MainProcess):2026-09-11-21:21:18.935.000 [mindspore/train/serialization.py:331] The type of Parameter#1004:BFloat16 in 'parameter_dict' is different from the type of it in 'net':Float32, then the type convert from BFloat16 to Float32 in the network. May consume additional memory and time
[WARNING] ME(253923:281473218048032,MainProcess):2026-09-11-21:21:18.936.000 [mindspore/train/serialization.py:331] The type of Parameter#815:BFloat16 in 'parameter_dict' is different from the type of it in 'net':Float32, then the type convert from BFloat16 to Float32 in the network. May consume additional memory and time
[WARNING] ME(253923:281473218048032,MainProcess):2026-09-11-21:21:18.936.000 [mindspore/train/serialization.py:331] The type of Parameter#939:BFloat16 in 'parameter_dict' is different from the type of it in 'net':Float32, then the type convert from BFloat16 to Float32 in the network. May consume additional memory and time
[WARNING] ME(253923:281473218048032,MainProcess):2026-09-11-21:21:19.248.000 [mindspore/train/serialization.py:331] The type of Parameter#965:BFloat16 in 'parameter_dict' is different from the type of it in 'net':Float32, then the type convert from BFloat16 to Float32 in the network. May consume additional memory and time
[WARNING] ME(253923:281473218048032,MainProcess):2026-09-11-21:21:19.403.000 [mindspore/train/serialization.py:331] The type of Parameter#1067:BFloat16 in 'parameter_dict' is different from the type of it in 'net':Float32, then the type convert from BFloat16 to Float32 in the network. May consume additional memory and time
[WARNING] ME(253923:281473218048032,MainProcess):2026-09-11-21:21:19.403.000 [mindspore/train/serialization.py:331] The type of Parameter#1072:BFloat16 in 'parameter_dict' is different from the type of it in 'net':Float32, then the type convert from BFloat16 to Float32 in the network. May consume additional memory and time
[WARNING] ME(253923:281473218048032,MainProcess):2026-09-11-21:21:19.456.000 [mindspore/train/serialization.py:331] The type of Parameter#977:BFloat16 in 'parameter_dict' is different from the type of it in 'net':Float32, then the type convert from BFloat16 to Float32 in the network. May consume additional memory and time
[WARNING] ME(253923:281473218048032,MainProcess):2026-09-11-21:21:19.534.000 [mindspore/train/serialization.py:331] The type of Parameter#868:BFloat16 in 'parameter_dict' is different from the type of it in 'net':Float32, then the type convert from BFloat16 to Float32 in the network. May consume additional memory and time
[WARNING] ME(253923:281473218048032,MainProcess):2026-09-11-21:21:19.535.000 [mindspore/train/serialization.py:331] The type of Parameter#915:BFloat16 in 'parameter_dict' is different from the type of it in 'net':Float32, then the type convert from BFloat16 to Float32 in the network. May consume additional memory and time
[WARNING] ME(253923:281473218048032,MainProcess):2026-09-11-21:21:19.535.000 [mindspore/train/serialization.py:331] The type of Parameter#1025:BFloat16 in 'parameter_dict' is different from the type of it in 'net':Float32, then the type convert from BFloat16 to Float32 in the network. May consume additional memory and time
[WARNING] ME(253923:281473218048032,MainProcess):2026-09-11-21:21:19.535.000 [mindspore/train/serialization.py:331] The type of Parameter#889:BFloat16 in 'parameter_dict' is different from the type of it in 'net':Float32, then the type convert from BFloat16 to Float32 in the network. May consume additional memory and time
[WARNING] ME(253923:281473218048032,MainProcess):2026-09-11-21:21:19.846.000 [mindspore/train/serialization.py:331] The type of Parameter#1039:BFloat16 in 'parameter_dict' is different from the type of it in 'net':Float32, then the type convert from BFloat16 to Float32 in the network. May consume additional memory and time
[WARNING] ME(253923:281473218048032,MainProcess):2026-09-11-21:21:20.300.0 [mindspore/train/serialization.py:331] The type of Parameter#852:BFloat16 in 'parameter_dict' is different from the type of it in 'net':Float32, then the type convert from BFloat16 to Float32 in the network. May consume additional memory and time
[WARNING] ME(253923:281473218048032,MainProcess):2026-09-11-21:21:20.300.0 [mindspore/train/serialization.py:331] The type of Parameter#1093:BFloat16 in 'parameter_dict' is different from the type of it in 'net':Float32, then the type convert from BFloat16 to Float32 in the network. May consume additional memory and time
[WARNING] ME(253923:281473218048032,MainProcess):2026-09-11-21:21:20.560.00 [mindspore/train/serialization.py:331] The type of Parameter#843:BFloat16 in 'parameter_dict' is different from the type of it in 'net':Float32, then the type convert from BFloat16 to Float32 in the network. May consume additional memory and time
[WARNING] ME(253923:281473218048032,MainProcess):2026-09-11-21:21:20.134.000 [mindspore/train/serialization.py:331] The type of Parameter#937:BFloat16 in 'parameter_dict' is different from the type of it in 'net':Float32, then the type convert from BFloat16 to Float32 in the network. May consume additional memory and time
[WARNING] ME(253923:281473218048032,MainProcess):2026-09-11-21:21:20.135.000 [mindspore/train/serialization.py:331] The type of Parameter#951:BFloat16 in 'parameter_dict' is different from the type of it in 'net':Float32, then the type convert from BFloat16 to Float32 in the network. May consume additional memory and time
[WARNING] ME(253923:281473218048032,MainProcess):2026-09-11-21:21:20.135.000 [mindspore/train/serialization.py:331] The type of Parameter#878:BFloat16 in 'parameter_dict' is different from the type of it in 'net':Float32, then the type convert from BFloat16 to Float32 in the network. May consume additional memory and time
[WARNING] ME(253923:281473218048032,MainProcess):2026-09-11-21:21:20.135.000 [mindspore/train/serialization.py:331] The type of Parameter#883:BFloat16 in 'parameter_dict' is different from the type of it in 'net':Float32, then the type convert from BFloat16 to Float32 in the network. May consume additional memory and time
[WARNING] ME(253923:281473218048032,MainProcess):2026-09-11-21:21:20.446.000 [mindspore/train/serialization.py:331] The type of Parameter#1073:BFloat16 in 'parameter_dict' is different from the type of it in 'net':Float32, then the type convert from BFloat16 to Float32 in the network. May consume additional memory and time
[WARNING] ME(253923:281473218048032,MainProcess):2026-09-11-21:21:20.601.000 [mindspore/train/serialization.py:331] The type of Parameter#804:BFloat16 in 'parameter_dict' is different from the type of it in 'net':Float32, then the type convert from BFloat16 to Float32 in the network. May consume additional memory and time
[WARNING] ME(253923:281473218048032,MainProcess):2026-09-11-21:21:20.602.000 [mindspore/train/serialization.py:331] The type of Parameter#1062:BFloat16 in 'parameter_dict' is different from the type of it in 'net':Float32, then the type convert from BFloat16 to Float32 in the network. May consume additional memory and time
[WARNING] ME(253923:281473218048032,MainProcess):2026-09-11-21:21:20.654.000 [mindspore/train/serialization.py:331] The type of Parameter#805:BFloat16 in 'parameter_dict' is different from the type of it in 'net':Float32, then the type convert from BFloat16 to Float32 in the network. May consume additional memory and time
[WARNING] ME(253923:281473218048032,MainProcess):2026-09-11-21:21:20.734.000 [mindspore/train/serialization.py:331] The type of Parameter#941:BFloat16 in 'parameter_dict' is different from the type of it in 'net':Float32, then the type convert from BFloat16 to Float32 in the network. May consume additional memory and time
[WARNING] ME(253923:281473218048032,MainProcess):2026-09-11-21:21:20.734.000 [mindspore/train/serialization.py:331] The type of Parameter#1047:BFloat16 in 'parameter_dict' is different from the type of it in 'net':Float32, then the type convert from BFloat16 to Float32 in the network. May consume additional memory and time
[WARNING] ME(253923:281473218048032,MainProcess):2026-09-11-21:21:20.734.000 [mindspore/train/serialization.py:331] The type of Parameter#855:BFloat16 in 'parameter_dict' is different from the type of it in 'net':Float32, then the type convert from BFloat16 to Float32 in the network. May consume additional memory and time
[WARNING] ME(253923:281473218048032,MainProcess):2026-09-11-21:21:20.735.000 [mindspore/train/serialization.py:331] The type of Parameter#1043:BFloat16 in 'parameter_dict' is different from the type of it in 'net':Float32, then the type convert from BFloat16 to Float32 in the network. May consume additional memory and time
[WARNING] ME(253923:281473218048032,MainProcess):2026-09-11-21:21:21.450.00 [mindspore/train/serialization.py:331] The type of Parameter#827:BFloat16 in 'parameter_dict' is different from the type of it in 'net':Float32, then the type convert from BFloat16 to Float32 in the network. May consume additional memory and time
[WARNING] ME(253923:281473218048032,MainProcess):2026-09-11-21:21:21.202.000 [mindspore/train/serialization.py:331] The type of Parameter#865:BFloat16 in 'parameter_dict' is different from the type of it in 'net':Float32, then the type convert from BFloat16 to Float32 in the network. May consume additional memory and time
[WARNING] ME(253923:281473218048032,MainProcess):2026-09-11-21:21:21.203.000 [mindspore/train/serialization.py:331] The type of Parameter#900:BFloat16 in 'parameter_dict' is different from the type of it in 'net':Float32, then the type convert from BFloat16 to Float32 in the network. May consume additional memory and time
[WARNING] ME(253923:281473218048032,MainProcess):2026-09-11-21:21:21.255.000 [mindspore/train/serialization.py:331] The type of Parameter#1085:BFloat16 in 'parameter_dict' is different from the type of it in 'net':Float32, then the type convert from BFloat16 to Float32 in the network. May consume additional memory and time
[WARNING] ME(253923:281473218048032,MainProcess):2026-09-11-21:21:21.334.000 [mindspore/train/serialization.py:331] The type of Parameter#875:BFloat16 in 'parameter_dict' is different from the type of it in 'net':Float32, then the type convert from BFloat16 to Float32 in the network. May consume additional memory and time
[WARNING] ME(253923:281473218048032,MainProcess):2026-09-11-21:21:21.334.000 [mindspore/train/serialization.py:331] The type of Parameter#1048:BFloat16 in 'parameter_dict' is different from the type of it in 'net':Float32, then the type convert from BFloat16 to Float32 in the network. May consume additional memory and time
[WARNING] ME(253923:281473218048032,MainProcess):2026-09-11-21:21:21.334.000 [mindspore/train/serialization.py:331] The type of Parameter#979:BFloat16 in 'parameter_dict' is different from the type of it in 'net':Float32, then the type convert from BFloat16 to Float32 in the network. May consume additional memory and time
[WARNING] ME(253923:281473218048032,MainProcess):2026-09-11-21:21:21.335.000 [mindspore/train/serialization.py:331] The type of Parameter#1033:BFloat16 in 'parameter_dict' is different from the type of it in 'net':Float32, then the type convert from BFloat16 to Float32 in the network. May consume additional memory and time
[WARNING] ME(253923:281473218048032,MainProcess):2026-09-11-21:21:21.646.000 [mindspore/train/serialization.py:331] The type of Parameter#1056:BFloat16 in 'parameter_dict' is different from the type of it in 'net':Float32, then the type convert from BFloat16 to Float32 in the network. May consume additional memory and time
[WARNING] ME(253923:281473218048032,MainProcess):2026-09-11-21:21:21.802.000 [mindspore/train/serialization.py:331] The type of Parameter#869:BFloat16 in 'parameter_dict' is different from the type of it in 'net':Float32, then the type convert from BFloat16 to Float32 in the network. May consume additional memory and time
[WARNING] ME(253923:281473218048032,MainProcess):2026-09-11-21:21:21.802.000 [mindspore/train/serialization.py:331] The type of Parameter#905:BFloat16 in 'parameter_dict' is different from the type of it in 'net':Float32, then the type convert from BFloat16 to Float32 in the network. May consume additional memory and time
[WARNING] ME(253923:281473218048032,MainProcess):2026-09-11-21:21:21.855.000 [mindspore/train/serialization.py:331] The type of Parameter#818:BFloat16 in 'parameter_dict' is different from the type of it in 'net':Float32, then the type convert from BFloat16 to Float32 in the network. May consume additional memory and time
[WARNING] ME(253923:281473218048032,MainProcess):2026-09-11-21:21:21.933.000 [mindspore/train/serialization.py:331] The type of Parameter#913:BFloat16 in 'parameter_dict' is different from the type of it in 'net':Float32, then the type convert from BFloat16 to Float32 in the network. May consume additional memory and time
[WARNING] ME(253923:281473218048032,MainProcess):2026-09-11-21:21:21.933.000 [mindspore/train/serialization.py:331] The type of Parameter#887:BFloat16 in 'parameter_dict' is different from the type of it in 'net':Float32, then the type convert from BFloat16 to Float32 in the network. May consume additional memory and time
[WARNING] ME(253923:281473218048032,MainProcess):2026-09-11-21:21:21.934.000 [mindspore/train/serialization.py:331] The type of Parameter#989:BFloat16 in 'parameter_dict' is different from the type of it in 'net':Float32, then the type convert from BFloat16 to Float32 in the network. May consume additional memory and time
[WARNING] ME(253923:281473218048032,MainProcess):2026-09-11-21:21:21.934.000 [mindspore/train/serialization.py:331] The type of Parameter#1011:BFloat16 in 'parameter_dict' is different from the type of it in 'net':Float32, then the type convert from BFloat16 to Float32 in the network. May consume additional memory and time
[WARNING] ME(253923:281473218048032,MainProcess):2026-09-11-21:21:22.246.000 [mindspore/train/serialization.py:331] The type of Parameter#1069:BFloat16 in 'parameter_dict' is different from the type of it in 'net':Float32, then the type convert from BFloat16 to Float32 in the network. May consume additional memory and time
[WARNING] ME(253923:281473218048032,MainProcess):2026-09-11-21:21:22.403.000 [mindspore/train/serialization.py:331] The type of Parameter#935:BFloat16 in 'parameter_dict' is different from the type of it in 'net':Float32, then the type convert from BFloat16 to Float32 in the network. May consume additional memory and time
[WARNING] ME(253923:281473218048032,MainProcess):2026-09-11-21:21:22.404.000 [mindspore/train/serialization.py:331] The type of Parameter#1040:BFloat16 in 'parameter_dict' is different from the type of it in 'net':Float32, then the type convert from BFloat16 to Float32 in the network. May consume additional memory and time
[WARNING] ME(253923:281473218048032,MainProcess):2026-09-11-21:21:22.456.000 [mindspore/train/serialization.py:331] The type of Parameter#1089:BFloat16 in 'parameter_dict' is different from the type of it in 'net':Float32, then the type convert from BFloat16 to Float32 in the network. May consume additional memory and time
[WARNING] ME(253923:281473218048032,MainProcess):2026-09-11-21:21:22.534.000 [mindspore/train/serialization.py:331] The type of Parameter#930:BFloat16 in 'parameter_dict' is different from the type of it in 'net':Float32, then the type convert from BFloat16 to Float32 in the network. May consume additional memory and time
[WARNING] ME(253923:281473218048032,MainProcess):2026-09-11-21:21:22.534.000 [mindspore/train/serialization.py:331] The type of Parameter#1003:BFloat16 in 'parameter_dict' is different from the type of it in 'net':Float32, then the type convert from BFloat16 to Float32 in the network. May consume additional memory and time
[WARNING] ME(253923:281473218048032,MainProcess):2026-09-11-21:21:22.535.000 [mindspore/train/serialization.py:331] The type of Parameter#957:BFloat16 in 'parameter_dict' is different from the type of it in 'net':Float32, then the type convert from BFloat16 to Float32 in the network. May consume additional memory and time
[WARNING] ME(253923:281473218048032,MainProcess):2026-09-11-21:21:22.535.000 [mindspore/train/serialization.py:331] The type of Parameter#1014:BFloat16 in 'parameter_dict' is different from the type of it in 'net':Float32, then the type convert from BFloat16 to Float32 in the network. May consume additional memory and time
[WARNING] ME(253923:281473218048032,MainProcess):2026-09-11-21:21:22.845.000 [mindspore/train/serialization.py:331] The type of Parameter#820:BFloat16 in 'parameter_dict' is different from the type of it in 'net':Float32, then the type convert from BFloat16 to Float32 in the network. May consume additional memory and time
[WARNING] ME(253923:281473218048032,MainProcess):2026-09-11-21:21:23.300.0 [mindspore/train/serialization.py:331] The type of Parameter#839:BFloat16 in 'parameter_dict' is different from the type of it in 'net':Float32, then the type convert from BFloat16 to Float32 in the network. May consume additional memory and time
[WARNING] ME(253923:281473218048032,MainProcess):2026-09-11-21:21:23.300.0 [mindspore/train/serialization.py:331] The type of Parameter#973:BFloat16 in 'parameter_dict' is different from the type of it in 'net':Float32, then the type convert from BFloat16 to Float32 in the network. May consume additional memory and time
[WARNING] ME(253923:281473218048032,MainProcess):2026-09-11-21:21:23.560.00 [mindspore/train/serialization.py:331] The type of Parameter#876:BFloat16 in 'parameter_dict' is different from the type of it in 'net':Float32, then the type convert from BFloat16 to Float32 in the network. May consume additional memory and time
[WARNING] ME(253923:281473218048032,MainProcess):2026-09-11-21:21:23.135.000 [mindspore/train/serialization.py:331] The type of Parameter#848:BFloat16 in 'parameter_dict' is different from the type of it in 'net':Float32, then the type convert from BFloat16 to Float32 in the network. May consume additional memory and time
[WARNING] ME(253923:281473218048032,MainProcess):2026-09-11-21:21:23.135.000 [mindspore/train/serialization.py:331] The type of Parameter#1020:BFloat16 in 'parameter_dict' is different from the type of it in 'net':Float32, then the type convert from BFloat16 to Float32 in the network. May consume additional memory and time
[WARNING] ME(253923:281473218048032,MainProcess):2026-09-11-21:21:23.136.000 [mindspore/train/serialization.py:331] The type of Parameter#862:BFloat16 in 'parameter_dict' is different from the type of it in 'net':Float32, then the type convert from BFloat16 to Float32 in the network. May consume additional memory and time
[WARNING] ME(253923:281473218048032,MainProcess):2026-09-11-21:21:23.136.000 [mindspore/train/serialization.py:331] The type of Parameter#832:BFloat16 in 'parameter_dict' is different from the type of it in 'net':Float32, then the type convert from BFloat16 to Float32 in the network. May consume additional memory and time
[WARNING] ME(253923:281473218048032,MainProcess):2026-09-11-21:21:23.446.000 [mindspore/train/serialization.py:331] The type of Parameter#924:BFloat16 in 'parameter_dict' is different from the type of it in 'net':Float32, then the type convert from BFloat16 to Float32 in the network. May consume additional memory and time
[WARNING] ME(253923:281473218048032,MainProcess):2026-09-11-21:21:23.603.000 [mindspore/train/serialization.py:331] The type of Parameter#814:BFloat16 in 'parameter_dict' is different from the type of it in 'net':Float32, then the type convert from BFloat16 to Float32 in the network. May consume additional memory and time
[WARNING] ME(253923:281473218048032,MainProcess):2026-09-11-21:21:23.603.000 [mindspore/train/serialization.py:331] The type of Parameter#877:BFloat16 in 'parameter_dict' is different from the type of it in 'net':Float32, then the type convert from BFloat16 to Float32 in the network. May consume additional memory and time
[WARNING] ME(253923:281473218048032,MainProcess):2026-09-11-21:21:23.656.000 [mindspore/train/serialization.py:331] The type of Parameter#1032:BFloat16 in 'parameter_dict' is different from the type of it in 'net':Float32, then the type convert from BFloat16 to Float32 in the network. May consume additional memory and time
[WARNING] ME(253923:281473218048032,MainProcess):2026-09-11-21:21:23.735.000 [mindspore/train/serialization.py:331] The type of Parameter#825:BFloat16 in 'parameter_dict' is different from the type of it in 'net':Float32, then the type convert from BFloat16 to Float32 in the network. May consume additional memory and time
[WARNING] ME(253923:281473218048032,MainProcess):2026-09-11-21:21:23.735.000 [mindspore/train/serialization.py:331] The type of Parameter#918:BFloat16 in 'parameter_dict' is different from the type of it in 'net':Float32, then the type convert from BFloat16 to Float32 in the network. May consume additional memory and time
[WARNING] ME(253923:281473218048032,MainProcess):2026-09-11-21:21:23.736.000 [mindspore/train/serialization.py:331] The type of Parameter#1076:BFloat16 in 'parameter_dict' is different from the type of it in 'net':Float32, then the type convert from BFloat16 to Float32 in the network. May consume additional memory and time
[WARNING] ME(253923:281473218048032,MainProcess):2026-09-11-21:21:23.736.000 [mindspore/train/serialization.py:331] The type of Parameter#840:BFloat16 in 'parameter_dict' is different from the type of it in 'net':Float32, then the type convert from BFloat16 to Float32 in the network. May consume additional memory and time
[WARNING] ME(253923:281473218048032,MainProcess):2026-09-11-21:21:24.460.00 [mindspore/train/serialization.py:331] The type of Parameter#1026:BFloat16 in 'parameter_dict' is different from the type of it in 'net':Float32, then the type convert from BFloat16 to Float32 in the network. May consume additional memory and time
[WARNING] ME(253923:281473218048032,MainProcess):2026-09-11-21:21:24.201.000 [mindspore/train/serialization.py:331] The type of Parameter#1052:BFloat16 in 'parameter_dict' is different from the type of it in 'net':Float32, then the type convert from BFloat16 to Float32 in the network. May consume additional memory and time
[WARNING] ME(253923:281473218048032,MainProcess):2026-09-11-21:21:24.202.000 [mindspore/train/serialization.py:331] The type of Parameter#1086:BFloat16 in 'parameter_dict' is different from the type of it in 'net':Float32, then the type convert from BFloat16 to Float32 in the network. May consume additional memory and time
[WARNING] ME(253923:281473218048032,MainProcess):2026-09-11-21:21:24.254.000 [mindspore/train/serialization.py:331] The type of Parameter#1036:BFloat16 in 'parameter_dict' is different from the type of it in 'net':Float32, then the type convert from BFloat16 to Float32 in the network. May consume additional memory and time
[WARNING] ME(253923:281473218048032,MainProcess):2026-09-11-21:21:24.332.000 [mindspore/train/serialization.py:331] The type of Parameter#920:BFloat16 in 'parameter_dict' is different from the type of it in 'net':Float32, then the type convert from BFloat16 to Float32 in the network. May consume additional memory and time
[WARNING] ME(253923:281473218048032,MainProcess):2026-09-11-21:21:24.332.000 [mindspore/train/serialization.py:331] The type of Parameter#945:BFloat16 in 'parameter_dict' is different from the type of it in 'net':Float32, then the type convert from BFloat16 to Float32 in the network. May consume additional memory and time
[WARNING] ME(253923:281473218048032,MainProcess):2026-09-11-21:21:24.333.000 [mindspore/train/serialization.py:331] The type of Parameter#803:BFloat16 in 'parameter_dict' is different from the type of it in 'net':Float32, then the type convert from BFloat16 to Float32 in the network. May consume additional memory and time
[WARNING] ME(253923:281473218048032,MainProcess):2026-09-11-21:21:24.333.000 [mindspore/train/serialization.py:331] The type of Parameter#925:BFloat16 in 'parameter_dict' is different from the type of it in 'net':Float32, then the type convert from BFloat16 to Float32 in the network. May consume additional memory and time
[WARNING] ME(253923:281473218048032,MainProcess):2026-09-11-21:21:24.645.000 [mindspore/train/serialization.py:331] The type of Parameter#863:BFloat16 in 'parameter_dict' is different from the type of it in 'net':Float32, then the type convert from BFloat16 to Float32 in the network. May consume additional memory and time
[WARNING] ME(253923:281473218048032,MainProcess):2026-09-11-21:21:24.803.000 [mindspore/train/serialization.py:331] The type of Parameter#967:BFloat16 in 'parameter_dict' is different from the type of it in 'net':Float32, then the type convert from BFloat16 to Float32 in the network. May consume additional memory and time
[WARNING] ME(253923:281473218048032,MainProcess):2026-09-11-21:21:24.803.000 [mindspore/train/serialization.py:331] The type of Parameter#946:BFloat16 in 'parameter_dict' is different from the type of it in 'net':Float32, then the type convert from BFloat16 to Float32 in the network. May consume additional memory and time
[WARNING] ME(253923:281473218048032,MainProcess):2026-09-11-21:21:24.856.000 [mindspore/train/serialization.py:331] The type of Parameter#845:BFloat16 in 'parameter_dict' is different from the type of it in 'net':Float32, then the type convert from BFloat16 to Float32 in the network. May consume additional memory and time
[WARNING] ME(253923:281473218048032,MainProcess):2026-09-11-21:21:24.934.000 [mindspore/train/serialization.py:331] The type of Parameter#836:BFloat16 in 'parameter_dict' is different from the type of it in 'net':Float32, then the type convert from BFloat16 to Float32 in the network. May consume additional memory and time
[WARNING] ME(253923:281473218048032,MainProcess):2026-09-11-21:21:24.934.000 [mindspore/train/serialization.py:331] The type of Parameter#1019:BFloat16 in 'parameter_dict' is different from the type of it in 'net':Float32, then the type convert from BFloat16 to Float32 in the network. May consume additional memory and time
[WARNING] ME(253923:281473218048032,MainProcess):2026-09-11-21:21:24.935.000 [mindspore/train/serialization.py:331] The type of Parameter#943:BFloat16 in 'parameter_dict' is different from the type of it in 'net':Float32, then the type convert from BFloat16 to Float32 in the network. May consume additional memory and time
[WARNING] ME(253923:281473218048032,MainProcess):2026-09-11-21:21:24.935.000 [mindspore/train/serialization.py:331] The type of Parameter#1046:BFloat16 in 'parameter_dict' is different from the type of it in 'net':Float32, then the type convert from BFloat16 to Float32 in the network. May consume additional memory and time
[WARNING] ME(253923:281473218048032,MainProcess):2026-09-11-21:21:25.245.000 [mindspore/train/serialization.py:331] The type of Parameter#934:BFloat16 in 'parameter_dict' is different from the type of it in 'net':Float32, then the type convert from BFloat16 to Float32 in the network. May consume additional memory and time
[WARNING] ME(253923:281473218048032,MainProcess):2026-09-11-21:21:25.400.000 [mindspore/train/serialization.py:331] The type of Parameter#1057:BFloat16 in 'parameter_dict' is different from the type of it in 'net':Float32, then the type convert from BFloat16 to Float32 in the network. May consume additional memory and time
[WARNING] ME(253923:281473218048032,MainProcess):2026-09-11-21:21:25.401.000 [mindspore/train/serialization.py:331] The type of Parameter#859:BFloat16 in 'parameter_dict' is different from the type of it in 'net':Float32, then the type convert from BFloat16 to Float32 in the network. May consume additional memory and time
[WARNING] ME(253923:281473218048032,MainProcess):2026-09-11-21:21:25.453.000 [mindspore/train/serialization.py:331] The type of Parameter#999:BFloat16 in 'parameter_dict' is different from the type of it in 'net':Float32, then the type convert from BFloat16 to Float32 in the network. May consume additional memory and time
[WARNING] ME(253923:281473218048032,MainProcess):2026-09-11-21:21:25.532.000 [mindspore/train/serialization.py:331] The type of Parameter#866:BFloat16 in 'parameter_dict' is different from the type of it in 'net':Float32, then the type convert from BFloat16 to Float32 in the network. May consume additional memory and time
[WARNING] ME(253923:281473218048032,MainProcess):2026-09-11-21:21:25.532.000 [mindspore/train/serialization.py:331] The type of Parameter#963:BFloat16 in 'parameter_dict' is different from the type of it in 'net':Float32, then the type convert from BFloat16 to Float32 in the network. May consume additional memory and time
[WARNING] ME(253923:281473218048032,MainProcess):2026-09-11-21:21:25.533.000 [mindspore/train/serialization.py:331] The type of Parameter#847:BFloat16 in 'parameter_dict' is different from the type of it in 'net':Float32, then the type convert from BFloat16 to Float32 in the network. May consume additional memory and time
[WARNING] ME(253923:281473218048032,MainProcess):2026-09-11-21:21:25.533.000 [mindspore/train/serialization.py:331] The type of Parameter#1006:BFloat16 in 'parameter_dict' is different from the type of it in 'net':Float32, then the type convert from BFloat16 to Float32 in the network. May consume additional memory and time
[WARNING] ME(253923:281473218048032,MainProcess):2026-09-11-21:21:25.845.000 [mindspore/train/serialization.py:331] The type of Parameter#952:BFloat16 in 'parameter_dict' is different from the type of it in 'net':Float32, then the type convert from BFloat16 to Float32 in the network. May consume additional memory and time
[WARNING] ME(253923:281473218048032,MainProcess):2026-09-11-21:21:26.100.0 [mindspore/train/serialization.py:331] The type of Parameter#901:BFloat16 in 'parameter_dict' is different from the type of it in 'net':Float32, then the type convert from BFloat16 to Float32 in the network. May consume additional memory and time
[WARNING] ME(253923:281473218048032,MainProcess):2026-09-11-21:21:26.100.0 [mindspore/train/serialization.py:331] The type of Parameter#1077:BFloat16 in 'parameter_dict' is different from the type of it in 'net':Float32, then the type convert from BFloat16 to Float32 in the network. May consume additional memory and time
100.0%|████████████████████████████████████████|[00:00:03<00:00:00]
2026-09-11 21:21:27,923 - mindformers/models/npu_nvme_exp/user7-stack/qwen3-v13-source-002/training/log[mindformers/utils/load_checkpoint_utils.py:437] - INFO - load checkpoint unified: /models/npu_nvme_exp/user7-stack/qwen3-v13-source-002/training/qwen3_ms_converted_weight
2026-09-11 21:21:27,925 - mindformers/models/npu_nvme_exp/user7-stack/qwen3-v13-source-002/training/log[mindformers/trainer/base_trainer.py:1442] - INFO - .........Model Compiling, Please Wait a Moment...........
2026-09-11 21:21:27,925 - mindformers/models/npu_nvme_exp/user7-stack/qwen3-v13-source-002/training/log[mindformers/trainer/base_trainer.py:1444] - INFO - .........train network delay initialize..........
2026-09-11 21:21:27,940 - mindformers/models/npu_nvme_exp/user7-stack/qwen3-v13-source-002/training/log[mindformers/trainer/base_trainer.py:1447] - INFO - .........optimizer delay initialize..........
2026-09-11 21:21:28,126 - mindformers/models/npu_nvme_exp/user7-stack/qwen3-v13-source-002/training/log[mindformers/trainer/base_trainer.py:1449] - INFO - .........Starting Training Model..........
[WARNING] ME(253923:281473218048032,MainProcess):2026-09-11-21:21:28.127.000 [mindspore/train/model.py:1383] For CheckpointMonitor callback, {'end', 'step_end'} methods may not be supported in later version, Use methods prefixed with 'on_train' or 'on_eval' instead when using customized callbacks.
.2026-09-11 21:21:53,814 - mindformers/models/npu_nvme_exp/user7-stack/qwen3-v13-source-002/training/log[mindformers/core/callback/callback.py:470] - INFO - Full model flops is 1482065707008, Shard model flops is 1460322435072.
2026-09-11 21:21:53,815 - mindformers/models/npu_nvme_exp/user7-stack/qwen3-v13-source-002/training/log[mindformers/core/callback/callback.py:544] - INFO - { Epoch:[  1/  1], step:[    1/   11], loss: 0.760953, per_step_time: 25193ms, lr: 1e-06, overflow cond: False, loss_scale: 1.0, global_norm: [16.585358], train_throughput_per_npu: 0.015T
2026-09-11 21:21:53,817 - mindformers/models/npu_nvme_exp/user7-stack/qwen3-v13-source-002/training/log[mindformers/core/callback/callback.py:560] - INFO -    9.1% |████                                              | 0.00992 samples/s/p  0:04:11 }
QWEN_TRAIN_STEP rank=3 step=1 loss=0.76095259
2026-09-11 21:21:56,451 - mindformers/models/npu_nvme_exp/user7-stack/qwen3-v13-source-002/training/log[mindformers/core/callback/callback.py:544] - INFO - { Epoch:[  1/  1], step:[    2/   11], loss: 0.749205, per_step_time: 2035ms, lr: 1e-06, overflow cond: False, loss_scale: 1.0, global_norm: [16.451426], train_throughput_per_npu: 0.182T
2026-09-11 21:21:56,457 - mindformers/models/npu_nvme_exp/user7-stack/qwen3-v13-source-002/training/log[mindformers/core/callback/callback.py:560] - INFO -   18.2% |█████████                                         | 0.12282 samples/s/p  0:00:18 }
QWEN_TRAIN_STEP rank=3 step=2 loss=0.74920458
2026-09-11 21:21:57,054 - mindformers/models/npu_nvme_exp/user7-stack/qwen3-v13-source-002/training/log[mindformers/core/callback/callback.py:544] - INFO - { Epoch:[  1/  1], step:[    3/   11], loss: 0.726853, per_step_time: 580ms, lr: 1e-06, overflow cond: False, loss_scale: 1.0, global_norm: [16.138592], train_throughput_per_npu: 0.638T
2026-09-11 21:21:57,055 - mindformers/models/npu_nvme_exp/user7-stack/qwen3-v13-source-002/training/log[mindformers/core/callback/callback.py:560] - INFO -   27.3% |█████████████                                     | 0.43060 samples/s/p  0:00:04 }
QWEN_TRAIN_STEP rank=3 step=3 loss=0.72685301
2026-09-11 21:21:57,687 - mindformers/models/npu_nvme_exp/user7-stack/qwen3-v13-source-002/training/log[mindformers/core/callback/callback.py:544] - INFO - { Epoch:[  1/  1], step:[    4/   11], loss: 0.717433, per_step_time: 624ms, lr: 1e-06, overflow cond: False, loss_scale: 1.0, global_norm: [15.891543], train_throughput_per_npu: 0.593T
2026-09-11 21:21:57,689 - mindformers/models/npu_nvme_exp/user7-stack/qwen3-v13-source-002/training/log[mindformers/core/callback/callback.py:560] - INFO -   36.4% |██████████████████                                | 0.40006 samples/s/p  0:00:04 }
QWEN_TRAIN_STEP rank=3 step=4 loss=0.71743274
2026-09-11 21:21:58,290 - mindformers/models/npu_nvme_exp/user7-stack/qwen3-v13-source-002/training/log[mindformers/core/callback/callback.py:544] - INFO - { Epoch:[  1/  1], step:[    5/   11], loss: 0.633773, per_step_time: 593ms, lr: 1e-06, overflow cond: False, loss_scale: 1.0, global_norm: [14.002733], train_throughput_per_npu: 0.624T
2026-09-11 21:21:58,291 - mindformers/models/npu_nvme_exp/user7-stack/qwen3-v13-source-002/training/log[mindformers/core/callback/callback.py:560] - INFO -   45.5% |██████████████████████                            | 0.42115 samples/s/p  0:00:03 }
QWEN_TRAIN_STEP rank=3 step=5 loss=0.63377267
2026-09-11 21:21:58,884 - mindformers/models/npu_nvme_exp/user7-stack/qwen3-v13-source-002/training/log[mindformers/core/callback/callback.py:544] - INFO - { Epoch:[  1/  1], step:[    6/   11], loss: 0.629069, per_step_time: 585ms, lr: 1e-06, overflow cond: False, loss_scale: 1.0, global_norm: [13.973028], train_throughput_per_npu: 0.633T
2026-09-11 21:21:58,885 - mindformers/models/npu_nvme_exp/user7-stack/qwen3-v13-source-002/training/log[mindformers/core/callback/callback.py:560] - INFO -   54.5% |███████████████████████████                       | 0.42683 samples/s/p  0:00:02 }
QWEN_TRAIN_STEP rank=3 step=6 loss=0.62906867
2026-09-11 21:21:59,492 - mindformers/models/npu_nvme_exp/user7-stack/qwen3-v13-source-002/training/log[mindformers/core/callback/callback.py:544] - INFO - { Epoch:[  1/  1], step:[    7/   11], loss: 0.607278, per_step_time: 598ms, lr: 1e-06, overflow cond: False, loss_scale: 1.0, global_norm: [13.418738], train_throughput_per_npu: 0.619T
2026-09-11 21:21:59,493 - mindformers/models/npu_nvme_exp/user7-stack/qwen3-v13-source-002/training/log[mindformers/core/callback/callback.py:560] - INFO -   63.6% |███████████████████████████████                   | 0.41789 samples/s/p  0:00:02 }
QWEN_TRAIN_STEP rank=3 step=7 loss=0.60727799
2026-09-11 21:22:00,084 - mindformers/models/npu_nvme_exp/user7-stack/qwen3-v13-source-002/training/log[mindformers/core/callback/callback.py:544] - INFO - { Epoch:[  1/  1], step:[    8/   11], loss: 0.601853, per_step_time: 583ms, lr: 1e-06, overflow cond: False, loss_scale: 1.0, global_norm: [13.148215], train_throughput_per_npu: 0.635T
2026-09-11 21:22:00,085 - mindformers/models/npu_nvme_exp/user7-stack/qwen3-v13-source-002/training/log[mindformers/core/callback/callback.py:560] - INFO -   72.7% |████████████████████████████████████              | 0.42860 samples/s/p  0:00:01 }
2026-09-11 21:22:00,086 - mindformers/models/npu_nvme_exp/user7-stack/qwen3-v13-source-002/training/log[mindformers/core/callback/callback.py:1435] - INFO - ......Saving ckpt......
2026-09-11 21:22:00,086 - mindformers/models/npu_nvme_exp/user7-stack/qwen3-v13-source-002/training/log[mindformers/core/callback/callback.py:1494] - INFO - global_batch_size: 1
2026-09-11 21:22:00,086 - mindformers/models/npu_nvme_exp/user7-stack/qwen3-v13-source-002/training/log[mindformers/core/callback/callback.py:1495] - INFO - epoch_num: 8
2026-09-11 21:22:00,086 - mindformers/models/npu_nvme_exp/user7-stack/qwen3-v13-source-002/training/log[mindformers/core/callback/callback.py:1496] - INFO - step_num: 8
2026-09-11 21:22:00,087 - mindformers/models/npu_nvme_exp/user7-stack/qwen3-v13-source-002/training/log[mindformers/core/callback/callback.py:1497] - INFO - global_step: 8
2026-09-11 21:22:23,855 - mindformers/models/npu_nvme_exp/user7-stack/qwen3-v13-source-002/training/log[mindformers/core/callback/callback.py:1350] - INFO - Finish saving ckpt of epoch 8 step 1 using 23.583 seconds
[WARNING] ME(253923:281473218048032,MainProcess):2026-09-11-21:22:23.856.000 [mindspore/hal/stream.py:247] WARN_DEPRECATED: The usage of mindspore.hal.synchronize() is deprecated. Please use mindspore.runtime.synchronize()
QWEN_TRAIN_STEP rank=3 step=8 loss=0.60185337
2026-09-11 21:22:52,022 - mindformers/models/npu_nvme_exp/user7-stack/qwen3-v13-source-002/training/log[mindformers/core/callback/callback.py:544] - INFO - { Epoch:[  1/  1], step:[    9/   11], loss: 0.446992, per_step_time: 3555ms, lr: 1e-06, overflow cond: False, loss_scale: 1.0, global_norm: [9.610822], train_throughput_per_npu: 0.104T
2026-09-11 21:22:52,024 - mindformers/models/npu_nvme_exp/user7-stack/qwen3-v13-source-002/training/log[mindformers/core/callback/callback.py:560] - INFO -   81.8% |████████████████████████████████████████          | 0.07031 samples/s/p  0:00:07 }
QWEN_TRAIN_STEP rank=3 step=9 loss=0.44699237
2026-09-11 21:22:52,825 - mindformers/models/npu_nvme_exp/user7-stack/qwen3-v13-source-002/training/log[mindformers/core/callback/callback.py:544] - INFO - { Epoch:[  1/  1], step:[   10/   11], loss: 0.436722, per_step_time: 793ms, lr: 1e-06, overflow cond: False, loss_scale: 1.0, global_norm: [9.395354], train_throughput_per_npu: 0.467T
2026-09-11 21:22:52,826 - mindformers/models/npu_nvme_exp/user7-stack/qwen3-v13-source-002/training/log[mindformers/core/callback/callback.py:560] - INFO -   90.9% |█████████████████████████████████████████████     | 0.31514 samples/s/p  0:00:00 }
QWEN_TRAIN_STEP rank=3 step=10 loss=0.43672162
2026-09-11 21:22:53,722 - mindformers/models/npu_nvme_exp/user7-stack/qwen3-v13-source-002/training/log[mindformers/core/callback/callback.py:544] - INFO - { Epoch:[  1/  1], step:[   11/   11], loss: 0.425019, per_step_time: 888ms, lr: 1e-06, overflow cond: False, loss_scale: 1.0, global_norm: [9.289402], train_throughput_per_npu: 0.417T
2026-09-11 21:22:53,723 - mindformers/models/npu_nvme_exp/user7-stack/qwen3-v13-source-002/training/log[mindformers/core/callback/callback.py:560] - INFO -   100.0% |██████████████████████████████████████████████████| 0.28129 samples/s/p  0:00:00 }
QWEN_TRAIN_STEP rank=3 step=11 loss=0.42501888
2026-09-11 21:23:18,085 - mindformers/models/npu_nvme_exp/user7-stack/qwen3-v13-source-002/training/log[mindformers/core/callback/callback.py:1435] - INFO - ......Saving ckpt......
2026-09-11 21:23:18,085 - mindformers/models/npu_nvme_exp/user7-stack/qwen3-v13-source-002/training/log[mindformers/core/callback/callback.py:1494] - INFO - global_batch_size: 1
2026-09-11 21:23:18,086 - mindformers/models/npu_nvme_exp/user7-stack/qwen3-v13-source-002/training/log[mindformers/core/callback/callback.py:1495] - INFO - epoch_num: 11
2026-09-11 21:23:18,086 - mindformers/models/npu_nvme_exp/user7-stack/qwen3-v13-source-002/training/log[mindformers/core/callback/callback.py:1496] - INFO - step_num: 11
2026-09-11 21:23:18,086 - mindformers/models/npu_nvme_exp/user7-stack/qwen3-v13-source-002/training/log[mindformers/core/callback/callback.py:1497] - INFO - global_step: 11
2026-09-11 21:23:42,883 - mindformers/models/npu_nvme_exp/user7-stack/qwen3-v13-source-002/training/log[mindformers/core/callback/callback.py:1350] - INFO - Finish saving ckpt of epoch 11 step 1 using 24.592 seconds
2026-09-11 21:23:42,884 - mindformers/models/npu_nvme_exp/user7-stack/qwen3-v13-source-002/training/log[mindformers/trainer/base_trainer.py:1458] - INFO - .........Training Over!.............
