Device_id,Component,Timestamp(us),Total Reserved(KB),Device
2,SLOG,1788521715717609.010	,0,NPU:2
2,SLOG,1788521715817507.110	,0,NPU:2
2,SLOG,1788521715917521.690	,0,NPU:2
2,SLOG,1788521716017500.850	,0,NPU:2
2,SLOG,1788521716117496.720	,0,NPU:2
2,SLOG,1788521716217498.410	,0,NPU:2
2,SLOG,1788521716317498.850	,0,NPU:2
2,SLOG,1788521716417493.750	,0,NPU:2
2,SLOG,1788521716517491.820	,0,NPU:2
2,SLOG,1788521716617496.280	,0,NPU:2
2,SLOG,1788521716717508.190	,0,NPU:2
2,SLOG,1788521716817485.940	,0,NPU:2
2,SLOG,1788521716917484.470	,0,NPU:2
2,SLOG,1788521717017488.270	,0,NPU:2
2,SLOG,1788521717117483.220	,0,NPU:2
2,SLOG,1788521717217482.040	,0,NPU:2
2,SLOG,1788521717317480.430	,0,NPU:2
2,SLOG,1788521717417480.690	,0,NPU:2
2,SLOG,1788521717517484.320	,0,NPU:2
2,SLOG,1788521717617581.330	,0,NPU:2
2,SLOG,1788521717717577.480	,0,NPU:2
2,SLOG,1788521717817570.050	,0,NPU:2
2,SLOG,1788521717917581.300	,0,NPU:2
2,SLOG,1788521718017595.830	,0,NPU:2
2,SLOG,1788521718117588.260	,0,NPU:2
2,SLOG,1788521718217553.620	,0,NPU:2
2,SLOG,1788521718317545.820	,0,NPU:2
2,SLOG,1788521718417544.850	,0,NPU:2
2,SLOG,1788521718517552.880	,0,NPU:2
2,SLOG,1788521718617566.570	,0,NPU:2
2,SLOG,1788521718717534.440	,0,NPU:2
2,SLOG,1788521718817557.590	,0,NPU:2
2,SLOG,1788521718917546.040	,0,NPU:2
2,SLOG,1788521719017598.920	,0,NPU:2
2,SLOG,1788521719117573.930	,0,NPU:2
2,SLOG,1788521719217574.890	,0,NPU:2
2,SLOG,1788521719317576.240	,0,NPU:2
2,SLOG,1788521719417575.730	,0,NPU:2
2,SLOG,1788521719517600.860	,0,NPU:2
2,SLOG,1788521719617577.360	,0,NPU:2
2,SLOG,1788521719717571.140	,0,NPU:2
2,SLOG,1788521719817533.560	,0,NPU:2
2,SLOG,1788521719917547.890	,0,NPU:2
2,SLOG,1788521720017528.120	,0,NPU:2
2,SLOG,1788521720117533.380	,0,NPU:2
2,SLOG,1788521720217524.250	,0,NPU:2
2,SLOG,1788521720317532.500	,0,NPU:2
2,SLOG,1788521720417554.440	,0,NPU:2
2,SLOG,1788521720517549.870	,0,NPU:2
2,SLOG,1788521720579916.380	,0,NPU:2
2,IDEDD,1788521715717609.010	,0,NPU:2
2,IDEDD,1788521715817507.110	,0,NPU:2
2,IDEDD,1788521715917521.690	,0,NPU:2
2,IDEDD,1788521716017500.850	,0,NPU:2
2,IDEDD,1788521716117496.720	,0,NPU:2
2,IDEDD,1788521716217498.410	,0,NPU:2
2,IDEDD,1788521716317498.850	,0,NPU:2
2,IDEDD,1788521716417493.750	,0,NPU:2
2,IDEDD,1788521716517491.820	,0,NPU:2
2,IDEDD,1788521716617496.280	,0,NPU:2
2,IDEDD,1788521716717508.190	,0,NPU:2
2,IDEDD,1788521716817485.940	,0,NPU:2
2,IDEDD,1788521716917484.470	,0,NPU:2
2,IDEDD,1788521717017488.270	,0,NPU:2
2,IDEDD,1788521717117483.220	,0,NPU:2
2,IDEDD,1788521717217482.040	,0,NPU:2
2,IDEDD,1788521717317480.430	,0,NPU:2
2,IDEDD,1788521717417480.690	,0,NPU:2
2,IDEDD,1788521717517484.320	,0,NPU:2
2,IDEDD,1788521717617581.330	,0,NPU:2
2,IDEDD,1788521717717577.480	,0,NPU:2
2,IDEDD,1788521717817570.050	,0,NPU:2
2,IDEDD,1788521717917581.300	,0,NPU:2
2,IDEDD,1788521718017595.830	,0,NPU:2
2,IDEDD,1788521718117588.260	,0,NPU:2
2,IDEDD,1788521718217553.620	,0,NPU:2
2,IDEDD,1788521718317545.820	,0,NPU:2
2,IDEDD,1788521718417544.850	,0,NPU:2
2,IDEDD,1788521718517552.880	,0,NPU:2
2,IDEDD,1788521718617566.570	,0,NPU:2
2,IDEDD,1788521718717534.440	,0,NPU:2
2,IDEDD,1788521718817557.590	,0,NPU:2
2,IDEDD,1788521718917546.040	,0,NPU:2
2,IDEDD,1788521719017598.920	,0,NPU:2
2,IDEDD,1788521719117573.930	,0,NPU:2
2,IDEDD,1788521719217574.890	,0,NPU:2
2,IDEDD,1788521719317576.240	,0,NPU:2
2,IDEDD,1788521719417575.730	,0,NPU:2
2,IDEDD,1788521719517600.860	,0,NPU:2
2,IDEDD,1788521719617577.360	,0,NPU:2
2,IDEDD,1788521719717571.140	,0,NPU:2
2,IDEDD,1788521719817533.560	,0,NPU:2
2,IDEDD,1788521719917547.890	,0,NPU:2
2,IDEDD,1788521720017528.120	,0,NPU:2
2,IDEDD,1788521720117533.380	,0,NPU:2
2,IDEDD,1788521720217524.250	,0,NPU:2
2,IDEDD,1788521720317532.500	,0,NPU:2
2,IDEDD,1788521720417554.440	,0,NPU:2
2,IDEDD,1788521720517549.870	,0,NPU:2
2,IDEDD,1788521720579916.380	,0,NPU:2
2,IDEDH,1788521715717609.010	,0,NPU:2
2,IDEDH,1788521715817507.110	,0,NPU:2
2,IDEDH,1788521715917521.690	,0,NPU:2
2,IDEDH,1788521716017500.850	,0,NPU:2
2,IDEDH,1788521716117496.720	,0,NPU:2
2,IDEDH,1788521716217498.410	,0,NPU:2
2,IDEDH,1788521716317498.850	,0,NPU:2
2,IDEDH,1788521716417493.750	,0,NPU:2
2,IDEDH,1788521716517491.820	,0,NPU:2
2,IDEDH,1788521716617496.280	,0,NPU:2
2,IDEDH,1788521716717508.190	,0,NPU:2
2,IDEDH,1788521716817485.940	,0,NPU:2
2,IDEDH,1788521716917484.470	,0,NPU:2
2,IDEDH,1788521717017488.270	,0,NPU:2
2,IDEDH,1788521717117483.220	,0,NPU:2
2,IDEDH,1788521717217482.040	,0,NPU:2
2,IDEDH,1788521717317480.430	,0,NPU:2
2,IDEDH,1788521717417480.690	,0,NPU:2
2,IDEDH,1788521717517484.320	,0,NPU:2
2,IDEDH,1788521717617581.330	,0,NPU:2
2,IDEDH,1788521717717577.480	,0,NPU:2
2,IDEDH,1788521717817570.050	,0,NPU:2
2,IDEDH,1788521717917581.300	,0,NPU:2
2,IDEDH,1788521718017595.830	,0,NPU:2
2,IDEDH,1788521718117588.260	,0,NPU:2
2,IDEDH,1788521718217553.620	,0,NPU:2
2,IDEDH,1788521718317545.820	,0,NPU:2
2,IDEDH,1788521718417544.850	,0,NPU:2
2,IDEDH,1788521718517552.880	,0,NPU:2
2,IDEDH,1788521718617566.570	,0,NPU:2
2,IDEDH,1788521718717534.440	,0,NPU:2
2,IDEDH,1788521718817557.590	,0,NPU:2
2,IDEDH,1788521718917546.040	,0,NPU:2
2,IDEDH,1788521719017598.920	,0,NPU:2
2,IDEDH,1788521719117573.930	,0,NPU:2
2,IDEDH,1788521719217574.890	,0,NPU:2
2,IDEDH,1788521719317576.240	,0,NPU:2
2,IDEDH,1788521719417575.730	,0,NPU:2
2,IDEDH,1788521719517600.860	,0,NPU:2
2,IDEDH,1788521719617577.360	,0,NPU:2
2,IDEDH,1788521719717571.140	,0,NPU:2
2,IDEDH,1788521719817533.560	,0,NPU:2
2,IDEDH,1788521719917547.890	,0,NPU:2
2,IDEDH,1788521720017528.120	,0,NPU:2
2,IDEDH,1788521720117533.380	,0,NPU:2
2,IDEDH,1788521720217524.250	,0,NPU:2
2,IDEDH,1788521720317532.500	,0,NPU:2
2,IDEDH,1788521720417554.440	,0,NPU:2
2,IDEDH,1788521720517549.870	,0,NPU:2
2,IDEDH,1788521720579916.380	,0,NPU:2
2,HCCL,1788521715717609.010	,0,NPU:2
2,HCCL,1788521715817507.110	,0,NPU:2
2,HCCL,1788521715917521.690	,0,NPU:2
2,HCCL,1788521716017500.850	,0,NPU:2
2,HCCL,1788521716117496.720	,0,NPU:2
2,HCCL,1788521716217498.410	,0,NPU:2
2,HCCL,1788521716317498.850	,0,NPU:2
2,HCCL,1788521716417493.750	,0,NPU:2
2,HCCL,1788521716517491.820	,0,NPU:2
2,HCCL,1788521716617496.280	,0,NPU:2
2,HCCL,1788521716717508.190	,0,NPU:2
2,HCCL,1788521716817485.940	,0,NPU:2
2,HCCL,1788521716917484.470	,0,NPU:2
2,HCCL,1788521717017488.270	,0,NPU:2
2,HCCL,1788521717117483.220	,0,NPU:2
2,HCCL,1788521717217482.040	,0,NPU:2
2,HCCL,1788521717317480.430	,0,NPU:2
2,HCCL,1788521717417480.690	,0,NPU:2
2,HCCL,1788521717517484.320	,0,NPU:2
2,HCCL,1788521717617581.330	,0,NPU:2
2,HCCL,1788521717717577.480	,0,NPU:2
2,HCCL,1788521717817570.050	,0,NPU:2
2,HCCL,1788521717917581.300	,0,NPU:2
2,HCCL,1788521718017595.830	,0,NPU:2
2,HCCL,1788521718117588.260	,0,NPU:2
2,HCCL,1788521718217553.620	,0,NPU:2
2,HCCL,1788521718317545.820	,0,NPU:2
2,HCCL,1788521718417544.850	,0,NPU:2
2,HCCL,1788521718517552.880	,0,NPU:2
2,HCCL,1788521718617566.570	,0,NPU:2
2,HCCL,1788521718717534.440	,0,NPU:2
2,HCCL,1788521718817557.590	,0,NPU:2
2,HCCL,1788521718917546.040	,0,NPU:2
2,HCCL,1788521719017598.920	,0,NPU:2
2,HCCL,1788521719117573.930	,0,NPU:2
2,HCCL,1788521719217574.890	,0,NPU:2
2,HCCL,1788521719317576.240	,0,NPU:2
2,HCCL,1788521719417575.730	,0,NPU:2
2,HCCL,1788521719517600.860	,0,NPU:2
2,HCCL,1788521719617577.360	,0,NPU:2
2,HCCL,1788521719717571.140	,0,NPU:2
2,HCCL,1788521719817533.560	,0,NPU:2
2,HCCL,1788521719917547.890	,0,NPU:2
2,HCCL,1788521720017528.120	,0,NPU:2
2,HCCL,1788521720117533.380	,0,NPU:2
2,HCCL,1788521720217524.250	,0,NPU:2
2,HCCL,1788521720317532.500	,0,NPU:2
2,HCCL,1788521720417554.440	,0,NPU:2
2,HCCL,1788521720517549.870	,0,NPU:2
2,HCCL,1788521720579916.380	,0,NPU:2
2,FMK,1788521715717609.010	,0,NPU:2
2,FMK,1788521715817507.110	,0,NPU:2
2,FMK,1788521715917521.690	,0,NPU:2
2,FMK,1788521716017500.850	,0,NPU:2
2,FMK,1788521716117496.720	,0,NPU:2
2,FMK,1788521716217498.410	,0,NPU:2
2,FMK,1788521716317498.850	,0,NPU:2
2,FMK,1788521716417493.750	,0,NPU:2
2,FMK,1788521716517491.820	,0,NPU:2
2,FMK,1788521716617496.280	,0,NPU:2
2,FMK,1788521716717508.190	,0,NPU:2
2,FMK,1788521716817485.940	,0,NPU:2
2,FMK,1788521716917484.470	,0,NPU:2
2,FMK,1788521717017488.270	,0,NPU:2
2,FMK,1788521717117483.220	,0,NPU:2
2,FMK,1788521717217482.040	,0,NPU:2
2,FMK,1788521717317480.430	,0,NPU:2
2,FMK,1788521717417480.690	,0,NPU:2
2,FMK,1788521717517484.320	,0,NPU:2
2,FMK,1788521717617581.330	,0,NPU:2
2,FMK,1788521717717577.480	,0,NPU:2
2,FMK,1788521717817570.050	,0,NPU:2
2,FMK,1788521717917581.300	,0,NPU:2
2,FMK,1788521718017595.830	,0,NPU:2
2,FMK,1788521718117588.260	,0,NPU:2
2,FMK,1788521718217553.620	,0,NPU:2
2,FMK,1788521718317545.820	,0,NPU:2
2,FMK,1788521718417544.850	,0,NPU:2
2,FMK,1788521718517552.880	,0,NPU:2
2,FMK,1788521718617566.570	,0,NPU:2
2,FMK,1788521718717534.440	,0,NPU:2
2,FMK,1788521718817557.590	,0,NPU:2
2,FMK,1788521718917546.040	,0,NPU:2
2,FMK,1788521719017598.920	,0,NPU:2
2,FMK,1788521719117573.930	,0,NPU:2
2,FMK,1788521719217574.890	,0,NPU:2
2,FMK,1788521719317576.240	,0,NPU:2
2,FMK,1788521719417575.730	,0,NPU:2
2,FMK,1788521719517600.860	,0,NPU:2
2,FMK,1788521719617577.360	,0,NPU:2
2,FMK,1788521719717571.140	,0,NPU:2
2,FMK,1788521719817533.560	,0,NPU:2
2,FMK,1788521719917547.890	,0,NPU:2
2,FMK,1788521720017528.120	,0,NPU:2
2,FMK,1788521720117533.380	,0,NPU:2
2,FMK,1788521720217524.250	,0,NPU:2
2,FMK,1788521720317532.500	,0,NPU:2
2,FMK,1788521720417554.440	,0,NPU:2
2,FMK,1788521720517549.870	,0,NPU:2
2,FMK,1788521720579916.380	,0,NPU:2
2,HIAIENGINE,1788521715717609.010	,0,NPU:2
2,HIAIENGINE,1788521715817507.110	,0,NPU:2
2,HIAIENGINE,1788521715917521.690	,0,NPU:2
2,HIAIENGINE,1788521716017500.850	,0,NPU:2
2,HIAIENGINE,1788521716117496.720	,0,NPU:2
2,HIAIENGINE,1788521716217498.410	,0,NPU:2
2,HIAIENGINE,1788521716317498.850	,0,NPU:2
2,HIAIENGINE,1788521716417493.750	,0,NPU:2
2,HIAIENGINE,1788521716517491.820	,0,NPU:2
2,HIAIENGINE,1788521716617496.280	,0,NPU:2
2,HIAIENGINE,1788521716717508.190	,0,NPU:2
2,HIAIENGINE,1788521716817485.940	,0,NPU:2
2,HIAIENGINE,1788521716917484.470	,0,NPU:2
2,HIAIENGINE,1788521717017488.270	,0,NPU:2
2,HIAIENGINE,1788521717117483.220	,0,NPU:2
2,HIAIENGINE,1788521717217482.040	,0,NPU:2
2,HIAIENGINE,1788521717317480.430	,0,NPU:2
2,HIAIENGINE,1788521717417480.690	,0,NPU:2
2,HIAIENGINE,1788521717517484.320	,0,NPU:2
2,HIAIENGINE,1788521717617581.330	,0,NPU:2
2,HIAIENGINE,1788521717717577.480	,0,NPU:2
2,HIAIENGINE,1788521717817570.050	,0,NPU:2
2,HIAIENGINE,1788521717917581.300	,0,NPU:2
2,HIAIENGINE,1788521718017595.830	,0,NPU:2
2,HIAIENGINE,1788521718117588.260	,0,NPU:2
2,HIAIENGINE,1788521718217553.620	,0,NPU:2
2,HIAIENGINE,1788521718317545.820	,0,NPU:2
2,HIAIENGINE,1788521718417544.850	,0,NPU:2
2,HIAIENGINE,1788521718517552.880	,0,NPU:2
2,HIAIENGINE,1788521718617566.570	,0,NPU:2
2,HIAIENGINE,1788521718717534.440	,0,NPU:2
2,HIAIENGINE,1788521718817557.590	,0,NPU:2
2,HIAIENGINE,1788521718917546.040	,0,NPU:2
2,HIAIENGINE,1788521719017598.920	,0,NPU:2
2,HIAIENGINE,1788521719117573.930	,0,NPU:2
2,HIAIENGINE,1788521719217574.890	,0,NPU:2
2,HIAIENGINE,1788521719317576.240	,0,NPU:2
2,HIAIENGINE,1788521719417575.730	,0,NPU:2
2,HIAIENGINE,1788521719517600.860	,0,NPU:2
2,HIAIENGINE,1788521719617577.360	,0,NPU:2
2,HIAIENGINE,1788521719717571.140	,0,NPU:2
2,HIAIENGINE,1788521719817533.560	,0,NPU:2
2,HIAIENGINE,1788521719917547.890	,0,NPU:2
2,HIAIENGINE,1788521720017528.120	,0,NPU:2
2,HIAIENGINE,1788521720117533.380	,0,NPU:2
2,HIAIENGINE,1788521720217524.250	,0,NPU:2
2,HIAIENGINE,1788521720317532.500	,0,NPU:2
2,HIAIENGINE,1788521720417554.440	,0,NPU:2
2,HIAIENGINE,1788521720517549.870	,0,NPU:2
2,HIAIENGINE,1788521720579916.380	,0,NPU:2
2,DVPP,1788521715717609.010	,0,NPU:2
2,DVPP,1788521715817507.110	,0,NPU:2
2,DVPP,1788521715917521.690	,0,NPU:2
2,DVPP,1788521716017500.850	,0,NPU:2
2,DVPP,1788521716117496.720	,0,NPU:2
2,DVPP,1788521716217498.410	,0,NPU:2
2,DVPP,1788521716317498.850	,0,NPU:2
2,DVPP,1788521716417493.750	,0,NPU:2
2,DVPP,1788521716517491.820	,0,NPU:2
2,DVPP,1788521716617496.280	,0,NPU:2
2,DVPP,1788521716717508.190	,0,NPU:2
2,DVPP,1788521716817485.940	,0,NPU:2
2,DVPP,1788521716917484.470	,0,NPU:2
2,DVPP,1788521717017488.270	,0,NPU:2
2,DVPP,1788521717117483.220	,0,NPU:2
2,DVPP,1788521717217482.040	,0,NPU:2
2,DVPP,1788521717317480.430	,0,NPU:2
2,DVPP,1788521717417480.690	,0,NPU:2
2,DVPP,1788521717517484.320	,0,NPU:2
2,DVPP,1788521717617581.330	,0,NPU:2
2,DVPP,1788521717717577.480	,0,NPU:2
2,DVPP,1788521717817570.050	,0,NPU:2
2,DVPP,1788521717917581.300	,0,NPU:2
2,DVPP,1788521718017595.830	,0,NPU:2
2,DVPP,1788521718117588.260	,0,NPU:2
2,DVPP,1788521718217553.620	,0,NPU:2
2,DVPP,1788521718317545.820	,0,NPU:2
2,DVPP,1788521718417544.850	,0,NPU:2
2,DVPP,1788521718517552.880	,0,NPU:2
2,DVPP,1788521718617566.570	,0,NPU:2
2,DVPP,1788521718717534.440	,0,NPU:2
2,DVPP,1788521718817557.590	,0,NPU:2
2,DVPP,1788521718917546.040	,0,NPU:2
2,DVPP,1788521719017598.920	,0,NPU:2
2,DVPP,1788521719117573.930	,0,NPU:2
2,DVPP,1788521719217574.890	,0,NPU:2
2,DVPP,1788521719317576.240	,0,NPU:2
2,DVPP,1788521719417575.730	,0,NPU:2
2,DVPP,1788521719517600.860	,0,NPU:2
2,DVPP,1788521719617577.360	,0,NPU:2
2,DVPP,1788521719717571.140	,0,NPU:2
2,DVPP,1788521719817533.560	,0,NPU:2
2,DVPP,1788521719917547.890	,0,NPU:2
2,DVPP,1788521720017528.120	,0,NPU:2
2,DVPP,1788521720117533.380	,0,NPU:2
2,DVPP,1788521720217524.250	,0,NPU:2
2,DVPP,1788521720317532.500	,0,NPU:2
2,DVPP,1788521720417554.440	,0,NPU:2
2,DVPP,1788521720517549.870	,0,NPU:2
2,DVPP,1788521720579916.380	,0,NPU:2
2,RUNTIME,1788521715717609.010	,78028.0,NPU:2
2,RUNTIME,1788521715817507.110	,78028.0,NPU:2
2,RUNTIME,1788521715917521.690	,78028.0,NPU:2
2,RUNTIME,1788521716017500.850	,78028.0,NPU:2
2,RUNTIME,1788521716117496.720	,78028.0,NPU:2
2,RUNTIME,1788521716217498.410	,78028.0,NPU:2
2,RUNTIME,1788521716317498.850	,78028.0,NPU:2
2,RUNTIME,1788521716417493.750	,78028.0,NPU:2
2,RUNTIME,1788521716517491.820	,78028.0,NPU:2
2,RUNTIME,1788521716617496.280	,78028.0,NPU:2
2,RUNTIME,1788521716717508.190	,78028.0,NPU:2
2,RUNTIME,1788521716817485.940	,78028.0,NPU:2
2,RUNTIME,1788521716917484.470	,78028.0,NPU:2
2,RUNTIME,1788521717017488.270	,78028.0,NPU:2
2,RUNTIME,1788521717117483.220	,78028.0,NPU:2
2,RUNTIME,1788521717217482.040	,78028.0,NPU:2
2,RUNTIME,1788521717317480.430	,78028.0,NPU:2
2,RUNTIME,1788521717417480.690	,78028.0,NPU:2
2,RUNTIME,1788521717517484.320	,78028.0,NPU:2
2,RUNTIME,1788521717617581.330	,78028.0,NPU:2
2,RUNTIME,1788521717717577.480	,78028.0,NPU:2
2,RUNTIME,1788521717817570.050	,78028.0,NPU:2
2,RUNTIME,1788521717917581.300	,78028.0,NPU:2
2,RUNTIME,1788521718017595.830	,78028.0,NPU:2
2,RUNTIME,1788521718117588.260	,78028.0,NPU:2
2,RUNTIME,1788521718217553.620	,78028.0,NPU:2
2,RUNTIME,1788521718317545.820	,78028.0,NPU:2
2,RUNTIME,1788521718417544.850	,78028.0,NPU:2
2,RUNTIME,1788521718517552.880	,78028.0,NPU:2
2,RUNTIME,1788521718617566.570	,78028.0,NPU:2
2,RUNTIME,1788521718717534.440	,78028.0,NPU:2
2,RUNTIME,1788521718817557.590	,78028.0,NPU:2
2,RUNTIME,1788521718917546.040	,78028.0,NPU:2
2,RUNTIME,1788521719017598.920	,78028.0,NPU:2
2,RUNTIME,1788521719117573.930	,78028.0,NPU:2
2,RUNTIME,1788521719217574.890	,78028.0,NPU:2
2,RUNTIME,1788521719317576.240	,78028.0,NPU:2
2,RUNTIME,1788521719417575.730	,78028.0,NPU:2
2,RUNTIME,1788521719517600.860	,78028.0,NPU:2
2,RUNTIME,1788521719617577.360	,78028.0,NPU:2
2,RUNTIME,1788521719717571.140	,78028.0,NPU:2
2,RUNTIME,1788521719817533.560	,78028.0,NPU:2
2,RUNTIME,1788521719917547.890	,78028.0,NPU:2
2,RUNTIME,1788521720017528.120	,78028.0,NPU:2
2,RUNTIME,1788521720117533.380	,78028.0,NPU:2
2,RUNTIME,1788521720217524.250	,78028.0,NPU:2
2,RUNTIME,1788521720317532.500	,78028.0,NPU:2
2,RUNTIME,1788521720417554.440	,78028.0,NPU:2
2,RUNTIME,1788521720517549.870	,78028.0,NPU:2
2,RUNTIME,1788521720579916.380	,63676.0,NPU:2
2,CCE,1788521715717609.010	,0,NPU:2
2,CCE,1788521715817507.110	,0,NPU:2
2,CCE,1788521715917521.690	,0,NPU:2
2,CCE,1788521716017500.850	,0,NPU:2
2,CCE,1788521716117496.720	,0,NPU:2
2,CCE,1788521716217498.410	,0,NPU:2
2,CCE,1788521716317498.850	,0,NPU:2
2,CCE,1788521716417493.750	,0,NPU:2
2,CCE,1788521716517491.820	,0,NPU:2
2,CCE,1788521716617496.280	,0,NPU:2
2,CCE,1788521716717508.190	,0,NPU:2
2,CCE,1788521716817485.940	,0,NPU:2
2,CCE,1788521716917484.470	,0,NPU:2
2,CCE,1788521717017488.270	,0,NPU:2
2,CCE,1788521717117483.220	,0,NPU:2
2,CCE,1788521717217482.040	,0,NPU:2
2,CCE,1788521717317480.430	,0,NPU:2
2,CCE,1788521717417480.690	,0,NPU:2
2,CCE,1788521717517484.320	,0,NPU:2
2,CCE,1788521717617581.330	,0,NPU:2
2,CCE,1788521717717577.480	,0,NPU:2
2,CCE,1788521717817570.050	,0,NPU:2
2,CCE,1788521717917581.300	,0,NPU:2
2,CCE,1788521718017595.830	,0,NPU:2
2,CCE,1788521718117588.260	,0,NPU:2
2,CCE,1788521718217553.620	,0,NPU:2
2,CCE,1788521718317545.820	,0,NPU:2
2,CCE,1788521718417544.850	,0,NPU:2
2,CCE,1788521718517552.880	,0,NPU:2
2,CCE,1788521718617566.570	,0,NPU:2
2,CCE,1788521718717534.440	,0,NPU:2
2,CCE,1788521718817557.590	,0,NPU:2
2,CCE,1788521718917546.040	,0,NPU:2
2,CCE,1788521719017598.920	,0,NPU:2
2,CCE,1788521719117573.930	,0,NPU:2
2,CCE,1788521719217574.890	,0,NPU:2
2,CCE,1788521719317576.240	,0,NPU:2
2,CCE,1788521719417575.730	,0,NPU:2
2,CCE,1788521719517600.860	,0,NPU:2
2,CCE,1788521719617577.360	,0,NPU:2
2,CCE,1788521719717571.140	,0,NPU:2
2,CCE,1788521719817533.560	,0,NPU:2
2,CCE,1788521719917547.890	,0,NPU:2
2,CCE,1788521720017528.120	,0,NPU:2
2,CCE,1788521720117533.380	,0,NPU:2
2,CCE,1788521720217524.250	,0,NPU:2
2,CCE,1788521720317532.500	,0,NPU:2
2,CCE,1788521720417554.440	,0,NPU:2
2,CCE,1788521720517549.870	,0,NPU:2
2,CCE,1788521720579916.380	,0,NPU:2
2,HDC,1788521715717609.010	,0,NPU:2
2,HDC,1788521715817507.110	,0,NPU:2
2,HDC,1788521715917521.690	,0,NPU:2
2,HDC,1788521716017500.850	,0,NPU:2
2,HDC,1788521716117496.720	,0,NPU:2
2,HDC,1788521716217498.410	,0,NPU:2
2,HDC,1788521716317498.850	,0,NPU:2
2,HDC,1788521716417493.750	,0,NPU:2
2,HDC,1788521716517491.820	,0,NPU:2
2,HDC,1788521716617496.280	,0,NPU:2
2,HDC,1788521716717508.190	,0,NPU:2
2,HDC,1788521716817485.940	,0,NPU:2
2,HDC,1788521716917484.470	,0,NPU:2
2,HDC,1788521717017488.270	,0,NPU:2
2,HDC,1788521717117483.220	,0,NPU:2
2,HDC,1788521717217482.040	,0,NPU:2
2,HDC,1788521717317480.430	,0,NPU:2
2,HDC,1788521717417480.690	,0,NPU:2
2,HDC,1788521717517484.320	,0,NPU:2
2,HDC,1788521717617581.330	,0,NPU:2
2,HDC,1788521717717577.480	,0,NPU:2
2,HDC,1788521717817570.050	,0,NPU:2
2,HDC,1788521717917581.300	,0,NPU:2
2,HDC,1788521718017595.830	,0,NPU:2
2,HDC,1788521718117588.260	,0,NPU:2
2,HDC,1788521718217553.620	,0,NPU:2
2,HDC,1788521718317545.820	,0,NPU:2
2,HDC,1788521718417544.850	,0,NPU:2
2,HDC,1788521718517552.880	,0,NPU:2
2,HDC,1788521718617566.570	,0,NPU:2
2,HDC,1788521718717534.440	,0,NPU:2
2,HDC,1788521718817557.590	,0,NPU:2
2,HDC,1788521718917546.040	,0,NPU:2
2,HDC,1788521719017598.920	,0,NPU:2
2,HDC,1788521719117573.930	,0,NPU:2
2,HDC,1788521719217574.890	,0,NPU:2
2,HDC,1788521719317576.240	,0,NPU:2
2,HDC,1788521719417575.730	,0,NPU:2
2,HDC,1788521719517600.860	,0,NPU:2
2,HDC,1788521719617577.360	,0,NPU:2
2,HDC,1788521719717571.140	,0,NPU:2
2,HDC,1788521719817533.560	,0,NPU:2
2,HDC,1788521719917547.890	,0,NPU:2
2,HDC,1788521720017528.120	,0,NPU:2
2,HDC,1788521720117533.380	,0,NPU:2
2,HDC,1788521720217524.250	,0,NPU:2
2,HDC,1788521720317532.500	,0,NPU:2
2,HDC,1788521720417554.440	,0,NPU:2
2,HDC,1788521720517549.870	,0,NPU:2
2,HDC,1788521720579916.380	,0,NPU:2
2,DRV,1788521715717609.010	,0,NPU:2
2,DRV,1788521715817507.110	,0,NPU:2
2,DRV,1788521715917521.690	,0,NPU:2
2,DRV,1788521716017500.850	,0,NPU:2
2,DRV,1788521716117496.720	,0,NPU:2
2,DRV,1788521716217498.410	,0,NPU:2
2,DRV,1788521716317498.850	,0,NPU:2
2,DRV,1788521716417493.750	,0,NPU:2
2,DRV,1788521716517491.820	,0,NPU:2
2,DRV,1788521716617496.280	,0,NPU:2
2,DRV,1788521716717508.190	,0,NPU:2
2,DRV,1788521716817485.940	,0,NPU:2
2,DRV,1788521716917484.470	,0,NPU:2
2,DRV,1788521717017488.270	,0,NPU:2
2,DRV,1788521717117483.220	,0,NPU:2
2,DRV,1788521717217482.040	,0,NPU:2
2,DRV,1788521717317480.430	,0,NPU:2
2,DRV,1788521717417480.690	,0,NPU:2
2,DRV,1788521717517484.320	,0,NPU:2
2,DRV,1788521717617581.330	,0,NPU:2
2,DRV,1788521717717577.480	,0,NPU:2
2,DRV,1788521717817570.050	,0,NPU:2
2,DRV,1788521717917581.300	,0,NPU:2
2,DRV,1788521718017595.830	,0,NPU:2
2,DRV,1788521718117588.260	,0,NPU:2
2,DRV,1788521718217553.620	,0,NPU:2
2,DRV,1788521718317545.820	,0,NPU:2
2,DRV,1788521718417544.850	,0,NPU:2
2,DRV,1788521718517552.880	,0,NPU:2
2,DRV,1788521718617566.570	,0,NPU:2
2,DRV,1788521718717534.440	,0,NPU:2
2,DRV,1788521718817557.590	,0,NPU:2
2,DRV,1788521718917546.040	,0,NPU:2
2,DRV,1788521719017598.920	,0,NPU:2
2,DRV,1788521719117573.930	,0,NPU:2
2,DRV,1788521719217574.890	,0,NPU:2
2,DRV,1788521719317576.240	,0,NPU:2
2,DRV,1788521719417575.730	,0,NPU:2
2,DRV,1788521719517600.860	,0,NPU:2
2,DRV,1788521719617577.360	,0,NPU:2
2,DRV,1788521719717571.140	,0,NPU:2
2,DRV,1788521719817533.560	,0,NPU:2
2,DRV,1788521719917547.890	,0,NPU:2
2,DRV,1788521720017528.120	,0,NPU:2
2,DRV,1788521720117533.380	,0,NPU:2
2,DRV,1788521720217524.250	,0,NPU:2
2,DRV,1788521720317532.500	,0,NPU:2
2,DRV,1788521720417554.440	,0,NPU:2
2,DRV,1788521720517549.870	,0,NPU:2
2,DRV,1788521720579916.380	,0,NPU:2
2,MDCFUSION,1788521715717609.010	,0,NPU:2
2,MDCFUSION,1788521715817507.110	,0,NPU:2
2,MDCFUSION,1788521715917521.690	,0,NPU:2
2,MDCFUSION,1788521716017500.850	,0,NPU:2
2,MDCFUSION,1788521716117496.720	,0,NPU:2
2,MDCFUSION,1788521716217498.410	,0,NPU:2
2,MDCFUSION,1788521716317498.850	,0,NPU:2
2,MDCFUSION,1788521716417493.750	,0,NPU:2
2,MDCFUSION,1788521716517491.820	,0,NPU:2
2,MDCFUSION,1788521716617496.280	,0,NPU:2
2,MDCFUSION,1788521716717508.190	,0,NPU:2
2,MDCFUSION,1788521716817485.940	,0,NPU:2
2,MDCFUSION,1788521716917484.470	,0,NPU:2
2,MDCFUSION,1788521717017488.270	,0,NPU:2
2,MDCFUSION,1788521717117483.220	,0,NPU:2
2,MDCFUSION,1788521717217482.040	,0,NPU:2
2,MDCFUSION,1788521717317480.430	,0,NPU:2
2,MDCFUSION,1788521717417480.690	,0,NPU:2
2,MDCFUSION,1788521717517484.320	,0,NPU:2
2,MDCFUSION,1788521717617581.330	,0,NPU:2
2,MDCFUSION,1788521717717577.480	,0,NPU:2
2,MDCFUSION,1788521717817570.050	,0,NPU:2
2,MDCFUSION,1788521717917581.300	,0,NPU:2
2,MDCFUSION,1788521718017595.830	,0,NPU:2
2,MDCFUSION,1788521718117588.260	,0,NPU:2
2,MDCFUSION,1788521718217553.620	,0,NPU:2
2,MDCFUSION,1788521718317545.820	,0,NPU:2
2,MDCFUSION,1788521718417544.850	,0,NPU:2
2,MDCFUSION,1788521718517552.880	,0,NPU:2
2,MDCFUSION,1788521718617566.570	,0,NPU:2
2,MDCFUSION,1788521718717534.440	,0,NPU:2
2,MDCFUSION,1788521718817557.590	,0,NPU:2
2,MDCFUSION,1788521718917546.040	,0,NPU:2
2,MDCFUSION,1788521719017598.920	,0,NPU:2
2,MDCFUSION,1788521719117573.930	,0,NPU:2
2,MDCFUSION,1788521719217574.890	,0,NPU:2
2,MDCFUSION,1788521719317576.240	,0,NPU:2
2,MDCFUSION,1788521719417575.730	,0,NPU:2
2,MDCFUSION,1788521719517600.860	,0,NPU:2
2,MDCFUSION,1788521719617577.360	,0,NPU:2
2,MDCFUSION,1788521719717571.140	,0,NPU:2
2,MDCFUSION,1788521719817533.560	,0,NPU:2
2,MDCFUSION,1788521719917547.890	,0,NPU:2
2,MDCFUSION,1788521720017528.120	,0,NPU:2
2,MDCFUSION,1788521720117533.380	,0,NPU:2
2,MDCFUSION,1788521720217524.250	,0,NPU:2
2,MDCFUSION,1788521720317532.500	,0,NPU:2
2,MDCFUSION,1788521720417554.440	,0,NPU:2
2,MDCFUSION,1788521720517549.870	,0,NPU:2
2,MDCFUSION,1788521720579916.380	,0,NPU:2
2,MDCLOCATION,1788521715717609.010	,0,NPU:2
2,MDCLOCATION,1788521715817507.110	,0,NPU:2
2,MDCLOCATION,1788521715917521.690	,0,NPU:2
2,MDCLOCATION,1788521716017500.850	,0,NPU:2
2,MDCLOCATION,1788521716117496.720	,0,NPU:2
2,MDCLOCATION,1788521716217498.410	,0,NPU:2
2,MDCLOCATION,1788521716317498.850	,0,NPU:2
2,MDCLOCATION,1788521716417493.750	,0,NPU:2
2,MDCLOCATION,1788521716517491.820	,0,NPU:2
2,MDCLOCATION,1788521716617496.280	,0,NPU:2
2,MDCLOCATION,1788521716717508.190	,0,NPU:2
2,MDCLOCATION,1788521716817485.940	,0,NPU:2
2,MDCLOCATION,1788521716917484.470	,0,NPU:2
2,MDCLOCATION,1788521717017488.270	,0,NPU:2
2,MDCLOCATION,1788521717117483.220	,0,NPU:2
2,MDCLOCATION,1788521717217482.040	,0,NPU:2
2,MDCLOCATION,1788521717317480.430	,0,NPU:2
2,MDCLOCATION,1788521717417480.690	,0,NPU:2
2,MDCLOCATION,1788521717517484.320	,0,NPU:2
2,MDCLOCATION,1788521717617581.330	,0,NPU:2
2,MDCLOCATION,1788521717717577.480	,0,NPU:2
2,MDCLOCATION,1788521717817570.050	,0,NPU:2
2,MDCLOCATION,1788521717917581.300	,0,NPU:2
2,MDCLOCATION,1788521718017595.830	,0,NPU:2
2,MDCLOCATION,1788521718117588.260	,0,NPU:2
2,MDCLOCATION,1788521718217553.620	,0,NPU:2
2,MDCLOCATION,1788521718317545.820	,0,NPU:2
2,MDCLOCATION,1788521718417544.850	,0,NPU:2
2,MDCLOCATION,1788521718517552.880	,0,NPU:2
2,MDCLOCATION,1788521718617566.570	,0,NPU:2
2,MDCLOCATION,1788521718717534.440	,0,NPU:2
2,MDCLOCATION,1788521718817557.590	,0,NPU:2
2,MDCLOCATION,1788521718917546.040	,0,NPU:2
2,MDCLOCATION,1788521719017598.920	,0,NPU:2
2,MDCLOCATION,1788521719117573.930	,0,NPU:2
2,MDCLOCATION,1788521719217574.890	,0,NPU:2
2,MDCLOCATION,1788521719317576.240	,0,NPU:2
2,MDCLOCATION,1788521719417575.730	,0,NPU:2
2,MDCLOCATION,1788521719517600.860	,0,NPU:2
2,MDCLOCATION,1788521719617577.360	,0,NPU:2
2,MDCLOCATION,1788521719717571.140	,0,NPU:2
2,MDCLOCATION,1788521719817533.560	,0,NPU:2
2,MDCLOCATION,1788521719917547.890	,0,NPU:2
2,MDCLOCATION,1788521720017528.120	,0,NPU:2
2,MDCLOCATION,1788521720117533.380	,0,NPU:2
2,MDCLOCATION,1788521720217524.250	,0,NPU:2
2,MDCLOCATION,1788521720317532.500	,0,NPU:2
2,MDCLOCATION,1788521720417554.440	,0,NPU:2
2,MDCLOCATION,1788521720517549.870	,0,NPU:2
2,MDCLOCATION,1788521720579916.380	,0,NPU:2
2,MDCPERCEPTION,1788521715717609.010	,0,NPU:2
2,MDCPERCEPTION,1788521715817507.110	,0,NPU:2
2,MDCPERCEPTION,1788521715917521.690	,0,NPU:2
2,MDCPERCEPTION,1788521716017500.850	,0,NPU:2
2,MDCPERCEPTION,1788521716117496.720	,0,NPU:2
2,MDCPERCEPTION,1788521716217498.410	,0,NPU:2
2,MDCPERCEPTION,1788521716317498.850	,0,NPU:2
2,MDCPERCEPTION,1788521716417493.750	,0,NPU:2
2,MDCPERCEPTION,1788521716517491.820	,0,NPU:2
2,MDCPERCEPTION,1788521716617496.280	,0,NPU:2
2,MDCPERCEPTION,1788521716717508.190	,0,NPU:2
2,MDCPERCEPTION,1788521716817485.940	,0,NPU:2
2,MDCPERCEPTION,1788521716917484.470	,0,NPU:2
2,MDCPERCEPTION,1788521717017488.270	,0,NPU:2
2,MDCPERCEPTION,1788521717117483.220	,0,NPU:2
2,MDCPERCEPTION,1788521717217482.040	,0,NPU:2
2,MDCPERCEPTION,1788521717317480.430	,0,NPU:2
2,MDCPERCEPTION,1788521717417480.690	,0,NPU:2
2,MDCPERCEPTION,1788521717517484.320	,0,NPU:2
2,MDCPERCEPTION,1788521717617581.330	,0,NPU:2
2,MDCPERCEPTION,1788521717717577.480	,0,NPU:2
2,MDCPERCEPTION,1788521717817570.050	,0,NPU:2
2,MDCPERCEPTION,1788521717917581.300	,0,NPU:2
2,MDCPERCEPTION,1788521718017595.830	,0,NPU:2
2,MDCPERCEPTION,1788521718117588.260	,0,NPU:2
2,MDCPERCEPTION,1788521718217553.620	,0,NPU:2
2,MDCPERCEPTION,1788521718317545.820	,0,NPU:2
2,MDCPERCEPTION,1788521718417544.850	,0,NPU:2
2,MDCPERCEPTION,1788521718517552.880	,0,NPU:2
2,MDCPERCEPTION,1788521718617566.570	,0,NPU:2
2,MDCPERCEPTION,1788521718717534.440	,0,NPU:2
2,MDCPERCEPTION,1788521718817557.590	,0,NPU:2
2,MDCPERCEPTION,1788521718917546.040	,0,NPU:2
2,MDCPERCEPTION,1788521719017598.920	,0,NPU:2
2,MDCPERCEPTION,1788521719117573.930	,0,NPU:2
2,MDCPERCEPTION,1788521719217574.890	,0,NPU:2
2,MDCPERCEPTION,1788521719317576.240	,0,NPU:2
2,MDCPERCEPTION,1788521719417575.730	,0,NPU:2
2,MDCPERCEPTION,1788521719517600.860	,0,NPU:2
2,MDCPERCEPTION,1788521719617577.360	,0,NPU:2
2,MDCPERCEPTION,1788521719717571.140	,0,NPU:2
2,MDCPERCEPTION,1788521719817533.560	,0,NPU:2
2,MDCPERCEPTION,1788521719917547.890	,0,NPU:2
2,MDCPERCEPTION,1788521720017528.120	,0,NPU:2
2,MDCPERCEPTION,1788521720117533.380	,0,NPU:2
2,MDCPERCEPTION,1788521720217524.250	,0,NPU:2
2,MDCPERCEPTION,1788521720317532.500	,0,NPU:2
2,MDCPERCEPTION,1788521720417554.440	,0,NPU:2
2,MDCPERCEPTION,1788521720517549.870	,0,NPU:2
2,MDCPERCEPTION,1788521720579916.380	,0,NPU:2
2,MDCFSM,1788521715717609.010	,0,NPU:2
2,MDCFSM,1788521715817507.110	,0,NPU:2
2,MDCFSM,1788521715917521.690	,0,NPU:2
2,MDCFSM,1788521716017500.850	,0,NPU:2
2,MDCFSM,1788521716117496.720	,0,NPU:2
2,MDCFSM,1788521716217498.410	,0,NPU:2
2,MDCFSM,1788521716317498.850	,0,NPU:2
2,MDCFSM,1788521716417493.750	,0,NPU:2
2,MDCFSM,1788521716517491.820	,0,NPU:2
2,MDCFSM,1788521716617496.280	,0,NPU:2
2,MDCFSM,1788521716717508.190	,0,NPU:2
2,MDCFSM,1788521716817485.940	,0,NPU:2
2,MDCFSM,1788521716917484.470	,0,NPU:2
2,MDCFSM,1788521717017488.270	,0,NPU:2
2,MDCFSM,1788521717117483.220	,0,NPU:2
2,MDCFSM,1788521717217482.040	,0,NPU:2
2,MDCFSM,1788521717317480.430	,0,NPU:2
2,MDCFSM,1788521717417480.690	,0,NPU:2
2,MDCFSM,1788521717517484.320	,0,NPU:2
2,MDCFSM,1788521717617581.330	,0,NPU:2
2,MDCFSM,1788521717717577.480	,0,NPU:2
2,MDCFSM,1788521717817570.050	,0,NPU:2
2,MDCFSM,1788521717917581.300	,0,NPU:2
2,MDCFSM,1788521718017595.830	,0,NPU:2
2,MDCFSM,1788521718117588.260	,0,NPU:2
2,MDCFSM,1788521718217553.620	,0,NPU:2
2,MDCFSM,1788521718317545.820	,0,NPU:2
2,MDCFSM,1788521718417544.850	,0,NPU:2
2,MDCFSM,1788521718517552.880	,0,NPU:2
2,MDCFSM,1788521718617566.570	,0,NPU:2
2,MDCFSM,1788521718717534.440	,0,NPU:2
2,MDCFSM,1788521718817557.590	,0,NPU:2
2,MDCFSM,1788521718917546.040	,0,NPU:2
2,MDCFSM,1788521719017598.920	,0,NPU:2
2,MDCFSM,1788521719117573.930	,0,NPU:2
2,MDCFSM,1788521719217574.890	,0,NPU:2
2,MDCFSM,1788521719317576.240	,0,NPU:2
2,MDCFSM,1788521719417575.730	,0,NPU:2
2,MDCFSM,1788521719517600.860	,0,NPU:2
2,MDCFSM,1788521719617577.360	,0,NPU:2
2,MDCFSM,1788521719717571.140	,0,NPU:2
2,MDCFSM,1788521719817533.560	,0,NPU:2
2,MDCFSM,1788521719917547.890	,0,NPU:2
2,MDCFSM,1788521720017528.120	,0,NPU:2
2,MDCFSM,1788521720117533.380	,0,NPU:2
2,MDCFSM,1788521720217524.250	,0,NPU:2
2,MDCFSM,1788521720317532.500	,0,NPU:2
2,MDCFSM,1788521720417554.440	,0,NPU:2
2,MDCFSM,1788521720517549.870	,0,NPU:2
2,MDCFSM,1788521720579916.380	,0,NPU:2
2,MDCCOMMON,1788521715717609.010	,0,NPU:2
2,MDCCOMMON,1788521715817507.110	,0,NPU:2
2,MDCCOMMON,1788521715917521.690	,0,NPU:2
2,MDCCOMMON,1788521716017500.850	,0,NPU:2
2,MDCCOMMON,1788521716117496.720	,0,NPU:2
2,MDCCOMMON,1788521716217498.410	,0,NPU:2
2,MDCCOMMON,1788521716317498.850	,0,NPU:2
2,MDCCOMMON,1788521716417493.750	,0,NPU:2
2,MDCCOMMON,1788521716517491.820	,0,NPU:2
2,MDCCOMMON,1788521716617496.280	,0,NPU:2
2,MDCCOMMON,1788521716717508.190	,0,NPU:2
2,MDCCOMMON,1788521716817485.940	,0,NPU:2
2,MDCCOMMON,1788521716917484.470	,0,NPU:2
2,MDCCOMMON,1788521717017488.270	,0,NPU:2
2,MDCCOMMON,1788521717117483.220	,0,NPU:2
2,MDCCOMMON,1788521717217482.040	,0,NPU:2
2,MDCCOMMON,1788521717317480.430	,0,NPU:2
2,MDCCOMMON,1788521717417480.690	,0,NPU:2
2,MDCCOMMON,1788521717517484.320	,0,NPU:2
2,MDCCOMMON,1788521717617581.330	,0,NPU:2
2,MDCCOMMON,1788521717717577.480	,0,NPU:2
2,MDCCOMMON,1788521717817570.050	,0,NPU:2
2,MDCCOMMON,1788521717917581.300	,0,NPU:2
2,MDCCOMMON,1788521718017595.830	,0,NPU:2
2,MDCCOMMON,1788521718117588.260	,0,NPU:2
2,MDCCOMMON,1788521718217553.620	,0,NPU:2
2,MDCCOMMON,1788521718317545.820	,0,NPU:2
2,MDCCOMMON,1788521718417544.850	,0,NPU:2
2,MDCCOMMON,1788521718517552.880	,0,NPU:2
2,MDCCOMMON,1788521718617566.570	,0,NPU:2
2,MDCCOMMON,1788521718717534.440	,0,NPU:2
2,MDCCOMMON,1788521718817557.590	,0,NPU:2
2,MDCCOMMON,1788521718917546.040	,0,NPU:2
2,MDCCOMMON,1788521719017598.920	,0,NPU:2
2,MDCCOMMON,1788521719117573.930	,0,NPU:2
2,MDCCOMMON,1788521719217574.890	,0,NPU:2
2,MDCCOMMON,1788521719317576.240	,0,NPU:2
2,MDCCOMMON,1788521719417575.730	,0,NPU:2
2,MDCCOMMON,1788521719517600.860	,0,NPU:2
2,MDCCOMMON,1788521719617577.360	,0,NPU:2
2,MDCCOMMON,1788521719717571.140	,0,NPU:2
2,MDCCOMMON,1788521719817533.560	,0,NPU:2
2,MDCCOMMON,1788521719917547.890	,0,NPU:2
2,MDCCOMMON,1788521720017528.120	,0,NPU:2
2,MDCCOMMON,1788521720117533.380	,0,NPU:2
2,MDCCOMMON,1788521720217524.250	,0,NPU:2
2,MDCCOMMON,1788521720317532.500	,0,NPU:2
2,MDCCOMMON,1788521720417554.440	,0,NPU:2
2,MDCCOMMON,1788521720517549.870	,0,NPU:2
2,MDCCOMMON,1788521720579916.380	,0,NPU:2
2,MDCMONITOR,1788521715717609.010	,0,NPU:2
2,MDCMONITOR,1788521715817507.110	,0,NPU:2
2,MDCMONITOR,1788521715917521.690	,0,NPU:2
2,MDCMONITOR,1788521716017500.850	,0,NPU:2
2,MDCMONITOR,1788521716117496.720	,0,NPU:2
2,MDCMONITOR,1788521716217498.410	,0,NPU:2
2,MDCMONITOR,1788521716317498.850	,0,NPU:2
2,MDCMONITOR,1788521716417493.750	,0,NPU:2
2,MDCMONITOR,1788521716517491.820	,0,NPU:2
2,MDCMONITOR,1788521716617496.280	,0,NPU:2
2,MDCMONITOR,1788521716717508.190	,0,NPU:2
2,MDCMONITOR,1788521716817485.940	,0,NPU:2
2,MDCMONITOR,1788521716917484.470	,0,NPU:2
2,MDCMONITOR,1788521717017488.270	,0,NPU:2
2,MDCMONITOR,1788521717117483.220	,0,NPU:2
2,MDCMONITOR,1788521717217482.040	,0,NPU:2
2,MDCMONITOR,1788521717317480.430	,0,NPU:2
2,MDCMONITOR,1788521717417480.690	,0,NPU:2
2,MDCMONITOR,1788521717517484.320	,0,NPU:2
2,MDCMONITOR,1788521717617581.330	,0,NPU:2
2,MDCMONITOR,1788521717717577.480	,0,NPU:2
2,MDCMONITOR,1788521717817570.050	,0,NPU:2
2,MDCMONITOR,1788521717917581.300	,0,NPU:2
2,MDCMONITOR,1788521718017595.830	,0,NPU:2
2,MDCMONITOR,1788521718117588.260	,0,NPU:2
2,MDCMONITOR,1788521718217553.620	,0,NPU:2
2,MDCMONITOR,1788521718317545.820	,0,NPU:2
2,MDCMONITOR,1788521718417544.850	,0,NPU:2
2,MDCMONITOR,1788521718517552.880	,0,NPU:2
2,MDCMONITOR,1788521718617566.570	,0,NPU:2
2,MDCMONITOR,1788521718717534.440	,0,NPU:2
2,MDCMONITOR,1788521718817557.590	,0,NPU:2
2,MDCMONITOR,1788521718917546.040	,0,NPU:2
2,MDCMONITOR,1788521719017598.920	,0,NPU:2
2,MDCMONITOR,1788521719117573.930	,0,NPU:2
2,MDCMONITOR,1788521719217574.890	,0,NPU:2
2,MDCMONITOR,1788521719317576.240	,0,NPU:2
2,MDCMONITOR,1788521719417575.730	,0,NPU:2
2,MDCMONITOR,1788521719517600.860	,0,NPU:2
2,MDCMONITOR,1788521719617577.360	,0,NPU:2
2,MDCMONITOR,1788521719717571.140	,0,NPU:2
2,MDCMONITOR,1788521719817533.560	,0,NPU:2
2,MDCMONITOR,1788521719917547.890	,0,NPU:2
2,MDCMONITOR,1788521720017528.120	,0,NPU:2
2,MDCMONITOR,1788521720117533.380	,0,NPU:2
2,MDCMONITOR,1788521720217524.250	,0,NPU:2
2,MDCMONITOR,1788521720317532.500	,0,NPU:2
2,MDCMONITOR,1788521720417554.440	,0,NPU:2
2,MDCMONITOR,1788521720517549.870	,0,NPU:2
2,MDCMONITOR,1788521720579916.380	,0,NPU:2
2,MDCBSWP,1788521715717609.010	,0,NPU:2
2,MDCBSWP,1788521715817507.110	,0,NPU:2
2,MDCBSWP,1788521715917521.690	,0,NPU:2
2,MDCBSWP,1788521716017500.850	,0,NPU:2
2,MDCBSWP,1788521716117496.720	,0,NPU:2
2,MDCBSWP,1788521716217498.410	,0,NPU:2
2,MDCBSWP,1788521716317498.850	,0,NPU:2
2,MDCBSWP,1788521716417493.750	,0,NPU:2
2,MDCBSWP,1788521716517491.820	,0,NPU:2
2,MDCBSWP,1788521716617496.280	,0,NPU:2
2,MDCBSWP,1788521716717508.190	,0,NPU:2
2,MDCBSWP,1788521716817485.940	,0,NPU:2
2,MDCBSWP,1788521716917484.470	,0,NPU:2
2,MDCBSWP,1788521717017488.270	,0,NPU:2
2,MDCBSWP,1788521717117483.220	,0,NPU:2
2,MDCBSWP,1788521717217482.040	,0,NPU:2
2,MDCBSWP,1788521717317480.430	,0,NPU:2
2,MDCBSWP,1788521717417480.690	,0,NPU:2
2,MDCBSWP,1788521717517484.320	,0,NPU:2
2,MDCBSWP,1788521717617581.330	,0,NPU:2
2,MDCBSWP,1788521717717577.480	,0,NPU:2
2,MDCBSWP,1788521717817570.050	,0,NPU:2
2,MDCBSWP,1788521717917581.300	,0,NPU:2
2,MDCBSWP,1788521718017595.830	,0,NPU:2
2,MDCBSWP,1788521718117588.260	,0,NPU:2
2,MDCBSWP,1788521718217553.620	,0,NPU:2
2,MDCBSWP,1788521718317545.820	,0,NPU:2
2,MDCBSWP,1788521718417544.850	,0,NPU:2
2,MDCBSWP,1788521718517552.880	,0,NPU:2
2,MDCBSWP,1788521718617566.570	,0,NPU:2
2,MDCBSWP,1788521718717534.440	,0,NPU:2
2,MDCBSWP,1788521718817557.590	,0,NPU:2
2,MDCBSWP,1788521718917546.040	,0,NPU:2
2,MDCBSWP,1788521719017598.920	,0,NPU:2
2,MDCBSWP,1788521719117573.930	,0,NPU:2
2,MDCBSWP,1788521719217574.890	,0,NPU:2
2,MDCBSWP,1788521719317576.240	,0,NPU:2
2,MDCBSWP,1788521719417575.730	,0,NPU:2
2,MDCBSWP,1788521719517600.860	,0,NPU:2
2,MDCBSWP,1788521719617577.360	,0,NPU:2
2,MDCBSWP,1788521719717571.140	,0,NPU:2
2,MDCBSWP,1788521719817533.560	,0,NPU:2
2,MDCBSWP,1788521719917547.890	,0,NPU:2
2,MDCBSWP,1788521720017528.120	,0,NPU:2
2,MDCBSWP,1788521720117533.380	,0,NPU:2
2,MDCBSWP,1788521720217524.250	,0,NPU:2
2,MDCBSWP,1788521720317532.500	,0,NPU:2
2,MDCBSWP,1788521720417554.440	,0,NPU:2
2,MDCBSWP,1788521720517549.870	,0,NPU:2
2,MDCBSWP,1788521720579916.380	,0,NPU:2
2,MDCDEFAULT,1788521715717609.010	,0,NPU:2
2,MDCDEFAULT,1788521715817507.110	,0,NPU:2
2,MDCDEFAULT,1788521715917521.690	,0,NPU:2
2,MDCDEFAULT,1788521716017500.850	,0,NPU:2
2,MDCDEFAULT,1788521716117496.720	,0,NPU:2
2,MDCDEFAULT,1788521716217498.410	,0,NPU:2
2,MDCDEFAULT,1788521716317498.850	,0,NPU:2
2,MDCDEFAULT,1788521716417493.750	,0,NPU:2
2,MDCDEFAULT,1788521716517491.820	,0,NPU:2
2,MDCDEFAULT,1788521716617496.280	,0,NPU:2
2,MDCDEFAULT,1788521716717508.190	,0,NPU:2
2,MDCDEFAULT,1788521716817485.940	,0,NPU:2
2,MDCDEFAULT,1788521716917484.470	,0,NPU:2
2,MDCDEFAULT,1788521717017488.270	,0,NPU:2
2,MDCDEFAULT,1788521717117483.220	,0,NPU:2
2,MDCDEFAULT,1788521717217482.040	,0,NPU:2
2,MDCDEFAULT,1788521717317480.430	,0,NPU:2
2,MDCDEFAULT,1788521717417480.690	,0,NPU:2
2,MDCDEFAULT,1788521717517484.320	,0,NPU:2
2,MDCDEFAULT,1788521717617581.330	,0,NPU:2
2,MDCDEFAULT,1788521717717577.480	,0,NPU:2
2,MDCDEFAULT,1788521717817570.050	,0,NPU:2
2,MDCDEFAULT,1788521717917581.300	,0,NPU:2
2,MDCDEFAULT,1788521718017595.830	,0,NPU:2
2,MDCDEFAULT,1788521718117588.260	,0,NPU:2
2,MDCDEFAULT,1788521718217553.620	,0,NPU:2
2,MDCDEFAULT,1788521718317545.820	,0,NPU:2
2,MDCDEFAULT,1788521718417544.850	,0,NPU:2
2,MDCDEFAULT,1788521718517552.880	,0,NPU:2
2,MDCDEFAULT,1788521718617566.570	,0,NPU:2
2,MDCDEFAULT,1788521718717534.440	,0,NPU:2
2,MDCDEFAULT,1788521718817557.590	,0,NPU:2
2,MDCDEFAULT,1788521718917546.040	,0,NPU:2
2,MDCDEFAULT,1788521719017598.920	,0,NPU:2
2,MDCDEFAULT,1788521719117573.930	,0,NPU:2
2,MDCDEFAULT,1788521719217574.890	,0,NPU:2
2,MDCDEFAULT,1788521719317576.240	,0,NPU:2
2,MDCDEFAULT,1788521719417575.730	,0,NPU:2
2,MDCDEFAULT,1788521719517600.860	,0,NPU:2
2,MDCDEFAULT,1788521719617577.360	,0,NPU:2
2,MDCDEFAULT,1788521719717571.140	,0,NPU:2
2,MDCDEFAULT,1788521719817533.560	,0,NPU:2
2,MDCDEFAULT,1788521719917547.890	,0,NPU:2
2,MDCDEFAULT,1788521720017528.120	,0,NPU:2
2,MDCDEFAULT,1788521720117533.380	,0,NPU:2
2,MDCDEFAULT,1788521720217524.250	,0,NPU:2
2,MDCDEFAULT,1788521720317532.500	,0,NPU:2
2,MDCDEFAULT,1788521720417554.440	,0,NPU:2
2,MDCDEFAULT,1788521720517549.870	,0,NPU:2
2,MDCDEFAULT,1788521720579916.380	,0,NPU:2
2,MDCSC,1788521715717609.010	,0,NPU:2
2,MDCSC,1788521715817507.110	,0,NPU:2
2,MDCSC,1788521715917521.690	,0,NPU:2
2,MDCSC,1788521716017500.850	,0,NPU:2
2,MDCSC,1788521716117496.720	,0,NPU:2
2,MDCSC,1788521716217498.410	,0,NPU:2
2,MDCSC,1788521716317498.850	,0,NPU:2
2,MDCSC,1788521716417493.750	,0,NPU:2
2,MDCSC,1788521716517491.820	,0,NPU:2
2,MDCSC,1788521716617496.280	,0,NPU:2
2,MDCSC,1788521716717508.190	,0,NPU:2
2,MDCSC,1788521716817485.940	,0,NPU:2
2,MDCSC,1788521716917484.470	,0,NPU:2
2,MDCSC,1788521717017488.270	,0,NPU:2
2,MDCSC,1788521717117483.220	,0,NPU:2
2,MDCSC,1788521717217482.040	,0,NPU:2
2,MDCSC,1788521717317480.430	,0,NPU:2
2,MDCSC,1788521717417480.690	,0,NPU:2
2,MDCSC,1788521717517484.320	,0,NPU:2
2,MDCSC,1788521717617581.330	,0,NPU:2
2,MDCSC,1788521717717577.480	,0,NPU:2
2,MDCSC,1788521717817570.050	,0,NPU:2
2,MDCSC,1788521717917581.300	,0,NPU:2
2,MDCSC,1788521718017595.830	,0,NPU:2
2,MDCSC,1788521718117588.260	,0,NPU:2
2,MDCSC,1788521718217553.620	,0,NPU:2
2,MDCSC,1788521718317545.820	,0,NPU:2
2,MDCSC,1788521718417544.850	,0,NPU:2
2,MDCSC,1788521718517552.880	,0,NPU:2
2,MDCSC,1788521718617566.570	,0,NPU:2
2,MDCSC,1788521718717534.440	,0,NPU:2
2,MDCSC,1788521718817557.590	,0,NPU:2
2,MDCSC,1788521718917546.040	,0,NPU:2
2,MDCSC,1788521719017598.920	,0,NPU:2
2,MDCSC,1788521719117573.930	,0,NPU:2
2,MDCSC,1788521719217574.890	,0,NPU:2
2,MDCSC,1788521719317576.240	,0,NPU:2
2,MDCSC,1788521719417575.730	,0,NPU:2
2,MDCSC,1788521719517600.860	,0,NPU:2
2,MDCSC,1788521719617577.360	,0,NPU:2
2,MDCSC,1788521719717571.140	,0,NPU:2
2,MDCSC,1788521719817533.560	,0,NPU:2
2,MDCSC,1788521719917547.890	,0,NPU:2
2,MDCSC,1788521720017528.120	,0,NPU:2
2,MDCSC,1788521720117533.380	,0,NPU:2
2,MDCSC,1788521720217524.250	,0,NPU:2
2,MDCSC,1788521720317532.500	,0,NPU:2
2,MDCSC,1788521720417554.440	,0,NPU:2
2,MDCSC,1788521720517549.870	,0,NPU:2
2,MDCSC,1788521720579916.380	,0,NPU:2
2,MDCPNC,1788521715717609.010	,0,NPU:2
2,MDCPNC,1788521715817507.110	,0,NPU:2
2,MDCPNC,1788521715917521.690	,0,NPU:2
2,MDCPNC,1788521716017500.850	,0,NPU:2
2,MDCPNC,1788521716117496.720	,0,NPU:2
2,MDCPNC,1788521716217498.410	,0,NPU:2
2,MDCPNC,1788521716317498.850	,0,NPU:2
2,MDCPNC,1788521716417493.750	,0,NPU:2
2,MDCPNC,1788521716517491.820	,0,NPU:2
2,MDCPNC,1788521716617496.280	,0,NPU:2
2,MDCPNC,1788521716717508.190	,0,NPU:2
2,MDCPNC,1788521716817485.940	,0,NPU:2
2,MDCPNC,1788521716917484.470	,0,NPU:2
2,MDCPNC,1788521717017488.270	,0,NPU:2
2,MDCPNC,1788521717117483.220	,0,NPU:2
2,MDCPNC,1788521717217482.040	,0,NPU:2
2,MDCPNC,1788521717317480.430	,0,NPU:2
2,MDCPNC,1788521717417480.690	,0,NPU:2
2,MDCPNC,1788521717517484.320	,0,NPU:2
2,MDCPNC,1788521717617581.330	,0,NPU:2
2,MDCPNC,1788521717717577.480	,0,NPU:2
2,MDCPNC,1788521717817570.050	,0,NPU:2
2,MDCPNC,1788521717917581.300	,0,NPU:2
2,MDCPNC,1788521718017595.830	,0,NPU:2
2,MDCPNC,1788521718117588.260	,0,NPU:2
2,MDCPNC,1788521718217553.620	,0,NPU:2
2,MDCPNC,1788521718317545.820	,0,NPU:2
2,MDCPNC,1788521718417544.850	,0,NPU:2
2,MDCPNC,1788521718517552.880	,0,NPU:2
2,MDCPNC,1788521718617566.570	,0,NPU:2
2,MDCPNC,1788521718717534.440	,0,NPU:2
2,MDCPNC,1788521718817557.590	,0,NPU:2
2,MDCPNC,1788521718917546.040	,0,NPU:2
2,MDCPNC,1788521719017598.920	,0,NPU:2
2,MDCPNC,1788521719117573.930	,0,NPU:2
2,MDCPNC,1788521719217574.890	,0,NPU:2
2,MDCPNC,1788521719317576.240	,0,NPU:2
2,MDCPNC,1788521719417575.730	,0,NPU:2
2,MDCPNC,1788521719517600.860	,0,NPU:2
2,MDCPNC,1788521719617577.360	,0,NPU:2
2,MDCPNC,1788521719717571.140	,0,NPU:2
2,MDCPNC,1788521719817533.560	,0,NPU:2
2,MDCPNC,1788521719917547.890	,0,NPU:2
2,MDCPNC,1788521720017528.120	,0,NPU:2
2,MDCPNC,1788521720117533.380	,0,NPU:2
2,MDCPNC,1788521720217524.250	,0,NPU:2
2,MDCPNC,1788521720317532.500	,0,NPU:2
2,MDCPNC,1788521720417554.440	,0,NPU:2
2,MDCPNC,1788521720517549.870	,0,NPU:2
2,MDCPNC,1788521720579916.380	,0,NPU:2
2,MLL,1788521715717609.010	,0,NPU:2
2,MLL,1788521715817507.110	,0,NPU:2
2,MLL,1788521715917521.690	,0,NPU:2
2,MLL,1788521716017500.850	,0,NPU:2
2,MLL,1788521716117496.720	,0,NPU:2
2,MLL,1788521716217498.410	,0,NPU:2
2,MLL,1788521716317498.850	,0,NPU:2
2,MLL,1788521716417493.750	,0,NPU:2
2,MLL,1788521716517491.820	,0,NPU:2
2,MLL,1788521716617496.280	,0,NPU:2
2,MLL,1788521716717508.190	,0,NPU:2
2,MLL,1788521716817485.940	,0,NPU:2
2,MLL,1788521716917484.470	,0,NPU:2
2,MLL,1788521717017488.270	,0,NPU:2
2,MLL,1788521717117483.220	,0,NPU:2
2,MLL,1788521717217482.040	,0,NPU:2
2,MLL,1788521717317480.430	,0,NPU:2
2,MLL,1788521717417480.690	,0,NPU:2
2,MLL,1788521717517484.320	,0,NPU:2
2,MLL,1788521717617581.330	,0,NPU:2
2,MLL,1788521717717577.480	,0,NPU:2
2,MLL,1788521717817570.050	,0,NPU:2
2,MLL,1788521717917581.300	,0,NPU:2
2,MLL,1788521718017595.830	,0,NPU:2
2,MLL,1788521718117588.260	,0,NPU:2
2,MLL,1788521718217553.620	,0,NPU:2
2,MLL,1788521718317545.820	,0,NPU:2
2,MLL,1788521718417544.850	,0,NPU:2
2,MLL,1788521718517552.880	,0,NPU:2
2,MLL,1788521718617566.570	,0,NPU:2
2,MLL,1788521718717534.440	,0,NPU:2
2,MLL,1788521718817557.590	,0,NPU:2
2,MLL,1788521718917546.040	,0,NPU:2
2,MLL,1788521719017598.920	,0,NPU:2
2,MLL,1788521719117573.930	,0,NPU:2
2,MLL,1788521719217574.890	,0,NPU:2
2,MLL,1788521719317576.240	,0,NPU:2
2,MLL,1788521719417575.730	,0,NPU:2
2,MLL,1788521719517600.860	,0,NPU:2
2,MLL,1788521719617577.360	,0,NPU:2
2,MLL,1788521719717571.140	,0,NPU:2
2,MLL,1788521719817533.560	,0,NPU:2
2,MLL,1788521719917547.890	,0,NPU:2
2,MLL,1788521720017528.120	,0,NPU:2
2,MLL,1788521720117533.380	,0,NPU:2
2,MLL,1788521720217524.250	,0,NPU:2
2,MLL,1788521720317532.500	,0,NPU:2
2,MLL,1788521720417554.440	,0,NPU:2
2,MLL,1788521720517549.870	,0,NPU:2
2,MLL,1788521720579916.380	,0,NPU:2
2,DEVMM,1788521715717609.010	,0,NPU:2
2,DEVMM,1788521715817507.110	,0,NPU:2
2,DEVMM,1788521715917521.690	,0,NPU:2
2,DEVMM,1788521716017500.850	,0,NPU:2
2,DEVMM,1788521716117496.720	,0,NPU:2
2,DEVMM,1788521716217498.410	,0,NPU:2
2,DEVMM,1788521716317498.850	,0,NPU:2
2,DEVMM,1788521716417493.750	,0,NPU:2
2,DEVMM,1788521716517491.820	,0,NPU:2
2,DEVMM,1788521716617496.280	,0,NPU:2
2,DEVMM,1788521716717508.190	,0,NPU:2
2,DEVMM,1788521716817485.940	,0,NPU:2
2,DEVMM,1788521716917484.470	,0,NPU:2
2,DEVMM,1788521717017488.270	,0,NPU:2
2,DEVMM,1788521717117483.220	,0,NPU:2
2,DEVMM,1788521717217482.040	,0,NPU:2
2,DEVMM,1788521717317480.430	,0,NPU:2
2,DEVMM,1788521717417480.690	,0,NPU:2
2,DEVMM,1788521717517484.320	,0,NPU:2
2,DEVMM,1788521717617581.330	,0,NPU:2
2,DEVMM,1788521717717577.480	,0,NPU:2
2,DEVMM,1788521717817570.050	,0,NPU:2
2,DEVMM,1788521717917581.300	,0,NPU:2
2,DEVMM,1788521718017595.830	,0,NPU:2
2,DEVMM,1788521718117588.260	,0,NPU:2
2,DEVMM,1788521718217553.620	,0,NPU:2
2,DEVMM,1788521718317545.820	,0,NPU:2
2,DEVMM,1788521718417544.850	,0,NPU:2
2,DEVMM,1788521718517552.880	,0,NPU:2
2,DEVMM,1788521718617566.570	,0,NPU:2
2,DEVMM,1788521718717534.440	,0,NPU:2
2,DEVMM,1788521718817557.590	,0,NPU:2
2,DEVMM,1788521718917546.040	,0,NPU:2
2,DEVMM,1788521719017598.920	,0,NPU:2
2,DEVMM,1788521719117573.930	,0,NPU:2
2,DEVMM,1788521719217574.890	,0,NPU:2
2,DEVMM,1788521719317576.240	,0,NPU:2
2,DEVMM,1788521719417575.730	,0,NPU:2
2,DEVMM,1788521719517600.860	,0,NPU:2
2,DEVMM,1788521719617577.360	,0,NPU:2
2,DEVMM,1788521719717571.140	,0,NPU:2
2,DEVMM,1788521719817533.560	,0,NPU:2
2,DEVMM,1788521719917547.890	,0,NPU:2
2,DEVMM,1788521720017528.120	,0,NPU:2
2,DEVMM,1788521720117533.380	,0,NPU:2
2,DEVMM,1788521720217524.250	,0,NPU:2
2,DEVMM,1788521720317532.500	,0,NPU:2
2,DEVMM,1788521720417554.440	,0,NPU:2
2,DEVMM,1788521720517549.870	,0,NPU:2
2,DEVMM,1788521720579916.380	,0,NPU:2
2,KERNEL,1788521715717609.010	,0,NPU:2
2,KERNEL,1788521715817507.110	,0,NPU:2
2,KERNEL,1788521715917521.690	,0,NPU:2
2,KERNEL,1788521716017500.850	,0,NPU:2
2,KERNEL,1788521716117496.720	,0,NPU:2
2,KERNEL,1788521716217498.410	,0,NPU:2
2,KERNEL,1788521716317498.850	,0,NPU:2
2,KERNEL,1788521716417493.750	,0,NPU:2
2,KERNEL,1788521716517491.820	,0,NPU:2
2,KERNEL,1788521716617496.280	,0,NPU:2
2,KERNEL,1788521716717508.190	,0,NPU:2
2,KERNEL,1788521716817485.940	,0,NPU:2
2,KERNEL,1788521716917484.470	,0,NPU:2
2,KERNEL,1788521717017488.270	,0,NPU:2
2,KERNEL,1788521717117483.220	,0,NPU:2
2,KERNEL,1788521717217482.040	,0,NPU:2
2,KERNEL,1788521717317480.430	,0,NPU:2
2,KERNEL,1788521717417480.690	,0,NPU:2
2,KERNEL,1788521717517484.320	,0,NPU:2
2,KERNEL,1788521717617581.330	,0,NPU:2
2,KERNEL,1788521717717577.480	,0,NPU:2
2,KERNEL,1788521717817570.050	,0,NPU:2
2,KERNEL,1788521717917581.300	,0,NPU:2
2,KERNEL,1788521718017595.830	,0,NPU:2
2,KERNEL,1788521718117588.260	,0,NPU:2
2,KERNEL,1788521718217553.620	,0,NPU:2
2,KERNEL,1788521718317545.820	,0,NPU:2
2,KERNEL,1788521718417544.850	,0,NPU:2
2,KERNEL,1788521718517552.880	,0,NPU:2
2,KERNEL,1788521718617566.570	,0,NPU:2
2,KERNEL,1788521718717534.440	,0,NPU:2
2,KERNEL,1788521718817557.590	,0,NPU:2
2,KERNEL,1788521718917546.040	,0,NPU:2
2,KERNEL,1788521719017598.920	,0,NPU:2
2,KERNEL,1788521719117573.930	,0,NPU:2
2,KERNEL,1788521719217574.890	,0,NPU:2
2,KERNEL,1788521719317576.240	,0,NPU:2
2,KERNEL,1788521719417575.730	,0,NPU:2
2,KERNEL,1788521719517600.860	,0,NPU:2
2,KERNEL,1788521719617577.360	,0,NPU:2
2,KERNEL,1788521719717571.140	,0,NPU:2
2,KERNEL,1788521719817533.560	,0,NPU:2
2,KERNEL,1788521719917547.890	,0,NPU:2
2,KERNEL,1788521720017528.120	,0,NPU:2
2,KERNEL,1788521720117533.380	,0,NPU:2
2,KERNEL,1788521720217524.250	,0,NPU:2
2,KERNEL,1788521720317532.500	,0,NPU:2
2,KERNEL,1788521720417554.440	,0,NPU:2
2,KERNEL,1788521720517549.870	,0,NPU:2
2,KERNEL,1788521720579916.380	,0,NPU:2
2,LIBMEDIA,1788521715717609.010	,0,NPU:2
2,LIBMEDIA,1788521715817507.110	,0,NPU:2
2,LIBMEDIA,1788521715917521.690	,0,NPU:2
2,LIBMEDIA,1788521716017500.850	,0,NPU:2
2,LIBMEDIA,1788521716117496.720	,0,NPU:2
2,LIBMEDIA,1788521716217498.410	,0,NPU:2
2,LIBMEDIA,1788521716317498.850	,0,NPU:2
2,LIBMEDIA,1788521716417493.750	,0,NPU:2
2,LIBMEDIA,1788521716517491.820	,0,NPU:2
2,LIBMEDIA,1788521716617496.280	,0,NPU:2
2,LIBMEDIA,1788521716717508.190	,0,NPU:2
2,LIBMEDIA,1788521716817485.940	,0,NPU:2
2,LIBMEDIA,1788521716917484.470	,0,NPU:2
2,LIBMEDIA,1788521717017488.270	,0,NPU:2
2,LIBMEDIA,1788521717117483.220	,0,NPU:2
2,LIBMEDIA,1788521717217482.040	,0,NPU:2
2,LIBMEDIA,1788521717317480.430	,0,NPU:2
2,LIBMEDIA,1788521717417480.690	,0,NPU:2
2,LIBMEDIA,1788521717517484.320	,0,NPU:2
2,LIBMEDIA,1788521717617581.330	,0,NPU:2
2,LIBMEDIA,1788521717717577.480	,0,NPU:2
2,LIBMEDIA,1788521717817570.050	,0,NPU:2
2,LIBMEDIA,1788521717917581.300	,0,NPU:2
2,LIBMEDIA,1788521718017595.830	,0,NPU:2
2,LIBMEDIA,1788521718117588.260	,0,NPU:2
2,LIBMEDIA,1788521718217553.620	,0,NPU:2
2,LIBMEDIA,1788521718317545.820	,0,NPU:2
2,LIBMEDIA,1788521718417544.850	,0,NPU:2
2,LIBMEDIA,1788521718517552.880	,0,NPU:2
2,LIBMEDIA,1788521718617566.570	,0,NPU:2
2,LIBMEDIA,1788521718717534.440	,0,NPU:2
2,LIBMEDIA,1788521718817557.590	,0,NPU:2
2,LIBMEDIA,1788521718917546.040	,0,NPU:2
2,LIBMEDIA,1788521719017598.920	,0,NPU:2
2,LIBMEDIA,1788521719117573.930	,0,NPU:2
2,LIBMEDIA,1788521719217574.890	,0,NPU:2
2,LIBMEDIA,1788521719317576.240	,0,NPU:2
2,LIBMEDIA,1788521719417575.730	,0,NPU:2
2,LIBMEDIA,1788521719517600.860	,0,NPU:2
2,LIBMEDIA,1788521719617577.360	,0,NPU:2
2,LIBMEDIA,1788521719717571.140	,0,NPU:2
2,LIBMEDIA,1788521719817533.560	,0,NPU:2
2,LIBMEDIA,1788521719917547.890	,0,NPU:2
2,LIBMEDIA,1788521720017528.120	,0,NPU:2
2,LIBMEDIA,1788521720117533.380	,0,NPU:2
2,LIBMEDIA,1788521720217524.250	,0,NPU:2
2,LIBMEDIA,1788521720317532.500	,0,NPU:2
2,LIBMEDIA,1788521720417554.440	,0,NPU:2
2,LIBMEDIA,1788521720517549.870	,0,NPU:2
2,LIBMEDIA,1788521720579916.380	,0,NPU:2
2,CCECPU,1788521715717609.010	,0,NPU:2
2,CCECPU,1788521715817507.110	,0,NPU:2
2,CCECPU,1788521715917521.690	,0,NPU:2
2,CCECPU,1788521716017500.850	,0,NPU:2
2,CCECPU,1788521716117496.720	,0,NPU:2
2,CCECPU,1788521716217498.410	,0,NPU:2
2,CCECPU,1788521716317498.850	,0,NPU:2
2,CCECPU,1788521716417493.750	,0,NPU:2
2,CCECPU,1788521716517491.820	,0,NPU:2
2,CCECPU,1788521716617496.280	,0,NPU:2
2,CCECPU,1788521716717508.190	,0,NPU:2
2,CCECPU,1788521716817485.940	,0,NPU:2
2,CCECPU,1788521716917484.470	,0,NPU:2
2,CCECPU,1788521717017488.270	,0,NPU:2
2,CCECPU,1788521717117483.220	,0,NPU:2
2,CCECPU,1788521717217482.040	,0,NPU:2
2,CCECPU,1788521717317480.430	,0,NPU:2
2,CCECPU,1788521717417480.690	,0,NPU:2
2,CCECPU,1788521717517484.320	,0,NPU:2
2,CCECPU,1788521717617581.330	,0,NPU:2
2,CCECPU,1788521717717577.480	,0,NPU:2
2,CCECPU,1788521717817570.050	,0,NPU:2
2,CCECPU,1788521717917581.300	,0,NPU:2
2,CCECPU,1788521718017595.830	,0,NPU:2
2,CCECPU,1788521718117588.260	,0,NPU:2
2,CCECPU,1788521718217553.620	,0,NPU:2
2,CCECPU,1788521718317545.820	,0,NPU:2
2,CCECPU,1788521718417544.850	,0,NPU:2
2,CCECPU,1788521718517552.880	,0,NPU:2
2,CCECPU,1788521718617566.570	,0,NPU:2
2,CCECPU,1788521718717534.440	,0,NPU:2
2,CCECPU,1788521718817557.590	,0,NPU:2
2,CCECPU,1788521718917546.040	,0,NPU:2
2,CCECPU,1788521719017598.920	,0,NPU:2
2,CCECPU,1788521719117573.930	,0,NPU:2
2,CCECPU,1788521719217574.890	,0,NPU:2
2,CCECPU,1788521719317576.240	,0,NPU:2
2,CCECPU,1788521719417575.730	,0,NPU:2
2,CCECPU,1788521719517600.860	,0,NPU:2
2,CCECPU,1788521719617577.360	,0,NPU:2
2,CCECPU,1788521719717571.140	,0,NPU:2
2,CCECPU,1788521719817533.560	,0,NPU:2
2,CCECPU,1788521719917547.890	,0,NPU:2
2,CCECPU,1788521720017528.120	,0,NPU:2
2,CCECPU,1788521720117533.380	,0,NPU:2
2,CCECPU,1788521720217524.250	,0,NPU:2
2,CCECPU,1788521720317532.500	,0,NPU:2
2,CCECPU,1788521720417554.440	,0,NPU:2
2,CCECPU,1788521720517549.870	,0,NPU:2
2,CCECPU,1788521720579916.380	,0,NPU:2
2,ASCENDDK,1788521715717609.010	,0,NPU:2
2,ASCENDDK,1788521715817507.110	,0,NPU:2
2,ASCENDDK,1788521715917521.690	,0,NPU:2
2,ASCENDDK,1788521716017500.850	,0,NPU:2
2,ASCENDDK,1788521716117496.720	,0,NPU:2
2,ASCENDDK,1788521716217498.410	,0,NPU:2
2,ASCENDDK,1788521716317498.850	,0,NPU:2
2,ASCENDDK,1788521716417493.750	,0,NPU:2
2,ASCENDDK,1788521716517491.820	,0,NPU:2
2,ASCENDDK,1788521716617496.280	,0,NPU:2
2,ASCENDDK,1788521716717508.190	,0,NPU:2
2,ASCENDDK,1788521716817485.940	,0,NPU:2
2,ASCENDDK,1788521716917484.470	,0,NPU:2
2,ASCENDDK,1788521717017488.270	,0,NPU:2
2,ASCENDDK,1788521717117483.220	,0,NPU:2
2,ASCENDDK,1788521717217482.040	,0,NPU:2
2,ASCENDDK,1788521717317480.430	,0,NPU:2
2,ASCENDDK,1788521717417480.690	,0,NPU:2
2,ASCENDDK,1788521717517484.320	,0,NPU:2
2,ASCENDDK,1788521717617581.330	,0,NPU:2
2,ASCENDDK,1788521717717577.480	,0,NPU:2
2,ASCENDDK,1788521717817570.050	,0,NPU:2
2,ASCENDDK,1788521717917581.300	,0,NPU:2
2,ASCENDDK,1788521718017595.830	,0,NPU:2
2,ASCENDDK,1788521718117588.260	,0,NPU:2
2,ASCENDDK,1788521718217553.620	,0,NPU:2
2,ASCENDDK,1788521718317545.820	,0,NPU:2
2,ASCENDDK,1788521718417544.850	,0,NPU:2
2,ASCENDDK,1788521718517552.880	,0,NPU:2
2,ASCENDDK,1788521718617566.570	,0,NPU:2
2,ASCENDDK,1788521718717534.440	,0,NPU:2
2,ASCENDDK,1788521718817557.590	,0,NPU:2
2,ASCENDDK,1788521718917546.040	,0,NPU:2
2,ASCENDDK,1788521719017598.920	,0,NPU:2
2,ASCENDDK,1788521719117573.930	,0,NPU:2
2,ASCENDDK,1788521719217574.890	,0,NPU:2
2,ASCENDDK,1788521719317576.240	,0,NPU:2
2,ASCENDDK,1788521719417575.730	,0,NPU:2
2,ASCENDDK,1788521719517600.860	,0,NPU:2
2,ASCENDDK,1788521719617577.360	,0,NPU:2
2,ASCENDDK,1788521719717571.140	,0,NPU:2
2,ASCENDDK,1788521719817533.560	,0,NPU:2
2,ASCENDDK,1788521719917547.890	,0,NPU:2
2,ASCENDDK,1788521720017528.120	,0,NPU:2
2,ASCENDDK,1788521720117533.380	,0,NPU:2
2,ASCENDDK,1788521720217524.250	,0,NPU:2
2,ASCENDDK,1788521720317532.500	,0,NPU:2
2,ASCENDDK,1788521720417554.440	,0,NPU:2
2,ASCENDDK,1788521720517549.870	,0,NPU:2
2,ASCENDDK,1788521720579916.380	,0,NPU:2
2,ROS,1788521715717609.010	,0,NPU:2
2,ROS,1788521715817507.110	,0,NPU:2
2,ROS,1788521715917521.690	,0,NPU:2
2,ROS,1788521716017500.850	,0,NPU:2
2,ROS,1788521716117496.720	,0,NPU:2
2,ROS,1788521716217498.410	,0,NPU:2
2,ROS,1788521716317498.850	,0,NPU:2
2,ROS,1788521716417493.750	,0,NPU:2
2,ROS,1788521716517491.820	,0,NPU:2
2,ROS,1788521716617496.280	,0,NPU:2
2,ROS,1788521716717508.190	,0,NPU:2
2,ROS,1788521716817485.940	,0,NPU:2
2,ROS,1788521716917484.470	,0,NPU:2
2,ROS,1788521717017488.270	,0,NPU:2
2,ROS,1788521717117483.220	,0,NPU:2
2,ROS,1788521717217482.040	,0,NPU:2
2,ROS,1788521717317480.430	,0,NPU:2
2,ROS,1788521717417480.690	,0,NPU:2
2,ROS,1788521717517484.320	,0,NPU:2
2,ROS,1788521717617581.330	,0,NPU:2
2,ROS,1788521717717577.480	,0,NPU:2
2,ROS,1788521717817570.050	,0,NPU:2
2,ROS,1788521717917581.300	,0,NPU:2
2,ROS,1788521718017595.830	,0,NPU:2
2,ROS,1788521718117588.260	,0,NPU:2
2,ROS,1788521718217553.620	,0,NPU:2
2,ROS,1788521718317545.820	,0,NPU:2
2,ROS,1788521718417544.850	,0,NPU:2
2,ROS,1788521718517552.880	,0,NPU:2
2,ROS,1788521718617566.570	,0,NPU:2
2,ROS,1788521718717534.440	,0,NPU:2
2,ROS,1788521718817557.590	,0,NPU:2
2,ROS,1788521718917546.040	,0,NPU:2
2,ROS,1788521719017598.920	,0,NPU:2
2,ROS,1788521719117573.930	,0,NPU:2
2,ROS,1788521719217574.890	,0,NPU:2
2,ROS,1788521719317576.240	,0,NPU:2
2,ROS,1788521719417575.730	,0,NPU:2
2,ROS,1788521719517600.860	,0,NPU:2
2,ROS,1788521719617577.360	,0,NPU:2
2,ROS,1788521719717571.140	,0,NPU:2
2,ROS,1788521719817533.560	,0,NPU:2
2,ROS,1788521719917547.890	,0,NPU:2
2,ROS,1788521720017528.120	,0,NPU:2
2,ROS,1788521720117533.380	,0,NPU:2
2,ROS,1788521720217524.250	,0,NPU:2
2,ROS,1788521720317532.500	,0,NPU:2
2,ROS,1788521720417554.440	,0,NPU:2
2,ROS,1788521720517549.870	,0,NPU:2
2,ROS,1788521720579916.380	,0,NPU:2
2,HCCP,1788521715717609.010	,0,NPU:2
2,HCCP,1788521715817507.110	,0,NPU:2
2,HCCP,1788521715917521.690	,0,NPU:2
2,HCCP,1788521716017500.850	,0,NPU:2
2,HCCP,1788521716117496.720	,0,NPU:2
2,HCCP,1788521716217498.410	,0,NPU:2
2,HCCP,1788521716317498.850	,0,NPU:2
2,HCCP,1788521716417493.750	,0,NPU:2
2,HCCP,1788521716517491.820	,0,NPU:2
2,HCCP,1788521716617496.280	,0,NPU:2
2,HCCP,1788521716717508.190	,0,NPU:2
2,HCCP,1788521716817485.940	,0,NPU:2
2,HCCP,1788521716917484.470	,0,NPU:2
2,HCCP,1788521717017488.270	,0,NPU:2
2,HCCP,1788521717117483.220	,0,NPU:2
2,HCCP,1788521717217482.040	,0,NPU:2
2,HCCP,1788521717317480.430	,0,NPU:2
2,HCCP,1788521717417480.690	,0,NPU:2
2,HCCP,1788521717517484.320	,0,NPU:2
2,HCCP,1788521717617581.330	,0,NPU:2
2,HCCP,1788521717717577.480	,0,NPU:2
2,HCCP,1788521717817570.050	,0,NPU:2
2,HCCP,1788521717917581.300	,0,NPU:2
2,HCCP,1788521718017595.830	,0,NPU:2
2,HCCP,1788521718117588.260	,0,NPU:2
2,HCCP,1788521718217553.620	,0,NPU:2
2,HCCP,1788521718317545.820	,0,NPU:2
2,HCCP,1788521718417544.850	,0,NPU:2
2,HCCP,1788521718517552.880	,0,NPU:2
2,HCCP,1788521718617566.570	,0,NPU:2
2,HCCP,1788521718717534.440	,0,NPU:2
2,HCCP,1788521718817557.590	,0,NPU:2
2,HCCP,1788521718917546.040	,0,NPU:2
2,HCCP,1788521719017598.920	,0,NPU:2
2,HCCP,1788521719117573.930	,0,NPU:2
2,HCCP,1788521719217574.890	,0,NPU:2
2,HCCP,1788521719317576.240	,0,NPU:2
2,HCCP,1788521719417575.730	,0,NPU:2
2,HCCP,1788521719517600.860	,0,NPU:2
2,HCCP,1788521719617577.360	,0,NPU:2
2,HCCP,1788521719717571.140	,0,NPU:2
2,HCCP,1788521719817533.560	,0,NPU:2
2,HCCP,1788521719917547.890	,0,NPU:2
2,HCCP,1788521720017528.120	,0,NPU:2
2,HCCP,1788521720117533.380	,0,NPU:2
2,HCCP,1788521720217524.250	,0,NPU:2
2,HCCP,1788521720317532.500	,0,NPU:2
2,HCCP,1788521720417554.440	,0,NPU:2
2,HCCP,1788521720517549.870	,0,NPU:2
2,HCCP,1788521720579916.380	,0,NPU:2
2,ROCE,1788521715717609.010	,0,NPU:2
2,ROCE,1788521715817507.110	,0,NPU:2
2,ROCE,1788521715917521.690	,0,NPU:2
2,ROCE,1788521716017500.850	,0,NPU:2
2,ROCE,1788521716117496.720	,0,NPU:2
2,ROCE,1788521716217498.410	,0,NPU:2
2,ROCE,1788521716317498.850	,0,NPU:2
2,ROCE,1788521716417493.750	,0,NPU:2
2,ROCE,1788521716517491.820	,0,NPU:2
2,ROCE,1788521716617496.280	,0,NPU:2
2,ROCE,1788521716717508.190	,0,NPU:2
2,ROCE,1788521716817485.940	,0,NPU:2
2,ROCE,1788521716917484.470	,0,NPU:2
2,ROCE,1788521717017488.270	,0,NPU:2
2,ROCE,1788521717117483.220	,0,NPU:2
2,ROCE,1788521717217482.040	,0,NPU:2
2,ROCE,1788521717317480.430	,0,NPU:2
2,ROCE,1788521717417480.690	,0,NPU:2
2,ROCE,1788521717517484.320	,0,NPU:2
2,ROCE,1788521717617581.330	,0,NPU:2
2,ROCE,1788521717717577.480	,0,NPU:2
2,ROCE,1788521717817570.050	,0,NPU:2
2,ROCE,1788521717917581.300	,0,NPU:2
2,ROCE,1788521718017595.830	,0,NPU:2
2,ROCE,1788521718117588.260	,0,NPU:2
2,ROCE,1788521718217553.620	,0,NPU:2
2,ROCE,1788521718317545.820	,0,NPU:2
2,ROCE,1788521718417544.850	,0,NPU:2
2,ROCE,1788521718517552.880	,0,NPU:2
2,ROCE,1788521718617566.570	,0,NPU:2
2,ROCE,1788521718717534.440	,0,NPU:2
2,ROCE,1788521718817557.590	,0,NPU:2
2,ROCE,1788521718917546.040	,0,NPU:2
2,ROCE,1788521719017598.920	,0,NPU:2
2,ROCE,1788521719117573.930	,0,NPU:2
2,ROCE,1788521719217574.890	,0,NPU:2
2,ROCE,1788521719317576.240	,0,NPU:2
2,ROCE,1788521719417575.730	,0,NPU:2
2,ROCE,1788521719517600.860	,0,NPU:2
2,ROCE,1788521719617577.360	,0,NPU:2
2,ROCE,1788521719717571.140	,0,NPU:2
2,ROCE,1788521719817533.560	,0,NPU:2
2,ROCE,1788521719917547.890	,0,NPU:2
2,ROCE,1788521720017528.120	,0,NPU:2
2,ROCE,1788521720117533.380	,0,NPU:2
2,ROCE,1788521720217524.250	,0,NPU:2
2,ROCE,1788521720317532.500	,0,NPU:2
2,ROCE,1788521720417554.440	,0,NPU:2
2,ROCE,1788521720517549.870	,0,NPU:2
2,ROCE,1788521720579916.380	,0,NPU:2
2,TEFUSION,1788521715717609.010	,0,NPU:2
2,TEFUSION,1788521715817507.110	,0,NPU:2
2,TEFUSION,1788521715917521.690	,0,NPU:2
2,TEFUSION,1788521716017500.850	,0,NPU:2
2,TEFUSION,1788521716117496.720	,0,NPU:2
2,TEFUSION,1788521716217498.410	,0,NPU:2
2,TEFUSION,1788521716317498.850	,0,NPU:2
2,TEFUSION,1788521716417493.750	,0,NPU:2
2,TEFUSION,1788521716517491.820	,0,NPU:2
2,TEFUSION,1788521716617496.280	,0,NPU:2
2,TEFUSION,1788521716717508.190	,0,NPU:2
2,TEFUSION,1788521716817485.940	,0,NPU:2
2,TEFUSION,1788521716917484.470	,0,NPU:2
2,TEFUSION,1788521717017488.270	,0,NPU:2
2,TEFUSION,1788521717117483.220	,0,NPU:2
2,TEFUSION,1788521717217482.040	,0,NPU:2
2,TEFUSION,1788521717317480.430	,0,NPU:2
2,TEFUSION,1788521717417480.690	,0,NPU:2
2,TEFUSION,1788521717517484.320	,0,NPU:2
2,TEFUSION,1788521717617581.330	,0,NPU:2
2,TEFUSION,1788521717717577.480	,0,NPU:2
2,TEFUSION,1788521717817570.050	,0,NPU:2
2,TEFUSION,1788521717917581.300	,0,NPU:2
2,TEFUSION,1788521718017595.830	,0,NPU:2
2,TEFUSION,1788521718117588.260	,0,NPU:2
2,TEFUSION,1788521718217553.620	,0,NPU:2
2,TEFUSION,1788521718317545.820	,0,NPU:2
2,TEFUSION,1788521718417544.850	,0,NPU:2
2,TEFUSION,1788521718517552.880	,0,NPU:2
2,TEFUSION,1788521718617566.570	,0,NPU:2
2,TEFUSION,1788521718717534.440	,0,NPU:2
2,TEFUSION,1788521718817557.590	,0,NPU:2
2,TEFUSION,1788521718917546.040	,0,NPU:2
2,TEFUSION,1788521719017598.920	,0,NPU:2
2,TEFUSION,1788521719117573.930	,0,NPU:2
2,TEFUSION,1788521719217574.890	,0,NPU:2
2,TEFUSION,1788521719317576.240	,0,NPU:2
2,TEFUSION,1788521719417575.730	,0,NPU:2
2,TEFUSION,1788521719517600.860	,0,NPU:2
2,TEFUSION,1788521719617577.360	,0,NPU:2
2,TEFUSION,1788521719717571.140	,0,NPU:2
2,TEFUSION,1788521719817533.560	,0,NPU:2
2,TEFUSION,1788521719917547.890	,0,NPU:2
2,TEFUSION,1788521720017528.120	,0,NPU:2
2,TEFUSION,1788521720117533.380	,0,NPU:2
2,TEFUSION,1788521720217524.250	,0,NPU:2
2,TEFUSION,1788521720317532.500	,0,NPU:2
2,TEFUSION,1788521720417554.440	,0,NPU:2
2,TEFUSION,1788521720517549.870	,0,NPU:2
2,TEFUSION,1788521720579916.380	,0,NPU:2
2,PROFILING,1788521715717609.010	,0,NPU:2
2,PROFILING,1788521715817507.110	,0,NPU:2
2,PROFILING,1788521715917521.690	,0,NPU:2
2,PROFILING,1788521716017500.850	,0,NPU:2
2,PROFILING,1788521716117496.720	,0,NPU:2
2,PROFILING,1788521716217498.410	,0,NPU:2
2,PROFILING,1788521716317498.850	,0,NPU:2
2,PROFILING,1788521716417493.750	,0,NPU:2
2,PROFILING,1788521716517491.820	,0,NPU:2
2,PROFILING,1788521716617496.280	,0,NPU:2
2,PROFILING,1788521716717508.190	,0,NPU:2
2,PROFILING,1788521716817485.940	,0,NPU:2
2,PROFILING,1788521716917484.470	,0,NPU:2
2,PROFILING,1788521717017488.270	,0,NPU:2
2,PROFILING,1788521717117483.220	,0,NPU:2
2,PROFILING,1788521717217482.040	,0,NPU:2
2,PROFILING,1788521717317480.430	,0,NPU:2
2,PROFILING,1788521717417480.690	,0,NPU:2
2,PROFILING,1788521717517484.320	,0,NPU:2
2,PROFILING,1788521717617581.330	,0,NPU:2
2,PROFILING,1788521717717577.480	,0,NPU:2
2,PROFILING,1788521717817570.050	,0,NPU:2
2,PROFILING,1788521717917581.300	,0,NPU:2
2,PROFILING,1788521718017595.830	,0,NPU:2
2,PROFILING,1788521718117588.260	,0,NPU:2
2,PROFILING,1788521718217553.620	,0,NPU:2
2,PROFILING,1788521718317545.820	,0,NPU:2
2,PROFILING,1788521718417544.850	,0,NPU:2
2,PROFILING,1788521718517552.880	,0,NPU:2
2,PROFILING,1788521718617566.570	,0,NPU:2
2,PROFILING,1788521718717534.440	,0,NPU:2
2,PROFILING,1788521718817557.590	,0,NPU:2
2,PROFILING,1788521718917546.040	,0,NPU:2
2,PROFILING,1788521719017598.920	,0,NPU:2
2,PROFILING,1788521719117573.930	,0,NPU:2
2,PROFILING,1788521719217574.890	,0,NPU:2
2,PROFILING,1788521719317576.240	,0,NPU:2
2,PROFILING,1788521719417575.730	,0,NPU:2
2,PROFILING,1788521719517600.860	,0,NPU:2
2,PROFILING,1788521719617577.360	,0,NPU:2
2,PROFILING,1788521719717571.140	,0,NPU:2
2,PROFILING,1788521719817533.560	,0,NPU:2
2,PROFILING,1788521719917547.890	,0,NPU:2
2,PROFILING,1788521720017528.120	,0,NPU:2
2,PROFILING,1788521720117533.380	,0,NPU:2
2,PROFILING,1788521720217524.250	,0,NPU:2
2,PROFILING,1788521720317532.500	,0,NPU:2
2,PROFILING,1788521720417554.440	,0,NPU:2
2,PROFILING,1788521720517549.870	,0,NPU:2
2,PROFILING,1788521720579916.380	,0,NPU:2
2,DP,1788521715717609.010	,0,NPU:2
2,DP,1788521715817507.110	,0,NPU:2
2,DP,1788521715917521.690	,0,NPU:2
2,DP,1788521716017500.850	,0,NPU:2
2,DP,1788521716117496.720	,0,NPU:2
2,DP,1788521716217498.410	,0,NPU:2
2,DP,1788521716317498.850	,0,NPU:2
2,DP,1788521716417493.750	,0,NPU:2
2,DP,1788521716517491.820	,0,NPU:2
2,DP,1788521716617496.280	,0,NPU:2
2,DP,1788521716717508.190	,0,NPU:2
2,DP,1788521716817485.940	,0,NPU:2
2,DP,1788521716917484.470	,0,NPU:2
2,DP,1788521717017488.270	,0,NPU:2
2,DP,1788521717117483.220	,0,NPU:2
2,DP,1788521717217482.040	,0,NPU:2
2,DP,1788521717317480.430	,0,NPU:2
2,DP,1788521717417480.690	,0,NPU:2
2,DP,1788521717517484.320	,0,NPU:2
2,DP,1788521717617581.330	,0,NPU:2
2,DP,1788521717717577.480	,0,NPU:2
2,DP,1788521717817570.050	,0,NPU:2
2,DP,1788521717917581.300	,0,NPU:2
2,DP,1788521718017595.830	,0,NPU:2
2,DP,1788521718117588.260	,0,NPU:2
2,DP,1788521718217553.620	,0,NPU:2
2,DP,1788521718317545.820	,0,NPU:2
2,DP,1788521718417544.850	,0,NPU:2
2,DP,1788521718517552.880	,0,NPU:2
2,DP,1788521718617566.570	,0,NPU:2
2,DP,1788521718717534.440	,0,NPU:2
2,DP,1788521718817557.590	,0,NPU:2
2,DP,1788521718917546.040	,0,NPU:2
2,DP,1788521719017598.920	,0,NPU:2
2,DP,1788521719117573.930	,0,NPU:2
2,DP,1788521719217574.890	,0,NPU:2
2,DP,1788521719317576.240	,0,NPU:2
2,DP,1788521719417575.730	,0,NPU:2
2,DP,1788521719517600.860	,0,NPU:2
2,DP,1788521719617577.360	,0,NPU:2
2,DP,1788521719717571.140	,0,NPU:2
2,DP,1788521719817533.560	,0,NPU:2
2,DP,1788521719917547.890	,0,NPU:2
2,DP,1788521720017528.120	,0,NPU:2
2,DP,1788521720117533.380	,0,NPU:2
2,DP,1788521720217524.250	,0,NPU:2
2,DP,1788521720317532.500	,0,NPU:2
2,DP,1788521720417554.440	,0,NPU:2
2,DP,1788521720517549.870	,0,NPU:2
2,DP,1788521720579916.380	,0,NPU:2
2,APP,1788521715717609.010	,3897344.0,NPU:2
2,APP,1788521715817507.110	,3897344.0,NPU:2
2,APP,1788521715917521.690	,3897344.0,NPU:2
2,APP,1788521716017500.850	,3897344.0,NPU:2
2,APP,1788521716117496.720	,3897344.0,NPU:2
2,APP,1788521716217498.410	,3897344.0,NPU:2
2,APP,1788521716317498.850	,3897344.0,NPU:2
2,APP,1788521716417493.750	,3897344.0,NPU:2
2,APP,1788521716517491.820	,3897344.0,NPU:2
2,APP,1788521716617496.280	,3897344.0,NPU:2
2,APP,1788521716717508.190	,3897344.0,NPU:2
2,APP,1788521716817485.940	,3897344.0,NPU:2
2,APP,1788521716917484.470	,3897344.0,NPU:2
2,APP,1788521717017488.270	,3897344.0,NPU:2
2,APP,1788521717117483.220	,3897344.0,NPU:2
2,APP,1788521717217482.040	,3897344.0,NPU:2
2,APP,1788521717317480.430	,3897344.0,NPU:2
2,APP,1788521717417480.690	,3897344.0,NPU:2
2,APP,1788521717517484.320	,3897344.0,NPU:2
2,APP,1788521717617581.330	,3897344.0,NPU:2
2,APP,1788521717717577.480	,3897344.0,NPU:2
2,APP,1788521717817570.050	,3897344.0,NPU:2
2,APP,1788521717917581.300	,3897344.0,NPU:2
2,APP,1788521718017595.830	,3897344.0,NPU:2
2,APP,1788521718117588.260	,3897344.0,NPU:2
2,APP,1788521718217553.620	,3897344.0,NPU:2
2,APP,1788521718317545.820	,3897344.0,NPU:2
2,APP,1788521718417544.850	,3897344.0,NPU:2
2,APP,1788521718517552.880	,3897344.0,NPU:2
2,APP,1788521718617566.570	,3897344.0,NPU:2
2,APP,1788521718717534.440	,3897344.0,NPU:2
2,APP,1788521718817557.590	,3897344.0,NPU:2
2,APP,1788521718917546.040	,3897344.0,NPU:2
2,APP,1788521719017598.920	,3897344.0,NPU:2
2,APP,1788521719117573.930	,3897344.0,NPU:2
2,APP,1788521719217574.890	,3897344.0,NPU:2
2,APP,1788521719317576.240	,3897344.0,NPU:2
2,APP,1788521719417575.730	,3897344.0,NPU:2
2,APP,1788521719517600.860	,3897344.0,NPU:2
2,APP,1788521719617577.360	,3897344.0,NPU:2
2,APP,1788521719717571.140	,3897344.0,NPU:2
2,APP,1788521719817533.560	,3897344.0,NPU:2
2,APP,1788521719917547.890	,3897344.0,NPU:2
2,APP,1788521720017528.120	,3897344.0,NPU:2
2,APP,1788521720117533.380	,3897344.0,NPU:2
2,APP,1788521720217524.250	,3897344.0,NPU:2
2,APP,1788521720317532.500	,3897344.0,NPU:2
2,APP,1788521720417554.440	,3897344.0,NPU:2
2,APP,1788521720517549.870	,3897344.0,NPU:2
2,APP,1788521720579916.380	,3897344.0,NPU:2
2,TS,1788521715717609.010	,0,NPU:2
2,TS,1788521715817507.110	,0,NPU:2
2,TS,1788521715917521.690	,0,NPU:2
2,TS,1788521716017500.850	,0,NPU:2
2,TS,1788521716117496.720	,0,NPU:2
2,TS,1788521716217498.410	,0,NPU:2
2,TS,1788521716317498.850	,0,NPU:2
2,TS,1788521716417493.750	,0,NPU:2
2,TS,1788521716517491.820	,0,NPU:2
2,TS,1788521716617496.280	,0,NPU:2
2,TS,1788521716717508.190	,0,NPU:2
2,TS,1788521716817485.940	,0,NPU:2
2,TS,1788521716917484.470	,0,NPU:2
2,TS,1788521717017488.270	,0,NPU:2
2,TS,1788521717117483.220	,0,NPU:2
2,TS,1788521717217482.040	,0,NPU:2
2,TS,1788521717317480.430	,0,NPU:2
2,TS,1788521717417480.690	,0,NPU:2
2,TS,1788521717517484.320	,0,NPU:2
2,TS,1788521717617581.330	,0,NPU:2
2,TS,1788521717717577.480	,0,NPU:2
2,TS,1788521717817570.050	,0,NPU:2
2,TS,1788521717917581.300	,0,NPU:2
2,TS,1788521718017595.830	,0,NPU:2
2,TS,1788521718117588.260	,0,NPU:2
2,TS,1788521718217553.620	,0,NPU:2
2,TS,1788521718317545.820	,0,NPU:2
2,TS,1788521718417544.850	,0,NPU:2
2,TS,1788521718517552.880	,0,NPU:2
2,TS,1788521718617566.570	,0,NPU:2
2,TS,1788521718717534.440	,0,NPU:2
2,TS,1788521718817557.590	,0,NPU:2
2,TS,1788521718917546.040	,0,NPU:2
2,TS,1788521719017598.920	,0,NPU:2
2,TS,1788521719117573.930	,0,NPU:2
2,TS,1788521719217574.890	,0,NPU:2
2,TS,1788521719317576.240	,0,NPU:2
2,TS,1788521719417575.730	,0,NPU:2
2,TS,1788521719517600.860	,0,NPU:2
2,TS,1788521719617577.360	,0,NPU:2
2,TS,1788521719717571.140	,0,NPU:2
2,TS,1788521719817533.560	,0,NPU:2
2,TS,1788521719917547.890	,0,NPU:2
2,TS,1788521720017528.120	,0,NPU:2
2,TS,1788521720117533.380	,0,NPU:2
2,TS,1788521720217524.250	,0,NPU:2
2,TS,1788521720317532.500	,0,NPU:2
2,TS,1788521720417554.440	,0,NPU:2
2,TS,1788521720517549.870	,0,NPU:2
2,TS,1788521720579916.380	,0,NPU:2
2,TSDUMP,1788521715717609.010	,0,NPU:2
2,TSDUMP,1788521715817507.110	,0,NPU:2
2,TSDUMP,1788521715917521.690	,0,NPU:2
2,TSDUMP,1788521716017500.850	,0,NPU:2
2,TSDUMP,1788521716117496.720	,0,NPU:2
2,TSDUMP,1788521716217498.410	,0,NPU:2
2,TSDUMP,1788521716317498.850	,0,NPU:2
2,TSDUMP,1788521716417493.750	,0,NPU:2
2,TSDUMP,1788521716517491.820	,0,NPU:2
2,TSDUMP,1788521716617496.280	,0,NPU:2
2,TSDUMP,1788521716717508.190	,0,NPU:2
2,TSDUMP,1788521716817485.940	,0,NPU:2
2,TSDUMP,1788521716917484.470	,0,NPU:2
2,TSDUMP,1788521717017488.270	,0,NPU:2
2,TSDUMP,1788521717117483.220	,0,NPU:2
2,TSDUMP,1788521717217482.040	,0,NPU:2
2,TSDUMP,1788521717317480.430	,0,NPU:2
2,TSDUMP,1788521717417480.690	,0,NPU:2
2,TSDUMP,1788521717517484.320	,0,NPU:2
2,TSDUMP,1788521717617581.330	,0,NPU:2
2,TSDUMP,1788521717717577.480	,0,NPU:2
2,TSDUMP,1788521717817570.050	,0,NPU:2
2,TSDUMP,1788521717917581.300	,0,NPU:2
2,TSDUMP,1788521718017595.830	,0,NPU:2
2,TSDUMP,1788521718117588.260	,0,NPU:2
2,TSDUMP,1788521718217553.620	,0,NPU:2
2,TSDUMP,1788521718317545.820	,0,NPU:2
2,TSDUMP,1788521718417544.850	,0,NPU:2
2,TSDUMP,1788521718517552.880	,0,NPU:2
2,TSDUMP,1788521718617566.570	,0,NPU:2
2,TSDUMP,1788521718717534.440	,0,NPU:2
2,TSDUMP,1788521718817557.590	,0,NPU:2
2,TSDUMP,1788521718917546.040	,0,NPU:2
2,TSDUMP,1788521719017598.920	,0,NPU:2
2,TSDUMP,1788521719117573.930	,0,NPU:2
2,TSDUMP,1788521719217574.890	,0,NPU:2
2,TSDUMP,1788521719317576.240	,0,NPU:2
2,TSDUMP,1788521719417575.730	,0,NPU:2
2,TSDUMP,1788521719517600.860	,0,NPU:2
2,TSDUMP,1788521719617577.360	,0,NPU:2
2,TSDUMP,1788521719717571.140	,0,NPU:2
2,TSDUMP,1788521719817533.560	,0,NPU:2
2,TSDUMP,1788521719917547.890	,0,NPU:2
2,TSDUMP,1788521720017528.120	,0,NPU:2
2,TSDUMP,1788521720117533.380	,0,NPU:2
2,TSDUMP,1788521720217524.250	,0,NPU:2
2,TSDUMP,1788521720317532.500	,0,NPU:2
2,TSDUMP,1788521720417554.440	,0,NPU:2
2,TSDUMP,1788521720517549.870	,0,NPU:2
2,TSDUMP,1788521720579916.380	,0,NPU:2
2,AICPU,1788521715717609.010	,0,NPU:2
2,AICPU,1788521715817507.110	,0,NPU:2
2,AICPU,1788521715917521.690	,0,NPU:2
2,AICPU,1788521716017500.850	,0,NPU:2
2,AICPU,1788521716117496.720	,0,NPU:2
2,AICPU,1788521716217498.410	,0,NPU:2
2,AICPU,1788521716317498.850	,0,NPU:2
2,AICPU,1788521716417493.750	,0,NPU:2
2,AICPU,1788521716517491.820	,0,NPU:2
2,AICPU,1788521716617496.280	,0,NPU:2
2,AICPU,1788521716717508.190	,0,NPU:2
2,AICPU,1788521716817485.940	,0,NPU:2
2,AICPU,1788521716917484.470	,0,NPU:2
2,AICPU,1788521717017488.270	,0,NPU:2
2,AICPU,1788521717117483.220	,0,NPU:2
2,AICPU,1788521717217482.040	,0,NPU:2
2,AICPU,1788521717317480.430	,0,NPU:2
2,AICPU,1788521717417480.690	,0,NPU:2
2,AICPU,1788521717517484.320	,0,NPU:2
2,AICPU,1788521717617581.330	,0,NPU:2
2,AICPU,1788521717717577.480	,0,NPU:2
2,AICPU,1788521717817570.050	,0,NPU:2
2,AICPU,1788521717917581.300	,0,NPU:2
2,AICPU,1788521718017595.830	,0,NPU:2
2,AICPU,1788521718117588.260	,0,NPU:2
2,AICPU,1788521718217553.620	,0,NPU:2
2,AICPU,1788521718317545.820	,0,NPU:2
2,AICPU,1788521718417544.850	,0,NPU:2
2,AICPU,1788521718517552.880	,0,NPU:2
2,AICPU,1788521718617566.570	,0,NPU:2
2,AICPU,1788521718717534.440	,0,NPU:2
2,AICPU,1788521718817557.590	,0,NPU:2
2,AICPU,1788521718917546.040	,0,NPU:2
2,AICPU,1788521719017598.920	,0,NPU:2
2,AICPU,1788521719117573.930	,0,NPU:2
2,AICPU,1788521719217574.890	,0,NPU:2
2,AICPU,1788521719317576.240	,0,NPU:2
2,AICPU,1788521719417575.730	,0,NPU:2
2,AICPU,1788521719517600.860	,0,NPU:2
2,AICPU,1788521719617577.360	,0,NPU:2
2,AICPU,1788521719717571.140	,0,NPU:2
2,AICPU,1788521719817533.560	,0,NPU:2
2,AICPU,1788521719917547.890	,0,NPU:2
2,AICPU,1788521720017528.120	,0,NPU:2
2,AICPU,1788521720117533.380	,0,NPU:2
2,AICPU,1788521720217524.250	,0,NPU:2
2,AICPU,1788521720317532.500	,0,NPU:2
2,AICPU,1788521720417554.440	,0,NPU:2
2,AICPU,1788521720517549.870	,0,NPU:2
2,AICPU,1788521720579916.380	,0,NPU:2
2,LP,1788521715717609.010	,0,NPU:2
2,LP,1788521715817507.110	,0,NPU:2
2,LP,1788521715917521.690	,0,NPU:2
2,LP,1788521716017500.850	,0,NPU:2
2,LP,1788521716117496.720	,0,NPU:2
2,LP,1788521716217498.410	,0,NPU:2
2,LP,1788521716317498.850	,0,NPU:2
2,LP,1788521716417493.750	,0,NPU:2
2,LP,1788521716517491.820	,0,NPU:2
2,LP,1788521716617496.280	,0,NPU:2
2,LP,1788521716717508.190	,0,NPU:2
2,LP,1788521716817485.940	,0,NPU:2
2,LP,1788521716917484.470	,0,NPU:2
2,LP,1788521717017488.270	,0,NPU:2
2,LP,1788521717117483.220	,0,NPU:2
2,LP,1788521717217482.040	,0,NPU:2
2,LP,1788521717317480.430	,0,NPU:2
2,LP,1788521717417480.690	,0,NPU:2
2,LP,1788521717517484.320	,0,NPU:2
2,LP,1788521717617581.330	,0,NPU:2
2,LP,1788521717717577.480	,0,NPU:2
2,LP,1788521717817570.050	,0,NPU:2
2,LP,1788521717917581.300	,0,NPU:2
2,LP,1788521718017595.830	,0,NPU:2
2,LP,1788521718117588.260	,0,NPU:2
2,LP,1788521718217553.620	,0,NPU:2
2,LP,1788521718317545.820	,0,NPU:2
2,LP,1788521718417544.850	,0,NPU:2
2,LP,1788521718517552.880	,0,NPU:2
2,LP,1788521718617566.570	,0,NPU:2
2,LP,1788521718717534.440	,0,NPU:2
2,LP,1788521718817557.590	,0,NPU:2
2,LP,1788521718917546.040	,0,NPU:2
2,LP,1788521719017598.920	,0,NPU:2
2,LP,1788521719117573.930	,0,NPU:2
2,LP,1788521719217574.890	,0,NPU:2
2,LP,1788521719317576.240	,0,NPU:2
2,LP,1788521719417575.730	,0,NPU:2
2,LP,1788521719517600.860	,0,NPU:2
2,LP,1788521719617577.360	,0,NPU:2
2,LP,1788521719717571.140	,0,NPU:2
2,LP,1788521719817533.560	,0,NPU:2
2,LP,1788521719917547.890	,0,NPU:2
2,LP,1788521720017528.120	,0,NPU:2
2,LP,1788521720117533.380	,0,NPU:2
2,LP,1788521720217524.250	,0,NPU:2
2,LP,1788521720317532.500	,0,NPU:2
2,LP,1788521720417554.440	,0,NPU:2
2,LP,1788521720517549.870	,0,NPU:2
2,LP,1788521720579916.380	,0,NPU:2
2,TDT,1788521715717609.010	,0,NPU:2
2,TDT,1788521715817507.110	,0,NPU:2
2,TDT,1788521715917521.690	,0,NPU:2
2,TDT,1788521716017500.850	,0,NPU:2
2,TDT,1788521716117496.720	,0,NPU:2
2,TDT,1788521716217498.410	,0,NPU:2
2,TDT,1788521716317498.850	,0,NPU:2
2,TDT,1788521716417493.750	,0,NPU:2
2,TDT,1788521716517491.820	,0,NPU:2
2,TDT,1788521716617496.280	,0,NPU:2
2,TDT,1788521716717508.190	,0,NPU:2
2,TDT,1788521716817485.940	,0,NPU:2
2,TDT,1788521716917484.470	,0,NPU:2
2,TDT,1788521717017488.270	,0,NPU:2
2,TDT,1788521717117483.220	,0,NPU:2
2,TDT,1788521717217482.040	,0,NPU:2
2,TDT,1788521717317480.430	,0,NPU:2
2,TDT,1788521717417480.690	,0,NPU:2
2,TDT,1788521717517484.320	,0,NPU:2
2,TDT,1788521717617581.330	,0,NPU:2
2,TDT,1788521717717577.480	,0,NPU:2
2,TDT,1788521717817570.050	,0,NPU:2
2,TDT,1788521717917581.300	,0,NPU:2
2,TDT,1788521718017595.830	,0,NPU:2
2,TDT,1788521718117588.260	,0,NPU:2
2,TDT,1788521718217553.620	,0,NPU:2
2,TDT,1788521718317545.820	,0,NPU:2
2,TDT,1788521718417544.850	,0,NPU:2
2,TDT,1788521718517552.880	,0,NPU:2
2,TDT,1788521718617566.570	,0,NPU:2
2,TDT,1788521718717534.440	,0,NPU:2
2,TDT,1788521718817557.590	,0,NPU:2
2,TDT,1788521718917546.040	,0,NPU:2
2,TDT,1788521719017598.920	,0,NPU:2
2,TDT,1788521719117573.930	,0,NPU:2
2,TDT,1788521719217574.890	,0,NPU:2
2,TDT,1788521719317576.240	,0,NPU:2
2,TDT,1788521719417575.730	,0,NPU:2
2,TDT,1788521719517600.860	,0,NPU:2
2,TDT,1788521719617577.360	,0,NPU:2
2,TDT,1788521719717571.140	,0,NPU:2
2,TDT,1788521719817533.560	,0,NPU:2
2,TDT,1788521719917547.890	,0,NPU:2
2,TDT,1788521720017528.120	,0,NPU:2
2,TDT,1788521720117533.380	,0,NPU:2
2,TDT,1788521720217524.250	,0,NPU:2
2,TDT,1788521720317532.500	,0,NPU:2
2,TDT,1788521720417554.440	,0,NPU:2
2,TDT,1788521720517549.870	,0,NPU:2
2,TDT,1788521720579916.380	,0,NPU:2
2,FE,1788521715717609.010	,0,NPU:2
2,FE,1788521715817507.110	,0,NPU:2
2,FE,1788521715917521.690	,0,NPU:2
2,FE,1788521716017500.850	,0,NPU:2
2,FE,1788521716117496.720	,0,NPU:2
2,FE,1788521716217498.410	,0,NPU:2
2,FE,1788521716317498.850	,0,NPU:2
2,FE,1788521716417493.750	,0,NPU:2
2,FE,1788521716517491.820	,0,NPU:2
2,FE,1788521716617496.280	,0,NPU:2
2,FE,1788521716717508.190	,0,NPU:2
2,FE,1788521716817485.940	,0,NPU:2
2,FE,1788521716917484.470	,0,NPU:2
2,FE,1788521717017488.270	,0,NPU:2
2,FE,1788521717117483.220	,0,NPU:2
2,FE,1788521717217482.040	,0,NPU:2
2,FE,1788521717317480.430	,0,NPU:2
2,FE,1788521717417480.690	,0,NPU:2
2,FE,1788521717517484.320	,0,NPU:2
2,FE,1788521717617581.330	,0,NPU:2
2,FE,1788521717717577.480	,0,NPU:2
2,FE,1788521717817570.050	,0,NPU:2
2,FE,1788521717917581.300	,0,NPU:2
2,FE,1788521718017595.830	,0,NPU:2
2,FE,1788521718117588.260	,0,NPU:2
2,FE,1788521718217553.620	,0,NPU:2
2,FE,1788521718317545.820	,0,NPU:2
2,FE,1788521718417544.850	,0,NPU:2
2,FE,1788521718517552.880	,0,NPU:2
2,FE,1788521718617566.570	,0,NPU:2
2,FE,1788521718717534.440	,0,NPU:2
2,FE,1788521718817557.590	,0,NPU:2
2,FE,1788521718917546.040	,0,NPU:2
2,FE,1788521719017598.920	,0,NPU:2
2,FE,1788521719117573.930	,0,NPU:2
2,FE,1788521719217574.890	,0,NPU:2
2,FE,1788521719317576.240	,0,NPU:2
2,FE,1788521719417575.730	,0,NPU:2
2,FE,1788521719517600.860	,0,NPU:2
2,FE,1788521719617577.360	,0,NPU:2
2,FE,1788521719717571.140	,0,NPU:2
2,FE,1788521719817533.560	,0,NPU:2
2,FE,1788521719917547.890	,0,NPU:2
2,FE,1788521720017528.120	,0,NPU:2
2,FE,1788521720117533.380	,0,NPU:2
2,FE,1788521720217524.250	,0,NPU:2
2,FE,1788521720317532.500	,0,NPU:2
2,FE,1788521720417554.440	,0,NPU:2
2,FE,1788521720517549.870	,0,NPU:2
2,FE,1788521720579916.380	,0,NPU:2
2,MD,1788521715717609.010	,0,NPU:2
2,MD,1788521715817507.110	,0,NPU:2
2,MD,1788521715917521.690	,0,NPU:2
2,MD,1788521716017500.850	,0,NPU:2
2,MD,1788521716117496.720	,0,NPU:2
2,MD,1788521716217498.410	,0,NPU:2
2,MD,1788521716317498.850	,0,NPU:2
2,MD,1788521716417493.750	,0,NPU:2
2,MD,1788521716517491.820	,0,NPU:2
2,MD,1788521716617496.280	,0,NPU:2
2,MD,1788521716717508.190	,0,NPU:2
2,MD,1788521716817485.940	,0,NPU:2
2,MD,1788521716917484.470	,0,NPU:2
2,MD,1788521717017488.270	,0,NPU:2
2,MD,1788521717117483.220	,0,NPU:2
2,MD,1788521717217482.040	,0,NPU:2
2,MD,1788521717317480.430	,0,NPU:2
2,MD,1788521717417480.690	,0,NPU:2
2,MD,1788521717517484.320	,0,NPU:2
2,MD,1788521717617581.330	,0,NPU:2
2,MD,1788521717717577.480	,0,NPU:2
2,MD,1788521717817570.050	,0,NPU:2
2,MD,1788521717917581.300	,0,NPU:2
2,MD,1788521718017595.830	,0,NPU:2
2,MD,1788521718117588.260	,0,NPU:2
2,MD,1788521718217553.620	,0,NPU:2
2,MD,1788521718317545.820	,0,NPU:2
2,MD,1788521718417544.850	,0,NPU:2
2,MD,1788521718517552.880	,0,NPU:2
2,MD,1788521718617566.570	,0,NPU:2
2,MD,1788521718717534.440	,0,NPU:2
2,MD,1788521718817557.590	,0,NPU:2
2,MD,1788521718917546.040	,0,NPU:2
2,MD,1788521719017598.920	,0,NPU:2
2,MD,1788521719117573.930	,0,NPU:2
2,MD,1788521719217574.890	,0,NPU:2
2,MD,1788521719317576.240	,0,NPU:2
2,MD,1788521719417575.730	,0,NPU:2
2,MD,1788521719517600.860	,0,NPU:2
2,MD,1788521719617577.360	,0,NPU:2
2,MD,1788521719717571.140	,0,NPU:2
2,MD,1788521719817533.560	,0,NPU:2
2,MD,1788521719917547.890	,0,NPU:2
2,MD,1788521720017528.120	,0,NPU:2
2,MD,1788521720117533.380	,0,NPU:2
2,MD,1788521720217524.250	,0,NPU:2
2,MD,1788521720317532.500	,0,NPU:2
2,MD,1788521720417554.440	,0,NPU:2
2,MD,1788521720517549.870	,0,NPU:2
2,MD,1788521720579916.380	,0,NPU:2
2,MB,1788521715717609.010	,0,NPU:2
2,MB,1788521715817507.110	,0,NPU:2
2,MB,1788521715917521.690	,0,NPU:2
2,MB,1788521716017500.850	,0,NPU:2
2,MB,1788521716117496.720	,0,NPU:2
2,MB,1788521716217498.410	,0,NPU:2
2,MB,1788521716317498.850	,0,NPU:2
2,MB,1788521716417493.750	,0,NPU:2
2,MB,1788521716517491.820	,0,NPU:2
2,MB,1788521716617496.280	,0,NPU:2
2,MB,1788521716717508.190	,0,NPU:2
2,MB,1788521716817485.940	,0,NPU:2
2,MB,1788521716917484.470	,0,NPU:2
2,MB,1788521717017488.270	,0,NPU:2
2,MB,1788521717117483.220	,0,NPU:2
2,MB,1788521717217482.040	,0,NPU:2
2,MB,1788521717317480.430	,0,NPU:2
2,MB,1788521717417480.690	,0,NPU:2
2,MB,1788521717517484.320	,0,NPU:2
2,MB,1788521717617581.330	,0,NPU:2
2,MB,1788521717717577.480	,0,NPU:2
2,MB,1788521717817570.050	,0,NPU:2
2,MB,1788521717917581.300	,0,NPU:2
2,MB,1788521718017595.830	,0,NPU:2
2,MB,1788521718117588.260	,0,NPU:2
2,MB,1788521718217553.620	,0,NPU:2
2,MB,1788521718317545.820	,0,NPU:2
2,MB,1788521718417544.850	,0,NPU:2
2,MB,1788521718517552.880	,0,NPU:2
2,MB,1788521718617566.570	,0,NPU:2
2,MB,1788521718717534.440	,0,NPU:2
2,MB,1788521718817557.590	,0,NPU:2
2,MB,1788521718917546.040	,0,NPU:2
2,MB,1788521719017598.920	,0,NPU:2
2,MB,1788521719117573.930	,0,NPU:2
2,MB,1788521719217574.890	,0,NPU:2
2,MB,1788521719317576.240	,0,NPU:2
2,MB,1788521719417575.730	,0,NPU:2
2,MB,1788521719517600.860	,0,NPU:2
2,MB,1788521719617577.360	,0,NPU:2
2,MB,1788521719717571.140	,0,NPU:2
2,MB,1788521719817533.560	,0,NPU:2
2,MB,1788521719917547.890	,0,NPU:2
2,MB,1788521720017528.120	,0,NPU:2
2,MB,1788521720117533.380	,0,NPU:2
2,MB,1788521720217524.250	,0,NPU:2
2,MB,1788521720317532.500	,0,NPU:2
2,MB,1788521720417554.440	,0,NPU:2
2,MB,1788521720517549.870	,0,NPU:2
2,MB,1788521720579916.380	,0,NPU:2
2,ME,1788521715717609.010	,0,NPU:2
2,ME,1788521715817507.110	,0,NPU:2
2,ME,1788521715917521.690	,0,NPU:2
2,ME,1788521716017500.850	,0,NPU:2
2,ME,1788521716117496.720	,0,NPU:2
2,ME,1788521716217498.410	,0,NPU:2
2,ME,1788521716317498.850	,0,NPU:2
2,ME,1788521716417493.750	,0,NPU:2
2,ME,1788521716517491.820	,0,NPU:2
2,ME,1788521716617496.280	,0,NPU:2
2,ME,1788521716717508.190	,0,NPU:2
2,ME,1788521716817485.940	,0,NPU:2
2,ME,1788521716917484.470	,0,NPU:2
2,ME,1788521717017488.270	,0,NPU:2
2,ME,1788521717117483.220	,0,NPU:2
2,ME,1788521717217482.040	,0,NPU:2
2,ME,1788521717317480.430	,0,NPU:2
2,ME,1788521717417480.690	,0,NPU:2
2,ME,1788521717517484.320	,0,NPU:2
2,ME,1788521717617581.330	,0,NPU:2
2,ME,1788521717717577.480	,0,NPU:2
2,ME,1788521717817570.050	,0,NPU:2
2,ME,1788521717917581.300	,0,NPU:2
2,ME,1788521718017595.830	,0,NPU:2
2,ME,1788521718117588.260	,0,NPU:2
2,ME,1788521718217553.620	,0,NPU:2
2,ME,1788521718317545.820	,0,NPU:2
2,ME,1788521718417544.850	,0,NPU:2
2,ME,1788521718517552.880	,0,NPU:2
2,ME,1788521718617566.570	,0,NPU:2
2,ME,1788521718717534.440	,0,NPU:2
2,ME,1788521718817557.590	,0,NPU:2
2,ME,1788521718917546.040	,0,NPU:2
2,ME,1788521719017598.920	,0,NPU:2
2,ME,1788521719117573.930	,0,NPU:2
2,ME,1788521719217574.890	,0,NPU:2
2,ME,1788521719317576.240	,0,NPU:2
2,ME,1788521719417575.730	,0,NPU:2
2,ME,1788521719517600.860	,0,NPU:2
2,ME,1788521719617577.360	,0,NPU:2
2,ME,1788521719717571.140	,0,NPU:2
2,ME,1788521719817533.560	,0,NPU:2
2,ME,1788521719917547.890	,0,NPU:2
2,ME,1788521720017528.120	,0,NPU:2
2,ME,1788521720117533.380	,0,NPU:2
2,ME,1788521720217524.250	,0,NPU:2
2,ME,1788521720317532.500	,0,NPU:2
2,ME,1788521720417554.440	,0,NPU:2
2,ME,1788521720517549.870	,0,NPU:2
2,ME,1788521720579916.380	,0,NPU:2
2,IMU,1788521715717609.010	,0,NPU:2
2,IMU,1788521715817507.110	,0,NPU:2
2,IMU,1788521715917521.690	,0,NPU:2
2,IMU,1788521716017500.850	,0,NPU:2
2,IMU,1788521716117496.720	,0,NPU:2
2,IMU,1788521716217498.410	,0,NPU:2
2,IMU,1788521716317498.850	,0,NPU:2
2,IMU,1788521716417493.750	,0,NPU:2
2,IMU,1788521716517491.820	,0,NPU:2
2,IMU,1788521716617496.280	,0,NPU:2
2,IMU,1788521716717508.190	,0,NPU:2
2,IMU,1788521716817485.940	,0,NPU:2
2,IMU,1788521716917484.470	,0,NPU:2
2,IMU,1788521717017488.270	,0,NPU:2
2,IMU,1788521717117483.220	,0,NPU:2
2,IMU,1788521717217482.040	,0,NPU:2
2,IMU,1788521717317480.430	,0,NPU:2
2,IMU,1788521717417480.690	,0,NPU:2
2,IMU,1788521717517484.320	,0,NPU:2
2,IMU,1788521717617581.330	,0,NPU:2
2,IMU,1788521717717577.480	,0,NPU:2
2,IMU,1788521717817570.050	,0,NPU:2
2,IMU,1788521717917581.300	,0,NPU:2
2,IMU,1788521718017595.830	,0,NPU:2
2,IMU,1788521718117588.260	,0,NPU:2
2,IMU,1788521718217553.620	,0,NPU:2
2,IMU,1788521718317545.820	,0,NPU:2
2,IMU,1788521718417544.850	,0,NPU:2
2,IMU,1788521718517552.880	,0,NPU:2
2,IMU,1788521718617566.570	,0,NPU:2
2,IMU,1788521718717534.440	,0,NPU:2
2,IMU,1788521718817557.590	,0,NPU:2
2,IMU,1788521718917546.040	,0,NPU:2
2,IMU,1788521719017598.920	,0,NPU:2
2,IMU,1788521719117573.930	,0,NPU:2
2,IMU,1788521719217574.890	,0,NPU:2
2,IMU,1788521719317576.240	,0,NPU:2
2,IMU,1788521719417575.730	,0,NPU:2
2,IMU,1788521719517600.860	,0,NPU:2
2,IMU,1788521719617577.360	,0,NPU:2
2,IMU,1788521719717571.140	,0,NPU:2
2,IMU,1788521719817533.560	,0,NPU:2
2,IMU,1788521719917547.890	,0,NPU:2
2,IMU,1788521720017528.120	,0,NPU:2
2,IMU,1788521720117533.380	,0,NPU:2
2,IMU,1788521720217524.250	,0,NPU:2
2,IMU,1788521720317532.500	,0,NPU:2
2,IMU,1788521720417554.440	,0,NPU:2
2,IMU,1788521720517549.870	,0,NPU:2
2,IMU,1788521720579916.380	,0,NPU:2
2,IMP,1788521715717609.010	,0,NPU:2
2,IMP,1788521715817507.110	,0,NPU:2
2,IMP,1788521715917521.690	,0,NPU:2
2,IMP,1788521716017500.850	,0,NPU:2
2,IMP,1788521716117496.720	,0,NPU:2
2,IMP,1788521716217498.410	,0,NPU:2
2,IMP,1788521716317498.850	,0,NPU:2
2,IMP,1788521716417493.750	,0,NPU:2
2,IMP,1788521716517491.820	,0,NPU:2
2,IMP,1788521716617496.280	,0,NPU:2
2,IMP,1788521716717508.190	,0,NPU:2
2,IMP,1788521716817485.940	,0,NPU:2
2,IMP,1788521716917484.470	,0,NPU:2
2,IMP,1788521717017488.270	,0,NPU:2
2,IMP,1788521717117483.220	,0,NPU:2
2,IMP,1788521717217482.040	,0,NPU:2
2,IMP,1788521717317480.430	,0,NPU:2
2,IMP,1788521717417480.690	,0,NPU:2
2,IMP,1788521717517484.320	,0,NPU:2
2,IMP,1788521717617581.330	,0,NPU:2
2,IMP,1788521717717577.480	,0,NPU:2
2,IMP,1788521717817570.050	,0,NPU:2
2,IMP,1788521717917581.300	,0,NPU:2
2,IMP,1788521718017595.830	,0,NPU:2
2,IMP,1788521718117588.260	,0,NPU:2
2,IMP,1788521718217553.620	,0,NPU:2
2,IMP,1788521718317545.820	,0,NPU:2
2,IMP,1788521718417544.850	,0,NPU:2
2,IMP,1788521718517552.880	,0,NPU:2
2,IMP,1788521718617566.570	,0,NPU:2
2,IMP,1788521718717534.440	,0,NPU:2
2,IMP,1788521718817557.590	,0,NPU:2
2,IMP,1788521718917546.040	,0,NPU:2
2,IMP,1788521719017598.920	,0,NPU:2
2,IMP,1788521719117573.930	,0,NPU:2
2,IMP,1788521719217574.890	,0,NPU:2
2,IMP,1788521719317576.240	,0,NPU:2
2,IMP,1788521719417575.730	,0,NPU:2
2,IMP,1788521719517600.860	,0,NPU:2
2,IMP,1788521719617577.360	,0,NPU:2
2,IMP,1788521719717571.140	,0,NPU:2
2,IMP,1788521719817533.560	,0,NPU:2
2,IMP,1788521719917547.890	,0,NPU:2
2,IMP,1788521720017528.120	,0,NPU:2
2,IMP,1788521720117533.380	,0,NPU:2
2,IMP,1788521720217524.250	,0,NPU:2
2,IMP,1788521720317532.500	,0,NPU:2
2,IMP,1788521720417554.440	,0,NPU:2
2,IMP,1788521720517549.870	,0,NPU:2
2,IMP,1788521720579916.380	,0,NPU:2
2,GE,1788521715717609.010	,1320.0,NPU:2
2,GE,1788521715817507.110	,1320.0,NPU:2
2,GE,1788521715917521.690	,1320.0,NPU:2
2,GE,1788521716017500.850	,1320.0,NPU:2
2,GE,1788521716117496.720	,1320.0,NPU:2
2,GE,1788521716217498.410	,1320.0,NPU:2
2,GE,1788521716317498.850	,1320.0,NPU:2
2,GE,1788521716417493.750	,1320.0,NPU:2
2,GE,1788521716517491.820	,1320.0,NPU:2
2,GE,1788521716617496.280	,1320.0,NPU:2
2,GE,1788521716717508.190	,1320.0,NPU:2
2,GE,1788521716817485.940	,1320.0,NPU:2
2,GE,1788521716917484.470	,1320.0,NPU:2
2,GE,1788521717017488.270	,1320.0,NPU:2
2,GE,1788521717117483.220	,1320.0,NPU:2
2,GE,1788521717217482.040	,1320.0,NPU:2
2,GE,1788521717317480.430	,1320.0,NPU:2
2,GE,1788521717417480.690	,1320.0,NPU:2
2,GE,1788521717517484.320	,1320.0,NPU:2
2,GE,1788521717617581.330	,1320.0,NPU:2
2,GE,1788521717717577.480	,1320.0,NPU:2
2,GE,1788521717817570.050	,1320.0,NPU:2
2,GE,1788521717917581.300	,1320.0,NPU:2
2,GE,1788521718017595.830	,1320.0,NPU:2
2,GE,1788521718117588.260	,1320.0,NPU:2
2,GE,1788521718217553.620	,1320.0,NPU:2
2,GE,1788521718317545.820	,1320.0,NPU:2
2,GE,1788521718417544.850	,1320.0,NPU:2
2,GE,1788521718517552.880	,1320.0,NPU:2
2,GE,1788521718617566.570	,1320.0,NPU:2
2,GE,1788521718717534.440	,1320.0,NPU:2
2,GE,1788521718817557.590	,1320.0,NPU:2
2,GE,1788521718917546.040	,1320.0,NPU:2
2,GE,1788521719017598.920	,1320.0,NPU:2
2,GE,1788521719117573.930	,1320.0,NPU:2
2,GE,1788521719217574.890	,1320.0,NPU:2
2,GE,1788521719317576.240	,1320.0,NPU:2
2,GE,1788521719417575.730	,1320.0,NPU:2
2,GE,1788521719517600.860	,1320.0,NPU:2
2,GE,1788521719617577.360	,1320.0,NPU:2
2,GE,1788521719717571.140	,1320.0,NPU:2
2,GE,1788521719817533.560	,1320.0,NPU:2
2,GE,1788521719917547.890	,1320.0,NPU:2
2,GE,1788521720017528.120	,1320.0,NPU:2
2,GE,1788521720117533.380	,1320.0,NPU:2
2,GE,1788521720217524.250	,1320.0,NPU:2
2,GE,1788521720317532.500	,1320.0,NPU:2
2,GE,1788521720417554.440	,1320.0,NPU:2
2,GE,1788521720517549.870	,148.0,NPU:2
2,GE,1788521720579916.380	,148.0,NPU:2
2,MDCFUSA,1788521715717609.010	,0,NPU:2
2,MDCFUSA,1788521715817507.110	,0,NPU:2
2,MDCFUSA,1788521715917521.690	,0,NPU:2
2,MDCFUSA,1788521716017500.850	,0,NPU:2
2,MDCFUSA,1788521716117496.720	,0,NPU:2
2,MDCFUSA,1788521716217498.410	,0,NPU:2
2,MDCFUSA,1788521716317498.850	,0,NPU:2
2,MDCFUSA,1788521716417493.750	,0,NPU:2
2,MDCFUSA,1788521716517491.820	,0,NPU:2
2,MDCFUSA,1788521716617496.280	,0,NPU:2
2,MDCFUSA,1788521716717508.190	,0,NPU:2
2,MDCFUSA,1788521716817485.940	,0,NPU:2
2,MDCFUSA,1788521716917484.470	,0,NPU:2
2,MDCFUSA,1788521717017488.270	,0,NPU:2
2,MDCFUSA,1788521717117483.220	,0,NPU:2
2,MDCFUSA,1788521717217482.040	,0,NPU:2
2,MDCFUSA,1788521717317480.430	,0,NPU:2
2,MDCFUSA,1788521717417480.690	,0,NPU:2
2,MDCFUSA,1788521717517484.320	,0,NPU:2
2,MDCFUSA,1788521717617581.330	,0,NPU:2
2,MDCFUSA,1788521717717577.480	,0,NPU:2
2,MDCFUSA,1788521717817570.050	,0,NPU:2
2,MDCFUSA,1788521717917581.300	,0,NPU:2
2,MDCFUSA,1788521718017595.830	,0,NPU:2
2,MDCFUSA,1788521718117588.260	,0,NPU:2
2,MDCFUSA,1788521718217553.620	,0,NPU:2
2,MDCFUSA,1788521718317545.820	,0,NPU:2
2,MDCFUSA,1788521718417544.850	,0,NPU:2
2,MDCFUSA,1788521718517552.880	,0,NPU:2
2,MDCFUSA,1788521718617566.570	,0,NPU:2
2,MDCFUSA,1788521718717534.440	,0,NPU:2
2,MDCFUSA,1788521718817557.590	,0,NPU:2
2,MDCFUSA,1788521718917546.040	,0,NPU:2
2,MDCFUSA,1788521719017598.920	,0,NPU:2
2,MDCFUSA,1788521719117573.930	,0,NPU:2
2,MDCFUSA,1788521719217574.890	,0,NPU:2
2,MDCFUSA,1788521719317576.240	,0,NPU:2
2,MDCFUSA,1788521719417575.730	,0,NPU:2
2,MDCFUSA,1788521719517600.860	,0,NPU:2
2,MDCFUSA,1788521719617577.360	,0,NPU:2
2,MDCFUSA,1788521719717571.140	,0,NPU:2
2,MDCFUSA,1788521719817533.560	,0,NPU:2
2,MDCFUSA,1788521719917547.890	,0,NPU:2
2,MDCFUSA,1788521720017528.120	,0,NPU:2
2,MDCFUSA,1788521720117533.380	,0,NPU:2
2,MDCFUSA,1788521720217524.250	,0,NPU:2
2,MDCFUSA,1788521720317532.500	,0,NPU:2
2,MDCFUSA,1788521720417554.440	,0,NPU:2
2,MDCFUSA,1788521720517549.870	,0,NPU:2
2,MDCFUSA,1788521720579916.380	,0,NPU:2
2,CAMERA,1788521715717609.010	,0,NPU:2
2,CAMERA,1788521715817507.110	,0,NPU:2
2,CAMERA,1788521715917521.690	,0,NPU:2
2,CAMERA,1788521716017500.850	,0,NPU:2
2,CAMERA,1788521716117496.720	,0,NPU:2
2,CAMERA,1788521716217498.410	,0,NPU:2
2,CAMERA,1788521716317498.850	,0,NPU:2
2,CAMERA,1788521716417493.750	,0,NPU:2
2,CAMERA,1788521716517491.820	,0,NPU:2
2,CAMERA,1788521716617496.280	,0,NPU:2
2,CAMERA,1788521716717508.190	,0,NPU:2
2,CAMERA,1788521716817485.940	,0,NPU:2
2,CAMERA,1788521716917484.470	,0,NPU:2
2,CAMERA,1788521717017488.270	,0,NPU:2
2,CAMERA,1788521717117483.220	,0,NPU:2
2,CAMERA,1788521717217482.040	,0,NPU:2
2,CAMERA,1788521717317480.430	,0,NPU:2
2,CAMERA,1788521717417480.690	,0,NPU:2
2,CAMERA,1788521717517484.320	,0,NPU:2
2,CAMERA,1788521717617581.330	,0,NPU:2
2,CAMERA,1788521717717577.480	,0,NPU:2
2,CAMERA,1788521717817570.050	,0,NPU:2
2,CAMERA,1788521717917581.300	,0,NPU:2
2,CAMERA,1788521718017595.830	,0,NPU:2
2,CAMERA,1788521718117588.260	,0,NPU:2
2,CAMERA,1788521718217553.620	,0,NPU:2
2,CAMERA,1788521718317545.820	,0,NPU:2
2,CAMERA,1788521718417544.850	,0,NPU:2
2,CAMERA,1788521718517552.880	,0,NPU:2
2,CAMERA,1788521718617566.570	,0,NPU:2
2,CAMERA,1788521718717534.440	,0,NPU:2
2,CAMERA,1788521718817557.590	,0,NPU:2
2,CAMERA,1788521718917546.040	,0,NPU:2
2,CAMERA,1788521719017598.920	,0,NPU:2
2,CAMERA,1788521719117573.930	,0,NPU:2
2,CAMERA,1788521719217574.890	,0,NPU:2
2,CAMERA,1788521719317576.240	,0,NPU:2
2,CAMERA,1788521719417575.730	,0,NPU:2
2,CAMERA,1788521719517600.860	,0,NPU:2
2,CAMERA,1788521719617577.360	,0,NPU:2
2,CAMERA,1788521719717571.140	,0,NPU:2
2,CAMERA,1788521719817533.560	,0,NPU:2
2,CAMERA,1788521719917547.890	,0,NPU:2
2,CAMERA,1788521720017528.120	,0,NPU:2
2,CAMERA,1788521720117533.380	,0,NPU:2
2,CAMERA,1788521720217524.250	,0,NPU:2
2,CAMERA,1788521720317532.500	,0,NPU:2
2,CAMERA,1788521720417554.440	,0,NPU:2
2,CAMERA,1788521720517549.870	,0,NPU:2
2,CAMERA,1788521720579916.380	,0,NPU:2
2,ASCENDCL,1788521715717609.010	,0,NPU:2
2,ASCENDCL,1788521715817507.110	,0,NPU:2
2,ASCENDCL,1788521715917521.690	,0,NPU:2
2,ASCENDCL,1788521716017500.850	,0,NPU:2
2,ASCENDCL,1788521716117496.720	,0,NPU:2
2,ASCENDCL,1788521716217498.410	,0,NPU:2
2,ASCENDCL,1788521716317498.850	,0,NPU:2
2,ASCENDCL,1788521716417493.750	,0,NPU:2
2,ASCENDCL,1788521716517491.820	,0,NPU:2
2,ASCENDCL,1788521716617496.280	,0,NPU:2
2,ASCENDCL,1788521716717508.190	,0,NPU:2
2,ASCENDCL,1788521716817485.940	,0,NPU:2
2,ASCENDCL,1788521716917484.470	,0,NPU:2
2,ASCENDCL,1788521717017488.270	,0,NPU:2
2,ASCENDCL,1788521717117483.220	,0,NPU:2
2,ASCENDCL,1788521717217482.040	,0,NPU:2
2,ASCENDCL,1788521717317480.430	,0,NPU:2
2,ASCENDCL,1788521717417480.690	,0,NPU:2
2,ASCENDCL,1788521717517484.320	,0,NPU:2
2,ASCENDCL,1788521717617581.330	,0,NPU:2
2,ASCENDCL,1788521717717577.480	,0,NPU:2
2,ASCENDCL,1788521717817570.050	,0,NPU:2
2,ASCENDCL,1788521717917581.300	,0,NPU:2
2,ASCENDCL,1788521718017595.830	,0,NPU:2
2,ASCENDCL,1788521718117588.260	,0,NPU:2
2,ASCENDCL,1788521718217553.620	,0,NPU:2
2,ASCENDCL,1788521718317545.820	,0,NPU:2
2,ASCENDCL,1788521718417544.850	,0,NPU:2
2,ASCENDCL,1788521718517552.880	,0,NPU:2
2,ASCENDCL,1788521718617566.570	,0,NPU:2
2,ASCENDCL,1788521718717534.440	,0,NPU:2
2,ASCENDCL,1788521718817557.590	,0,NPU:2
2,ASCENDCL,1788521718917546.040	,0,NPU:2
2,ASCENDCL,1788521719017598.920	,0,NPU:2
2,ASCENDCL,1788521719117573.930	,0,NPU:2
2,ASCENDCL,1788521719217574.890	,0,NPU:2
2,ASCENDCL,1788521719317576.240	,0,NPU:2
2,ASCENDCL,1788521719417575.730	,0,NPU:2
2,ASCENDCL,1788521719517600.860	,0,NPU:2
2,ASCENDCL,1788521719617577.360	,0,NPU:2
2,ASCENDCL,1788521719717571.140	,0,NPU:2
2,ASCENDCL,1788521719817533.560	,0,NPU:2
2,ASCENDCL,1788521719917547.890	,0,NPU:2
2,ASCENDCL,1788521720017528.120	,0,NPU:2
2,ASCENDCL,1788521720117533.380	,0,NPU:2
2,ASCENDCL,1788521720217524.250	,0,NPU:2
2,ASCENDCL,1788521720317532.500	,0,NPU:2
2,ASCENDCL,1788521720417554.440	,0,NPU:2
2,ASCENDCL,1788521720517549.870	,0,NPU:2
2,ASCENDCL,1788521720579916.380	,0,NPU:2
2,TEEOS,1788521715717609.010	,0,NPU:2
2,TEEOS,1788521715817507.110	,0,NPU:2
2,TEEOS,1788521715917521.690	,0,NPU:2
2,TEEOS,1788521716017500.850	,0,NPU:2
2,TEEOS,1788521716117496.720	,0,NPU:2
2,TEEOS,1788521716217498.410	,0,NPU:2
2,TEEOS,1788521716317498.850	,0,NPU:2
2,TEEOS,1788521716417493.750	,0,NPU:2
2,TEEOS,1788521716517491.820	,0,NPU:2
2,TEEOS,1788521716617496.280	,0,NPU:2
2,TEEOS,1788521716717508.190	,0,NPU:2
2,TEEOS,1788521716817485.940	,0,NPU:2
2,TEEOS,1788521716917484.470	,0,NPU:2
2,TEEOS,1788521717017488.270	,0,NPU:2
2,TEEOS,1788521717117483.220	,0,NPU:2
2,TEEOS,1788521717217482.040	,0,NPU:2
2,TEEOS,1788521717317480.430	,0,NPU:2
2,TEEOS,1788521717417480.690	,0,NPU:2
2,TEEOS,1788521717517484.320	,0,NPU:2
2,TEEOS,1788521717617581.330	,0,NPU:2
2,TEEOS,1788521717717577.480	,0,NPU:2
2,TEEOS,1788521717817570.050	,0,NPU:2
2,TEEOS,1788521717917581.300	,0,NPU:2
2,TEEOS,1788521718017595.830	,0,NPU:2
2,TEEOS,1788521718117588.260	,0,NPU:2
2,TEEOS,1788521718217553.620	,0,NPU:2
2,TEEOS,1788521718317545.820	,0,NPU:2
2,TEEOS,1788521718417544.850	,0,NPU:2
2,TEEOS,1788521718517552.880	,0,NPU:2
2,TEEOS,1788521718617566.570	,0,NPU:2
2,TEEOS,1788521718717534.440	,0,NPU:2
2,TEEOS,1788521718817557.590	,0,NPU:2
2,TEEOS,1788521718917546.040	,0,NPU:2
2,TEEOS,1788521719017598.920	,0,NPU:2
2,TEEOS,1788521719117573.930	,0,NPU:2
2,TEEOS,1788521719217574.890	,0,NPU:2
2,TEEOS,1788521719317576.240	,0,NPU:2
2,TEEOS,1788521719417575.730	,0,NPU:2
2,TEEOS,1788521719517600.860	,0,NPU:2
2,TEEOS,1788521719617577.360	,0,NPU:2
2,TEEOS,1788521719717571.140	,0,NPU:2
2,TEEOS,1788521719817533.560	,0,NPU:2
2,TEEOS,1788521719917547.890	,0,NPU:2
2,TEEOS,1788521720017528.120	,0,NPU:2
2,TEEOS,1788521720117533.380	,0,NPU:2
2,TEEOS,1788521720217524.250	,0,NPU:2
2,TEEOS,1788521720317532.500	,0,NPU:2
2,TEEOS,1788521720417554.440	,0,NPU:2
2,TEEOS,1788521720517549.870	,0,NPU:2
2,TEEOS,1788521720579916.380	,0,NPU:2
2,ISP,1788521715717609.010	,0,NPU:2
2,ISP,1788521715817507.110	,0,NPU:2
2,ISP,1788521715917521.690	,0,NPU:2
2,ISP,1788521716017500.850	,0,NPU:2
2,ISP,1788521716117496.720	,0,NPU:2
2,ISP,1788521716217498.410	,0,NPU:2
2,ISP,1788521716317498.850	,0,NPU:2
2,ISP,1788521716417493.750	,0,NPU:2
2,ISP,1788521716517491.820	,0,NPU:2
2,ISP,1788521716617496.280	,0,NPU:2
2,ISP,1788521716717508.190	,0,NPU:2
2,ISP,1788521716817485.940	,0,NPU:2
2,ISP,1788521716917484.470	,0,NPU:2
2,ISP,1788521717017488.270	,0,NPU:2
2,ISP,1788521717117483.220	,0,NPU:2
2,ISP,1788521717217482.040	,0,NPU:2
2,ISP,1788521717317480.430	,0,NPU:2
2,ISP,1788521717417480.690	,0,NPU:2
2,ISP,1788521717517484.320	,0,NPU:2
2,ISP,1788521717617581.330	,0,NPU:2
2,ISP,1788521717717577.480	,0,NPU:2
2,ISP,1788521717817570.050	,0,NPU:2
2,ISP,1788521717917581.300	,0,NPU:2
2,ISP,1788521718017595.830	,0,NPU:2
2,ISP,1788521718117588.260	,0,NPU:2
2,ISP,1788521718217553.620	,0,NPU:2
2,ISP,1788521718317545.820	,0,NPU:2
2,ISP,1788521718417544.850	,0,NPU:2
2,ISP,1788521718517552.880	,0,NPU:2
2,ISP,1788521718617566.570	,0,NPU:2
2,ISP,1788521718717534.440	,0,NPU:2
2,ISP,1788521718817557.590	,0,NPU:2
2,ISP,1788521718917546.040	,0,NPU:2
2,ISP,1788521719017598.920	,0,NPU:2
2,ISP,1788521719117573.930	,0,NPU:2
2,ISP,1788521719217574.890	,0,NPU:2
2,ISP,1788521719317576.240	,0,NPU:2
2,ISP,1788521719417575.730	,0,NPU:2
2,ISP,1788521719517600.860	,0,NPU:2
2,ISP,1788521719617577.360	,0,NPU:2
2,ISP,1788521719717571.140	,0,NPU:2
2,ISP,1788521719817533.560	,0,NPU:2
2,ISP,1788521719917547.890	,0,NPU:2
2,ISP,1788521720017528.120	,0,NPU:2
2,ISP,1788521720117533.380	,0,NPU:2
2,ISP,1788521720217524.250	,0,NPU:2
2,ISP,1788521720317532.500	,0,NPU:2
2,ISP,1788521720417554.440	,0,NPU:2
2,ISP,1788521720517549.870	,0,NPU:2
2,ISP,1788521720579916.380	,0,NPU:2
2,SIS,1788521715717609.010	,0,NPU:2
2,SIS,1788521715817507.110	,0,NPU:2
2,SIS,1788521715917521.690	,0,NPU:2
2,SIS,1788521716017500.850	,0,NPU:2
2,SIS,1788521716117496.720	,0,NPU:2
2,SIS,1788521716217498.410	,0,NPU:2
2,SIS,1788521716317498.850	,0,NPU:2
2,SIS,1788521716417493.750	,0,NPU:2
2,SIS,1788521716517491.820	,0,NPU:2
2,SIS,1788521716617496.280	,0,NPU:2
2,SIS,1788521716717508.190	,0,NPU:2
2,SIS,1788521716817485.940	,0,NPU:2
2,SIS,1788521716917484.470	,0,NPU:2
2,SIS,1788521717017488.270	,0,NPU:2
2,SIS,1788521717117483.220	,0,NPU:2
2,SIS,1788521717217482.040	,0,NPU:2
2,SIS,1788521717317480.430	,0,NPU:2
2,SIS,1788521717417480.690	,0,NPU:2
2,SIS,1788521717517484.320	,0,NPU:2
2,SIS,1788521717617581.330	,0,NPU:2
2,SIS,1788521717717577.480	,0,NPU:2
2,SIS,1788521717817570.050	,0,NPU:2
2,SIS,1788521717917581.300	,0,NPU:2
2,SIS,1788521718017595.830	,0,NPU:2
2,SIS,1788521718117588.260	,0,NPU:2
2,SIS,1788521718217553.620	,0,NPU:2
2,SIS,1788521718317545.820	,0,NPU:2
2,SIS,1788521718417544.850	,0,NPU:2
2,SIS,1788521718517552.880	,0,NPU:2
2,SIS,1788521718617566.570	,0,NPU:2
2,SIS,1788521718717534.440	,0,NPU:2
2,SIS,1788521718817557.590	,0,NPU:2
2,SIS,1788521718917546.040	,0,NPU:2
2,SIS,1788521719017598.920	,0,NPU:2
2,SIS,1788521719117573.930	,0,NPU:2
2,SIS,1788521719217574.890	,0,NPU:2
2,SIS,1788521719317576.240	,0,NPU:2
2,SIS,1788521719417575.730	,0,NPU:2
2,SIS,1788521719517600.860	,0,NPU:2
2,SIS,1788521719617577.360	,0,NPU:2
2,SIS,1788521719717571.140	,0,NPU:2
2,SIS,1788521719817533.560	,0,NPU:2
2,SIS,1788521719917547.890	,0,NPU:2
2,SIS,1788521720017528.120	,0,NPU:2
2,SIS,1788521720117533.380	,0,NPU:2
2,SIS,1788521720217524.250	,0,NPU:2
2,SIS,1788521720317532.500	,0,NPU:2
2,SIS,1788521720417554.440	,0,NPU:2
2,SIS,1788521720517549.870	,0,NPU:2
2,SIS,1788521720579916.380	,0,NPU:2
2,HSM,1788521715717609.010	,0,NPU:2
2,HSM,1788521715817507.110	,0,NPU:2
2,HSM,1788521715917521.690	,0,NPU:2
2,HSM,1788521716017500.850	,0,NPU:2
2,HSM,1788521716117496.720	,0,NPU:2
2,HSM,1788521716217498.410	,0,NPU:2
2,HSM,1788521716317498.850	,0,NPU:2
2,HSM,1788521716417493.750	,0,NPU:2
2,HSM,1788521716517491.820	,0,NPU:2
2,HSM,1788521716617496.280	,0,NPU:2
2,HSM,1788521716717508.190	,0,NPU:2
2,HSM,1788521716817485.940	,0,NPU:2
2,HSM,1788521716917484.470	,0,NPU:2
2,HSM,1788521717017488.270	,0,NPU:2
2,HSM,1788521717117483.220	,0,NPU:2
2,HSM,1788521717217482.040	,0,NPU:2
2,HSM,1788521717317480.430	,0,NPU:2
2,HSM,1788521717417480.690	,0,NPU:2
2,HSM,1788521717517484.320	,0,NPU:2
2,HSM,1788521717617581.330	,0,NPU:2
2,HSM,1788521717717577.480	,0,NPU:2
2,HSM,1788521717817570.050	,0,NPU:2
2,HSM,1788521717917581.300	,0,NPU:2
2,HSM,1788521718017595.830	,0,NPU:2
2,HSM,1788521718117588.260	,0,NPU:2
2,HSM,1788521718217553.620	,0,NPU:2
2,HSM,1788521718317545.820	,0,NPU:2
2,HSM,1788521718417544.850	,0,NPU:2
2,HSM,1788521718517552.880	,0,NPU:2
2,HSM,1788521718617566.570	,0,NPU:2
2,HSM,1788521718717534.440	,0,NPU:2
2,HSM,1788521718817557.590	,0,NPU:2
2,HSM,1788521718917546.040	,0,NPU:2
2,HSM,1788521719017598.920	,0,NPU:2
2,HSM,1788521719117573.930	,0,NPU:2
2,HSM,1788521719217574.890	,0,NPU:2
2,HSM,1788521719317576.240	,0,NPU:2
2,HSM,1788521719417575.730	,0,NPU:2
2,HSM,1788521719517600.860	,0,NPU:2
2,HSM,1788521719617577.360	,0,NPU:2
2,HSM,1788521719717571.140	,0,NPU:2
2,HSM,1788521719817533.560	,0,NPU:2
2,HSM,1788521719917547.890	,0,NPU:2
2,HSM,1788521720017528.120	,0,NPU:2
2,HSM,1788521720117533.380	,0,NPU:2
2,HSM,1788521720217524.250	,0,NPU:2
2,HSM,1788521720317532.500	,0,NPU:2
2,HSM,1788521720417554.440	,0,NPU:2
2,HSM,1788521720517549.870	,0,NPU:2
2,HSM,1788521720579916.380	,0,NPU:2
2,DSS,1788521715717609.010	,0,NPU:2
2,DSS,1788521715817507.110	,0,NPU:2
2,DSS,1788521715917521.690	,0,NPU:2
2,DSS,1788521716017500.850	,0,NPU:2
2,DSS,1788521716117496.720	,0,NPU:2
2,DSS,1788521716217498.410	,0,NPU:2
2,DSS,1788521716317498.850	,0,NPU:2
2,DSS,1788521716417493.750	,0,NPU:2
2,DSS,1788521716517491.820	,0,NPU:2
2,DSS,1788521716617496.280	,0,NPU:2
2,DSS,1788521716717508.190	,0,NPU:2
2,DSS,1788521716817485.940	,0,NPU:2
2,DSS,1788521716917484.470	,0,NPU:2
2,DSS,1788521717017488.270	,0,NPU:2
2,DSS,1788521717117483.220	,0,NPU:2
2,DSS,1788521717217482.040	,0,NPU:2
2,DSS,1788521717317480.430	,0,NPU:2
2,DSS,1788521717417480.690	,0,NPU:2
2,DSS,1788521717517484.320	,0,NPU:2
2,DSS,1788521717617581.330	,0,NPU:2
2,DSS,1788521717717577.480	,0,NPU:2
2,DSS,1788521717817570.050	,0,NPU:2
2,DSS,1788521717917581.300	,0,NPU:2
2,DSS,1788521718017595.830	,0,NPU:2
2,DSS,1788521718117588.260	,0,NPU:2
2,DSS,1788521718217553.620	,0,NPU:2
2,DSS,1788521718317545.820	,0,NPU:2
2,DSS,1788521718417544.850	,0,NPU:2
2,DSS,1788521718517552.880	,0,NPU:2
2,DSS,1788521718617566.570	,0,NPU:2
2,DSS,1788521718717534.440	,0,NPU:2
2,DSS,1788521718817557.590	,0,NPU:2
2,DSS,1788521718917546.040	,0,NPU:2
2,DSS,1788521719017598.920	,0,NPU:2
2,DSS,1788521719117573.930	,0,NPU:2
2,DSS,1788521719217574.890	,0,NPU:2
2,DSS,1788521719317576.240	,0,NPU:2
2,DSS,1788521719417575.730	,0,NPU:2
2,DSS,1788521719517600.860	,0,NPU:2
2,DSS,1788521719617577.360	,0,NPU:2
2,DSS,1788521719717571.140	,0,NPU:2
2,DSS,1788521719817533.560	,0,NPU:2
2,DSS,1788521719917547.890	,0,NPU:2
2,DSS,1788521720017528.120	,0,NPU:2
2,DSS,1788521720117533.380	,0,NPU:2
2,DSS,1788521720217524.250	,0,NPU:2
2,DSS,1788521720317532.500	,0,NPU:2
2,DSS,1788521720417554.440	,0,NPU:2
2,DSS,1788521720517549.870	,0,NPU:2
2,DSS,1788521720579916.380	,0,NPU:2
2,PROCMGR,1788521715717609.010	,0,NPU:2
2,PROCMGR,1788521715817507.110	,0,NPU:2
2,PROCMGR,1788521715917521.690	,0,NPU:2
2,PROCMGR,1788521716017500.850	,0,NPU:2
2,PROCMGR,1788521716117496.720	,0,NPU:2
2,PROCMGR,1788521716217498.410	,0,NPU:2
2,PROCMGR,1788521716317498.850	,0,NPU:2
2,PROCMGR,1788521716417493.750	,0,NPU:2
2,PROCMGR,1788521716517491.820	,0,NPU:2
2,PROCMGR,1788521716617496.280	,0,NPU:2
2,PROCMGR,1788521716717508.190	,0,NPU:2
2,PROCMGR,1788521716817485.940	,0,NPU:2
2,PROCMGR,1788521716917484.470	,0,NPU:2
2,PROCMGR,1788521717017488.270	,0,NPU:2
2,PROCMGR,1788521717117483.220	,0,NPU:2
2,PROCMGR,1788521717217482.040	,0,NPU:2
2,PROCMGR,1788521717317480.430	,0,NPU:2
2,PROCMGR,1788521717417480.690	,0,NPU:2
2,PROCMGR,1788521717517484.320	,0,NPU:2
2,PROCMGR,1788521717617581.330	,0,NPU:2
2,PROCMGR,1788521717717577.480	,0,NPU:2
2,PROCMGR,1788521717817570.050	,0,NPU:2
2,PROCMGR,1788521717917581.300	,0,NPU:2
2,PROCMGR,1788521718017595.830	,0,NPU:2
2,PROCMGR,1788521718117588.260	,0,NPU:2
2,PROCMGR,1788521718217553.620	,0,NPU:2
2,PROCMGR,1788521718317545.820	,0,NPU:2
2,PROCMGR,1788521718417544.850	,0,NPU:2
2,PROCMGR,1788521718517552.880	,0,NPU:2
2,PROCMGR,1788521718617566.570	,0,NPU:2
2,PROCMGR,1788521718717534.440	,0,NPU:2
2,PROCMGR,1788521718817557.590	,0,NPU:2
2,PROCMGR,1788521718917546.040	,0,NPU:2
2,PROCMGR,1788521719017598.920	,0,NPU:2
2,PROCMGR,1788521719117573.930	,0,NPU:2
2,PROCMGR,1788521719217574.890	,0,NPU:2
2,PROCMGR,1788521719317576.240	,0,NPU:2
2,PROCMGR,1788521719417575.730	,0,NPU:2
2,PROCMGR,1788521719517600.860	,0,NPU:2
2,PROCMGR,1788521719617577.360	,0,NPU:2
2,PROCMGR,1788521719717571.140	,0,NPU:2
2,PROCMGR,1788521719817533.560	,0,NPU:2
2,PROCMGR,1788521719917547.890	,0,NPU:2
2,PROCMGR,1788521720017528.120	,0,NPU:2
2,PROCMGR,1788521720117533.380	,0,NPU:2
2,PROCMGR,1788521720217524.250	,0,NPU:2
2,PROCMGR,1788521720317532.500	,0,NPU:2
2,PROCMGR,1788521720417554.440	,0,NPU:2
2,PROCMGR,1788521720517549.870	,0,NPU:2
2,PROCMGR,1788521720579916.380	,0,NPU:2
2,BBOX,1788521715717609.010	,0,NPU:2
2,BBOX,1788521715817507.110	,0,NPU:2
2,BBOX,1788521715917521.690	,0,NPU:2
2,BBOX,1788521716017500.850	,0,NPU:2
2,BBOX,1788521716117496.720	,0,NPU:2
2,BBOX,1788521716217498.410	,0,NPU:2
2,BBOX,1788521716317498.850	,0,NPU:2
2,BBOX,1788521716417493.750	,0,NPU:2
2,BBOX,1788521716517491.820	,0,NPU:2
2,BBOX,1788521716617496.280	,0,NPU:2
2,BBOX,1788521716717508.190	,0,NPU:2
2,BBOX,1788521716817485.940	,0,NPU:2
2,BBOX,1788521716917484.470	,0,NPU:2
2,BBOX,1788521717017488.270	,0,NPU:2
2,BBOX,1788521717117483.220	,0,NPU:2
2,BBOX,1788521717217482.040	,0,NPU:2
2,BBOX,1788521717317480.430	,0,NPU:2
2,BBOX,1788521717417480.690	,0,NPU:2
2,BBOX,1788521717517484.320	,0,NPU:2
2,BBOX,1788521717617581.330	,0,NPU:2
2,BBOX,1788521717717577.480	,0,NPU:2
2,BBOX,1788521717817570.050	,0,NPU:2
2,BBOX,1788521717917581.300	,0,NPU:2
2,BBOX,1788521718017595.830	,0,NPU:2
2,BBOX,1788521718117588.260	,0,NPU:2
2,BBOX,1788521718217553.620	,0,NPU:2
2,BBOX,1788521718317545.820	,0,NPU:2
2,BBOX,1788521718417544.850	,0,NPU:2
2,BBOX,1788521718517552.880	,0,NPU:2
2,BBOX,1788521718617566.570	,0,NPU:2
2,BBOX,1788521718717534.440	,0,NPU:2
2,BBOX,1788521718817557.590	,0,NPU:2
2,BBOX,1788521718917546.040	,0,NPU:2
2,BBOX,1788521719017598.920	,0,NPU:2
2,BBOX,1788521719117573.930	,0,NPU:2
2,BBOX,1788521719217574.890	,0,NPU:2
2,BBOX,1788521719317576.240	,0,NPU:2
2,BBOX,1788521719417575.730	,0,NPU:2
2,BBOX,1788521719517600.860	,0,NPU:2
2,BBOX,1788521719617577.360	,0,NPU:2
2,BBOX,1788521719717571.140	,0,NPU:2
2,BBOX,1788521719817533.560	,0,NPU:2
2,BBOX,1788521719917547.890	,0,NPU:2
2,BBOX,1788521720017528.120	,0,NPU:2
2,BBOX,1788521720117533.380	,0,NPU:2
2,BBOX,1788521720217524.250	,0,NPU:2
2,BBOX,1788521720317532.500	,0,NPU:2
2,BBOX,1788521720417554.440	,0,NPU:2
2,BBOX,1788521720517549.870	,0,NPU:2
2,BBOX,1788521720579916.380	,0,NPU:2
2,AIVECTOR,1788521715717609.010	,0,NPU:2
2,AIVECTOR,1788521715817507.110	,0,NPU:2
2,AIVECTOR,1788521715917521.690	,0,NPU:2
2,AIVECTOR,1788521716017500.850	,0,NPU:2
2,AIVECTOR,1788521716117496.720	,0,NPU:2
2,AIVECTOR,1788521716217498.410	,0,NPU:2
2,AIVECTOR,1788521716317498.850	,0,NPU:2
2,AIVECTOR,1788521716417493.750	,0,NPU:2
2,AIVECTOR,1788521716517491.820	,0,NPU:2
2,AIVECTOR,1788521716617496.280	,0,NPU:2
2,AIVECTOR,1788521716717508.190	,0,NPU:2
2,AIVECTOR,1788521716817485.940	,0,NPU:2
2,AIVECTOR,1788521716917484.470	,0,NPU:2
2,AIVECTOR,1788521717017488.270	,0,NPU:2
2,AIVECTOR,1788521717117483.220	,0,NPU:2
2,AIVECTOR,1788521717217482.040	,0,NPU:2
2,AIVECTOR,1788521717317480.430	,0,NPU:2
2,AIVECTOR,1788521717417480.690	,0,NPU:2
2,AIVECTOR,1788521717517484.320	,0,NPU:2
2,AIVECTOR,1788521717617581.330	,0,NPU:2
2,AIVECTOR,1788521717717577.480	,0,NPU:2
2,AIVECTOR,1788521717817570.050	,0,NPU:2
2,AIVECTOR,1788521717917581.300	,0,NPU:2
2,AIVECTOR,1788521718017595.830	,0,NPU:2
2,AIVECTOR,1788521718117588.260	,0,NPU:2
2,AIVECTOR,1788521718217553.620	,0,NPU:2
2,AIVECTOR,1788521718317545.820	,0,NPU:2
2,AIVECTOR,1788521718417544.850	,0,NPU:2
2,AIVECTOR,1788521718517552.880	,0,NPU:2
2,AIVECTOR,1788521718617566.570	,0,NPU:2
2,AIVECTOR,1788521718717534.440	,0,NPU:2
2,AIVECTOR,1788521718817557.590	,0,NPU:2
2,AIVECTOR,1788521718917546.040	,0,NPU:2
2,AIVECTOR,1788521719017598.920	,0,NPU:2
2,AIVECTOR,1788521719117573.930	,0,NPU:2
2,AIVECTOR,1788521719217574.890	,0,NPU:2
2,AIVECTOR,1788521719317576.240	,0,NPU:2
2,AIVECTOR,1788521719417575.730	,0,NPU:2
2,AIVECTOR,1788521719517600.860	,0,NPU:2
2,AIVECTOR,1788521719617577.360	,0,NPU:2
2,AIVECTOR,1788521719717571.140	,0,NPU:2
2,AIVECTOR,1788521719817533.560	,0,NPU:2
2,AIVECTOR,1788521719917547.890	,0,NPU:2
2,AIVECTOR,1788521720017528.120	,0,NPU:2
2,AIVECTOR,1788521720117533.380	,0,NPU:2
2,AIVECTOR,1788521720217524.250	,0,NPU:2
2,AIVECTOR,1788521720317532.500	,0,NPU:2
2,AIVECTOR,1788521720417554.440	,0,NPU:2
2,AIVECTOR,1788521720517549.870	,0,NPU:2
2,AIVECTOR,1788521720579916.380	,0,NPU:2
2,TBE,1788521715717609.010	,0,NPU:2
2,TBE,1788521715817507.110	,0,NPU:2
2,TBE,1788521715917521.690	,0,NPU:2
2,TBE,1788521716017500.850	,0,NPU:2
2,TBE,1788521716117496.720	,0,NPU:2
2,TBE,1788521716217498.410	,0,NPU:2
2,TBE,1788521716317498.850	,0,NPU:2
2,TBE,1788521716417493.750	,0,NPU:2
2,TBE,1788521716517491.820	,0,NPU:2
2,TBE,1788521716617496.280	,0,NPU:2
2,TBE,1788521716717508.190	,0,NPU:2
2,TBE,1788521716817485.940	,0,NPU:2
2,TBE,1788521716917484.470	,0,NPU:2
2,TBE,1788521717017488.270	,0,NPU:2
2,TBE,1788521717117483.220	,0,NPU:2
2,TBE,1788521717217482.040	,0,NPU:2
2,TBE,1788521717317480.430	,0,NPU:2
2,TBE,1788521717417480.690	,0,NPU:2
2,TBE,1788521717517484.320	,0,NPU:2
2,TBE,1788521717617581.330	,0,NPU:2
2,TBE,1788521717717577.480	,0,NPU:2
2,TBE,1788521717817570.050	,0,NPU:2
2,TBE,1788521717917581.300	,0,NPU:2
2,TBE,1788521718017595.830	,0,NPU:2
2,TBE,1788521718117588.260	,0,NPU:2
2,TBE,1788521718217553.620	,0,NPU:2
2,TBE,1788521718317545.820	,0,NPU:2
2,TBE,1788521718417544.850	,0,NPU:2
2,TBE,1788521718517552.880	,0,NPU:2
2,TBE,1788521718617566.570	,0,NPU:2
2,TBE,1788521718717534.440	,0,NPU:2
2,TBE,1788521718817557.590	,0,NPU:2
2,TBE,1788521718917546.040	,0,NPU:2
2,TBE,1788521719017598.920	,0,NPU:2
2,TBE,1788521719117573.930	,0,NPU:2
2,TBE,1788521719217574.890	,0,NPU:2
2,TBE,1788521719317576.240	,0,NPU:2
2,TBE,1788521719417575.730	,0,NPU:2
2,TBE,1788521719517600.860	,0,NPU:2
2,TBE,1788521719617577.360	,0,NPU:2
2,TBE,1788521719717571.140	,0,NPU:2
2,TBE,1788521719817533.560	,0,NPU:2
2,TBE,1788521719917547.890	,0,NPU:2
2,TBE,1788521720017528.120	,0,NPU:2
2,TBE,1788521720117533.380	,0,NPU:2
2,TBE,1788521720217524.250	,0,NPU:2
2,TBE,1788521720317532.500	,0,NPU:2
2,TBE,1788521720417554.440	,0,NPU:2
2,TBE,1788521720517549.870	,0,NPU:2
2,TBE,1788521720579916.380	,0,NPU:2
2,FV,1788521715717609.010	,0,NPU:2
2,FV,1788521715817507.110	,0,NPU:2
2,FV,1788521715917521.690	,0,NPU:2
2,FV,1788521716017500.850	,0,NPU:2
2,FV,1788521716117496.720	,0,NPU:2
2,FV,1788521716217498.410	,0,NPU:2
2,FV,1788521716317498.850	,0,NPU:2
2,FV,1788521716417493.750	,0,NPU:2
2,FV,1788521716517491.820	,0,NPU:2
2,FV,1788521716617496.280	,0,NPU:2
2,FV,1788521716717508.190	,0,NPU:2
2,FV,1788521716817485.940	,0,NPU:2
2,FV,1788521716917484.470	,0,NPU:2
2,FV,1788521717017488.270	,0,NPU:2
2,FV,1788521717117483.220	,0,NPU:2
2,FV,1788521717217482.040	,0,NPU:2
2,FV,1788521717317480.430	,0,NPU:2
2,FV,1788521717417480.690	,0,NPU:2
2,FV,1788521717517484.320	,0,NPU:2
2,FV,1788521717617581.330	,0,NPU:2
2,FV,1788521717717577.480	,0,NPU:2
2,FV,1788521717817570.050	,0,NPU:2
2,FV,1788521717917581.300	,0,NPU:2
2,FV,1788521718017595.830	,0,NPU:2
2,FV,1788521718117588.260	,0,NPU:2
2,FV,1788521718217553.620	,0,NPU:2
2,FV,1788521718317545.820	,0,NPU:2
2,FV,1788521718417544.850	,0,NPU:2
2,FV,1788521718517552.880	,0,NPU:2
2,FV,1788521718617566.570	,0,NPU:2
2,FV,1788521718717534.440	,0,NPU:2
2,FV,1788521718817557.590	,0,NPU:2
2,FV,1788521718917546.040	,0,NPU:2
2,FV,1788521719017598.920	,0,NPU:2
2,FV,1788521719117573.930	,0,NPU:2
2,FV,1788521719217574.890	,0,NPU:2
2,FV,1788521719317576.240	,0,NPU:2
2,FV,1788521719417575.730	,0,NPU:2
2,FV,1788521719517600.860	,0,NPU:2
2,FV,1788521719617577.360	,0,NPU:2
2,FV,1788521719717571.140	,0,NPU:2
2,FV,1788521719817533.560	,0,NPU:2
2,FV,1788521719917547.890	,0,NPU:2
2,FV,1788521720017528.120	,0,NPU:2
2,FV,1788521720117533.380	,0,NPU:2
2,FV,1788521720217524.250	,0,NPU:2
2,FV,1788521720317532.500	,0,NPU:2
2,FV,1788521720417554.440	,0,NPU:2
2,FV,1788521720517549.870	,0,NPU:2
2,FV,1788521720579916.380	,0,NPU:2
2,MDCMAP,1788521715717609.010	,0,NPU:2
2,MDCMAP,1788521715817507.110	,0,NPU:2
2,MDCMAP,1788521715917521.690	,0,NPU:2
2,MDCMAP,1788521716017500.850	,0,NPU:2
2,MDCMAP,1788521716117496.720	,0,NPU:2
2,MDCMAP,1788521716217498.410	,0,NPU:2
2,MDCMAP,1788521716317498.850	,0,NPU:2
2,MDCMAP,1788521716417493.750	,0,NPU:2
2,MDCMAP,1788521716517491.820	,0,NPU:2
2,MDCMAP,1788521716617496.280	,0,NPU:2
2,MDCMAP,1788521716717508.190	,0,NPU:2
2,MDCMAP,1788521716817485.940	,0,NPU:2
2,MDCMAP,1788521716917484.470	,0,NPU:2
2,MDCMAP,1788521717017488.270	,0,NPU:2
2,MDCMAP,1788521717117483.220	,0,NPU:2
2,MDCMAP,1788521717217482.040	,0,NPU:2
2,MDCMAP,1788521717317480.430	,0,NPU:2
2,MDCMAP,1788521717417480.690	,0,NPU:2
2,MDCMAP,1788521717517484.320	,0,NPU:2
2,MDCMAP,1788521717617581.330	,0,NPU:2
2,MDCMAP,1788521717717577.480	,0,NPU:2
2,MDCMAP,1788521717817570.050	,0,NPU:2
2,MDCMAP,1788521717917581.300	,0,NPU:2
2,MDCMAP,1788521718017595.830	,0,NPU:2
2,MDCMAP,1788521718117588.260	,0,NPU:2
2,MDCMAP,1788521718217553.620	,0,NPU:2
2,MDCMAP,1788521718317545.820	,0,NPU:2
2,MDCMAP,1788521718417544.850	,0,NPU:2
2,MDCMAP,1788521718517552.880	,0,NPU:2
2,MDCMAP,1788521718617566.570	,0,NPU:2
2,MDCMAP,1788521718717534.440	,0,NPU:2
2,MDCMAP,1788521718817557.590	,0,NPU:2
2,MDCMAP,1788521718917546.040	,0,NPU:2
2,MDCMAP,1788521719017598.920	,0,NPU:2
2,MDCMAP,1788521719117573.930	,0,NPU:2
2,MDCMAP,1788521719217574.890	,0,NPU:2
2,MDCMAP,1788521719317576.240	,0,NPU:2
2,MDCMAP,1788521719417575.730	,0,NPU:2
2,MDCMAP,1788521719517600.860	,0,NPU:2
2,MDCMAP,1788521719617577.360	,0,NPU:2
2,MDCMAP,1788521719717571.140	,0,NPU:2
2,MDCMAP,1788521719817533.560	,0,NPU:2
2,MDCMAP,1788521719917547.890	,0,NPU:2
2,MDCMAP,1788521720017528.120	,0,NPU:2
2,MDCMAP,1788521720117533.380	,0,NPU:2
2,MDCMAP,1788521720217524.250	,0,NPU:2
2,MDCMAP,1788521720317532.500	,0,NPU:2
2,MDCMAP,1788521720417554.440	,0,NPU:2
2,MDCMAP,1788521720517549.870	,0,NPU:2
2,MDCMAP,1788521720579916.380	,0,NPU:2
2,TUNE,1788521715717609.010	,0,NPU:2
2,TUNE,1788521715817507.110	,0,NPU:2
2,TUNE,1788521715917521.690	,0,NPU:2
2,TUNE,1788521716017500.850	,0,NPU:2
2,TUNE,1788521716117496.720	,0,NPU:2
2,TUNE,1788521716217498.410	,0,NPU:2
2,TUNE,1788521716317498.850	,0,NPU:2
2,TUNE,1788521716417493.750	,0,NPU:2
2,TUNE,1788521716517491.820	,0,NPU:2
2,TUNE,1788521716617496.280	,0,NPU:2
2,TUNE,1788521716717508.190	,0,NPU:2
2,TUNE,1788521716817485.940	,0,NPU:2
2,TUNE,1788521716917484.470	,0,NPU:2
2,TUNE,1788521717017488.270	,0,NPU:2
2,TUNE,1788521717117483.220	,0,NPU:2
2,TUNE,1788521717217482.040	,0,NPU:2
2,TUNE,1788521717317480.430	,0,NPU:2
2,TUNE,1788521717417480.690	,0,NPU:2
2,TUNE,1788521717517484.320	,0,NPU:2
2,TUNE,1788521717617581.330	,0,NPU:2
2,TUNE,1788521717717577.480	,0,NPU:2
2,TUNE,1788521717817570.050	,0,NPU:2
2,TUNE,1788521717917581.300	,0,NPU:2
2,TUNE,1788521718017595.830	,0,NPU:2
2,TUNE,1788521718117588.260	,0,NPU:2
2,TUNE,1788521718217553.620	,0,NPU:2
2,TUNE,1788521718317545.820	,0,NPU:2
2,TUNE,1788521718417544.850	,0,NPU:2
2,TUNE,1788521718517552.880	,0,NPU:2
2,TUNE,1788521718617566.570	,0,NPU:2
2,TUNE,1788521718717534.440	,0,NPU:2
2,TUNE,1788521718817557.590	,0,NPU:2
2,TUNE,1788521718917546.040	,0,NPU:2
2,TUNE,1788521719017598.920	,0,NPU:2
2,TUNE,1788521719117573.930	,0,NPU:2
2,TUNE,1788521719217574.890	,0,NPU:2
2,TUNE,1788521719317576.240	,0,NPU:2
2,TUNE,1788521719417575.730	,0,NPU:2
2,TUNE,1788521719517600.860	,0,NPU:2
2,TUNE,1788521719617577.360	,0,NPU:2
2,TUNE,1788521719717571.140	,0,NPU:2
2,TUNE,1788521719817533.560	,0,NPU:2
2,TUNE,1788521719917547.890	,0,NPU:2
2,TUNE,1788521720017528.120	,0,NPU:2
2,TUNE,1788521720117533.380	,0,NPU:2
2,TUNE,1788521720217524.250	,0,NPU:2
2,TUNE,1788521720317532.500	,0,NPU:2
2,TUNE,1788521720417554.440	,0,NPU:2
2,TUNE,1788521720517549.870	,0,NPU:2
2,TUNE,1788521720579916.380	,0,NPU:2
2,HSS,1788521715717609.010	,0,NPU:2
2,HSS,1788521715817507.110	,0,NPU:2
2,HSS,1788521715917521.690	,0,NPU:2
2,HSS,1788521716017500.850	,0,NPU:2
2,HSS,1788521716117496.720	,0,NPU:2
2,HSS,1788521716217498.410	,0,NPU:2
2,HSS,1788521716317498.850	,0,NPU:2
2,HSS,1788521716417493.750	,0,NPU:2
2,HSS,1788521716517491.820	,0,NPU:2
2,HSS,1788521716617496.280	,0,NPU:2
2,HSS,1788521716717508.190	,0,NPU:2
2,HSS,1788521716817485.940	,0,NPU:2
2,HSS,1788521716917484.470	,0,NPU:2
2,HSS,1788521717017488.270	,0,NPU:2
2,HSS,1788521717117483.220	,0,NPU:2
2,HSS,1788521717217482.040	,0,NPU:2
2,HSS,1788521717317480.430	,0,NPU:2
2,HSS,1788521717417480.690	,0,NPU:2
2,HSS,1788521717517484.320	,0,NPU:2
2,HSS,1788521717617581.330	,0,NPU:2
2,HSS,1788521717717577.480	,0,NPU:2
2,HSS,1788521717817570.050	,0,NPU:2
2,HSS,1788521717917581.300	,0,NPU:2
2,HSS,1788521718017595.830	,0,NPU:2
2,HSS,1788521718117588.260	,0,NPU:2
2,HSS,1788521718217553.620	,0,NPU:2
2,HSS,1788521718317545.820	,0,NPU:2
2,HSS,1788521718417544.850	,0,NPU:2
2,HSS,1788521718517552.880	,0,NPU:2
2,HSS,1788521718617566.570	,0,NPU:2
2,HSS,1788521718717534.440	,0,NPU:2
2,HSS,1788521718817557.590	,0,NPU:2
2,HSS,1788521718917546.040	,0,NPU:2
2,HSS,1788521719017598.920	,0,NPU:2
2,HSS,1788521719117573.930	,0,NPU:2
2,HSS,1788521719217574.890	,0,NPU:2
2,HSS,1788521719317576.240	,0,NPU:2
2,HSS,1788521719417575.730	,0,NPU:2
2,HSS,1788521719517600.860	,0,NPU:2
2,HSS,1788521719617577.360	,0,NPU:2
2,HSS,1788521719717571.140	,0,NPU:2
2,HSS,1788521719817533.560	,0,NPU:2
2,HSS,1788521719917547.890	,0,NPU:2
2,HSS,1788521720017528.120	,0,NPU:2
2,HSS,1788521720117533.380	,0,NPU:2
2,HSS,1788521720217524.250	,0,NPU:2
2,HSS,1788521720317532.500	,0,NPU:2
2,HSS,1788521720417554.440	,0,NPU:2
2,HSS,1788521720517549.870	,0,NPU:2
2,HSS,1788521720579916.380	,0,NPU:2
2,FFTS,1788521715717609.010	,0,NPU:2
2,FFTS,1788521715817507.110	,0,NPU:2
2,FFTS,1788521715917521.690	,0,NPU:2
2,FFTS,1788521716017500.850	,0,NPU:2
2,FFTS,1788521716117496.720	,0,NPU:2
2,FFTS,1788521716217498.410	,0,NPU:2
2,FFTS,1788521716317498.850	,0,NPU:2
2,FFTS,1788521716417493.750	,0,NPU:2
2,FFTS,1788521716517491.820	,0,NPU:2
2,FFTS,1788521716617496.280	,0,NPU:2
2,FFTS,1788521716717508.190	,0,NPU:2
2,FFTS,1788521716817485.940	,0,NPU:2
2,FFTS,1788521716917484.470	,0,NPU:2
2,FFTS,1788521717017488.270	,0,NPU:2
2,FFTS,1788521717117483.220	,0,NPU:2
2,FFTS,1788521717217482.040	,0,NPU:2
2,FFTS,1788521717317480.430	,0,NPU:2
2,FFTS,1788521717417480.690	,0,NPU:2
2,FFTS,1788521717517484.320	,0,NPU:2
2,FFTS,1788521717617581.330	,0,NPU:2
2,FFTS,1788521717717577.480	,0,NPU:2
2,FFTS,1788521717817570.050	,0,NPU:2
2,FFTS,1788521717917581.300	,0,NPU:2
2,FFTS,1788521718017595.830	,0,NPU:2
2,FFTS,1788521718117588.260	,0,NPU:2
2,FFTS,1788521718217553.620	,0,NPU:2
2,FFTS,1788521718317545.820	,0,NPU:2
2,FFTS,1788521718417544.850	,0,NPU:2
2,FFTS,1788521718517552.880	,0,NPU:2
2,FFTS,1788521718617566.570	,0,NPU:2
2,FFTS,1788521718717534.440	,0,NPU:2
2,FFTS,1788521718817557.590	,0,NPU:2
2,FFTS,1788521718917546.040	,0,NPU:2
2,FFTS,1788521719017598.920	,0,NPU:2
2,FFTS,1788521719117573.930	,0,NPU:2
2,FFTS,1788521719217574.890	,0,NPU:2
2,FFTS,1788521719317576.240	,0,NPU:2
2,FFTS,1788521719417575.730	,0,NPU:2
2,FFTS,1788521719517600.860	,0,NPU:2
2,FFTS,1788521719617577.360	,0,NPU:2
2,FFTS,1788521719717571.140	,0,NPU:2
2,FFTS,1788521719817533.560	,0,NPU:2
2,FFTS,1788521719917547.890	,0,NPU:2
2,FFTS,1788521720017528.120	,0,NPU:2
2,FFTS,1788521720117533.380	,0,NPU:2
2,FFTS,1788521720217524.250	,0,NPU:2
2,FFTS,1788521720317532.500	,0,NPU:2
2,FFTS,1788521720417554.440	,0,NPU:2
2,FFTS,1788521720517549.870	,0,NPU:2
2,FFTS,1788521720579916.380	,0,NPU:2
2,OP,1788521715717609.010	,0,NPU:2
2,OP,1788521715817507.110	,0,NPU:2
2,OP,1788521715917521.690	,0,NPU:2
2,OP,1788521716017500.850	,0,NPU:2
2,OP,1788521716117496.720	,0,NPU:2
2,OP,1788521716217498.410	,0,NPU:2
2,OP,1788521716317498.850	,0,NPU:2
2,OP,1788521716417493.750	,0,NPU:2
2,OP,1788521716517491.820	,0,NPU:2
2,OP,1788521716617496.280	,0,NPU:2
2,OP,1788521716717508.190	,0,NPU:2
2,OP,1788521716817485.940	,0,NPU:2
2,OP,1788521716917484.470	,0,NPU:2
2,OP,1788521717017488.270	,0,NPU:2
2,OP,1788521717117483.220	,0,NPU:2
2,OP,1788521717217482.040	,0,NPU:2
2,OP,1788521717317480.430	,0,NPU:2
2,OP,1788521717417480.690	,0,NPU:2
2,OP,1788521717517484.320	,0,NPU:2
2,OP,1788521717617581.330	,0,NPU:2
2,OP,1788521717717577.480	,0,NPU:2
2,OP,1788521717817570.050	,0,NPU:2
2,OP,1788521717917581.300	,0,NPU:2
2,OP,1788521718017595.830	,0,NPU:2
2,OP,1788521718117588.260	,0,NPU:2
2,OP,1788521718217553.620	,0,NPU:2
2,OP,1788521718317545.820	,0,NPU:2
2,OP,1788521718417544.850	,0,NPU:2
2,OP,1788521718517552.880	,0,NPU:2
2,OP,1788521718617566.570	,0,NPU:2
2,OP,1788521718717534.440	,0,NPU:2
2,OP,1788521718817557.590	,0,NPU:2
2,OP,1788521718917546.040	,0,NPU:2
2,OP,1788521719017598.920	,0,NPU:2
2,OP,1788521719117573.930	,0,NPU:2
2,OP,1788521719217574.890	,0,NPU:2
2,OP,1788521719317576.240	,0,NPU:2
2,OP,1788521719417575.730	,0,NPU:2
2,OP,1788521719517600.860	,0,NPU:2
2,OP,1788521719617577.360	,0,NPU:2
2,OP,1788521719717571.140	,0,NPU:2
2,OP,1788521719817533.560	,0,NPU:2
2,OP,1788521719917547.890	,0,NPU:2
2,OP,1788521720017528.120	,0,NPU:2
2,OP,1788521720117533.380	,0,NPU:2
2,OP,1788521720217524.250	,0,NPU:2
2,OP,1788521720317532.500	,0,NPU:2
2,OP,1788521720417554.440	,0,NPU:2
2,OP,1788521720517549.870	,0,NPU:2
2,OP,1788521720579916.380	,0,NPU:2
2,UDF,1788521715717609.010	,0,NPU:2
2,UDF,1788521715817507.110	,0,NPU:2
2,UDF,1788521715917521.690	,0,NPU:2
2,UDF,1788521716017500.850	,0,NPU:2
2,UDF,1788521716117496.720	,0,NPU:2
2,UDF,1788521716217498.410	,0,NPU:2
2,UDF,1788521716317498.850	,0,NPU:2
2,UDF,1788521716417493.750	,0,NPU:2
2,UDF,1788521716517491.820	,0,NPU:2
2,UDF,1788521716617496.280	,0,NPU:2
2,UDF,1788521716717508.190	,0,NPU:2
2,UDF,1788521716817485.940	,0,NPU:2
2,UDF,1788521716917484.470	,0,NPU:2
2,UDF,1788521717017488.270	,0,NPU:2
2,UDF,1788521717117483.220	,0,NPU:2
2,UDF,1788521717217482.040	,0,NPU:2
2,UDF,1788521717317480.430	,0,NPU:2
2,UDF,1788521717417480.690	,0,NPU:2
2,UDF,1788521717517484.320	,0,NPU:2
2,UDF,1788521717617581.330	,0,NPU:2
2,UDF,1788521717717577.480	,0,NPU:2
2,UDF,1788521717817570.050	,0,NPU:2
2,UDF,1788521717917581.300	,0,NPU:2
2,UDF,1788521718017595.830	,0,NPU:2
2,UDF,1788521718117588.260	,0,NPU:2
2,UDF,1788521718217553.620	,0,NPU:2
2,UDF,1788521718317545.820	,0,NPU:2
2,UDF,1788521718417544.850	,0,NPU:2
2,UDF,1788521718517552.880	,0,NPU:2
2,UDF,1788521718617566.570	,0,NPU:2
2,UDF,1788521718717534.440	,0,NPU:2
2,UDF,1788521718817557.590	,0,NPU:2
2,UDF,1788521718917546.040	,0,NPU:2
2,UDF,1788521719017598.920	,0,NPU:2
2,UDF,1788521719117573.930	,0,NPU:2
2,UDF,1788521719217574.890	,0,NPU:2
2,UDF,1788521719317576.240	,0,NPU:2
2,UDF,1788521719417575.730	,0,NPU:2
2,UDF,1788521719517600.860	,0,NPU:2
2,UDF,1788521719617577.360	,0,NPU:2
2,UDF,1788521719717571.140	,0,NPU:2
2,UDF,1788521719817533.560	,0,NPU:2
2,UDF,1788521719917547.890	,0,NPU:2
2,UDF,1788521720017528.120	,0,NPU:2
2,UDF,1788521720117533.380	,0,NPU:2
2,UDF,1788521720217524.250	,0,NPU:2
2,UDF,1788521720317532.500	,0,NPU:2
2,UDF,1788521720417554.440	,0,NPU:2
2,UDF,1788521720517549.870	,0,NPU:2
2,UDF,1788521720579916.380	,0,NPU:2
2,HICAID,1788521715717609.010	,0,NPU:2
2,HICAID,1788521715817507.110	,0,NPU:2
2,HICAID,1788521715917521.690	,0,NPU:2
2,HICAID,1788521716017500.850	,0,NPU:2
2,HICAID,1788521716117496.720	,0,NPU:2
2,HICAID,1788521716217498.410	,0,NPU:2
2,HICAID,1788521716317498.850	,0,NPU:2
2,HICAID,1788521716417493.750	,0,NPU:2
2,HICAID,1788521716517491.820	,0,NPU:2
2,HICAID,1788521716617496.280	,0,NPU:2
2,HICAID,1788521716717508.190	,0,NPU:2
2,HICAID,1788521716817485.940	,0,NPU:2
2,HICAID,1788521716917484.470	,0,NPU:2
2,HICAID,1788521717017488.270	,0,NPU:2
2,HICAID,1788521717117483.220	,0,NPU:2
2,HICAID,1788521717217482.040	,0,NPU:2
2,HICAID,1788521717317480.430	,0,NPU:2
2,HICAID,1788521717417480.690	,0,NPU:2
2,HICAID,1788521717517484.320	,0,NPU:2
2,HICAID,1788521717617581.330	,0,NPU:2
2,HICAID,1788521717717577.480	,0,NPU:2
2,HICAID,1788521717817570.050	,0,NPU:2
2,HICAID,1788521717917581.300	,0,NPU:2
2,HICAID,1788521718017595.830	,0,NPU:2
2,HICAID,1788521718117588.260	,0,NPU:2
2,HICAID,1788521718217553.620	,0,NPU:2
2,HICAID,1788521718317545.820	,0,NPU:2
2,HICAID,1788521718417544.850	,0,NPU:2
2,HICAID,1788521718517552.880	,0,NPU:2
2,HICAID,1788521718617566.570	,0,NPU:2
2,HICAID,1788521718717534.440	,0,NPU:2
2,HICAID,1788521718817557.590	,0,NPU:2
2,HICAID,1788521718917546.040	,0,NPU:2
2,HICAID,1788521719017598.920	,0,NPU:2
2,HICAID,1788521719117573.930	,0,NPU:2
2,HICAID,1788521719217574.890	,0,NPU:2
2,HICAID,1788521719317576.240	,0,NPU:2
2,HICAID,1788521719417575.730	,0,NPU:2
2,HICAID,1788521719517600.860	,0,NPU:2
2,HICAID,1788521719617577.360	,0,NPU:2
2,HICAID,1788521719717571.140	,0,NPU:2
2,HICAID,1788521719817533.560	,0,NPU:2
2,HICAID,1788521719917547.890	,0,NPU:2
2,HICAID,1788521720017528.120	,0,NPU:2
2,HICAID,1788521720117533.380	,0,NPU:2
2,HICAID,1788521720217524.250	,0,NPU:2
2,HICAID,1788521720317532.500	,0,NPU:2
2,HICAID,1788521720417554.440	,0,NPU:2
2,HICAID,1788521720517549.870	,0,NPU:2
2,HICAID,1788521720579916.380	,0,NPU:2
2,TSYNC,1788521715717609.010	,0,NPU:2
2,TSYNC,1788521715817507.110	,0,NPU:2
2,TSYNC,1788521715917521.690	,0,NPU:2
2,TSYNC,1788521716017500.850	,0,NPU:2
2,TSYNC,1788521716117496.720	,0,NPU:2
2,TSYNC,1788521716217498.410	,0,NPU:2
2,TSYNC,1788521716317498.850	,0,NPU:2
2,TSYNC,1788521716417493.750	,0,NPU:2
2,TSYNC,1788521716517491.820	,0,NPU:2
2,TSYNC,1788521716617496.280	,0,NPU:2
2,TSYNC,1788521716717508.190	,0,NPU:2
2,TSYNC,1788521716817485.940	,0,NPU:2
2,TSYNC,1788521716917484.470	,0,NPU:2
2,TSYNC,1788521717017488.270	,0,NPU:2
2,TSYNC,1788521717117483.220	,0,NPU:2
2,TSYNC,1788521717217482.040	,0,NPU:2
2,TSYNC,1788521717317480.430	,0,NPU:2
2,TSYNC,1788521717417480.690	,0,NPU:2
2,TSYNC,1788521717517484.320	,0,NPU:2
2,TSYNC,1788521717617581.330	,0,NPU:2
2,TSYNC,1788521717717577.480	,0,NPU:2
2,TSYNC,1788521717817570.050	,0,NPU:2
2,TSYNC,1788521717917581.300	,0,NPU:2
2,TSYNC,1788521718017595.830	,0,NPU:2
2,TSYNC,1788521718117588.260	,0,NPU:2
2,TSYNC,1788521718217553.620	,0,NPU:2
2,TSYNC,1788521718317545.820	,0,NPU:2
2,TSYNC,1788521718417544.850	,0,NPU:2
2,TSYNC,1788521718517552.880	,0,NPU:2
2,TSYNC,1788521718617566.570	,0,NPU:2
2,TSYNC,1788521718717534.440	,0,NPU:2
2,TSYNC,1788521718817557.590	,0,NPU:2
2,TSYNC,1788521718917546.040	,0,NPU:2
2,TSYNC,1788521719017598.920	,0,NPU:2
2,TSYNC,1788521719117573.930	,0,NPU:2
2,TSYNC,1788521719217574.890	,0,NPU:2
2,TSYNC,1788521719317576.240	,0,NPU:2
2,TSYNC,1788521719417575.730	,0,NPU:2
2,TSYNC,1788521719517600.860	,0,NPU:2
2,TSYNC,1788521719617577.360	,0,NPU:2
2,TSYNC,1788521719717571.140	,0,NPU:2
2,TSYNC,1788521719817533.560	,0,NPU:2
2,TSYNC,1788521719917547.890	,0,NPU:2
2,TSYNC,1788521720017528.120	,0,NPU:2
2,TSYNC,1788521720117533.380	,0,NPU:2
2,TSYNC,1788521720217524.250	,0,NPU:2
2,TSYNC,1788521720317532.500	,0,NPU:2
2,TSYNC,1788521720417554.440	,0,NPU:2
2,TSYNC,1788521720517549.870	,0,NPU:2
2,TSYNC,1788521720579916.380	,0,NPU:2
2,AUDIO,1788521715717609.010	,0,NPU:2
2,AUDIO,1788521715817507.110	,0,NPU:2
2,AUDIO,1788521715917521.690	,0,NPU:2
2,AUDIO,1788521716017500.850	,0,NPU:2
2,AUDIO,1788521716117496.720	,0,NPU:2
2,AUDIO,1788521716217498.410	,0,NPU:2
2,AUDIO,1788521716317498.850	,0,NPU:2
2,AUDIO,1788521716417493.750	,0,NPU:2
2,AUDIO,1788521716517491.820	,0,NPU:2
2,AUDIO,1788521716617496.280	,0,NPU:2
2,AUDIO,1788521716717508.190	,0,NPU:2
2,AUDIO,1788521716817485.940	,0,NPU:2
2,AUDIO,1788521716917484.470	,0,NPU:2
2,AUDIO,1788521717017488.270	,0,NPU:2
2,AUDIO,1788521717117483.220	,0,NPU:2
2,AUDIO,1788521717217482.040	,0,NPU:2
2,AUDIO,1788521717317480.430	,0,NPU:2
2,AUDIO,1788521717417480.690	,0,NPU:2
2,AUDIO,1788521717517484.320	,0,NPU:2
2,AUDIO,1788521717617581.330	,0,NPU:2
2,AUDIO,1788521717717577.480	,0,NPU:2
2,AUDIO,1788521717817570.050	,0,NPU:2
2,AUDIO,1788521717917581.300	,0,NPU:2
2,AUDIO,1788521718017595.830	,0,NPU:2
2,AUDIO,1788521718117588.260	,0,NPU:2
2,AUDIO,1788521718217553.620	,0,NPU:2
2,AUDIO,1788521718317545.820	,0,NPU:2
2,AUDIO,1788521718417544.850	,0,NPU:2
2,AUDIO,1788521718517552.880	,0,NPU:2
2,AUDIO,1788521718617566.570	,0,NPU:2
2,AUDIO,1788521718717534.440	,0,NPU:2
2,AUDIO,1788521718817557.590	,0,NPU:2
2,AUDIO,1788521718917546.040	,0,NPU:2
2,AUDIO,1788521719017598.920	,0,NPU:2
2,AUDIO,1788521719117573.930	,0,NPU:2
2,AUDIO,1788521719217574.890	,0,NPU:2
2,AUDIO,1788521719317576.240	,0,NPU:2
2,AUDIO,1788521719417575.730	,0,NPU:2
2,AUDIO,1788521719517600.860	,0,NPU:2
2,AUDIO,1788521719617577.360	,0,NPU:2
2,AUDIO,1788521719717571.140	,0,NPU:2
2,AUDIO,1788521719817533.560	,0,NPU:2
2,AUDIO,1788521719917547.890	,0,NPU:2
2,AUDIO,1788521720017528.120	,0,NPU:2
2,AUDIO,1788521720117533.380	,0,NPU:2
2,AUDIO,1788521720217524.250	,0,NPU:2
2,AUDIO,1788521720317532.500	,0,NPU:2
2,AUDIO,1788521720417554.440	,0,NPU:2
2,AUDIO,1788521720517549.870	,0,NPU:2
2,AUDIO,1788521720579916.380	,0,NPU:2
2,TPRT,1788521715717609.010	,0,NPU:2
2,TPRT,1788521715817507.110	,0,NPU:2
2,TPRT,1788521715917521.690	,0,NPU:2
2,TPRT,1788521716017500.850	,0,NPU:2
2,TPRT,1788521716117496.720	,0,NPU:2
2,TPRT,1788521716217498.410	,0,NPU:2
2,TPRT,1788521716317498.850	,0,NPU:2
2,TPRT,1788521716417493.750	,0,NPU:2
2,TPRT,1788521716517491.820	,0,NPU:2
2,TPRT,1788521716617496.280	,0,NPU:2
2,TPRT,1788521716717508.190	,0,NPU:2
2,TPRT,1788521716817485.940	,0,NPU:2
2,TPRT,1788521716917484.470	,0,NPU:2
2,TPRT,1788521717017488.270	,0,NPU:2
2,TPRT,1788521717117483.220	,0,NPU:2
2,TPRT,1788521717217482.040	,0,NPU:2
2,TPRT,1788521717317480.430	,0,NPU:2
2,TPRT,1788521717417480.690	,0,NPU:2
2,TPRT,1788521717517484.320	,0,NPU:2
2,TPRT,1788521717617581.330	,0,NPU:2
2,TPRT,1788521717717577.480	,0,NPU:2
2,TPRT,1788521717817570.050	,0,NPU:2
2,TPRT,1788521717917581.300	,0,NPU:2
2,TPRT,1788521718017595.830	,0,NPU:2
2,TPRT,1788521718117588.260	,0,NPU:2
2,TPRT,1788521718217553.620	,0,NPU:2
2,TPRT,1788521718317545.820	,0,NPU:2
2,TPRT,1788521718417544.850	,0,NPU:2
2,TPRT,1788521718517552.880	,0,NPU:2
2,TPRT,1788521718617566.570	,0,NPU:2
2,TPRT,1788521718717534.440	,0,NPU:2
2,TPRT,1788521718817557.590	,0,NPU:2
2,TPRT,1788521718917546.040	,0,NPU:2
2,TPRT,1788521719017598.920	,0,NPU:2
2,TPRT,1788521719117573.930	,0,NPU:2
2,TPRT,1788521719217574.890	,0,NPU:2
2,TPRT,1788521719317576.240	,0,NPU:2
2,TPRT,1788521719417575.730	,0,NPU:2
2,TPRT,1788521719517600.860	,0,NPU:2
2,TPRT,1788521719617577.360	,0,NPU:2
2,TPRT,1788521719717571.140	,0,NPU:2
2,TPRT,1788521719817533.560	,0,NPU:2
2,TPRT,1788521719917547.890	,0,NPU:2
2,TPRT,1788521720017528.120	,0,NPU:2
2,TPRT,1788521720117533.380	,0,NPU:2
2,TPRT,1788521720217524.250	,0,NPU:2
2,TPRT,1788521720317532.500	,0,NPU:2
2,TPRT,1788521720417554.440	,0,NPU:2
2,TPRT,1788521720517549.870	,0,NPU:2
2,TPRT,1788521720579916.380	,0,NPU:2
2,ASCENDCKERNEL,1788521715717609.010	,0,NPU:2
2,ASCENDCKERNEL,1788521715817507.110	,0,NPU:2
2,ASCENDCKERNEL,1788521715917521.690	,0,NPU:2
2,ASCENDCKERNEL,1788521716017500.850	,0,NPU:2
2,ASCENDCKERNEL,1788521716117496.720	,0,NPU:2
2,ASCENDCKERNEL,1788521716217498.410	,0,NPU:2
2,ASCENDCKERNEL,1788521716317498.850	,0,NPU:2
2,ASCENDCKERNEL,1788521716417493.750	,0,NPU:2
2,ASCENDCKERNEL,1788521716517491.820	,0,NPU:2
2,ASCENDCKERNEL,1788521716617496.280	,0,NPU:2
2,ASCENDCKERNEL,1788521716717508.190	,0,NPU:2
2,ASCENDCKERNEL,1788521716817485.940	,0,NPU:2
2,ASCENDCKERNEL,1788521716917484.470	,0,NPU:2
2,ASCENDCKERNEL,1788521717017488.270	,0,NPU:2
2,ASCENDCKERNEL,1788521717117483.220	,0,NPU:2
2,ASCENDCKERNEL,1788521717217482.040	,0,NPU:2
2,ASCENDCKERNEL,1788521717317480.430	,0,NPU:2
2,ASCENDCKERNEL,1788521717417480.690	,0,NPU:2
2,ASCENDCKERNEL,1788521717517484.320	,0,NPU:2
2,ASCENDCKERNEL,1788521717617581.330	,0,NPU:2
2,ASCENDCKERNEL,1788521717717577.480	,0,NPU:2
2,ASCENDCKERNEL,1788521717817570.050	,0,NPU:2
2,ASCENDCKERNEL,1788521717917581.300	,0,NPU:2
2,ASCENDCKERNEL,1788521718017595.830	,0,NPU:2
2,ASCENDCKERNEL,1788521718117588.260	,0,NPU:2
2,ASCENDCKERNEL,1788521718217553.620	,0,NPU:2
2,ASCENDCKERNEL,1788521718317545.820	,0,NPU:2
2,ASCENDCKERNEL,1788521718417544.850	,0,NPU:2
2,ASCENDCKERNEL,1788521718517552.880	,0,NPU:2
2,ASCENDCKERNEL,1788521718617566.570	,0,NPU:2
2,ASCENDCKERNEL,1788521718717534.440	,0,NPU:2
2,ASCENDCKERNEL,1788521718817557.590	,0,NPU:2
2,ASCENDCKERNEL,1788521718917546.040	,0,NPU:2
2,ASCENDCKERNEL,1788521719017598.920	,0,NPU:2
2,ASCENDCKERNEL,1788521719117573.930	,0,NPU:2
2,ASCENDCKERNEL,1788521719217574.890	,0,NPU:2
2,ASCENDCKERNEL,1788521719317576.240	,0,NPU:2
2,ASCENDCKERNEL,1788521719417575.730	,0,NPU:2
2,ASCENDCKERNEL,1788521719517600.860	,0,NPU:2
2,ASCENDCKERNEL,1788521719617577.360	,0,NPU:2
2,ASCENDCKERNEL,1788521719717571.140	,0,NPU:2
2,ASCENDCKERNEL,1788521719817533.560	,0,NPU:2
2,ASCENDCKERNEL,1788521719917547.890	,0,NPU:2
2,ASCENDCKERNEL,1788521720017528.120	,0,NPU:2
2,ASCENDCKERNEL,1788521720117533.380	,0,NPU:2
2,ASCENDCKERNEL,1788521720217524.250	,0,NPU:2
2,ASCENDCKERNEL,1788521720317532.500	,0,NPU:2
2,ASCENDCKERNEL,1788521720417554.440	,0,NPU:2
2,ASCENDCKERNEL,1788521720517549.870	,0,NPU:2
2,ASCENDCKERNEL,1788521720579916.380	,0,NPU:2
2,ASYS,1788521715717609.010	,0,NPU:2
2,ASYS,1788521715817507.110	,0,NPU:2
2,ASYS,1788521715917521.690	,0,NPU:2
2,ASYS,1788521716017500.850	,0,NPU:2
2,ASYS,1788521716117496.720	,0,NPU:2
2,ASYS,1788521716217498.410	,0,NPU:2
2,ASYS,1788521716317498.850	,0,NPU:2
2,ASYS,1788521716417493.750	,0,NPU:2
2,ASYS,1788521716517491.820	,0,NPU:2
2,ASYS,1788521716617496.280	,0,NPU:2
2,ASYS,1788521716717508.190	,0,NPU:2
2,ASYS,1788521716817485.940	,0,NPU:2
2,ASYS,1788521716917484.470	,0,NPU:2
2,ASYS,1788521717017488.270	,0,NPU:2
2,ASYS,1788521717117483.220	,0,NPU:2
2,ASYS,1788521717217482.040	,0,NPU:2
2,ASYS,1788521717317480.430	,0,NPU:2
2,ASYS,1788521717417480.690	,0,NPU:2
2,ASYS,1788521717517484.320	,0,NPU:2
2,ASYS,1788521717617581.330	,0,NPU:2
2,ASYS,1788521717717577.480	,0,NPU:2
2,ASYS,1788521717817570.050	,0,NPU:2
2,ASYS,1788521717917581.300	,0,NPU:2
2,ASYS,1788521718017595.830	,0,NPU:2
2,ASYS,1788521718117588.260	,0,NPU:2
2,ASYS,1788521718217553.620	,0,NPU:2
2,ASYS,1788521718317545.820	,0,NPU:2
2,ASYS,1788521718417544.850	,0,NPU:2
2,ASYS,1788521718517552.880	,0,NPU:2
2,ASYS,1788521718617566.570	,0,NPU:2
2,ASYS,1788521718717534.440	,0,NPU:2
2,ASYS,1788521718817557.590	,0,NPU:2
2,ASYS,1788521718917546.040	,0,NPU:2
2,ASYS,1788521719017598.920	,0,NPU:2
2,ASYS,1788521719117573.930	,0,NPU:2
2,ASYS,1788521719217574.890	,0,NPU:2
2,ASYS,1788521719317576.240	,0,NPU:2
2,ASYS,1788521719417575.730	,0,NPU:2
2,ASYS,1788521719517600.860	,0,NPU:2
2,ASYS,1788521719617577.360	,0,NPU:2
2,ASYS,1788521719717571.140	,0,NPU:2
2,ASYS,1788521719817533.560	,0,NPU:2
2,ASYS,1788521719917547.890	,0,NPU:2
2,ASYS,1788521720017528.120	,0,NPU:2
2,ASYS,1788521720117533.380	,0,NPU:2
2,ASYS,1788521720217524.250	,0,NPU:2
2,ASYS,1788521720317532.500	,0,NPU:2
2,ASYS,1788521720417554.440	,0,NPU:2
2,ASYS,1788521720517549.870	,0,NPU:2
2,ASYS,1788521720579916.380	,0,NPU:2
2,ATRACE,1788521715717609.010	,0,NPU:2
2,ATRACE,1788521715817507.110	,0,NPU:2
2,ATRACE,1788521715917521.690	,0,NPU:2
2,ATRACE,1788521716017500.850	,0,NPU:2
2,ATRACE,1788521716117496.720	,0,NPU:2
2,ATRACE,1788521716217498.410	,0,NPU:2
2,ATRACE,1788521716317498.850	,0,NPU:2
2,ATRACE,1788521716417493.750	,0,NPU:2
2,ATRACE,1788521716517491.820	,0,NPU:2
2,ATRACE,1788521716617496.280	,0,NPU:2
2,ATRACE,1788521716717508.190	,0,NPU:2
2,ATRACE,1788521716817485.940	,0,NPU:2
2,ATRACE,1788521716917484.470	,0,NPU:2
2,ATRACE,1788521717017488.270	,0,NPU:2
2,ATRACE,1788521717117483.220	,0,NPU:2
2,ATRACE,1788521717217482.040	,0,NPU:2
2,ATRACE,1788521717317480.430	,0,NPU:2
2,ATRACE,1788521717417480.690	,0,NPU:2
2,ATRACE,1788521717517484.320	,0,NPU:2
2,ATRACE,1788521717617581.330	,0,NPU:2
2,ATRACE,1788521717717577.480	,0,NPU:2
2,ATRACE,1788521717817570.050	,0,NPU:2
2,ATRACE,1788521717917581.300	,0,NPU:2
2,ATRACE,1788521718017595.830	,0,NPU:2
2,ATRACE,1788521718117588.260	,0,NPU:2
2,ATRACE,1788521718217553.620	,0,NPU:2
2,ATRACE,1788521718317545.820	,0,NPU:2
2,ATRACE,1788521718417544.850	,0,NPU:2
2,ATRACE,1788521718517552.880	,0,NPU:2
2,ATRACE,1788521718617566.570	,0,NPU:2
2,ATRACE,1788521718717534.440	,0,NPU:2
2,ATRACE,1788521718817557.590	,0,NPU:2
2,ATRACE,1788521718917546.040	,0,NPU:2
2,ATRACE,1788521719017598.920	,0,NPU:2
2,ATRACE,1788521719117573.930	,0,NPU:2
2,ATRACE,1788521719217574.890	,0,NPU:2
2,ATRACE,1788521719317576.240	,0,NPU:2
2,ATRACE,1788521719417575.730	,0,NPU:2
2,ATRACE,1788521719517600.860	,0,NPU:2
2,ATRACE,1788521719617577.360	,0,NPU:2
2,ATRACE,1788521719717571.140	,0,NPU:2
2,ATRACE,1788521719817533.560	,0,NPU:2
2,ATRACE,1788521719917547.890	,0,NPU:2
2,ATRACE,1788521720017528.120	,0,NPU:2
2,ATRACE,1788521720117533.380	,0,NPU:2
2,ATRACE,1788521720217524.250	,0,NPU:2
2,ATRACE,1788521720317532.500	,0,NPU:2
2,ATRACE,1788521720417554.440	,0,NPU:2
2,ATRACE,1788521720517549.870	,0,NPU:2
2,ATRACE,1788521720579916.380	,0,NPU:2
2,RTC,1788521715717609.010	,0,NPU:2
2,RTC,1788521715817507.110	,0,NPU:2
2,RTC,1788521715917521.690	,0,NPU:2
2,RTC,1788521716017500.850	,0,NPU:2
2,RTC,1788521716117496.720	,0,NPU:2
2,RTC,1788521716217498.410	,0,NPU:2
2,RTC,1788521716317498.850	,0,NPU:2
2,RTC,1788521716417493.750	,0,NPU:2
2,RTC,1788521716517491.820	,0,NPU:2
2,RTC,1788521716617496.280	,0,NPU:2
2,RTC,1788521716717508.190	,0,NPU:2
2,RTC,1788521716817485.940	,0,NPU:2
2,RTC,1788521716917484.470	,0,NPU:2
2,RTC,1788521717017488.270	,0,NPU:2
2,RTC,1788521717117483.220	,0,NPU:2
2,RTC,1788521717217482.040	,0,NPU:2
2,RTC,1788521717317480.430	,0,NPU:2
2,RTC,1788521717417480.690	,0,NPU:2
2,RTC,1788521717517484.320	,0,NPU:2
2,RTC,1788521717617581.330	,0,NPU:2
2,RTC,1788521717717577.480	,0,NPU:2
2,RTC,1788521717817570.050	,0,NPU:2
2,RTC,1788521717917581.300	,0,NPU:2
2,RTC,1788521718017595.830	,0,NPU:2
2,RTC,1788521718117588.260	,0,NPU:2
2,RTC,1788521718217553.620	,0,NPU:2
2,RTC,1788521718317545.820	,0,NPU:2
2,RTC,1788521718417544.850	,0,NPU:2
2,RTC,1788521718517552.880	,0,NPU:2
2,RTC,1788521718617566.570	,0,NPU:2
2,RTC,1788521718717534.440	,0,NPU:2
2,RTC,1788521718817557.590	,0,NPU:2
2,RTC,1788521718917546.040	,0,NPU:2
2,RTC,1788521719017598.920	,0,NPU:2
2,RTC,1788521719117573.930	,0,NPU:2
2,RTC,1788521719217574.890	,0,NPU:2
2,RTC,1788521719317576.240	,0,NPU:2
2,RTC,1788521719417575.730	,0,NPU:2
2,RTC,1788521719517600.860	,0,NPU:2
2,RTC,1788521719617577.360	,0,NPU:2
2,RTC,1788521719717571.140	,0,NPU:2
2,RTC,1788521719817533.560	,0,NPU:2
2,RTC,1788521719917547.890	,0,NPU:2
2,RTC,1788521720017528.120	,0,NPU:2
2,RTC,1788521720117533.380	,0,NPU:2
2,RTC,1788521720217524.250	,0,NPU:2
2,RTC,1788521720317532.500	,0,NPU:2
2,RTC,1788521720417554.440	,0,NPU:2
2,RTC,1788521720517549.870	,0,NPU:2
2,RTC,1788521720579916.380	,0,NPU:2
2,SYSMONITOR,1788521715717609.010	,0,NPU:2
2,SYSMONITOR,1788521715817507.110	,0,NPU:2
2,SYSMONITOR,1788521715917521.690	,0,NPU:2
2,SYSMONITOR,1788521716017500.850	,0,NPU:2
2,SYSMONITOR,1788521716117496.720	,0,NPU:2
2,SYSMONITOR,1788521716217498.410	,0,NPU:2
2,SYSMONITOR,1788521716317498.850	,0,NPU:2
2,SYSMONITOR,1788521716417493.750	,0,NPU:2
2,SYSMONITOR,1788521716517491.820	,0,NPU:2
2,SYSMONITOR,1788521716617496.280	,0,NPU:2
2,SYSMONITOR,1788521716717508.190	,0,NPU:2
2,SYSMONITOR,1788521716817485.940	,0,NPU:2
2,SYSMONITOR,1788521716917484.470	,0,NPU:2
2,SYSMONITOR,1788521717017488.270	,0,NPU:2
2,SYSMONITOR,1788521717117483.220	,0,NPU:2
2,SYSMONITOR,1788521717217482.040	,0,NPU:2
2,SYSMONITOR,1788521717317480.430	,0,NPU:2
2,SYSMONITOR,1788521717417480.690	,0,NPU:2
2,SYSMONITOR,1788521717517484.320	,0,NPU:2
2,SYSMONITOR,1788521717617581.330	,0,NPU:2
2,SYSMONITOR,1788521717717577.480	,0,NPU:2
2,SYSMONITOR,1788521717817570.050	,0,NPU:2
2,SYSMONITOR,1788521717917581.300	,0,NPU:2
2,SYSMONITOR,1788521718017595.830	,0,NPU:2
2,SYSMONITOR,1788521718117588.260	,0,NPU:2
2,SYSMONITOR,1788521718217553.620	,0,NPU:2
2,SYSMONITOR,1788521718317545.820	,0,NPU:2
2,SYSMONITOR,1788521718417544.850	,0,NPU:2
2,SYSMONITOR,1788521718517552.880	,0,NPU:2
2,SYSMONITOR,1788521718617566.570	,0,NPU:2
2,SYSMONITOR,1788521718717534.440	,0,NPU:2
2,SYSMONITOR,1788521718817557.590	,0,NPU:2
2,SYSMONITOR,1788521718917546.040	,0,NPU:2
2,SYSMONITOR,1788521719017598.920	,0,NPU:2
2,SYSMONITOR,1788521719117573.930	,0,NPU:2
2,SYSMONITOR,1788521719217574.890	,0,NPU:2
2,SYSMONITOR,1788521719317576.240	,0,NPU:2
2,SYSMONITOR,1788521719417575.730	,0,NPU:2
2,SYSMONITOR,1788521719517600.860	,0,NPU:2
2,SYSMONITOR,1788521719617577.360	,0,NPU:2
2,SYSMONITOR,1788521719717571.140	,0,NPU:2
2,SYSMONITOR,1788521719817533.560	,0,NPU:2
2,SYSMONITOR,1788521719917547.890	,0,NPU:2
2,SYSMONITOR,1788521720017528.120	,0,NPU:2
2,SYSMONITOR,1788521720117533.380	,0,NPU:2
2,SYSMONITOR,1788521720217524.250	,0,NPU:2
2,SYSMONITOR,1788521720317532.500	,0,NPU:2
2,SYSMONITOR,1788521720417554.440	,0,NPU:2
2,SYSMONITOR,1788521720517549.870	,0,NPU:2
2,SYSMONITOR,1788521720579916.380	,0,NPU:2
2,MBUFF,1788521715717609.010	,0,NPU:2
2,MBUFF,1788521715817507.110	,0,NPU:2
2,MBUFF,1788521715917521.690	,0,NPU:2
2,MBUFF,1788521716017500.850	,0,NPU:2
2,MBUFF,1788521716117496.720	,0,NPU:2
2,MBUFF,1788521716217498.410	,0,NPU:2
2,MBUFF,1788521716317498.850	,0,NPU:2
2,MBUFF,1788521716417493.750	,0,NPU:2
2,MBUFF,1788521716517491.820	,0,NPU:2
2,MBUFF,1788521716617496.280	,0,NPU:2
2,MBUFF,1788521716717508.190	,0,NPU:2
2,MBUFF,1788521716817485.940	,0,NPU:2
2,MBUFF,1788521716917484.470	,0,NPU:2
2,MBUFF,1788521717017488.270	,0,NPU:2
2,MBUFF,1788521717117483.220	,0,NPU:2
2,MBUFF,1788521717217482.040	,0,NPU:2
2,MBUFF,1788521717317480.430	,0,NPU:2
2,MBUFF,1788521717417480.690	,0,NPU:2
2,MBUFF,1788521717517484.320	,0,NPU:2
2,MBUFF,1788521717617581.330	,0,NPU:2
2,MBUFF,1788521717717577.480	,0,NPU:2
2,MBUFF,1788521717817570.050	,0,NPU:2
2,MBUFF,1788521717917581.300	,0,NPU:2
2,MBUFF,1788521718017595.830	,0,NPU:2
2,MBUFF,1788521718117588.260	,0,NPU:2
2,MBUFF,1788521718217553.620	,0,NPU:2
2,MBUFF,1788521718317545.820	,0,NPU:2
2,MBUFF,1788521718417544.850	,0,NPU:2
2,MBUFF,1788521718517552.880	,0,NPU:2
2,MBUFF,1788521718617566.570	,0,NPU:2
2,MBUFF,1788521718717534.440	,0,NPU:2
2,MBUFF,1788521718817557.590	,0,NPU:2
2,MBUFF,1788521718917546.040	,0,NPU:2
2,MBUFF,1788521719017598.920	,0,NPU:2
2,MBUFF,1788521719117573.930	,0,NPU:2
2,MBUFF,1788521719217574.890	,0,NPU:2
2,MBUFF,1788521719317576.240	,0,NPU:2
2,MBUFF,1788521719417575.730	,0,NPU:2
2,MBUFF,1788521719517600.860	,0,NPU:2
2,MBUFF,1788521719617577.360	,0,NPU:2
2,MBUFF,1788521719717571.140	,0,NPU:2
2,MBUFF,1788521719817533.560	,0,NPU:2
2,MBUFF,1788521719917547.890	,0,NPU:2
2,MBUFF,1788521720017528.120	,0,NPU:2
2,MBUFF,1788521720117533.380	,0,NPU:2
2,MBUFF,1788521720217524.250	,0,NPU:2
2,MBUFF,1788521720317532.500	,0,NPU:2
2,MBUFF,1788521720417554.440	,0,NPU:2
2,MBUFF,1788521720517549.870	,0,NPU:2
2,MBUFF,1788521720579916.380	,0,NPU:2
2,CUSTOM,1788521715717609.010	,0,NPU:2
2,CUSTOM,1788521715817507.110	,0,NPU:2
2,CUSTOM,1788521715917521.690	,0,NPU:2
2,CUSTOM,1788521716017500.850	,0,NPU:2
2,CUSTOM,1788521716117496.720	,0,NPU:2
2,CUSTOM,1788521716217498.410	,0,NPU:2
2,CUSTOM,1788521716317498.850	,0,NPU:2
2,CUSTOM,1788521716417493.750	,0,NPU:2
2,CUSTOM,1788521716517491.820	,0,NPU:2
2,CUSTOM,1788521716617496.280	,0,NPU:2
2,CUSTOM,1788521716717508.190	,0,NPU:2
2,CUSTOM,1788521716817485.940	,0,NPU:2
2,CUSTOM,1788521716917484.470	,0,NPU:2
2,CUSTOM,1788521717017488.270	,0,NPU:2
2,CUSTOM,1788521717117483.220	,0,NPU:2
2,CUSTOM,1788521717217482.040	,0,NPU:2
2,CUSTOM,1788521717317480.430	,0,NPU:2
2,CUSTOM,1788521717417480.690	,0,NPU:2
2,CUSTOM,1788521717517484.320	,0,NPU:2
2,CUSTOM,1788521717617581.330	,0,NPU:2
2,CUSTOM,1788521717717577.480	,0,NPU:2
2,CUSTOM,1788521717817570.050	,0,NPU:2
2,CUSTOM,1788521717917581.300	,0,NPU:2
2,CUSTOM,1788521718017595.830	,0,NPU:2
2,CUSTOM,1788521718117588.260	,0,NPU:2
2,CUSTOM,1788521718217553.620	,0,NPU:2
2,CUSTOM,1788521718317545.820	,0,NPU:2
2,CUSTOM,1788521718417544.850	,0,NPU:2
2,CUSTOM,1788521718517552.880	,0,NPU:2
2,CUSTOM,1788521718617566.570	,0,NPU:2
2,CUSTOM,1788521718717534.440	,0,NPU:2
2,CUSTOM,1788521718817557.590	,0,NPU:2
2,CUSTOM,1788521718917546.040	,0,NPU:2
2,CUSTOM,1788521719017598.920	,0,NPU:2
2,CUSTOM,1788521719117573.930	,0,NPU:2
2,CUSTOM,1788521719217574.890	,0,NPU:2
2,CUSTOM,1788521719317576.240	,0,NPU:2
2,CUSTOM,1788521719417575.730	,0,NPU:2
2,CUSTOM,1788521719517600.860	,0,NPU:2
2,CUSTOM,1788521719617577.360	,0,NPU:2
2,CUSTOM,1788521719717571.140	,0,NPU:2
2,CUSTOM,1788521719817533.560	,0,NPU:2
2,CUSTOM,1788521719917547.890	,0,NPU:2
2,CUSTOM,1788521720017528.120	,0,NPU:2
2,CUSTOM,1788521720117533.380	,0,NPU:2
2,CUSTOM,1788521720217524.250	,0,NPU:2
2,CUSTOM,1788521720317532.500	,0,NPU:2
2,CUSTOM,1788521720417554.440	,0,NPU:2
2,CUSTOM,1788521720517549.870	,0,NPU:2
2,CUSTOM,1788521720579916.380	,0,NPU:2
2,76,1788521715717609.010	,0,NPU:2
2,76,1788521715817507.110	,0,NPU:2
2,76,1788521715917521.690	,0,NPU:2
2,76,1788521716017500.850	,0,NPU:2
2,76,1788521716117496.720	,0,NPU:2
2,76,1788521716217498.410	,0,NPU:2
2,76,1788521716317498.850	,0,NPU:2
2,76,1788521716417493.750	,0,NPU:2
2,76,1788521716517491.820	,0,NPU:2
2,76,1788521716617496.280	,0,NPU:2
2,76,1788521716717508.190	,0,NPU:2
2,76,1788521716817485.940	,0,NPU:2
2,76,1788521716917484.470	,0,NPU:2
2,76,1788521717017488.270	,0,NPU:2
2,76,1788521717117483.220	,0,NPU:2
2,76,1788521717217482.040	,0,NPU:2
2,76,1788521717317480.430	,0,NPU:2
2,76,1788521717417480.690	,0,NPU:2
2,76,1788521717517484.320	,0,NPU:2
2,76,1788521717617581.330	,0,NPU:2
2,76,1788521717717577.480	,0,NPU:2
2,76,1788521717817570.050	,0,NPU:2
2,76,1788521717917581.300	,0,NPU:2
2,76,1788521718017595.830	,0,NPU:2
2,76,1788521718117588.260	,0,NPU:2
2,76,1788521718217553.620	,0,NPU:2
2,76,1788521718317545.820	,0,NPU:2
2,76,1788521718417544.850	,0,NPU:2
2,76,1788521718517552.880	,0,NPU:2
2,76,1788521718617566.570	,0,NPU:2
2,76,1788521718717534.440	,0,NPU:2
2,76,1788521718817557.590	,0,NPU:2
2,76,1788521718917546.040	,0,NPU:2
2,76,1788521719017598.920	,0,NPU:2
2,76,1788521719117573.930	,0,NPU:2
2,76,1788521719217574.890	,0,NPU:2
2,76,1788521719317576.240	,0,NPU:2
2,76,1788521719417575.730	,0,NPU:2
2,76,1788521719517600.860	,0,NPU:2
2,76,1788521719617577.360	,0,NPU:2
2,76,1788521719717571.140	,0,NPU:2
2,76,1788521719817533.560	,0,NPU:2
2,76,1788521719917547.890	,0,NPU:2
2,76,1788521720017528.120	,0,NPU:2
2,76,1788521720117533.380	,0,NPU:2
2,76,1788521720217524.250	,0,NPU:2
2,76,1788521720317532.500	,0,NPU:2
2,76,1788521720417554.440	,0,NPU:2
2,76,1788521720517549.870	,0,NPU:2
2,76,1788521720579916.380	,0,NPU:2
