/models/npu_nvme_exp/user7-stack/conda/lib/python3.11/site-packages/numpy/core/getlimits.py:549: UserWarning: The value of the smallest subnormal for <class 'numpy.float32'> type is zero.
  setattr(self, word, getattr(machar, word).flat[0])
/models/npu_nvme_exp/user7-stack/conda/lib/python3.11/site-packages/numpy/core/getlimits.py:89: UserWarning: The value of the smallest subnormal for <class 'numpy.float32'> type is zero.
  return self._float_to_str(self.smallest_subnormal)
/models/npu_nvme_exp/user7-stack/conda/lib/python3.11/site-packages/numpy/core/getlimits.py:549: UserWarning: The value of the smallest subnormal for <class 'numpy.float64'> type is zero.
  setattr(self, word, getattr(machar, word).flat[0])
/models/npu_nvme_exp/user7-stack/conda/lib/python3.11/site-packages/numpy/core/getlimits.py:89: UserWarning: The value of the smallest subnormal for <class 'numpy.float64'> type is zero.
  return self._float_to_str(self.smallest_subnormal)
None of PyTorch, TensorFlow >= 2.0, or Flax have been found. Models won't be available and only tokenizers, configuration and file/data utilities can be used.
2026-09-11 20:49:23,351 - mindformers/models/npu_nvme_exp/user7-stack/qwen3-v13-replay-001/output/log[mindformers/tools/register/template.py:84] - WARNING - The input config swap_config is empty.
2026-09-11 20:49:23,351 - mindformers/models/npu_nvme_exp/user7-stack/qwen3-v13-replay-001/output/log[mindformers/tools/register/template.py:84] - WARNING - The input config metric is empty.
2026-09-11 20:49:23,352 - mindformers/models/npu_nvme_exp/user7-stack/qwen3-v13-replay-001/output/log[mindformers/tools/register/template.py:84] - WARNING - The input config monitor_config is empty.
[WARNING] ME(223669:281472958681120,MainProcess):2026-09-11-20:49:23.894.000 [mindspore/context.py:1334] For 'context.set_context', the parameter 'device_target' will be deprecated and removed in a future version. Please use the api mindspore.set_device() instead.
[WARNING] ME(223669:281472958681120,MainProcess):2026-09-11-20:49:23.895.000 [mindspore/context.py:1334] For 'context.set_context', the parameter 'max_device_memory' will be deprecated and removed in a future version. Please use the api mindspore.runtime.set_memory() instead.
[WARNING] ME(223669:281472958681120,MainProcess):2026-09-11-20:49:23.895.000 [mindspore/context.py:1334] For 'context.set_context', the parameter 'max_call_depth' will be deprecated and removed in a future version. Please use the api mindspore.set_recursion_limit() instead.
[WARNING] ME(223669:281472958681120,MainProcess):2026-09-11-20:49:23.896.000 [mindspore/context.py:1334] For 'context.set_context', the parameter 'memory_optimize_level' will be deprecated and removed in a future version. Please use the api mindspore.runtime.set_memory() instead.
[WARNING] ME(223669:281472958681120,MainProcess):2026-09-11-20:49:23.896.000 [mindspore/context.py:1334] For 'context.set_context', the parameter 'ascend_config' will be deprecated and removed in a future version. Please use the api mindspore.device_context.ascend.op_precision.precision_mode(),
                                                       mindspore.device_context.ascend.op_precision.op_precision_mode(),
                                                       mindspore.device_context.ascend.op_precision.matmul_allow_hf32(),
                                                       mindspore.device_context.ascend.op_precision.conv_allow_hf32(),
                                                       mindspore.device_context.ascend.op_tuning.op_compile() instead.
[WARNING] DISTRIBUTED(223669,ffff87b75020,python):2026-09-11-20:49:23.919.114 [mindspore/ccsrc/cluster/topology/cluster_context.cc:319] BuildCluster] Topology build timed out., retry(1/600).
[WARNING] DISTRIBUTED(223669,ffff87b75020,python):2026-09-11-20:49:24.419.239 [mindspore/ccsrc/cluster/topology/cluster_context.cc:319] BuildCluster] Topology build timed out., retry(2/600).
[WARNING] DISTRIBUTED(223669,ffff87b75020,python):2026-09-11-20:49:24.919.350 [mindspore/ccsrc/cluster/topology/cluster_context.cc:322] BuildCluster] Cluster is successfully initialized.
[WARNING] DISTRIBUTED(223669,ffff87b75020,python):2026-09-11-20:49:24.919.400 [mindspore/ccsrc/cluster/topology/cluster_context.cc:431] PostProcess] This node 0 rank id: 0
[WARNING] DEVICE(223669,ffff87b75020,python):2026-09-11-20:49:25.126.401 [mindspore/ccsrc/plugin/ascend/res_manager/mem_manager/ascend_memory_adapter.cc:168] Initialize] Reserved memory size for other components(3187671040) is less than recommend size(4068258560), It may lead to Out Of Memory in HCCL or other components, Please double check context key 'variable_memory_max_size'/'max_device_memory'
[WARNING] ME(223669,ffff87b75020,python):2026-09-11-20:49:26.130.054 [mindspore/ccsrc/runtime/hardware_abstract/collective/collective_manager.cc:371] CreateCommunicationGroup] This group's communicator is async created hccl_world_group
[WARNING] DEVICE(223669,fffe7efdf1a0,python):2026-09-11-20:49:26.130.367 [mindspore/ccsrc/plugin/ascend/res_manager/collective/ascend_communication_group.cc:281] SetGlobalCommInfo] Start to SetGlobalCommInfo for hccl_world_group, master_ip:2130706433, master_port:57711, node_rank:2130706433, total_rank_size:4, local_rank_size4
[WARNING] HCCL_ADPT(223669,fffe7efdf1a0,python):2026-09-11-20:49:26.130.423 [mindspore/ccsrc/utils/dlopen_macro.h:179] DlsymAscend] Dynamically load symbol HcclSetGlobalCommInfo failed, result = /models/npu_nvme_exp/user7-stack/conda/lib/python3.11/site-packages/mindspore/communication/../lib/plugin/ascend/libhccl_plugin.so: undefined symbol: HcclSetGlobalCommInfo
[WARNING] HCCL_ADPT(223669,fffe7efdf1a0,python):2026-09-11-20:49:26.130.438 [mindspore/ccsrc/plugin/ascend/res_manager/hccl_adapter/hccl_adapter.cc:626] HcclSetGlobalCommInfo] Func HcclSetGlobalCommInfo is not supported in CANN package.
[WARNING] DEVICE(223669,fffe7efdf1a0,python):2026-09-11-20:49:26.130.449 [mindspore/ccsrc/plugin/ascend/res_manager/collective/ascend_communication_group.cc:292] SetGlobalCommInfo] End to SetGlobalCommInfo for hccl_world_group
2026-09-11 20:49:26,132 - mindformers/models/npu_nvme_exp/user7-stack/qwen3-v13-replay-001/output/log[mindformers/tools/utils.py:181] - INFO - set strategy path to '/models/npu_nvme_exp/user7-stack/qwen3-v13-replay-001/output/strategy/ckpt_strategy_rank_0.ckpt'
QWEN_COMM_READY rank=0 device=0 python=/models/npu_nvme_exp/user7-stack/conda/bin/python
[WARNING] ME(223669,fffe7efdf1a0,python):2026-09-11-20:49:26.138.867 [mindspore/ccsrc/runtime/hardware_abstract/collective/collective_manager.cc:1006] CreateDeviceCommunicator] Begin initialize communication group on the device side: hccl_world_group
[WARNING] DEVICE(223669,fffe7cf9f1a0,python):2026-09-11-20:49:26.139.175 [mindspore/ccsrc/plugin/ascend/res_manager/collective/utils.cc:281] GetHcclBufferSize] HcclGroup hccl_world_group, ranks are [0, 1, 2, 3], default hcclBufferSize: 200 MB.
[WARNING] DEVICE(223669,fffe7cf9f1a0,python):2026-09-11-20:49:26.139.209 [mindspore/ccsrc/plugin/ascend/res_manager/collective/ascend_communication_group.cc:186] InitByRootInfoConfig] Start to initialize communicator by HcclCommInitRootInfoConfig for hccl_world_group, hcclBufferSize is 200 MB, hcclDeterministic is 0
2026-09-11 20:49:26,700 - mindformers/models/npu_nvme_exp/user7-stack/qwen3-v13-replay-001/output/log[mindformers/tools/register/template.py:84] - WARNING - The input config swap_config is empty.
2026-09-11 20:49:26,701 - mindformers/models/npu_nvme_exp/user7-stack/qwen3-v13-replay-001/output/log[mindformers/tools/register/template.py:84] - WARNING - The input config monitor_config is empty.
2026-09-11 20:49:26,701 - mindformers/models/npu_nvme_exp/user7-stack/qwen3-v13-replay-001/output/log[mindformers/tools/register/template.py:691] - WARNING - Some configs in yaml are useless for train: ['auto_tune', 'autotune_per_step', 'eval_dataset', 'eval_dataset_task', 'filepath_prefix', 'processor']
2026-09-11 20:49:26,701 - mindformers/models/npu_nvme_exp/user7-stack/qwen3-v13-replay-001/output/log[mindformers/trainer/trainer.py:1042] - INFO - Load configs in /models/npu_nvme_exp/user7-stack/conda/lib/python3.11/site-packages/configs/general/run_general_task.yaml to build trainer.
2026-09-11 20:49:26,701 - mindformers/models/npu_nvme_exp/user7-stack/qwen3-v13-replay-001/output/log[mindformers/trainer/trainer.py:1078] - INFO - ..........Init Config..........
2026-09-11 20:49:26,702 - mindformers/models/npu_nvme_exp/user7-stack/qwen3-v13-replay-001/output/log[mindformers/core/parallel_config.py:49] - INFO - initial swap_config from dict: {'swap': False, 'layer_swap': None, 'op_swap': None, 'default_prefetch': 1}
2026-09-11 20:49:26,702 - mindformers/models/npu_nvme_exp/user7-stack/qwen3-v13-replay-001/output/log[mindformers/core/parallel_config.py:56] - INFO - initial recompute_config from dict: {'recompute': True, 'select_recompute': False, 'parallel_optimizer_comm_recompute': True, 'select_comm_recompute': False, 'mp_comm_recompute': True, 'recompute_slice_activation': False, 'select_recompute_exclude': False, 'select_comm_recompute_exclude': False}
2026-09-11 20:49:26,702 - mindformers/models/npu_nvme_exp/user7-stack/qwen3-v13-replay-001/output/log[mindformers/core/parallel_config.py:62] - INFO - initial parallel_config from dict: {'data_parallel': 1, 'model_parallel': 4, 'context_parallel': 1, 'expert_parallel': 1, 'pipeline_stage': 1, 'micro_batch_num': 1, 'seq_split_num': 1, 'use_seq_parallel': True, 'optimizer_shard': None, 'gradient_aggregation_group': 1, 'vocab_emb_dp': False, 'context_parallel_algo': 'colossalai_cp', 'ulysses_degree_in_cp': 1, 'mem_coeff': 0.1}
2026-09-11 20:49:26,705 - mindformers/models/npu_nvme_exp/user7-stack/qwen3-v13-replay-001/training/log[mindformers/tools/utils.py:165] - INFO - set output path to '/models/npu_nvme_exp/user7-stack/qwen3-v13-replay-001/training'
2026-09-11 20:49:26,705 - mindformers/models/npu_nvme_exp/user7-stack/qwen3-v13-replay-001/training/log[mindformers/tools/utils.py:181] - INFO - set strategy path to '/models/npu_nvme_exp/user7-stack/qwen3-v13-replay-001/training/strategy/ckpt_strategy_rank_0.ckpt'
2026-09-11 20:49:26,706 - mindformers/models/npu_nvme_exp/user7-stack/qwen3-v13-replay-001/training/log[mindformers/tools/utils.py:189] - INFO - set checkpoint save path to `/models/npu_nvme_exp/user7-stack/qwen3-v13-replay-001/training/checkpoint`
2026-09-11 20:49:26,716 - mindformers/models/npu_nvme_exp/user7-stack/qwen3-v13-replay-001/training/log[mindformers/trainer/base_trainer.py:113] - INFO - host_name: train06, host_ip: 11.11.10.28
2026-09-11 20:49:26,716 - mindformers/models/npu_nvme_exp/user7-stack/qwen3-v13-replay-001/training/log[mindformers/trainer/base_trainer.py:119] - INFO - Now Running Task is: text_generation, Model is: Qwen3
2026-09-11 20:49:26,716 - mindformers/models/npu_nvme_exp/user7-stack/qwen3-v13-replay-001/training/log[mindformers/trainer/base_trainer.py:149] - WARNING - Input model name is not in the supported list or unspecified.
2026-09-11 20:49:26,716 - mindformers/models/npu_nvme_exp/user7-stack/qwen3-v13-replay-001/training/log[mindformers/trainer/base_trainer.py:150] - WARNING - See the list of supported task and model name: ['common', 'glm4_9b']
2026-09-11 20:49:26,717 - mindformers/models/npu_nvme_exp/user7-stack/qwen3-v13-replay-001/training/log[mindformers/trainer/base_trainer.py:151] - WARNING - The default model config: /models/npu_nvme_exp/user7-stack/conda/lib/python3.11/site-packages/configs/general/run_general_task.yaml will now be used for the text_generation task 
2026-09-11 20:49:26,717 - mindformers/models/npu_nvme_exp/user7-stack/qwen3-v13-replay-001/training/log[mindformers/trainer/trainer.py:1148] - INFO - ..........Init Model..........
2026-09-11 20:49:26,717 - mindformers/models/npu_nvme_exp/user7-stack/qwen3-v13-replay-001/training/log[mindformers/trainer/trainer.py:1189] - INFO - ..........Init Callbacks..........
2026-09-11 20:49:26,718 - mindformers/models/npu_nvme_exp/user7-stack/qwen3-v13-replay-001/training/log[mindformers/trainer/trainer.py:328] - INFO - ==========Trainer Init Success!==========
2026-09-11 20:49:26,718 - mindformers/models/npu_nvme_exp/user7-stack/qwen3-v13-replay-001/training/log[mindformers/trainer/trainer.py:1422] - WARNING - The functionality of setting `resume_training` to a weight filename will be deprecated in future versions.
2026-09-11 20:49:26,718 - mindformers/models/npu_nvme_exp/user7-stack/qwen3-v13-replay-001/training/log[mindformers/trainer/trainer.py:1148] - INFO - ..........Init Model..........
2026-09-11 20:49:26,720 - mindformers/models/npu_nvme_exp/user7-stack/qwen3-v13-replay-001/training/log[mindformers/trainer/base_trainer.py:957] - INFO - Got dataset config: dataset_strategy: [[1, 1], [1, 1], [1, 1], [1, 1], [1, 1, 1, 1]], column_names: ['input_ids', 'labels', 'loss_mask', 'position_ids', 'attention_mask'], construct_args_key: ['input_ids', 'labels', 'loss_mask', 'position_ids', 'attention_mask']
2026-09-11 20:49:26,720 - mindformers/models/npu_nvme_exp/user7-stack/qwen3-v13-replay-001/training/log[mindformers/trainer/base_trainer.py:871] - WARNING - `full_batch` will be deprecated in future interfaces, use `dataset_strategy` instead.
2026-09-11 20:49:26,721 - mindformers/models/npu_nvme_exp/user7-stack/qwen3-v13-replay-001/training/log[mindformers/trainer/base_trainer.py:316] - WARNING - The Lazy Inline compilation acceleration feature only works with using gradient_accumulation_steps > 1 when not in pipeline parallel mode (pipeline_stage = 1). Current pipeline stage=1 but gradient_accumulation_steps=1, the feature is disabled by default.
2026-09-11 20:49:26,721 - mindformers/models/npu_nvme_exp/user7-stack/qwen3-v13-replay-001/training/log[mindformers/trainer/base_trainer.py:259] - INFO - The current parallel mode is semi_auto_parallel, full batch is False, batch size per card will be changed: per_batch_size = batch_size * micro_batch_interleave_num * gradient_accumulation_steps = 1 = 1 * 1 * 1).
2026-09-11 20:49:26,721 - mindformers/models/npu_nvme_exp/user7-stack/qwen3-v13-replay-001/training/log[mindformers/trainer/base_trainer.py:265] - INFO - global_batch_size = per_batch_size * data_parallel = 1 * 1 = 1
2026-09-11 20:49:26,721 - mindformers/models/npu_nvme_exp/user7-stack/qwen3-v13-replay-001/training/log[mindformers/trainer/base_trainer.py:1057] - INFO - .........Build Dataset For Train..........
2026-09-11 20:49:26,722 - mindformers/models/npu_nvme_exp/user7-stack/qwen3-v13-replay-001/training/log[mindformers/trainer/base_trainer.py:430] - INFO - .........Build Dataset From Config..........
2026-09-11 20:49:26,722 - mindformers/models/npu_nvme_exp/user7-stack/qwen3-v13-replay-001/training/log[mindformers/trainer/base_trainer.py:1061] - INFO - Create train dataset finish, dataset size:8
2026-09-11 20:49:26,722 - mindformers/models/npu_nvme_exp/user7-stack/qwen3-v13-replay-001/training/log[mindformers/trainer/utils.py:214] - INFO - Will be Training epochs:1, sink_size:1
2026-09-11 20:49:26,722 - mindformers/models/npu_nvme_exp/user7-stack/qwen3-v13-replay-001/training/log[mindformers/trainer/utils.py:216] - INFO - Create training dataset finish, dataset size:8
2026-09-11 20:49:26,723 - mindformers/models/npu_nvme_exp/user7-stack/qwen3-v13-replay-001/training/log[mindformers/trainer/base_trainer.py:1161] - INFO - .........Build Net For Train..........
2026-09-11 20:49:26,723 - mindformers/models/npu_nvme_exp/user7-stack/qwen3-v13-replay-001/training/log[mindformers/trainer/base_trainer.py:464] - INFO - .........Build Network From Config..........
2026-09-11 20:49:26,724 - mindformers/models/npu_nvme_exp/user7-stack/qwen3-v13-replay-001/training/log[mindformers/models/model_config_utils.py:149] - WARNING - Found unsupported HuggingFace arguments in Qwen3Config:
2026-09-11 20:49:26,724 - mindformers/models/npu_nvme_exp/user7-stack/qwen3-v13-replay-001/training/log[mindformers/models/model_config_utils.py:159] - WARNING - +------------------------+---------------------------------------------+
2026-09-11 20:49:26,725 - mindformers/models/npu_nvme_exp/user7-stack/qwen3-v13-replay-001/training/log[mindformers/models/model_config_utils.py:160] - WARNING - | Argument               | Status-Info                                 |
2026-09-11 20:49:26,725 - mindformers/models/npu_nvme_exp/user7-stack/qwen3-v13-replay-001/training/log[mindformers/models/model_config_utils.py:161] - WARNING - |:-----------------------|:--------------------------------------------|
2026-09-11 20:49:26,725 - mindformers/models/npu_nvme_exp/user7-stack/qwen3-v13-replay-001/training/log[mindformers/models/model_config_utils.py:165] - WARNING - | auto_map               | Useless                                     |
2026-09-11 20:49:26,725 - mindformers/models/npu_nvme_exp/user7-stack/qwen3-v13-replay-001/training/log[mindformers/models/model_config_utils.py:165] - WARNING - | torch_dtype            | Useless, replace by compute_dtype           |
2026-09-11 20:49:26,725 - mindformers/models/npu_nvme_exp/user7-stack/qwen3-v13-replay-001/training/log[mindformers/models/model_config_utils.py:165] - WARNING - | use_cache              | Useless, enable kv_cache by default in MF   |
2026-09-11 20:49:26,726 - mindformers/models/npu_nvme_exp/user7-stack/qwen3-v13-replay-001/training/log[mindformers/models/model_config_utils.py:165] - WARNING - | transformers_version   | Useless                                     |
2026-09-11 20:49:26,726 - mindformers/models/npu_nvme_exp/user7-stack/qwen3-v13-replay-001/training/log[mindformers/models/model_config_utils.py:165] - WARNING - | max_window_layers      | Useless                                     |
2026-09-11 20:49:26,726 - mindformers/models/npu_nvme_exp/user7-stack/qwen3-v13-replay-001/training/log[mindformers/models/model_config_utils.py:165] - WARNING - | sliding_window         | Useless                                     |
2026-09-11 20:49:26,726 - mindformers/models/npu_nvme_exp/user7-stack/qwen3-v13-replay-001/training/log[mindformers/models/model_config_utils.py:165] - WARNING - | use_sliding_window     | Useless                                     |
2026-09-11 20:49:26,726 - mindformers/models/npu_nvme_exp/user7-stack/qwen3-v13-replay-001/training/log[mindformers/models/model_config_utils.py:165] - WARNING - | layer_types            | Useless                                     |
2026-09-11 20:49:26,726 - mindformers/models/npu_nvme_exp/user7-stack/qwen3-v13-replay-001/training/log[mindformers/models/model_config_utils.py:167] - WARNING - +------------------------+---------------------------------------------+
2026-09-11 20:49:26,743 - mindformers/models/npu_nvme_exp/user7-stack/qwen3-v13-replay-001/training/log[mindformers/parallel_core/transformer_config_utils.py:471] - INFO - These Keys of this model will do not need to be mapped: {'context_parallel', 'dataset_config', 'do_sample', 'pipeline_stage', 'type', 'ffn_dim_multiplier', 'micro_batch_num', 'model_parallel', 'data_parallel', 'quantization_config', 'use_seq_parallel', 'mem_coeff', 'top_p', 'mindformers_version', 'architectures', 'return_extra_loss', 'scaling_factor', 'temperature', 'monitor_config', 'is_encoder_decoder', 'pad_token_id', 'qkv_concat', 'use_past', 'is_sample_acceleration', 'gradient_aggregation_group', '_name_or_path', 'rl_config', 'expert_parallel', 'tokenizer_class', 'checkpoint_name_or_path', 'pretrained_model_dir', 'eos_token_id', 'seq_split_num', 'optimizer_shard', 'top_k', 'multiple_of', 'max_decode_length', 'repetition_penalty', 'input_sliced_sig', 'bos_token_id', 'ulysses_degree_in_cp', 'model_type', 'vocab_emb_dp', 'quantization', 'moe_config', 'context_parallel_algo'}
2026-09-11 20:49:26,744 - mindformers/models/npu_nvme_exp/user7-stack/qwen3-v13-replay-001/training/log[mindformers/parallel_core/transformer_config_utils.py:520] - INFO - The converted TransformerConfig is: 
{'batch_size': 1, 'parallel_config': None, 'pet_config': None, 'context_parallel_algo': 'colossalai_cp', 'is_dynamic': False, 'compute_dtype': mindspore.bfloat16, 'layernorm_compute_dtype': mindspore.float32, 'rotary_dtype': mindspore.float32, 'rotary_cos_format': 'rotate_half', 'bias_swiglu_fusion': False, 'mla_qkv_concat': True, 'use_contiguous_weight_layout_attention': False, 'use_interleaved_weight_layout_mlp': True, 'normalization': 'RMSNorm', 'fused_norm': True, 'add_bias_linear': False, 'add_mlp_fc1_bias_linear': None, 'add_mlp_fc2_bias_linear': None, 'gated_linear_unit': True, 'use_flash_attention': True, 'attention_pre_tokens': None, 'attention_next_tokens': None, 'rotary_seq_len_interpolation_factor': None, 'rope_scaling': None, 'use_rope_scaling': False, 'input_layout': 'BNSD', 'sparse_mode': 0, 'use_alibi_mask': False, 'use_attn_mask_compression': False, 'use_eod_attn_mask_compression': False, 'use_attention_mask': True, 'use_ring_attention': False, 'fp16_lm_cross_entropy': False, 'untie_embeddings_and_output_weights': True, 'hidden_act': 'silu', 'mask_func_type': 'attn_mask_fill', 'comp_comm_parallel': False, 'comp_comm_parallel_degree': 2, 'norm_topk_prob': True, 'use_fused_ops_topkrouter': False, 'use_shared_expert_gating': False, 'topk_method': 'greedy', 'npu_nums_per_device': 8, 'use_pad_tokens': True, 'callback_moe_droprate': False, 'moe_init_method_std': 0.01, 'first_k_dense_replace': None, 'moe_router_enable_expert_bias': False, 'moe_router_force_expert_balance': False, 'moe_router_score_function': 'softmax', 'moe_router_fusion': False, 'use_eod_reset': False, 'hidden_dropout': 0.0, 'residual_dtype': None, 'print_separate_loss': True, 'vocab_size': 151936, 'seq_length': 128, 'pad_token_id': 0, 'ignore_token_id': -100, 'max_position_embeddings': 40960, 'sandwich_norm': False, 'tie_word_embeddings': False, 'block_size': 32, 'num_blocks': 1024, 'parallel_decoding_params': None, 'pre_process': True, 'post_process': True, 'dispatch_global_max_bs': 0, 'attn_reduce_scatter': False, 'attn_allgather': False, 'attn_allreduce': True, 'ffn_reduce_scatter': False, 'ffn_allgather': False, 'ffn_allreduce': True, 'use_alltoall': False, 'use_fused_mla': False, 'quantization_config': None, 'disable_lazy_inline': True, 'data_parallel_size': 1, 'tensor_model_parallel_size': 4, 'pipeline_model_parallel_size': 1, 'virtual_pipeline_model_parallel_size': None, 'sequence_parallel': True, 'context_parallel_size': 1, 'hierarchical_context_parallel_sizes': 1, 'expert_model_parallel_size': 1, 'expert_tensor_parallel_size': None, 'micro_batch_num': 1, 'seq_split_num': 1, 'gradient_aggregation_group': 1, 'offset': 0, 'ulysses_degree_in_cp': 1, 'vocab_emb_dp': False, 'fp16': False, 'bf16': False, 'params_dtype': mindspore.float32, 'finalize_model_grads_func': None, 'grad_scale_func': None, 'grad_sync_func': None, 'param_sync_func': None, 'num_microbatches_with_partial_activation_checkpoints': None, 'cpu_offloading': False, 'cpu_offloading_num_layers': None, 'op_swap': None, 'default_prefetch': 1, 'num_layers': 36, 'mtp_num_layers': 0, 'mtp_loss_scaling_factor': None, 'hidden_size': 4096, 'num_attention_heads': 32, 'softmax_scale': None, 'num_query_groups': 8, 'ffn_hidden_size': 12288, 'kv_channels': 128, 'attention_dropout': 0.0, 'fp32_residual_connection': True, 'apply_residual_connection_post_layernorm': False, 'layernorm_epsilon': 1e-06, 'layernorm_zero_centered_gamma': False, 'add_qkv_bias': False, 'activation_func': 'gelu', 'num_moe_experts': None, 'rotary_interleaved': False, 'calculate_per_token_loss': None, 'multi_latent_attention': False, 'position_embedding_type': 'rope', 'rotary_base': 1000000, 'partial_rotary_factor': 1.0, 'qk_layernorm': False, 'init_method': <function init_method_normal.<locals>.init_ at 0xffff113082c0>, 'output_layer_init_method': <function scaled_init_method_normal.<locals>.init_ at 0xffff11308400>, 'init_method_std': 0.02, 'init_model_with_meta_device': False, 'apply_query_key_layer_scaling': False, 'attention_softmax_in_fp32': True, 'softmax_compute_dtype': mindspore.float32, 'disable_bf16_reduced_precision_matmul': False, 'bias_activation_fusion': False, 'masked_softmax_fusion': False, 'persist_layer_norm': False, 'memory_efficient_layer_norm': False, 'bias_dropout_fusion': False, 'apply_rope_fusion': False, 'recompute': True, 'select_recompute': False, 'parallel_optimizer_comm_recompute': True, 'select_comm_recompute': False, 'mp_comm_recompute': True, 'recompute_slice_activation': False, 'select_recompute_exclude': False, 'select_comm_recompute_exclude': False, 'moe_shared_expert_intermediate_size': None, 'moe_shared_expert_overlap': False, 'moe_layer_freq': 1, 'moe_ffn_hidden_size': 12288, 'moe_router_load_balancing_type': 'sub_seq_aux_loss', 'moe_router_topk': 2, 'moe_router_num_groups': None, 'moe_router_group_topk': None, 'moe_router_pre_softmax': False, 'moe_router_topk_scaling_factor': None, 'moe_router_dtype': mindspore.float32, 'moe_router_bias_update_rate': 0.001, 'moe_grouped_gemm': False, 'moe_aux_loss_coeff': 0.0, 'moe_z_loss_coeff': None, 'moe_input_jitter_eps': None, 'group_wise_a2a': False, 'moe_token_dispatcher_type': 'alltoall', 'moe_enable_deepep': False, 'moe_per_layer_logging': False, 'moe_expert_capacity_factor': None, 'moe_pad_expert_input_to_capacity': False, 'moe_token_drop_policy': 'probs', 'moe_permute_fusion': False, 'moe_apply_probs_on_input': False, 'shared_expert_num': 0, 'cp_comm_type': 'all_gather'}
2026-09-11 20:49:26,745 - mindformers/models/npu_nvme_exp/user7-stack/qwen3-v13-replay-001/training/log[mindformers/version_control.py:103] - INFO - The Lazy Inline compilation acceleration feature has been called, and the feature is disabled by default.
2026-09-11 20:49:26,746 - mindformers/models/npu_nvme_exp/user7-stack/qwen3-v13-replay-001/training/log[mindformers/parallel_core/inference/parallel_state.py:297] - INFO - expert_model_parallel_size(1) is not equal to tensor_and_data_parallel_size(4), so we will use 4 as the MOE_tensor_parallel_size.
[WARNING] DEVICE(223669,fffe7cf9f1a0,python):2026-09-11-20:49:30.097.400 [mindspore/ccsrc/plugin/ascend/res_manager/collective/ascend_communication_group.cc:201] InitByRootInfoConfig] End to initialize communicator by HcclCommInitRootInfoConfig for hccl_world_group
[WARNING] ME(223669,fffe7efdf1a0,python):2026-09-11-20:49:30.097.880 [mindspore/ccsrc/runtime/hardware_abstract/collective/collective_manager.cc:1017] CreateDeviceCommunicator] End initialize communication group on the device side: hccl_world_group
[WARNING] ME(223669,fffe7efdf1a0,python):2026-09-11-20:49:30.098.464 [mindspore/ccsrc/runtime/hardware_abstract/collective/collective_manager.cc:1006] CreateDeviceCommunicator] Begin initialize communication group on the device side: tp-0-1-2-3
[WARNING] DEVICE(223669,fffb3b7ef1a0,python):2026-09-11-20:49:30.098.741 [mindspore/ccsrc/plugin/ascend/res_manager/collective/utils.cc:281] GetHcclBufferSize] HcclGroup tp-0-1-2-3, ranks are [0, 1, 2, 3], default hcclBufferSize: 200 MB.
[WARNING] DEVICE(223669,fffb3b7ef1a0,python):2026-09-11-20:49:30.098.774 [mindspore/ccsrc/plugin/ascend/res_manager/collective/ascend_communication_group.cc:186] InitByRootInfoConfig] Start to initialize communicator by HcclCommInitRootInfoConfig for tp-0-1-2-3, hcclBufferSize is 200 MB, hcclDeterministic is 0
[WARNING] DEVICE(223669,fffb3b7ef1a0,python):2026-09-11-20:49:30.337.090 [mindspore/ccsrc/plugin/ascend/res_manager/collective/ascend_communication_group.cc:201] InitByRootInfoConfig] End to initialize communicator by HcclCommInitRootInfoConfig for tp-0-1-2-3
[WARNING] ME(223669,fffe7efdf1a0,python):2026-09-11-20:49:30.337.407 [mindspore/ccsrc/runtime/hardware_abstract/collective/collective_manager.cc:1017] CreateDeviceCommunicator] End initialize communication group on the device side: tp-0-1-2-3
[WARNING] ME(223669,fffe7efdf1a0,python):2026-09-11-20:49:30.390.320 [mindspore/ccsrc/runtime/hardware_abstract/collective/collective_manager.cc:1006] CreateDeviceCommunicator] Begin initialize communication group on the device side: 224d137833604db324a3fc2845d4054b8fadfc1fb316eaea
[WARNING] DEVICE(223669,fffb3a7cf1a0,python):2026-09-11-20:49:30.390.580 [mindspore/ccsrc/plugin/ascend/res_manager/collective/utils.cc:281] GetHcclBufferSize] HcclGroup 224d137833604db324a3fc2845d4054b8fadfc1fb316eaea, ranks are [0, 1, 2, 3], default hcclBufferSize: 200 MB.
[WARNING] DEVICE(223669,fffb3a7cf1a0,python):2026-09-11-20:49:30.390.611 [mindspore/ccsrc/plugin/ascend/res_manager/collective/ascend_communication_group.cc:186] InitByRootInfoConfig] Start to initialize communicator by HcclCommInitRootInfoConfig for 224d137833604db324a3fc2845d4054b8fadfc1fb316eaea, hcclBufferSize is 200 MB, hcclDeterministic is 0
[WARNING] DEVICE(223669,fffb3a7cf1a0,python):2026-09-11-20:49:30.629.008 [mindspore/ccsrc/plugin/ascend/res_manager/collective/ascend_communication_group.cc:201] InitByRootInfoConfig] End to initialize communicator by HcclCommInitRootInfoConfig for 224d137833604db324a3fc2845d4054b8fadfc1fb316eaea
[WARNING] ME(223669,fffe7efdf1a0,python):2026-09-11-20:49:30.629.341 [mindspore/ccsrc/runtime/hardware_abstract/collective/collective_manager.cc:1017] CreateDeviceCommunicator] End initialize communication group on the device side: 224d137833604db324a3fc2845d4054b8fadfc1fb316eaea
2026-09-11 20:49:30,634 - mindformers/models/npu_nvme_exp/user7-stack/qwen3-v13-replay-001/training/log[mindformers/parallel_core/training_graph/transformer/utils.py:174] - INFO - num_layers per stage: [[36]]
2026-09-11 20:49:30,635 - mindformers/models/npu_nvme_exp/user7-stack/qwen3-v13-replay-001/training/log[mindformers/parallel_core/training_graph/transformer/utils.py:175] - INFO - Accumulated num_layers per stage: [[36]]
2026-09-11 20:49:30,635 - mindformers/models/npu_nvme_exp/user7-stack/qwen3-v13-replay-001/training/log[mindformers/parallel_core/training_graph/transformer/utils.py:177] - INFO - Pipeline id list with start_stage: [0, 0, 0, 0, 0, 0, 0, 0, 0, 0, 0, 0, 0, 0, 0, 0, 0, 0, 0, 0, 0, 0, 0, 0, 0, 0, 0, 0, 0, 0, 0, 0, 0, 0, 0, 0]
2026-09-11 20:49:30,635 - mindformers/models/npu_nvme_exp/user7-stack/qwen3-v13-replay-001/training/log[mindformers/parallel_core/training_graph/transformer/utils.py:178] - INFO - Interleave id list: [0, 0, 0, 0, 0, 0, 0, 0, 0, 0, 0, 0, 0, 0, 0, 0, 0, 0, 0, 0, 0, 0, 0, 0, 0, 0, 0, 0, 0, 0, 0, 0, 0, 0, 0, 0]
2026-09-11 20:49:30,636 - mindformers/models/npu_nvme_exp/user7-stack/qwen3-v13-replay-001/training/log[mindformers/parallel_core/training_graph/transformer/utils.py:196] - INFO - Formative layer_recompute: [[36]]
2026-09-11 20:49:30,636 - mindformers/models/npu_nvme_exp/user7-stack/qwen3-v13-replay-001/training/log[mindformers/parallel_core/training_graph/transformer/utils.py:198] - INFO - The configuration of select_recompute_exclude and select_comm_recompute_exclude have the highest priority.
2026-09-11 20:49:30,636 - mindformers/models/npu_nvme_exp/user7-stack/qwen3-v13-replay-001/training/log[mindformers/parallel_core/training_graph/transformer/utils.py:204] - INFO - Formative select_recompute: {'mlp\\.shared_experts\\.mul': [[0]], 'mlp\\.shared_experts\\.activation_func\\.silu': [[0]], 'mlp\\.mul': [[0]], 'mlp\\.activation_func\\.silu': [[0]]}
2026-09-11 20:49:30,636 - mindformers/models/npu_nvme_exp/user7-stack/qwen3-v13-replay-001/training/log[mindformers/parallel_core/training_graph/transformer/utils.py:205] - INFO - Formative select_comm_recompute: {'.*\\.norm': [[0]]}
2026-09-11 20:49:30,636 - mindformers/models/npu_nvme_exp/user7-stack/qwen3-v13-replay-001/training/log[mindformers/parallel_core/training_graph/transformer/utils.py:206] - INFO - Formative select_recompute_exclude: {}
2026-09-11 20:49:30,637 - mindformers/models/npu_nvme_exp/user7-stack/qwen3-v13-replay-001/training/log[mindformers/parallel_core/training_graph/transformer/utils.py:207] - INFO - Formative select_comm_recompute_exclude: {}
2026-09-11 20:49:30,759 - mindformers/models/npu_nvme_exp/user7-stack/qwen3-v13-replay-001/training/log[mindformers/parallel_core/training_graph/transformer/utils.py:413] - INFO - Set full recompute at layer 0
2026-09-11 20:49:30,850 - mindformers/models/npu_nvme_exp/user7-stack/qwen3-v13-replay-001/training/log[mindformers/parallel_core/training_graph/transformer/utils.py:413] - INFO - Set full recompute at layer 1
2026-09-11 20:49:30,941 - mindformers/models/npu_nvme_exp/user7-stack/qwen3-v13-replay-001/training/log[mindformers/parallel_core/training_graph/transformer/utils.py:413] - INFO - Set full recompute at layer 2
2026-09-11 20:49:31,031 - mindformers/models/npu_nvme_exp/user7-stack/qwen3-v13-replay-001/training/log[mindformers/parallel_core/training_graph/transformer/utils.py:413] - INFO - Set full recompute at layer 3
2026-09-11 20:49:31,119 - mindformers/models/npu_nvme_exp/user7-stack/qwen3-v13-replay-001/training/log[mindformers/parallel_core/training_graph/transformer/utils.py:413] - INFO - Set full recompute at layer 4
2026-09-11 20:49:31,206 - mindformers/models/npu_nvme_exp/user7-stack/qwen3-v13-replay-001/training/log[mindformers/parallel_core/training_graph/transformer/utils.py:413] - INFO - Set full recompute at layer 5
2026-09-11 20:49:31,292 - mindformers/models/npu_nvme_exp/user7-stack/qwen3-v13-replay-001/training/log[mindformers/parallel_core/training_graph/transformer/utils.py:413] - INFO - Set full recompute at layer 6
2026-09-11 20:49:31,379 - mindformers/models/npu_nvme_exp/user7-stack/qwen3-v13-replay-001/training/log[mindformers/parallel_core/training_graph/transformer/utils.py:413] - INFO - Set full recompute at layer 7
2026-09-11 20:49:31,466 - mindformers/models/npu_nvme_exp/user7-stack/qwen3-v13-replay-001/training/log[mindformers/parallel_core/training_graph/transformer/utils.py:413] - INFO - Set full recompute at layer 8
2026-09-11 20:49:31,554 - mindformers/models/npu_nvme_exp/user7-stack/qwen3-v13-replay-001/training/log[mindformers/parallel_core/training_graph/transformer/utils.py:413] - INFO - Set full recompute at layer 9
2026-09-11 20:49:31,641 - mindformers/models/npu_nvme_exp/user7-stack/qwen3-v13-replay-001/training/log[mindformers/parallel_core/training_graph/transformer/utils.py:413] - INFO - Set full recompute at layer 10
2026-09-11 20:49:31,727 - mindformers/models/npu_nvme_exp/user7-stack/qwen3-v13-replay-001/training/log[mindformers/parallel_core/training_graph/transformer/utils.py:413] - INFO - Set full recompute at layer 11
2026-09-11 20:49:31,813 - mindformers/models/npu_nvme_exp/user7-stack/qwen3-v13-replay-001/training/log[mindformers/parallel_core/training_graph/transformer/utils.py:413] - INFO - Set full recompute at layer 12
2026-09-11 20:49:31,899 - mindformers/models/npu_nvme_exp/user7-stack/qwen3-v13-replay-001/training/log[mindformers/parallel_core/training_graph/transformer/utils.py:413] - INFO - Set full recompute at layer 13
2026-09-11 20:49:31,985 - mindformers/models/npu_nvme_exp/user7-stack/qwen3-v13-replay-001/training/log[mindformers/parallel_core/training_graph/transformer/utils.py:413] - INFO - Set full recompute at layer 14
2026-09-11 20:49:32,071 - mindformers/models/npu_nvme_exp/user7-stack/qwen3-v13-replay-001/training/log[mindformers/parallel_core/training_graph/transformer/utils.py:413] - INFO - Set full recompute at layer 15
2026-09-11 20:49:32,156 - mindformers/models/npu_nvme_exp/user7-stack/qwen3-v13-replay-001/training/log[mindformers/parallel_core/training_graph/transformer/utils.py:413] - INFO - Set full recompute at layer 16
2026-09-11 20:49:32,246 - mindformers/models/npu_nvme_exp/user7-stack/qwen3-v13-replay-001/training/log[mindformers/parallel_core/training_graph/transformer/utils.py:413] - INFO - Set full recompute at layer 17
2026-09-11 20:49:32,332 - mindformers/models/npu_nvme_exp/user7-stack/qwen3-v13-replay-001/training/log[mindformers/parallel_core/training_graph/transformer/utils.py:413] - INFO - Set full recompute at layer 18
2026-09-11 20:49:32,418 - mindformers/models/npu_nvme_exp/user7-stack/qwen3-v13-replay-001/training/log[mindformers/parallel_core/training_graph/transformer/utils.py:413] - INFO - Set full recompute at layer 19
2026-09-11 20:49:32,504 - mindformers/models/npu_nvme_exp/user7-stack/qwen3-v13-replay-001/training/log[mindformers/parallel_core/training_graph/transformer/utils.py:413] - INFO - Set full recompute at layer 20
2026-09-11 20:49:32,591 - mindformers/models/npu_nvme_exp/user7-stack/qwen3-v13-replay-001/training/log[mindformers/parallel_core/training_graph/transformer/utils.py:413] - INFO - Set full recompute at layer 21
2026-09-11 20:49:32,678 - mindformers/models/npu_nvme_exp/user7-stack/qwen3-v13-replay-001/training/log[mindformers/parallel_core/training_graph/transformer/utils.py:413] - INFO - Set full recompute at layer 22
2026-09-11 20:49:32,763 - mindformers/models/npu_nvme_exp/user7-stack/qwen3-v13-replay-001/training/log[mindformers/parallel_core/training_graph/transformer/utils.py:413] - INFO - Set full recompute at layer 23
2026-09-11 20:49:32,849 - mindformers/models/npu_nvme_exp/user7-stack/qwen3-v13-replay-001/training/log[mindformers/parallel_core/training_graph/transformer/utils.py:413] - INFO - Set full recompute at layer 24
2026-09-11 20:49:32,937 - mindformers/models/npu_nvme_exp/user7-stack/qwen3-v13-replay-001/training/log[mindformers/parallel_core/training_graph/transformer/utils.py:413] - INFO - Set full recompute at layer 25
2026-09-11 20:49:33,023 - mindformers/models/npu_nvme_exp/user7-stack/qwen3-v13-replay-001/training/log[mindformers/parallel_core/training_graph/transformer/utils.py:413] - INFO - Set full recompute at layer 26
2026-09-11 20:49:33,109 - mindformers/models/npu_nvme_exp/user7-stack/qwen3-v13-replay-001/training/log[mindformers/parallel_core/training_graph/transformer/utils.py:413] - INFO - Set full recompute at layer 27
2026-09-11 20:49:33,196 - mindformers/models/npu_nvme_exp/user7-stack/qwen3-v13-replay-001/training/log[mindformers/parallel_core/training_graph/transformer/utils.py:413] - INFO - Set full recompute at layer 28
2026-09-11 20:49:33,283 - mindformers/models/npu_nvme_exp/user7-stack/qwen3-v13-replay-001/training/log[mindformers/parallel_core/training_graph/transformer/utils.py:413] - INFO - Set full recompute at layer 29
2026-09-11 20:49:33,370 - mindformers/models/npu_nvme_exp/user7-stack/qwen3-v13-replay-001/training/log[mindformers/parallel_core/training_graph/transformer/utils.py:413] - INFO - Set full recompute at layer 30
2026-09-11 20:49:33,463 - mindformers/models/npu_nvme_exp/user7-stack/qwen3-v13-replay-001/training/log[mindformers/parallel_core/training_graph/transformer/utils.py:413] - INFO - Set full recompute at layer 31
2026-09-11 20:49:33,551 - mindformers/models/npu_nvme_exp/user7-stack/qwen3-v13-replay-001/training/log[mindformers/parallel_core/training_graph/transformer/utils.py:413] - INFO - Set full recompute at layer 32
2026-09-11 20:49:33,906 - mindformers/models/npu_nvme_exp/user7-stack/qwen3-v13-replay-001/training/log[mindformers/parallel_core/training_graph/transformer/utils.py:413] - INFO - Set full recompute at layer 33
2026-09-11 20:49:33,993 - mindformers/models/npu_nvme_exp/user7-stack/qwen3-v13-replay-001/training/log[mindformers/parallel_core/training_graph/transformer/utils.py:413] - INFO - Set full recompute at layer 34
2026-09-11 20:49:34,080 - mindformers/models/npu_nvme_exp/user7-stack/qwen3-v13-replay-001/training/log[mindformers/parallel_core/training_graph/transformer/utils.py:413] - INFO - Set full recompute at layer 35
2026-09-11 20:49:34,113 - mindformers/models/npu_nvme_exp/user7-stack/qwen3-v13-replay-001/training/log[mindformers/generation/generation_config.py:242] - INFO - Loading Generate config from /models/Qwen3-8B/generation_config.json
2026-09-11 20:49:34,114 - mindformers/models/npu_nvme_exp/user7-stack/qwen3-v13-replay-001/training/log[mindformers/trainer/base_trainer.py:478] - INFO - Parameters are not initialized during model initialization.
2026-09-11 20:49:34,115 - mindformers/models/npu_nvme_exp/user7-stack/qwen3-v13-replay-001/training/log[mindformers/utils/load_checkpoint_utils.py:84] - INFO - .......Load Checkpoint format is hf safetensors, start convert to ms safetensors!.......
2026-09-11 20:49:34,115 - mindformers/models/npu_nvme_exp/user7-stack/qwen3-v13-replay-001/training/log[mindformers/utils/load_checkpoint_utils.py:497] - INFO - The Hugging Face checkpoint will be converted to MindSpore checkpoint at: '/models/npu_nvme_exp/user7-stack/qwen3-v13-replay-001/training/qwen3_ms_converted_weight'.
huggingface/tokenizers: The current process just got forked, after parallelism has already been used. Disabling parallelism to avoid deadlocks...
To disable this warning, you can either:
	- Avoid using `tokenizers` before the fork if possible
	- Explicitly set the environment variable TOKENIZERS_PARALLELISM=(true | false)
2026-09-11 20:49:34,152 - mindformers/models/npu_nvme_exp/user7-stack/qwen3-v13-replay-001/training/log[mindformers/utils/safetensors/convert_safetensors.py:33] - INFO - Folder /models/npu_nvme_exp/user7-stack/qwen3-v13-replay-001/training/qwen3_ms_converted_weight is remade.
2026-09-11 20:49:34,153 - mindformers/models/npu_nvme_exp/user7-stack/qwen3-v13-replay-001/training/log[mindformers/utils/safetensors/convert_safetensors.py:34] - INFO - .........Starting to Convert Safetensors.........
2026-09-11 20:49:35,013 - mindformers/models/npu_nvme_exp/user7-stack/qwen3-v13-replay-001/training/log[mindformers/models/qwen3/modeling_qwen3_train.py:138] - INFO - Concat QKV weight without contiguous weight layout attention.
2026-09-11 20:49:35,014 - mindformers/models/npu_nvme_exp/user7-stack/qwen3-v13-replay-001/training/log[mindformers/models/qwen3/modeling_qwen3_train.py:148] - INFO - Concat FFN weight in interleaved weight layout MLP.
2026-09-11 20:49:35,626 - mindformers/models/npu_nvme_exp/user7-stack/qwen3-v13-replay-001/training/log[mindformers/utils/safetensors/convert_safetensors.py:141] - INFO - Converted file model-00005-of-00005.safetensors.
2026-09-11 20:49:35,651 - mindformers/models/npu_nvme_exp/user7-stack/qwen3-v13-replay-001/training/log[mindformers/models/qwen3/modeling_qwen3_train.py:138] - INFO - Concat QKV weight without contiguous weight layout attention.
2026-09-11 20:49:35,809 - mindformers/models/npu_nvme_exp/user7-stack/qwen3-v13-replay-001/training/log[mindformers/models/qwen3/modeling_qwen3_train.py:148] - INFO - Concat FFN weight in interleaved weight layout MLP.
2026-09-11 20:49:36,246 - mindformers/models/npu_nvme_exp/user7-stack/qwen3-v13-replay-001/training/log[mindformers/models/qwen3/modeling_qwen3_train.py:138] - INFO - Concat QKV weight without contiguous weight layout attention.
2026-09-11 20:49:36,250 - mindformers/models/npu_nvme_exp/user7-stack/qwen3-v13-replay-001/training/log[mindformers/models/qwen3/modeling_qwen3_train.py:138] - INFO - Concat QKV weight without contiguous weight layout attention.
2026-09-11 20:49:36,277 - mindformers/models/npu_nvme_exp/user7-stack/qwen3-v13-replay-001/training/log[mindformers/models/qwen3/modeling_qwen3_train.py:138] - INFO - Concat QKV weight without contiguous weight layout attention.
2026-09-11 20:49:36,456 - mindformers/models/npu_nvme_exp/user7-stack/qwen3-v13-replay-001/training/log[mindformers/models/qwen3/modeling_qwen3_train.py:148] - INFO - Concat FFN weight in interleaved weight layout MLP.
2026-09-11 20:49:36,493 - mindformers/models/npu_nvme_exp/user7-stack/qwen3-v13-replay-001/training/log[mindformers/models/qwen3/modeling_qwen3_train.py:148] - INFO - Concat FFN weight in interleaved weight layout MLP.
2026-09-11 20:49:36,522 - mindformers/models/npu_nvme_exp/user7-stack/qwen3-v13-replay-001/training/log[mindformers/models/qwen3/modeling_qwen3_train.py:148] - INFO - Concat FFN weight in interleaved weight layout MLP.
2026-09-11 20:49:38,066 - mindformers/models/npu_nvme_exp/user7-stack/qwen3-v13-replay-001/training/log[mindformers/utils/safetensors/convert_safetensors.py:141] - INFO - Converted file model-00004-of-00005.safetensors.
2026-09-11 20:49:39,662 - mindformers/models/npu_nvme_exp/user7-stack/qwen3-v13-replay-001/training/log[mindformers/utils/safetensors/convert_safetensors.py:141] - INFO - Converted file model-00001-of-00005.safetensors.
2026-09-11 20:49:39,866 - mindformers/models/npu_nvme_exp/user7-stack/qwen3-v13-replay-001/training/log[mindformers/utils/safetensors/convert_safetensors.py:141] - INFO - Converted file model-00002-of-00005.safetensors.
2026-09-11 20:49:39,936 - mindformers/models/npu_nvme_exp/user7-stack/qwen3-v13-replay-001/training/log[mindformers/utils/safetensors/convert_safetensors.py:141] - INFO - Converted file model-00003-of-00005.safetensors.
2026-09-11 20:49:40,130 - mindformers/models/npu_nvme_exp/user7-stack/qwen3-v13-replay-001/training/log[mindformers/utils/safetensors/convert_safetensors.py:133] - INFO - Converted file param_name_map.json
2026-09-11 20:49:40,131 - mindformers/models/npu_nvme_exp/user7-stack/qwen3-v13-replay-001/training/log[mindformers/utils/safetensors/convert_safetensors.py:42] - INFO - .........Safetensors Convert Complete.........
2026-09-11 20:49:40,165 - mindformers/models/npu_nvme_exp/user7-stack/qwen3-v13-replay-001/training/log[mindformers/tools/utils.py:744] - INFO - Wait for the main rank to convert HuggingFace weight...
2026-09-11 20:49:40,274 - mindformers/models/npu_nvme_exp/user7-stack/qwen3-v13-replay-001/training/log[mindformers/utils/load_checkpoint_utils.py:512] - INFO - Convert Hugging Face checkpoint successfully! The MindSpore checkpoint path is: '/models/npu_nvme_exp/user7-stack/qwen3-v13-replay-001/training/qwen3_ms_converted_weight'.
2026-09-11 20:49:40,300 - mindformers/models/npu_nvme_exp/user7-stack/qwen3-v13-replay-001/training/log[mindformers/trainer/base_trainer.py:733] - INFO - Network Parameters: 8190 M.
2026-09-11 20:49:40,300 - mindformers/models/npu_nvme_exp/user7-stack/qwen3-v13-replay-001/training/log[mindformers/trainer/base_trainer.py:1211] - INFO - .........Build Optimizer For Train..........
2026-09-11 20:49:40,301 - mindformers/models/npu_nvme_exp/user7-stack/qwen3-v13-replay-001/training/log[mindformers/trainer/base_trainer.py:584] - INFO - .........Build Optimizer From Config..........
2026-09-11 20:49:40,301 - mindformers/models/npu_nvme_exp/user7-stack/qwen3-v13-replay-001/training/log[mindformers/trainer/base_trainer.py:629] - INFO - .........Build LR Schedule From Config..........
2026-09-11 20:49:40,301 - mindformers/models/npu_nvme_exp/user7-stack/qwen3-v13-replay-001/training/log[mindformers/core/lr/lr_schedule.py:53] - INFO - Current warmup_ratio is 0, total_steps is 8, warmup_steps will be set to 0
2026-09-11 20:49:40,302 - mindformers/models/npu_nvme_exp/user7-stack/qwen3-v13-replay-001/training/log[mindformers/trainer/base_trainer.py:667] - INFO - warmup_lr_init is not set. The default value 0.0 will be applied.
2026-09-11 20:49:40,307 - mindformers/models/npu_nvme_exp/user7-stack/qwen3-v13-replay-001/training/log[mindformers/trainer/optimizer_grouped_parameters.py:79] - WARNING - dynamic_lr_schedule will be reset and invalid when layer_scale is False.
2026-09-11 20:49:40,312 - mindformers/models/npu_nvme_exp/user7-stack/qwen3-v13-replay-001/training/log[mindformers/trainer/optimizer_grouped_parameters.py:112] - INFO - Param groups = {
  "decay": {
    "weight_decay": 0.0,
    "params": [
      "embedding.word_embeddings.weight",
      "decoder.layers.0.self_attention.linear_proj.weight",
      "decoder.layers.0.self_attention.linear_qkv.weight",
      "decoder.layers.0.mlp.linear_fc1.weight",
      "decoder.layers.0.mlp.linear_fc2.weight",
      "decoder.layers.1.self_attention.linear_proj.weight",
      "decoder.layers.1.self_attention.linear_qkv.weight",
      "decoder.layers.1.mlp.linear_fc1.weight",
      "decoder.layers.1.mlp.linear_fc2.weight",
      "decoder.layers.2.self_attention.linear_proj.weight",
      "decoder.layers.2.self_attention.linear_qkv.weight",
      "decoder.layers.2.mlp.linear_fc1.weight",
      "decoder.layers.2.mlp.linear_fc2.weight",
      "decoder.layers.3.self_attention.linear_proj.weight",
      "decoder.layers.3.self_attention.linear_qkv.weight",
      "decoder.layers.3.mlp.linear_fc1.weight",
      "decoder.layers.3.mlp.linear_fc2.weight",
      "decoder.layers.4.self_attention.linear_proj.weight",
      "decoder.layers.4.self_attention.linear_qkv.weight",
      "decoder.layers.4.mlp.linear_fc1.weight",
      "decoder.layers.4.mlp.linear_fc2.weight",
      "decoder.layers.5.self_attention.linear_proj.weight",
      "decoder.layers.5.self_attention.linear_qkv.weight",
      "decoder.layers.5.mlp.linear_fc1.weight",
      "decoder.layers.5.mlp.linear_fc2.weight",
      "decoder.layers.6.self_attention.linear_proj.weight",
      "decoder.layers.6.self_attention.linear_qkv.weight",
      "decoder.layers.6.mlp.linear_fc1.weight",
      "decoder.layers.6.mlp.linear_fc2.weight",
      "decoder.layers.7.self_attention.linear_proj.weight",
      "decoder.layers.7.self_attention.linear_qkv.weight",
      "decoder.layers.7.mlp.linear_fc1.weight",
      "decoder.layers.7.mlp.linear_fc2.weight",
      "decoder.layers.8.self_attention.linear_proj.weight",
      "decoder.layers.8.self_attention.linear_qkv.weight",
      "decoder.layers.8.mlp.linear_fc1.weight",
      "decoder.layers.8.mlp.linear_fc2.weight",
      "decoder.layers.9.self_attention.linear_proj.weight",
      "decoder.layers.9.self_attention.linear_qkv.weight",
      "decoder.layers.9.mlp.linear_fc1.weight",
      "decoder.layers.9.mlp.linear_fc2.weight",
      "decoder.layers.10.self_attention.linear_proj.weight",
      "decoder.layers.10.self_attention.linear_qkv.weight",
      "decoder.layers.10.mlp.linear_fc1.weight",
      "decoder.layers.10.mlp.linear_fc2.weight",
      "decoder.layers.11.self_attention.linear_proj.weight",
      "decoder.layers.11.self_attention.linear_qkv.weight",
      "decoder.layers.11.mlp.linear_fc1.weight",
      "decoder.layers.11.mlp.linear_fc2.weight",
      "decoder.layers.12.self_attention.linear_proj.weight",
      "decoder.layers.12.self_attention.linear_qkv.weight",
      "decoder.layers.12.mlp.linear_fc1.weight",
      "decoder.layers.12.mlp.linear_fc2.weight",
      "decoder.layers.13.self_attention.linear_proj.weight",
      "decoder.layers.13.self_attention.linear_qkv.weight",
      "decoder.layers.13.mlp.linear_fc1.weight",
      "decoder.layers.13.mlp.linear_fc2.weight",
      "decoder.layers.14.self_attention.linear_proj.weight",
      "decoder.layers.14.self_attention.linear_qkv.weight",
      "decoder.layers.14.mlp.linear_fc1.weight",
      "decoder.layers.14.mlp.linear_fc2.weight",
      "decoder.layers.15.self_attention.linear_proj.weight",
      "decoder.layers.15.self_attention.linear_qkv.weight",
      "decoder.layers.15.mlp.linear_fc1.weight",
      "decoder.layers.15.mlp.linear_fc2.weight",
      "decoder.layers.16.self_attention.linear_proj.weight",
      "decoder.layers.16.self_attention.linear_qkv.weight",
      "decoder.layers.16.mlp.linear_fc1.weight",
      "decoder.layers.16.mlp.linear_fc2.weight",
      "decoder.layers.17.self_attention.linear_proj.weight",
      "decoder.layers.17.self_attention.linear_qkv.weight",
      "decoder.layers.17.mlp.linear_fc1.weight",
      "decoder.layers.17.mlp.linear_fc2.weight",
      "decoder.layers.18.self_attention.linear_proj.weight",
      "decoder.layers.18.self_attention.linear_qkv.weight",
      "decoder.layers.18.mlp.linear_fc1.weight",
      "decoder.layers.18.mlp.linear_fc2.weight",
      "decoder.layers.19.self_attention.linear_proj.weight",
      "decoder.layers.19.self_attention.linear_qkv.weight",
      "decoder.layers.19.mlp.linear_fc1.weight",
      "decoder.layers.19.mlp.linear_fc2.weight",
      "decoder.layers.20.self_attention.linear_proj.weight",
      "decoder.layers.20.self_attention.linear_qkv.weight",
      "decoder.layers.20.mlp.linear_fc1.weight",
      "decoder.layers.20.mlp.linear_fc2.weight",
      "decoder.layers.21.self_attention.linear_proj.weight",
      "decoder.layers.21.self_attention.linear_qkv.weight",
      "decoder.layers.21.mlp.linear_fc1.weight",
      "decoder.layers.21.mlp.linear_fc2.weight",
      "decoder.layers.22.self_attention.linear_proj.weight",
      "decoder.layers.22.self_attention.linear_qkv.weight",
      "decoder.layers.22.mlp.linear_fc1.weight",
      "decoder.layers.22.mlp.linear_fc2.weight",
      "decoder.layers.23.self_attention.linear_proj.weight",
      "decoder.layers.23.self_attention.linear_qkv.weight",
      "decoder.layers.23.mlp.linear_fc1.weight",
      "decoder.layers.23.mlp.linear_fc2.weight",
      "decoder.layers.24.self_attention.linear_proj.weight",
      "decoder.layers.24.self_attention.linear_qkv.weight",
      "decoder.layers.24.mlp.linear_fc1.weight",
      "decoder.layers.24.mlp.linear_fc2.weight",
      "decoder.layers.25.self_attention.linear_proj.weight",
      "decoder.layers.25.self_attention.linear_qkv.weight",
      "decoder.layers.25.mlp.linear_fc1.weight",
      "decoder.layers.25.mlp.linear_fc2.weight",
      "decoder.layers.26.self_attention.linear_proj.weight",
      "decoder.layers.26.self_attention.linear_qkv.weight",
      "decoder.layers.26.mlp.linear_fc1.weight",
      "decoder.layers.26.mlp.linear_fc2.weight",
      "decoder.layers.27.self_attention.linear_proj.weight",
      "decoder.layers.27.self_attention.linear_qkv.weight",
      "decoder.layers.27.mlp.linear_fc1.weight",
      "decoder.layers.27.mlp.linear_fc2.weight",
      "decoder.layers.28.self_attention.linear_proj.weight",
      "decoder.layers.28.self_attention.linear_qkv.weight",
      "decoder.layers.28.mlp.linear_fc1.weight",
      "decoder.layers.28.mlp.linear_fc2.weight",
      "decoder.layers.29.self_attention.linear_proj.weight",
      "decoder.layers.29.self_attention.linear_qkv.weight",
      "decoder.layers.29.mlp.linear_fc1.weight",
      "decoder.layers.29.mlp.linear_fc2.weight",
      "decoder.layers.30.self_attention.linear_proj.weight",
      "decoder.layers.30.self_attention.linear_qkv.weight",
      "decoder.layers.30.mlp.linear_fc1.weight",
      "decoder.layers.30.mlp.linear_fc2.weight",
      "decoder.layers.31.self_attention.linear_proj.weight",
      "decoder.layers.31.self_attention.linear_qkv.weight",
      "decoder.layers.31.mlp.linear_fc1.weight",
      "decoder.layers.31.mlp.linear_fc2.weight",
      "decoder.layers.32.self_attention.linear_proj.weight",
      "decoder.layers.32.self_attention.linear_qkv.weight",
      "decoder.layers.32.mlp.linear_fc1.weight",
      "decoder.layers.32.mlp.linear_fc2.weight",
      "decoder.layers.33.self_attention.linear_proj.weight",
      "decoder.layers.33.self_attention.linear_qkv.weight",
      "decoder.layers.33.mlp.linear_fc1.weight",
      "decoder.layers.33.mlp.linear_fc2.weight",
      "decoder.layers.34.self_attention.linear_proj.weight",
      "decoder.layers.34.self_attention.linear_qkv.weight",
      "decoder.layers.34.mlp.linear_fc1.weight",
      "decoder.layers.34.mlp.linear_fc2.weight",
      "decoder.layers.35.self_attention.linear_proj.weight",
      "decoder.layers.35.self_attention.linear_qkv.weight",
      "decoder.layers.35.mlp.linear_fc1.weight",
      "decoder.layers.35.mlp.linear_fc2.weight",
      "output_layer.weight"
    ]
  },
  "no_decay": {
    "weight_decay": 0.0,
    "params": [
      "decoder.layers.0.input_layernorm.weight",
      "decoder.layers.0.self_attention.q_layernorm.weight",
      "decoder.layers.0.self_attention.k_layernorm.weight",
      "decoder.layers.0.pre_mlp_layernorm.weight",
      "decoder.layers.1.input_layernorm.weight",
      "decoder.layers.1.self_attention.q_layernorm.weight",
      "decoder.layers.1.self_attention.k_layernorm.weight",
      "decoder.layers.1.pre_mlp_layernorm.weight",
      "decoder.layers.2.input_layernorm.weight",
      "decoder.layers.2.self_attention.q_layernorm.weight",
      "decoder.layers.2.self_attention.k_layernorm.weight",
      "decoder.layers.2.pre_mlp_layernorm.weight",
      "decoder.layers.3.input_layernorm.weight",
      "decoder.layers.3.self_attention.q_layernorm.weight",
      "decoder.layers.3.self_attention.k_layernorm.weight",
      "decoder.layers.3.pre_mlp_layernorm.weight",
      "decoder.layers.4.input_layernorm.weight",
      "decoder.layers.4.self_attention.q_layernorm.weight",
      "decoder.layers.4.self_attention.k_layernorm.weight",
      "decoder.layers.4.pre_mlp_layernorm.weight",
      "decoder.layers.5.input_layernorm.weight",
      "decoder.layers.5.self_attention.q_layernorm.weight",
      "decoder.layers.5.self_attention.k_layernorm.weight",
      "decoder.layers.5.pre_mlp_layernorm.weight",
      "decoder.layers.6.input_layernorm.weight",
      "decoder.layers.6.self_attention.q_layernorm.weight",
      "decoder.layers.6.self_attention.k_layernorm.weight",
      "decoder.layers.6.pre_mlp_layernorm.weight",
      "decoder.layers.7.input_layernorm.weight",
      "decoder.layers.7.self_attention.q_layernorm.weight",
      "decoder.layers.7.self_attention.k_layernorm.weight",
      "decoder.layers.7.pre_mlp_layernorm.weight",
      "decoder.layers.8.input_layernorm.weight",
      "decoder.layers.8.self_attention.q_layernorm.weight",
      "decoder.layers.8.self_attention.k_layernorm.weight",
      "decoder.layers.8.pre_mlp_layernorm.weight",
      "decoder.layers.9.input_layernorm.weight",
      "decoder.layers.9.self_attention.q_layernorm.weight",
      "decoder.layers.9.self_attention.k_layernorm.weight",
      "decoder.layers.9.pre_mlp_layernorm.weight",
      "decoder.layers.10.input_layernorm.weight",
      "decoder.layers.10.self_attention.q_layernorm.weight",
      "decoder.layers.10.self_attention.k_layernorm.weight",
      "decoder.layers.10.pre_mlp_layernorm.weight",
      "decoder.layers.11.input_layernorm.weight",
      "decoder.layers.11.self_attention.q_layernorm.weight",
      "decoder.layers.11.self_attention.k_layernorm.weight",
      "decoder.layers.11.pre_mlp_layernorm.weight",
      "decoder.layers.12.input_layernorm.weight",
      "decoder.layers.12.self_attention.q_layernorm.weight",
      "decoder.layers.12.self_attention.k_layernorm.weight",
      "decoder.layers.12.pre_mlp_layernorm.weight",
      "decoder.layers.13.input_layernorm.weight",
      "decoder.layers.13.self_attention.q_layernorm.weight",
      "decoder.layers.13.self_attention.k_layernorm.weight",
      "decoder.layers.13.pre_mlp_layernorm.weight",
      "decoder.layers.14.input_layernorm.weight",
      "decoder.layers.14.self_attention.q_layernorm.weight",
      "decoder.layers.14.self_attention.k_layernorm.weight",
      "decoder.layers.14.pre_mlp_layernorm.weight",
      "decoder.layers.15.input_layernorm.weight",
      "decoder.layers.15.self_attention.q_layernorm.weight",
      "decoder.layers.15.self_attention.k_layernorm.weight",
      "decoder.layers.15.pre_mlp_layernorm.weight",
      "decoder.layers.16.input_layernorm.weight",
      "decoder.layers.16.self_attention.q_layernorm.weight",
      "decoder.layers.16.self_attention.k_layernorm.weight",
      "decoder.layers.16.pre_mlp_layernorm.weight",
      "decoder.layers.17.input_layernorm.weight",
      "decoder.layers.17.self_attention.q_layernorm.weight",
      "decoder.layers.17.self_attention.k_layernorm.weight",
      "decoder.layers.17.pre_mlp_layernorm.weight",
      "decoder.layers.18.input_layernorm.weight",
      "decoder.layers.18.self_attention.q_layernorm.weight",
      "decoder.layers.18.self_attention.k_layernorm.weight",
      "decoder.layers.18.pre_mlp_layernorm.weight",
      "decoder.layers.19.input_layernorm.weight",
      "decoder.layers.19.self_attention.q_layernorm.weight",
      "decoder.layers.19.self_attention.k_layernorm.weight",
      "decoder.layers.19.pre_mlp_layernorm.weight",
      "decoder.layers.20.input_layernorm.weight",
      "decoder.layers.20.self_attention.q_layernorm.weight",
      "decoder.layers.20.self_attention.k_layernorm.weight",
      "decoder.layers.20.pre_mlp_layernorm.weight",
      "decoder.layers.21.input_layernorm.weight",
      "decoder.layers.21.self_attention.q_layernorm.weight",
      "decoder.layers.21.self_attention.k_layernorm.weight",
      "decoder.layers.21.pre_mlp_layernorm.weight",
      "decoder.layers.22.input_layernorm.weight",
      "decoder.layers.22.self_attention.q_layernorm.weight",
      "decoder.layers.22.self_attention.k_layernorm.weight",
      "decoder.layers.22.pre_mlp_layernorm.weight",
      "decoder.layers.23.input_layernorm.weight",
      "decoder.layers.23.self_attention.q_layernorm.weight",
      "decoder.layers.23.self_attention.k_layernorm.weight",
      "decoder.layers.23.pre_mlp_layernorm.weight",
      "decoder.layers.24.input_layernorm.weight",
      "decoder.layers.24.self_attention.q_layernorm.weight",
      "decoder.layers.24.self_attention.k_layernorm.weight",
      "decoder.layers.24.pre_mlp_layernorm.weight",
      "decoder.layers.25.input_layernorm.weight",
      "decoder.layers.25.self_attention.q_layernorm.weight",
      "decoder.layers.25.self_attention.k_layernorm.weight",
      "decoder.layers.25.pre_mlp_layernorm.weight",
      "decoder.layers.26.input_layernorm.weight",
      "decoder.layers.26.self_attention.q_layernorm.weight",
      "decoder.layers.26.self_attention.k_layernorm.weight",
      "decoder.layers.26.pre_mlp_layernorm.weight",
      "decoder.layers.27.input_layernorm.weight",
      "decoder.layers.27.self_attention.q_layernorm.weight",
      "decoder.layers.27.self_attention.k_layernorm.weight",
      "decoder.layers.27.pre_mlp_layernorm.weight",
      "decoder.layers.28.input_layernorm.weight",
      "decoder.layers.28.self_attention.q_layernorm.weight",
      "decoder.layers.28.self_attention.k_layernorm.weight",
      "decoder.layers.28.pre_mlp_layernorm.weight",
      "decoder.layers.29.input_layernorm.weight",
      "decoder.layers.29.self_attention.q_layernorm.weight",
      "decoder.layers.29.self_attention.k_layernorm.weight",
      "decoder.layers.29.pre_mlp_layernorm.weight",
      "decoder.layers.30.input_layernorm.weight",
      "decoder.layers.30.self_attention.q_layernorm.weight",
      "decoder.layers.30.self_attention.k_layernorm.weight",
      "decoder.layers.30.pre_mlp_layernorm.weight",
      "decoder.layers.31.input_layernorm.weight",
      "decoder.layers.31.self_attention.q_layernorm.weight",
      "decoder.layers.31.self_attention.k_layernorm.weight",
      "decoder.layers.31.pre_mlp_layernorm.weight",
      "decoder.layers.32.input_layernorm.weight",
      "decoder.layers.32.self_attention.q_layernorm.weight",
      "decoder.layers.32.self_attention.k_layernorm.weight",
      "decoder.layers.32.pre_mlp_layernorm.weight",
      "decoder.layers.33.input_layernorm.weight",
      "decoder.layers.33.self_attention.q_layernorm.weight",
      "decoder.layers.33.self_attention.k_layernorm.weight",
      "decoder.layers.33.pre_mlp_layernorm.weight",
      "decoder.layers.34.input_layernorm.weight",
      "decoder.layers.34.self_attention.q_layernorm.weight",
      "decoder.layers.34.self_attention.k_layernorm.weight",
      "decoder.layers.34.pre_mlp_layernorm.weight",
      "decoder.layers.35.input_layernorm.weight",
      "decoder.layers.35.self_attention.q_layernorm.weight",
      "decoder.layers.35.self_attention.k_layernorm.weight",
      "decoder.layers.35.pre_mlp_layernorm.weight",
      "decoder.final_layernorm.weight"
    ]
  }
}
2026-09-11 20:49:40,313 - mindformers/models/npu_nvme_exp/user7-stack/qwen3-v13-replay-001/training/log[mindformers/core/optim/build_optim.py:39] - INFO - tft is not valid
2026-09-11 20:49:40,555 - mindformers/models/npu_nvme_exp/user7-stack/qwen3-v13-replay-001/training/log[mindformers/trainer/base_trainer.py:623] - INFO - Parameters are not initialized during optimizer initialization.
2026-09-11 20:49:40,556 - mindformers/models/npu_nvme_exp/user7-stack/qwen3-v13-replay-001/training/log[mindformers/trainer/base_trainer.py:1221] - INFO - .........Build Running Wrapper From Config For Train..........
2026-09-11 20:49:40,556 - mindformers/models/npu_nvme_exp/user7-stack/qwen3-v13-replay-001/training/log[mindformers/trainer/base_trainer.py:672] - INFO - .........Build Model Wrapper for Train From Config..........
2026-09-11 20:49:40,568 - mindformers/models/npu_nvme_exp/user7-stack/qwen3-v13-replay-001/training/log[mindformers/trainer/base_trainer.py:1238] - INFO - .........Build Callbacks For Train..........
2026-09-11 20:49:40,570 - mindformers/models/npu_nvme_exp/user7-stack/qwen3-v13-replay-001/training/log[mindformers/trainer/base_trainer.py:1289] - INFO - Recommend using weights in the safetensors format.
2026-09-11 20:49:40,571 - mindformers/models/npu_nvme_exp/user7-stack/qwen3-v13-replay-001/training/log[mindformers/core/callback/callback.py:1304] - INFO - Integrated_save is changed to False when using auto_parallel.
2026-09-11 20:49:40,571 - mindformers/models/npu_nvme_exp/user7-stack/qwen3-v13-replay-001/training/log[mindformers/trainer/base_trainer.py:1362] - INFO - .........Starting Init Train Model..........
2026-09-11 20:49:40,572 - mindformers/models/npu_nvme_exp/user7-stack/qwen3-v13-replay-001/training/log[mindformers/utils/load_checkpoint_utils.py:257] - INFO - ......Start load checkpoint from safetensors......
2026-09-11 20:49:40,572 - mindformers/models/npu_nvme_exp/user7-stack/qwen3-v13-replay-001/training/log[mindformers/utils/load_checkpoint_utils.py:262] - INFO - Load checkpoint from /models/npu_nvme_exp/user7-stack/qwen3-v13-replay-001/training/qwen3_ms_converted_weight.
2026-09-11 20:49:40,573 - mindformers/models/npu_nvme_exp/user7-stack/qwen3-v13-replay-001/training/log[mindformers/utils/load_checkpoint_utils.py:280] - INFO - ......Use multi checkpoint file mode......
2026-09-11 20:49:40,574 - mindformers/models/npu_nvme_exp/user7-stack/qwen3-v13-replay-001/training/log[mindformers/checkpoint/utils.py:439] - INFO - .........Compiling model.........
huggingface/tokenizers: The current process just got forked, after parallelism has already been used. Disabling parallelism to avoid deadlocks...
To disable this warning, you can either:
	- Avoid using `tokenizers` before the fork if possible
	- Explicitly set the environment variable TOKENIZERS_PARALLELISM=(true | false)
[WARNING] ME(223669,ffff87b75020,python):2026-09-11-20:49:44.772.809 [mindspore/ccsrc/tools/error_handler/error_config.cc:215] operator()] Value of `MS_ENABLE_TFT` is ``
[WARNING] ME(223669,ffff87b75020,python):2026-09-11-20:49:44.772.891 [mindspore/ccsrc/tools/error_handler/error_config.cc:163] operator()] Can find `TRE` in environment var `MS_ENABLE_TFT`
[WARNING] ANALYZER(223669,ffff87b75020,python):2026-09-11-20:50:12.053.189 [mindspore/ccsrc/frontend/jit/ps/static_analysis/auto_monad.cc:1592] ClearIsolatedNodes] Some side effect nodes were eliminated by mistake. The node is:@174_2↓mindformers_parallel_core_training_graph_base_models_gpt_gpt_model_GPTModel_construct_229:loss_mask{[0]: ValueNode<FuncGraph> 6877__tuple_getitem_by_number_230, [1]: CNode_231, [2]: ValueNode<Int64Imm> 2}
[WARNING] ANALYZER(223669,ffff87b75020,python):2026-09-11-20:50:12.053.310 [mindspore/ccsrc/frontend/jit/ps/static_analysis/auto_monad.cc:1592] ClearIsolatedNodes] Some side effect nodes were eliminated by mistake. The node is:@174_2↓mindformers_parallel_core_training_graph_base_models_gpt_gpt_model_GPTModel_construct_229:rotary_pos_emb{[0]: ValueNode<FuncGraph> 6878__tuple_getitem_by_number_232, [1]: CNode_233, [2]: ValueNode<Int64Imm> 1}
[WARNING] ANALYZER(223669,ffff87b75020,python):2026-09-11-20:50:12.053.345 [mindspore/ccsrc/frontend/jit/ps/static_analysis/auto_monad.cc:1592] ClearIsolatedNodes] Some side effect nodes were eliminated by mistake. The node is:@174_2↓mindformers_parallel_core_training_graph_base_models_gpt_gpt_model_GPTModel_construct_229:labels{[0]: ValueNode<FuncGraph> 6879__tuple_getitem_by_number_234, [1]: CNode_231, [2]: ValueNode<Int64Imm> 0}
[WARNING] ANALYZER(223669,ffff87b75020,python):2026-09-11-20:50:12.061.234 [mindspore/ccsrc/frontend/jit/ps/static_analysis/auto_monad.cc:1599] ClearIsolatedNodes] Some side effect nodes were eliminated by mistake. The node is:@180_5↓mindformers_parallel_core_training_graph_base_models_gpt_gpt_model_GPTModel_construct_235:_{[0]: ValueNode<FuncGraph> 6866__tuple_getitem_by_number_236, [1]: CNode_237, [2]: ValueNode<Int64Imm> 1}
[WARNING] ANALYZER(223669,ffff87b75020,python):2026-09-11-20:50:12.062.104 [mindspore/ccsrc/frontend/jit/ps/static_analysis/auto_monad.cc:1592] ClearIsolatedNodes] Some side effect nodes were eliminated by mistake. The node is:@231_↻mindformers_parallel_core_training_graph_transformer_transformer_block_TransformerBlock_construct_238:context{[0]: ValueNode<FuncGraph> 6829__tuple_getitem_by_number_239, [1]: CNode_240, [2]: ValueNode<Int64Imm> 1}
[WARNING] ANALYZER(223669,ffff87b75020,python):2026-09-11-20:50:12.064.426 [mindspore/ccsrc/frontend/jit/ps/static_analysis/auto_monad.cc:1592] ClearIsolatedNodes] Some side effect nodes were eliminated by mistake. The node is:@234_↻mindformers_parallel_core_training_graph_transformer_transformer_block_TransformerBlock_construct_241:context{[0]: ValueNode<FuncGraph> 6648__tuple_getitem_by_number_242, [1]: CNode_243, [2]: ValueNode<Int64Imm> 1}
[WARNING] ANALYZER(223669,ffff87b75020,python):2026-09-11-20:50:12.066.185 [mindspore/ccsrc/frontend/jit/ps/static_analysis/auto_monad.cc:1592] ClearIsolatedNodes] Some side effect nodes were eliminated by mistake. The node is:@236_↻mindformers_parallel_core_training_graph_transformer_transformer_block_TransformerBlock_construct_244:context{[0]: ValueNode<FuncGraph> 6467__tuple_getitem_by_number_245, [1]: CNode_246, [2]: ValueNode<Int64Imm> 1}
[WARNING] ANALYZER(223669,ffff87b75020,python):2026-09-11-20:50:12.066.570 [mindspore/ccsrc/frontend/jit/ps/static_analysis/auto_monad.cc:1592] ClearIsolatedNodes] Some side effect nodes were eliminated by mistake. The node is:@6767_get_query_key_value_tensors_247:_{[0]: ValueNode<FuncGraph> 6787__tuple_getitem_by_number_248, [1]: CNode_249, [2]: ValueNode<Int64Imm> 1}
[WARNING] ANALYZER(223669,ffff87b75020,python):2026-09-11-20:50:12.067.390 [mindspore/ccsrc/frontend/jit/ps/static_analysis/auto_monad.cc:1592] ClearIsolatedNodes] Some side effect nodes were eliminated by mistake. The node is:@238_↻mindformers_parallel_core_training_graph_transformer_transformer_block_TransformerBlock_construct_250:context{[0]: ValueNode<FuncGraph> 6286__tuple_getitem_by_number_251, [1]: CNode_252, [2]: ValueNode<Int64Imm> 1}
[WARNING] ANALYZER(223669,ffff87b75020,python):2026-09-11-20:50:12.068.068 [mindspore/ccsrc/frontend/jit/ps/static_analysis/auto_monad.cc:1592] ClearIsolatedNodes] Some side effect nodes were eliminated by mistake. The node is:@6586_get_query_key_value_tensors_253:_{[0]: ValueNode<FuncGraph> 6606__tuple_getitem_by_number_254, [1]: CNode_255, [2]: ValueNode<Int64Imm> 1}
[WARNING] ANALYZER(223669,ffff87b75020,python):2026-09-11-20:50:12.069.183 [mindspore/ccsrc/frontend/jit/ps/static_analysis/auto_monad.cc:1592] ClearIsolatedNodes] Some side effect nodes were eliminated by mistake. The node is:@240_↻mindformers_parallel_core_training_graph_transformer_transformer_block_TransformerBlock_construct_256:context{[0]: ValueNode<FuncGraph> 6105__tuple_getitem_by_number_257, [1]: CNode_258, [2]: ValueNode<Int64Imm> 1}
[WARNING] ANALYZER(223669,ffff87b75020,python):2026-09-11-20:50:12.069.975 [mindspore/ccsrc/frontend/jit/ps/static_analysis/auto_monad.cc:1592] ClearIsolatedNodes] Some side effect nodes were eliminated by mistake. The node is:@6405_get_query_key_value_tensors_259:_{[0]: ValueNode<FuncGraph> 6425__tuple_getitem_by_number_260, [1]: CNode_261, [2]: ValueNode<Int64Imm> 1}
[WARNING] ANALYZER(223669,ffff87b75020,python):2026-09-11-20:50:12.071.174 [mindspore/ccsrc/frontend/jit/ps/static_analysis/auto_monad.cc:1592] ClearIsolatedNodes] Some side effect nodes were eliminated by mistake. The node is:@242_↻mindformers_parallel_core_training_graph_transformer_transformer_block_TransformerBlock_construct_262:context{[0]: ValueNode<FuncGraph> 5924__tuple_getitem_by_number_263, [1]: CNode_264, [2]: ValueNode<Int64Imm> 1}
[WARNING] ANALYZER(223669,ffff87b75020,python):2026-09-11-20:50:12.072.057 [mindspore/ccsrc/frontend/jit/ps/static_analysis/auto_monad.cc:1592] ClearIsolatedNodes] Some side effect nodes were eliminated by mistake. The node is:@6224_get_query_key_value_tensors_265:_{[0]: ValueNode<FuncGraph> 6244__tuple_getitem_by_number_266, [1]: CNode_267, [2]: ValueNode<Int64Imm> 1}
[WARNING] ANALYZER(223669,ffff87b75020,python):2026-09-11-20:50:12.073.392 [mindspore/ccsrc/frontend/jit/ps/static_analysis/auto_monad.cc:1592] ClearIsolatedNodes] Some side effect nodes were eliminated by mistake. The node is:@244_↻mindformers_parallel_core_training_graph_transformer_transformer_block_TransformerBlock_construct_268:context{[0]: ValueNode<FuncGraph> 5743__tuple_getitem_by_number_269, [1]: CNode_270, [2]: ValueNode<Int64Imm> 1}
[WARNING] ANALYZER(223669,ffff87b75020,python):2026-09-11-20:50:12.074.377 [mindspore/ccsrc/frontend/jit/ps/static_analysis/auto_monad.cc:1592] ClearIsolatedNodes] Some side effect nodes were eliminated by mistake. The node is:@6043_get_query_key_value_tensors_271:_{[0]: ValueNode<FuncGraph> 6063__tuple_getitem_by_number_272, [1]: CNode_273, [2]: ValueNode<Int64Imm> 1}
[WARNING] ANALYZER(223669,ffff87b75020,python):2026-09-11-20:50:12.075.816 [mindspore/ccsrc/frontend/jit/ps/static_analysis/auto_monad.cc:1592] ClearIsolatedNodes] Some side effect nodes were eliminated by mistake. The node is:@246_↻mindformers_parallel_core_training_graph_transformer_transformer_block_TransformerBlock_construct_274:context{[0]: ValueNode<FuncGraph> 5562__tuple_getitem_by_number_275, [1]: CNode_276, [2]: ValueNode<Int64Imm> 1}
[WARNING] ANALYZER(223669,ffff87b75020,python):2026-09-11-20:50:12.076.950 [mindspore/ccsrc/frontend/jit/ps/static_analysis/auto_monad.cc:1592] ClearIsolatedNodes] Some side effect nodes were eliminated by mistake. The node is:@5862_get_query_key_value_tensors_277:_{[0]: ValueNode<FuncGraph> 5882__tuple_getitem_by_number_278, [1]: CNode_279, [2]: ValueNode<Int64Imm> 1}
[WARNING] ANALYZER(223669,ffff87b75020,python):2026-09-11-20:50:12.078.455 [mindspore/ccsrc/frontend/jit/ps/static_analysis/auto_monad.cc:1592] ClearIsolatedNodes] Some side effect nodes were eliminated by mistake. The node is:@248_↻mindformers_parallel_core_training_graph_transformer_transformer_block_TransformerBlock_construct_280:context{[0]: ValueNode<FuncGraph> 5381__tuple_getitem_by_number_281, [1]: CNode_282, [2]: ValueNode<Int64Imm> 1}
[WARNING] ANALYZER(223669,ffff87b75020,python):2026-09-11-20:50:12.079.611 [mindspore/ccsrc/frontend/jit/ps/static_analysis/auto_monad.cc:1592] ClearIsolatedNodes] Some side effect nodes were eliminated by mistake. The node is:@5681_get_query_key_value_tensors_283:_{[0]: ValueNode<FuncGraph> 5701__tuple_getitem_by_number_284, [1]: CNode_285, [2]: ValueNode<Int64Imm> 1}
[WARNING] ANALYZER(223669,ffff87b75020,python):2026-09-11-20:50:12.081.219 [mindspore/ccsrc/frontend/jit/ps/static_analysis/auto_monad.cc:1592] ClearIsolatedNodes] Some side effect nodes were eliminated by mistake. The node is:@250_↻mindformers_parallel_core_training_graph_transformer_transformer_block_TransformerBlock_construct_286:context{[0]: ValueNode<FuncGraph> 5200__tuple_getitem_by_number_287, [1]: CNode_288, [2]: ValueNode<Int64Imm> 1}
[WARNING] ANALYZER(223669,ffff87b75020,python):2026-09-11-20:50:12.082.474 [mindspore/ccsrc/frontend/jit/ps/static_analysis/auto_monad.cc:1592] ClearIsolatedNodes] Some side effect nodes were eliminated by mistake. The node is:@5500_get_query_key_value_tensors_289:_{[0]: ValueNode<FuncGraph> 5520__tuple_getitem_by_number_290, [1]: CNode_291, [2]: ValueNode<Int64Imm> 1}
[WARNING] ANALYZER(223669,ffff87b75020,python):2026-09-11-20:50:12.084.145 [mindspore/ccsrc/frontend/jit/ps/static_analysis/auto_monad.cc:1592] ClearIsolatedNodes] Some side effect nodes were eliminated by mistake. The node is:@252_↻mindformers_parallel_core_training_graph_transformer_transformer_block_TransformerBlock_construct_292:context{[0]: ValueNode<FuncGraph> 5019__tuple_getitem_by_number_293, [1]: CNode_294, [2]: ValueNode<Int64Imm> 1}
[WARNING] ANALYZER(223669,ffff87b75020,python):2026-09-11-20:50:12.085.427 [mindspore/ccsrc/frontend/jit/ps/static_analysis/auto_monad.cc:1592] ClearIsolatedNodes] Some side effect nodes were eliminated by mistake. The node is:@5319_get_query_key_value_tensors_295:_{[0]: ValueNode<FuncGraph> 5339__tuple_getitem_by_number_296, [1]: CNode_297, [2]: ValueNode<Int64Imm> 1}
[WARNING] ANALYZER(223669,ffff87b75020,python):2026-09-11-20:50:12.087.084 [mindspore/ccsrc/frontend/jit/ps/static_analysis/auto_monad.cc:1592] ClearIsolatedNodes] Some side effect nodes were eliminated by mistake. The node is:@254_↻mindformers_parallel_core_training_graph_transformer_transformer_block_TransformerBlock_construct_298:context{[0]: ValueNode<FuncGraph> 4838__tuple_getitem_by_number_299, [1]: CNode_300, [2]: ValueNode<Int64Imm> 1}
[WARNING] ANALYZER(223669,ffff87b75020,python):2026-09-11-20:50:12.088.416 [mindspore/ccsrc/frontend/jit/ps/static_analysis/auto_monad.cc:1592] ClearIsolatedNodes] Some side effect nodes were eliminated by mistake. The node is:@5138_get_query_key_value_tensors_301:_{[0]: ValueNode<FuncGraph> 5158__tuple_getitem_by_number_302, [1]: CNode_303, [2]: ValueNode<Int64Imm> 1}
[WARNING] ANALYZER(223669,ffff87b75020,python):2026-09-11-20:50:12.090.174 [mindspore/ccsrc/frontend/jit/ps/static_analysis/auto_monad.cc:1592] ClearIsolatedNodes] Some side effect nodes were eliminated by mistake. The node is:@256_↻mindformers_parallel_core_training_graph_transformer_transformer_block_TransformerBlock_construct_304:context{[0]: ValueNode<FuncGraph> 4657__tuple_getitem_by_number_305, [1]: CNode_306, [2]: ValueNode<Int64Imm> 1}
[WARNING] ANALYZER(223669,ffff87b75020,python):2026-09-11-20:50:12.091.600 [mindspore/ccsrc/frontend/jit/ps/static_analysis/auto_monad.cc:1592] ClearIsolatedNodes] Some side effect nodes were eliminated by mistake. The node is:@4957_get_query_key_value_tensors_307:_{[0]: ValueNode<FuncGraph> 4977__tuple_getitem_by_number_308, [1]: CNode_309, [2]: ValueNode<Int64Imm> 1}
[WARNING] ANALYZER(223669,ffff87b75020,python):2026-09-11-20:50:12.093.404 [mindspore/ccsrc/frontend/jit/ps/static_analysis/auto_monad.cc:1592] ClearIsolatedNodes] Some side effect nodes were eliminated by mistake. The node is:@258_↻mindformers_parallel_core_training_graph_transformer_transformer_block_TransformerBlock_construct_310:context{[0]: ValueNode<FuncGraph> 4476__tuple_getitem_by_number_311, [1]: CNode_312, [2]: ValueNode<Int64Imm> 1}
[WARNING] ANALYZER(223669,ffff87b75020,python):2026-09-11-20:50:12.094.835 [mindspore/ccsrc/frontend/jit/ps/static_analysis/auto_monad.cc:1592] ClearIsolatedNodes] Some side effect nodes were eliminated by mistake. The node is:@4776_get_query_key_value_tensors_313:_{[0]: ValueNode<FuncGraph> 4796__tuple_getitem_by_number_314, [1]: CNode_315, [2]: ValueNode<Int64Imm> 1}
[WARNING] ANALYZER(223669,ffff87b75020,python):2026-09-11-20:50:12.096.635 [mindspore/ccsrc/frontend/jit/ps/static_analysis/auto_monad.cc:1592] ClearIsolatedNodes] Some side effect nodes were eliminated by mistake. The node is:@260_↻mindformers_parallel_core_training_graph_transformer_transformer_block_TransformerBlock_construct_316:context{[0]: ValueNode<FuncGraph> 4295__tuple_getitem_by_number_317, [1]: CNode_318, [2]: ValueNode<Int64Imm> 1}
[WARNING] ANALYZER(223669,ffff87b75020,python):2026-09-11-20:50:12.098.054 [mindspore/ccsrc/frontend/jit/ps/static_analysis/auto_monad.cc:1592] ClearIsolatedNodes] Some side effect nodes were eliminated by mistake. The node is:@4595_get_query_key_value_tensors_319:_{[0]: ValueNode<FuncGraph> 4615__tuple_getitem_by_number_320, [1]: CNode_321, [2]: ValueNode<Int64Imm> 1}
[WARNING] ANALYZER(223669,ffff87b75020,python):2026-09-11-20:50:12.099.832 [mindspore/ccsrc/frontend/jit/ps/static_analysis/auto_monad.cc:1592] ClearIsolatedNodes] Some side effect nodes were eliminated by mistake. The node is:@262_↻mindformers_parallel_core_training_graph_transformer_transformer_block_TransformerBlock_construct_322:context{[0]: ValueNode<FuncGraph> 4114__tuple_getitem_by_number_323, [1]: CNode_324, [2]: ValueNode<Int64Imm> 1}
[WARNING] ANALYZER(223669,ffff87b75020,python):2026-09-11-20:50:12.101.271 [mindspore/ccsrc/frontend/jit/ps/static_analysis/auto_monad.cc:1592] ClearIsolatedNodes] Some side effect nodes were eliminated by mistake. The node is:@4414_get_query_key_value_tensors_325:_{[0]: ValueNode<FuncGraph> 4434__tuple_getitem_by_number_326, [1]: CNode_327, [2]: ValueNode<Int64Imm> 1}
[WARNING] ANALYZER(223669,ffff87b75020,python):2026-09-11-20:50:12.103.148 [mindspore/ccsrc/frontend/jit/ps/static_analysis/auto_monad.cc:1592] ClearIsolatedNodes] Some side effect nodes were eliminated by mistake. The node is:@264_↻mindformers_parallel_core_training_graph_transformer_transformer_block_TransformerBlock_construct_328:context{[0]: ValueNode<FuncGraph> 3933__tuple_getitem_by_number_329, [1]: CNode_330, [2]: ValueNode<Int64Imm> 1}
[WARNING] ANALYZER(223669,ffff87b75020,python):2026-09-11-20:50:12.104.609 [mindspore/ccsrc/frontend/jit/ps/static_analysis/auto_monad.cc:1592] ClearIsolatedNodes] Some side effect nodes were eliminated by mistake. The node is:@4233_get_query_key_value_tensors_331:_{[0]: ValueNode<FuncGraph> 4253__tuple_getitem_by_number_332, [1]: CNode_333, [2]: ValueNode<Int64Imm> 1}
[WARNING] ANALYZER(223669,ffff87b75020,python):2026-09-11-20:50:12.106.506 [mindspore/ccsrc/frontend/jit/ps/static_analysis/auto_monad.cc:1592] ClearIsolatedNodes] Some side effect nodes were eliminated by mistake. The node is:@266_↻mindformers_parallel_core_training_graph_transformer_transformer_block_TransformerBlock_construct_334:context{[0]: ValueNode<FuncGraph> 3752__tuple_getitem_by_number_335, [1]: CNode_336, [2]: ValueNode<Int64Imm> 1}
[WARNING] ANALYZER(223669,ffff87b75020,python):2026-09-11-20:50:12.107.964 [mindspore/ccsrc/frontend/jit/ps/static_analysis/auto_monad.cc:1592] ClearIsolatedNodes] Some side effect nodes were eliminated by mistake. The node is:@4052_get_query_key_value_tensors_337:_{[0]: ValueNode<FuncGraph> 4072__tuple_getitem_by_number_338, [1]: CNode_339, [2]: ValueNode<Int64Imm> 1}
[WARNING] ANALYZER(223669,ffff87b75020,python):2026-09-11-20:50:12.109.867 [mindspore/ccsrc/frontend/jit/ps/static_analysis/auto_monad.cc:1592] ClearIsolatedNodes] Some side effect nodes were eliminated by mistake. The node is:@268_↻mindformers_parallel_core_training_graph_transformer_transformer_block_TransformerBlock_construct_340:context{[0]: ValueNode<FuncGraph> 3571__tuple_getitem_by_number_341, [1]: CNode_342, [2]: ValueNode<Int64Imm> 1}
[WARNING] ANALYZER(223669,ffff87b75020,python):2026-09-11-20:50:12.111.342 [mindspore/ccsrc/frontend/jit/ps/static_analysis/auto_monad.cc:1592] ClearIsolatedNodes] Some side effect nodes were eliminated by mistake. The node is:@3871_get_query_key_value_tensors_343:_{[0]: ValueNode<FuncGraph> 3891__tuple_getitem_by_number_344, [1]: CNode_345, [2]: ValueNode<Int64Imm> 1}
[WARNING] ANALYZER(223669,ffff87b75020,python):2026-09-11-20:50:12.113.289 [mindspore/ccsrc/frontend/jit/ps/static_analysis/auto_monad.cc:1592] ClearIsolatedNodes] Some side effect nodes were eliminated by mistake. The node is:@270_↻mindformers_parallel_core_training_graph_transformer_transformer_block_TransformerBlock_construct_346:context{[0]: ValueNode<FuncGraph> 3390__tuple_getitem_by_number_347, [1]: CNode_348, [2]: ValueNode<Int64Imm> 1}
[WARNING] ANALYZER(223669,ffff87b75020,python):2026-09-11-20:50:12.114.757 [mindspore/ccsrc/frontend/jit/ps/static_analysis/auto_monad.cc:1592] ClearIsolatedNodes] Some side effect nodes were eliminated by mistake. The node is:@3690_get_query_key_value_tensors_349:_{[0]: ValueNode<FuncGraph> 3710__tuple_getitem_by_number_350, [1]: CNode_351, [2]: ValueNode<Int64Imm> 1}
[WARNING] ANALYZER(223669,ffff87b75020,python):2026-09-11-20:50:12.116.684 [mindspore/ccsrc/frontend/jit/ps/static_analysis/auto_monad.cc:1592] ClearIsolatedNodes] Some side effect nodes were eliminated by mistake. The node is:@272_↻mindformers_parallel_core_training_graph_transformer_transformer_block_TransformerBlock_construct_352:context{[0]: ValueNode<FuncGraph> 3209__tuple_getitem_by_number_353, [1]: CNode_354, [2]: ValueNode<Int64Imm> 1}
[WARNING] ANALYZER(223669,ffff87b75020,python):2026-09-11-20:50:12.118.177 [mindspore/ccsrc/frontend/jit/ps/static_analysis/auto_monad.cc:1592] ClearIsolatedNodes] Some side effect nodes were eliminated by mistake. The node is:@3509_get_query_key_value_tensors_355:_{[0]: ValueNode<FuncGraph> 3529__tuple_getitem_by_number_356, [1]: CNode_357, [2]: ValueNode<Int64Imm> 1}
[WARNING] ANALYZER(223669,ffff87b75020,python):2026-09-11-20:50:12.120.074 [mindspore/ccsrc/frontend/jit/ps/static_analysis/auto_monad.cc:1592] ClearIsolatedNodes] Some side effect nodes were eliminated by mistake. The node is:@274_↻mindformers_parallel_core_training_graph_transformer_transformer_block_TransformerBlock_construct_358:context{[0]: ValueNode<FuncGraph> 3028__tuple_getitem_by_number_359, [1]: CNode_360, [2]: ValueNode<Int64Imm> 1}
[WARNING] ANALYZER(223669,ffff87b75020,python):2026-09-11-20:50:12.121.520 [mindspore/ccsrc/frontend/jit/ps/static_analysis/auto_monad.cc:1592] ClearIsolatedNodes] Some side effect nodes were eliminated by mistake. The node is:@3328_get_query_key_value_tensors_361:_{[0]: ValueNode<FuncGraph> 3348__tuple_getitem_by_number_362, [1]: CNode_363, [2]: ValueNode<Int64Imm> 1}
[WARNING] ANALYZER(223669,ffff87b75020,python):2026-09-11-20:50:12.123.389 [mindspore/ccsrc/frontend/jit/ps/static_analysis/auto_monad.cc:1592] ClearIsolatedNodes] Some side effect nodes were eliminated by mistake. The node is:@276_↻mindformers_parallel_core_training_graph_transformer_transformer_block_TransformerBlock_construct_364:context{[0]: ValueNode<FuncGraph> 2847__tuple_getitem_by_number_365, [1]: CNode_366, [2]: ValueNode<Int64Imm> 1}
[WARNING] ANALYZER(223669,ffff87b75020,python):2026-09-11-20:50:12.124.848 [mindspore/ccsrc/frontend/jit/ps/static_analysis/auto_monad.cc:1592] ClearIsolatedNodes] Some side effect nodes were eliminated by mistake. The node is:@3147_get_query_key_value_tensors_367:_{[0]: ValueNode<FuncGraph> 3167__tuple_getitem_by_number_368, [1]: CNode_369, [2]: ValueNode<Int64Imm> 1}
[WARNING] ANALYZER(223669,ffff87b75020,python):2026-09-11-20:50:12.126.746 [mindspore/ccsrc/frontend/jit/ps/static_analysis/auto_monad.cc:1592] ClearIsolatedNodes] Some side effect nodes were eliminated by mistake. The node is:@278_↻mindformers_parallel_core_training_graph_transformer_transformer_block_TransformerBlock_construct_370:context{[0]: ValueNode<FuncGraph> 2666__tuple_getitem_by_number_371, [1]: CNode_372, [2]: ValueNode<Int64Imm> 1}
[WARNING] ANALYZER(223669,ffff87b75020,python):2026-09-11-20:50:12.128.193 [mindspore/ccsrc/frontend/jit/ps/static_analysis/auto_monad.cc:1592] ClearIsolatedNodes] Some side effect nodes were eliminated by mistake. The node is:@2966_get_query_key_value_tensors_373:_{[0]: ValueNode<FuncGraph> 2986__tuple_getitem_by_number_374, [1]: CNode_375, [2]: ValueNode<Int64Imm> 1}
[WARNING] ANALYZER(223669,ffff87b75020,python):2026-09-11-20:50:12.130.104 [mindspore/ccsrc/frontend/jit/ps/static_analysis/auto_monad.cc:1592] ClearIsolatedNodes] Some side effect nodes were eliminated by mistake. The node is:@280_↻mindformers_parallel_core_training_graph_transformer_transformer_block_TransformerBlock_construct_376:context{[0]: ValueNode<FuncGraph> 2485__tuple_getitem_by_number_377, [1]: CNode_378, [2]: ValueNode<Int64Imm> 1}
[WARNING] ANALYZER(223669,ffff87b75020,python):2026-09-11-20:50:12.131.556 [mindspore/ccsrc/frontend/jit/ps/static_analysis/auto_monad.cc:1592] ClearIsolatedNodes] Some side effect nodes were eliminated by mistake. The node is:@2785_get_query_key_value_tensors_379:_{[0]: ValueNode<FuncGraph> 2805__tuple_getitem_by_number_380, [1]: CNode_381, [2]: ValueNode<Int64Imm> 1}
[WARNING] ANALYZER(223669,ffff87b75020,python):2026-09-11-20:50:12.133.479 [mindspore/ccsrc/frontend/jit/ps/static_analysis/auto_monad.cc:1592] ClearIsolatedNodes] Some side effect nodes were eliminated by mistake. The node is:@282_↻mindformers_parallel_core_training_graph_transformer_transformer_block_TransformerBlock_construct_382:context{[0]: ValueNode<FuncGraph> 2304__tuple_getitem_by_number_383, [1]: CNode_384, [2]: ValueNode<Int64Imm> 1}
[WARNING] ANALYZER(223669,ffff87b75020,python):2026-09-11-20:50:12.134.933 [mindspore/ccsrc/frontend/jit/ps/static_analysis/auto_monad.cc:1592] ClearIsolatedNodes] Some side effect nodes were eliminated by mistake. The node is:@2604_get_query_key_value_tensors_385:_{[0]: ValueNode<FuncGraph> 2624__tuple_getitem_by_number_386, [1]: CNode_387, [2]: ValueNode<Int64Imm> 1}
[WARNING] ANALYZER(223669,ffff87b75020,python):2026-09-11-20:50:12.136.836 [mindspore/ccsrc/frontend/jit/ps/static_analysis/auto_monad.cc:1592] ClearIsolatedNodes] Some side effect nodes were eliminated by mistake. The node is:@284_↻mindformers_parallel_core_training_graph_transformer_transformer_block_TransformerBlock_construct_388:context{[0]: ValueNode<FuncGraph> 2123__tuple_getitem_by_number_389, [1]: CNode_390, [2]: ValueNode<Int64Imm> 1}
[WARNING] ANALYZER(223669,ffff87b75020,python):2026-09-11-20:50:12.138.273 [mindspore/ccsrc/frontend/jit/ps/static_analysis/auto_monad.cc:1592] ClearIsolatedNodes] Some side effect nodes were eliminated by mistake. The node is:@2423_get_query_key_value_tensors_391:_{[0]: ValueNode<FuncGraph> 2443__tuple_getitem_by_number_392, [1]: CNode_393, [2]: ValueNode<Int64Imm> 1}
[WARNING] ANALYZER(223669,ffff87b75020,python):2026-09-11-20:50:12.140.133 [mindspore/ccsrc/frontend/jit/ps/static_analysis/auto_monad.cc:1592] ClearIsolatedNodes] Some side effect nodes were eliminated by mistake. The node is:@286_↻mindformers_parallel_core_training_graph_transformer_transformer_block_TransformerBlock_construct_394:context{[0]: ValueNode<FuncGraph> 1942__tuple_getitem_by_number_395, [1]: CNode_396, [2]: ValueNode<Int64Imm> 1}
[WARNING] ANALYZER(223669,ffff87b75020,python):2026-09-11-20:50:12.141.568 [mindspore/ccsrc/frontend/jit/ps/static_analysis/auto_monad.cc:1592] ClearIsolatedNodes] Some side effect nodes were eliminated by mistake. The node is:@2242_get_query_key_value_tensors_397:_{[0]: ValueNode<FuncGraph> 2262__tuple_getitem_by_number_398, [1]: CNode_399, [2]: ValueNode<Int64Imm> 1}
[WARNING] ANALYZER(223669,ffff87b75020,python):2026-09-11-20:50:12.143.445 [mindspore/ccsrc/frontend/jit/ps/static_analysis/auto_monad.cc:1592] ClearIsolatedNodes] Some side effect nodes were eliminated by mistake. The node is:@288_↻mindformers_parallel_core_training_graph_transformer_transformer_block_TransformerBlock_construct_400:context{[0]: ValueNode<FuncGraph> 1761__tuple_getitem_by_number_401, [1]: CNode_402, [2]: ValueNode<Int64Imm> 1}
[WARNING] ANALYZER(223669,ffff87b75020,python):2026-09-11-20:50:12.144.882 [mindspore/ccsrc/frontend/jit/ps/static_analysis/auto_monad.cc:1592] ClearIsolatedNodes] Some side effect nodes were eliminated by mistake. The node is:@2061_get_query_key_value_tensors_403:_{[0]: ValueNode<FuncGraph> 2081__tuple_getitem_by_number_404, [1]: CNode_405, [2]: ValueNode<Int64Imm> 1}
[WARNING] ANALYZER(223669,ffff87b75020,python):2026-09-11-20:50:12.146.858 [mindspore/ccsrc/frontend/jit/ps/static_analysis/auto_monad.cc:1592] ClearIsolatedNodes] Some side effect nodes were eliminated by mistake. The node is:@290_↻mindformers_parallel_core_training_graph_transformer_transformer_block_TransformerBlock_construct_406:context{[0]: ValueNode<FuncGraph> 1580__tuple_getitem_by_number_407, [1]: CNode_408, [2]: ValueNode<Int64Imm> 1}
[WARNING] ANALYZER(223669,ffff87b75020,python):2026-09-11-20:50:12.148.291 [mindspore/ccsrc/frontend/jit/ps/static_analysis/auto_monad.cc:1592] ClearIsolatedNodes] Some side effect nodes were eliminated by mistake. The node is:@1880_get_query_key_value_tensors_409:_{[0]: ValueNode<FuncGraph> 1900__tuple_getitem_by_number_410, [1]: CNode_411, [2]: ValueNode<Int64Imm> 1}
[WARNING] ANALYZER(223669,ffff87b75020,python):2026-09-11-20:50:12.150.167 [mindspore/ccsrc/frontend/jit/ps/static_analysis/auto_monad.cc:1592] ClearIsolatedNodes] Some side effect nodes were eliminated by mistake. The node is:@292_↻mindformers_parallel_core_training_graph_transformer_transformer_block_TransformerBlock_construct_412:context{[0]: ValueNode<FuncGraph> 1399__tuple_getitem_by_number_413, [1]: CNode_414, [2]: ValueNode<Int64Imm> 1}
[WARNING] ANALYZER(223669,ffff87b75020,python):2026-09-11-20:50:12.151.641 [mindspore/ccsrc/frontend/jit/ps/static_analysis/auto_monad.cc:1592] ClearIsolatedNodes] Some side effect nodes were eliminated by mistake. The node is:@1699_get_query_key_value_tensors_415:_{[0]: ValueNode<FuncGraph> 1719__tuple_getitem_by_number_416, [1]: CNode_417, [2]: ValueNode<Int64Imm> 1}
[WARNING] ANALYZER(223669,ffff87b75020,python):2026-09-11-20:50:12.153.543 [mindspore/ccsrc/frontend/jit/ps/static_analysis/auto_monad.cc:1592] ClearIsolatedNodes] Some side effect nodes were eliminated by mistake. The node is:@294_↻mindformers_parallel_core_training_graph_transformer_transformer_block_TransformerBlock_construct_418:context{[0]: ValueNode<FuncGraph> 1218__tuple_getitem_by_number_419, [1]: CNode_420, [2]: ValueNode<Int64Imm> 1}
[WARNING] ANALYZER(223669,ffff87b75020,python):2026-09-11-20:50:12.155.007 [mindspore/ccsrc/frontend/jit/ps/static_analysis/auto_monad.cc:1592] ClearIsolatedNodes] Some side effect nodes were eliminated by mistake. The node is:@1518_get_query_key_value_tensors_421:_{[0]: ValueNode<FuncGraph> 1538__tuple_getitem_by_number_422, [1]: CNode_423, [2]: ValueNode<Int64Imm> 1}
[WARNING] ANALYZER(223669,ffff87b75020,python):2026-09-11-20:50:12.156.911 [mindspore/ccsrc/frontend/jit/ps/static_analysis/auto_monad.cc:1592] ClearIsolatedNodes] Some side effect nodes were eliminated by mistake. The node is:@296_↻mindformers_parallel_core_training_graph_transformer_transformer_block_TransformerBlock_construct_424:context{[0]: ValueNode<FuncGraph> 1037__tuple_getitem_by_number_425, [1]: CNode_426, [2]: ValueNode<Int64Imm> 1}
[WARNING] ANALYZER(223669,ffff87b75020,python):2026-09-11-20:50:12.158.383 [mindspore/ccsrc/frontend/jit/ps/static_analysis/auto_monad.cc:1592] ClearIsolatedNodes] Some side effect nodes were eliminated by mistake. The node is:@1337_get_query_key_value_tensors_427:_{[0]: ValueNode<FuncGraph> 1357__tuple_getitem_by_number_428, [1]: CNode_429, [2]: ValueNode<Int64Imm> 1}
[WARNING] ANALYZER(223669,ffff87b75020,python):2026-09-11-20:50:12.160.273 [mindspore/ccsrc/frontend/jit/ps/static_analysis/auto_monad.cc:1592] ClearIsolatedNodes] Some side effect nodes were eliminated by mistake. The node is:@298_↻mindformers_parallel_core_training_graph_transformer_transformer_block_TransformerBlock_construct_430:context{[0]: ValueNode<FuncGraph> 856__tuple_getitem_by_number_431, [1]: CNode_432, [2]: ValueNode<Int64Imm> 1}
[WARNING] ANALYZER(223669,ffff87b75020,python):2026-09-11-20:50:12.161.715 [mindspore/ccsrc/frontend/jit/ps/static_analysis/auto_monad.cc:1592] ClearIsolatedNodes] Some side effect nodes were eliminated by mistake. The node is:@1156_get_query_key_value_tensors_433:_{[0]: ValueNode<FuncGraph> 1176__tuple_getitem_by_number_434, [1]: CNode_435, [2]: ValueNode<Int64Imm> 1}
[WARNING] ANALYZER(223669,ffff87b75020,python):2026-09-11-20:50:12.163.577 [mindspore/ccsrc/frontend/jit/ps/static_analysis/auto_monad.cc:1592] ClearIsolatedNodes] Some side effect nodes were eliminated by mistake. The node is:@300_↻mindformers_parallel_core_training_graph_transformer_transformer_block_TransformerBlock_construct_436:context{[0]: ValueNode<FuncGraph> 675__tuple_getitem_by_number_437, [1]: CNode_438, [2]: ValueNode<Int64Imm> 1}
[WARNING] ANALYZER(223669,ffff87b75020,python):2026-09-11-20:50:12.165.024 [mindspore/ccsrc/frontend/jit/ps/static_analysis/auto_monad.cc:1592] ClearIsolatedNodes] Some side effect nodes were eliminated by mistake. The node is:@975_get_query_key_value_tensors_439:_{[0]: ValueNode<FuncGraph> 995__tuple_getitem_by_number_440, [1]: CNode_441, [2]: ValueNode<Int64Imm> 1}
[WARNING] ANALYZER(223669,ffff87b75020,python):2026-09-11-20:50:12.166.876 [mindspore/ccsrc/frontend/jit/ps/static_analysis/auto_monad.cc:1592] ClearIsolatedNodes] Some side effect nodes were eliminated by mistake. The node is:@302_↻mindformers_parallel_core_training_graph_transformer_transformer_block_TransformerBlock_construct_442:context{[0]: ValueNode<FuncGraph> 494__tuple_getitem_by_number_443, [1]: CNode_444, [2]: ValueNode<Int64Imm> 1}
[WARNING] ANALYZER(223669,ffff87b75020,python):2026-09-11-20:50:12.168.300 [mindspore/ccsrc/frontend/jit/ps/static_analysis/auto_monad.cc:1592] ClearIsolatedNodes] Some side effect nodes were eliminated by mistake. The node is:@794_get_query_key_value_tensors_445:_{[0]: ValueNode<FuncGraph> 814__tuple_getitem_by_number_446, [1]: CNode_447, [2]: ValueNode<Int64Imm> 1}
[WARNING] ANALYZER(223669,ffff87b75020,python):2026-09-11-20:50:12.171.401 [mindspore/ccsrc/frontend/jit/ps/static_analysis/auto_monad.cc:1592] ClearIsolatedNodes] Some side effect nodes were eliminated by mistake. The node is:@613_get_query_key_value_tensors_448:_{[0]: ValueNode<FuncGraph> 633__tuple_getitem_by_number_449, [1]: CNode_450, [2]: ValueNode<Int64Imm> 1}
[WARNING] ANALYZER(223669,ffff87b75020,python):2026-09-11-20:50:12.174.486 [mindspore/ccsrc/frontend/jit/ps/static_analysis/auto_monad.cc:1592] ClearIsolatedNodes] Some side effect nodes were eliminated by mistake. The node is:@427_get_query_key_value_tensors_451:_{[0]: ValueNode<FuncGraph> 447__tuple_getitem_by_number_452, [1]: CNode_453, [2]: ValueNode<Int64Imm> 1}
[WARNING] PARALLEL(223669,ffff87b75020,python):2026-09-11-20:50:21.631.222 [mindspore/ccsrc/frontend/parallel/pipeline_transformer/pipeline_transformer.cc:259] MainGraph] Pipeline Parallel with no 'lazy_inline' is deprecated, '@lazy_inline' should be enabled
[WARNING] PARALLEL(223669,ffff87b75020,python):2026-09-11-20:50:23.159.899 [mindspore/ccsrc/frontend/parallel/ops_info/reduce_method_info.cc:353] CheckStrategy] ArgMaxWithValueInfo55 CheckStrategy for ArgMaxWithValueInfo, the strategy corresponding to axis is not one, real strategy is  4, the output index may be not compatible with the stand alone Primitive
[WARNING] PARALLEL(223669,ffff87b75020,python):2026-09-11-20:50:23.163.128 [mindspore/ccsrc/frontend/parallel/ops_info/self_define_shard_info.cc:104] CheckInputLayout] Use self define shard for SelfDefineShardInfo2828. User needs to ensure the accuracy and correctness of input/output layout, and framework will only do basic check.
[WARNING] PARALLEL(223669,ffff87b75020,python):2026-09-11-20:50:23.163.860 [mindspore/ccsrc/frontend/parallel/ops_info/self_define_shard_info.cc:104] CheckInputLayout] Use self define shard for SelfDefineShardInfo3333. User needs to ensure the accuracy and correctness of input/output layout, and framework will only do basic check.
[WARNING] PARALLEL(223669,ffff87b75020,python):2026-09-11-20:50:23.164.076 [mindspore/ccsrc/frontend/parallel/ops_info/self_define_shard_info.cc:104] CheckInputLayout] Use self define shard for SelfDefineShardInfo3434. User needs to ensure the accuracy and correctness of input/output layout, and framework will only do basic check.
[WARNING] PARALLEL(223669,ffff87b75020,python):2026-09-11-20:50:23.164.802 [mindspore/ccsrc/frontend/parallel/ops_info/self_define_shard_info.cc:104] CheckInputLayout] Use self define shard for SelfDefineShardInfo3838. User needs to ensure the accuracy and correctness of input/output layout, and framework will only do basic check.
[WARNING] PARALLEL(223669,ffff87b75020,python):2026-09-11-20:50:23.165.501 [mindspore/ccsrc/frontend/parallel/ops_info/self_define_shard_info.cc:104] CheckInputLayout] Use self define shard for SelfDefineShardInfo4242. User needs to ensure the accuracy and correctness of input/output layout, and framework will only do basic check.
[WARNING] PARALLEL(223669,ffff87b75020,python):2026-09-11-20:50:23.165.706 [mindspore/ccsrc/frontend/parallel/ops_info/self_define_shard_info.cc:104] CheckInputLayout] Use self define shard for SelfDefineShardInfo4343. User needs to ensure the accuracy and correctness of input/output layout, and framework will only do basic check.
[WARNING] PARALLEL(223669,ffff87b75020,python):2026-09-11-20:50:23.169.077 [mindspore/ccsrc/frontend/parallel/ops_info/self_define_shard_info.cc:104] CheckInputLayout] Use self define shard for SelfDefineShardInfo6868. User needs to ensure the accuracy and correctness of input/output layout, and framework will only do basic check.
[WARNING] PARALLEL(223669,ffff87b75020,python):2026-09-11-20:50:23.169.783 [mindspore/ccsrc/frontend/parallel/ops_info/self_define_shard_info.cc:104] CheckInputLayout] Use self define shard for SelfDefineShardInfo7373. User needs to ensure the accuracy and correctness of input/output layout, and framework will only do basic check.
[WARNING] PARALLEL(223669,ffff87b75020,python):2026-09-11-20:50:23.169.980 [mindspore/ccsrc/frontend/parallel/ops_info/self_define_shard_info.cc:104] CheckInputLayout] Use self define shard for SelfDefineShardInfo7474. User needs to ensure the accuracy and correctness of input/output layout, and framework will only do basic check.
[WARNING] PARALLEL(223669,ffff87b75020,python):2026-09-11-20:50:23.170.554 [mindspore/ccsrc/frontend/parallel/ops_info/self_define_shard_info.cc:104] CheckInputLayout] Use self define shard for SelfDefineShardInfo7878. User needs to ensure the accuracy and correctness of input/output layout, and framework will only do basic check.
[WARNING] PARALLEL(223669,ffff87b75020,python):2026-09-11-20:50:23.171.144 [mindspore/ccsrc/frontend/parallel/ops_info/self_define_shard_info.cc:104] CheckInputLayout] Use self define shard for SelfDefineShardInfo8282. User needs to ensure the accuracy and correctness of input/output layout, and framework will only do basic check.
[WARNING] PARALLEL(223669,ffff87b75020,python):2026-09-11-20:50:23.171.347 [mindspore/ccsrc/frontend/parallel/ops_info/self_define_shard_info.cc:104] CheckInputLayout] Use self define shard for SelfDefineShardInfo8383. User needs to ensure the accuracy and correctness of input/output layout, and framework will only do basic check.
[WARNING] PARALLEL(223669,ffff87b75020,python):2026-09-11-20:50:23.174.374 [mindspore/ccsrc/frontend/parallel/ops_info/self_define_shard_info.cc:104] CheckInputLayout] Use self define shard for SelfDefineShardInfo108108. User needs to ensure the accuracy and correctness of input/output layout, and framework will only do basic check.
[WARNING] PARALLEL(223669,ffff87b75020,python):2026-09-11-20:50:23.174.994 [mindspore/ccsrc/frontend/parallel/ops_info/self_define_shard_info.cc:104] CheckInputLayout] Use self define shard for SelfDefineShardInfo113113. User needs to ensure the accuracy and correctness of input/output layout, and framework will only do basic check.
[WARNING] PARALLEL(223669,ffff87b75020,python):2026-09-11-20:50:23.175.207 [mindspore/ccsrc/frontend/parallel/ops_info/self_define_shard_info.cc:104] CheckInputLayout] Use self define shard for SelfDefineShardInfo114114. User needs to ensure the accuracy and correctness of input/output layout, and framework will only do basic check.
[WARNING] PARALLEL(223669,ffff87b75020,python):2026-09-11-20:50:23.175.740 [mindspore/ccsrc/frontend/parallel/ops_info/self_define_shard_info.cc:104] CheckInputLayout] Use self define shard for SelfDefineShardInfo118118. User needs to ensure the accuracy and correctness of input/output layout, and framework will only do basic check.
[WARNING] PARALLEL(223669,ffff87b75020,python):2026-09-11-20:50:23.176.306 [mindspore/ccsrc/frontend/parallel/ops_info/self_define_shard_info.cc:104] CheckInputLayout] Use self define shard for SelfDefineShardInfo122122. User needs to ensure the accuracy and correctness of input/output layout, and framework will only do basic check.
[WARNING] PARALLEL(223669,ffff87b75020,python):2026-09-11-20:50:23.176.513 [mindspore/ccsrc/frontend/parallel/ops_info/self_define_shard_info.cc:104] CheckInputLayout] Use self define shard for SelfDefineShardInfo123123. User needs to ensure the accuracy and correctness of input/output layout, and framework will only do basic check.
[WARNING] PARALLEL(223669,ffff87b75020,python):2026-09-11-20:50:23.180.703 [mindspore/ccsrc/frontend/parallel/ops_info/self_define_shard_info.cc:104] CheckInputLayout] Use self define shard for SelfDefineShardInfo148148. User needs to ensure the accuracy and correctness of input/output layout, and framework will only do basic check.
[WARNING] PARALLEL(223669,ffff87b75020,python):2026-09-11-20:50:23.181.344 [mindspore/ccsrc/frontend/parallel/ops_info/self_define_shard_info.cc:104] CheckInputLayout] Use self define shard for SelfDefineShardInfo153153. User needs to ensure the accuracy and correctness of input/output layout, and framework will only do basic check.
[WARNING] PARALLEL(223669,ffff87b75020,python):2026-09-11-20:50:23.181.532 [mindspore/ccsrc/frontend/parallel/ops_info/self_define_shard_info.cc:104] CheckInputLayout] Use self define shard for SelfDefineShardInfo154154. User needs to ensure the accuracy and correctness of input/output layout, and framework will only do basic check.
[WARNING] PARALLEL(223669,ffff87b75020,python):2026-09-11-20:50:23.182.066 [mindspore/ccsrc/frontend/parallel/ops_info/self_define_shard_info.cc:104] CheckInputLayout] Use self define shard for SelfDefineShardInfo158158. User needs to ensure the accuracy and correctness of input/output layout, and framework will only do basic check.
[WARNING] PARALLEL(223669,ffff87b75020,python):2026-09-11-20:50:23.182.619 [mindspore/ccsrc/frontend/parallel/ops_info/self_define_shard_info.cc:104] CheckInputLayout] Use self define shard for SelfDefineShardInfo162162. User needs to ensure the accuracy and correctness of input/output layout, and framework will only do basic check.
[WARNING] PARALLEL(223669,ffff87b75020,python):2026-09-11-20:50:23.182.817 [mindspore/ccsrc/frontend/parallel/ops_info/self_define_shard_info.cc:104] CheckInputLayout] Use self define shard for SelfDefineShardInfo163163. User needs to ensure the accuracy and correctness of input/output layout, and framework will only do basic check.
[WARNING] PARALLEL(223669,ffff87b75020,python):2026-09-11-20:50:23.185.725 [mindspore/ccsrc/frontend/parallel/ops_info/self_define_shard_info.cc:104] CheckInputLayout] Use self define shard for SelfDefineShardInfo188188. User needs to ensure the accuracy and correctness of input/output layout, and framework will only do basic check.
[WARNING] PARALLEL(223669,ffff87b75020,python):2026-09-11-20:50:23.186.324 [mindspore/ccsrc/frontend/parallel/ops_info/self_define_shard_info.cc:104] CheckInputLayout] Use self define shard for SelfDefineShardInfo193193. User needs to ensure the accuracy and correctness of input/output layout, and framework will only do basic check.
[WARNING] PARALLEL(223669,ffff87b75020,python):2026-09-11-20:50:23.186.526 [mindspore/ccsrc/frontend/parallel/ops_info/self_define_shard_info.cc:104] CheckInputLayout] Use self define shard for SelfDefineShardInfo194194. User needs to ensure the accuracy and correctness of input/output layout, and framework will only do basic check.
[WARNING] PARALLEL(223669,ffff87b75020,python):2026-09-11-20:50:23.187.005 [mindspore/ccsrc/frontend/parallel/ops_info/self_define_shard_info.cc:104] CheckInputLayout] Use self define shard for SelfDefineShardInfo198198. User needs to ensure the accuracy and correctness of input/output layout, and framework will only do basic check.
[WARNING] PARALLEL(223669,ffff87b75020,python):2026-09-11-20:50:23.187.564 [mindspore/ccsrc/frontend/parallel/ops_info/self_define_shard_info.cc:104] CheckInputLayout] Use self define shard for SelfDefineShardInfo202202. User needs to ensure the accuracy and correctness of input/output layout, and framework will only do basic check.
[WARNING] PARALLEL(223669,ffff87b75020,python):2026-09-11-20:50:23.187.756 [mindspore/ccsrc/frontend/parallel/ops_info/self_define_shard_info.cc:104] CheckInputLayout] Use self define shard for SelfDefineShardInfo203203. User needs to ensure the accuracy and correctness of input/output layout, and framework will only do basic check.
[WARNING] PARALLEL(223669,ffff87b75020,python):2026-09-11-20:50:23.190.581 [mindspore/ccsrc/frontend/parallel/ops_info/self_define_shard_info.cc:104] CheckInputLayout] Use self define shard for SelfDefineShardInfo228228. User needs to ensure the accuracy and correctness of input/output layout, and framework will only do basic check.
[WARNING] PARALLEL(223669,ffff87b75020,python):2026-09-11-20:50:23.191.246 [mindspore/ccsrc/frontend/parallel/ops_info/self_define_shard_info.cc:104] CheckInputLayout] Use self define shard for SelfDefineShardInfo233233. User needs to ensure the accuracy and correctness of input/output layout, and framework will only do basic check.
[WARNING] PARALLEL(223669,ffff87b75020,python):2026-09-11-20:50:23.191.449 [mindspore/ccsrc/frontend/parallel/ops_info/self_define_shard_info.cc:104] CheckInputLayout] Use self define shard for SelfDefineShardInfo234234. User needs to ensure the accuracy and correctness of input/output layout, and framework will only do basic check.
[WARNING] PARALLEL(223669,ffff87b75020,python):2026-09-11-20:50:23.191.998 [mindspore/ccsrc/frontend/parallel/ops_info/self_define_shard_info.cc:104] CheckInputLayout] Use self define shard for SelfDefineShardInfo238238. User needs to ensure the accuracy and correctness of input/output layout, and framework will only do basic check.
[WARNING] PARALLEL(223669,ffff87b75020,python):2026-09-11-20:50:23.192.581 [mindspore/ccsrc/frontend/parallel/ops_info/self_define_shard_info.cc:104] CheckInputLayout] Use self define shard for SelfDefineShardInfo242242. User needs to ensure the accuracy and correctness of input/output layout, and framework will only do basic check.
[WARNING] PARALLEL(223669,ffff87b75020,python):2026-09-11-20:50:23.192.791 [mindspore/ccsrc/frontend/parallel/ops_info/self_define_shard_info.cc:104] CheckInputLayout] Use self define shard for SelfDefineShardInfo243243. User needs to ensure the accuracy and correctness of input/output layout, and framework will only do basic check.
[WARNING] PARALLEL(223669,ffff87b75020,python):2026-09-11-20:50:23.195.688 [mindspore/ccsrc/frontend/parallel/ops_info/self_define_shard_info.cc:104] CheckInputLayout] Use self define shard for SelfDefineShardInfo268268. User needs to ensure the accuracy and correctness of input/output layout, and framework will only do basic check.
[WARNING] PARALLEL(223669,ffff87b75020,python):2026-09-11-20:50:23.196.297 [mindspore/ccsrc/frontend/parallel/ops_info/self_define_shard_info.cc:104] CheckInputLayout] Use self define shard for SelfDefineShardInfo273273. User needs to ensure the accuracy and correctness of input/output layout, and framework will only do basic check.
[WARNING] PARALLEL(223669,ffff87b75020,python):2026-09-11-20:50:23.196.493 [mindspore/ccsrc/frontend/parallel/ops_info/self_define_shard_info.cc:104] CheckInputLayout] Use self define shard for SelfDefineShardInfo274274. User needs to ensure the accuracy and correctness of input/output layout, and framework will only do basic check.
[WARNING] PARALLEL(223669,ffff87b75020,python):2026-09-11-20:50:23.197.044 [mindspore/ccsrc/frontend/parallel/ops_info/self_define_shard_info.cc:104] CheckInputLayout] Use self define shard for SelfDefineShardInfo278278. User needs to ensure the accuracy and correctness of input/output layout, and framework will only do basic check.
[WARNING] PARALLEL(223669,ffff87b75020,python):2026-09-11-20:50:23.197.606 [mindspore/ccsrc/frontend/parallel/ops_info/self_define_shard_info.cc:104] CheckInputLayout] Use self define shard for SelfDefineShardInfo282282. User needs to ensure the accuracy and correctness of input/output layout, and framework will only do basic check.
[WARNING] PARALLEL(223669,ffff87b75020,python):2026-09-11-20:50:23.197.801 [mindspore/ccsrc/frontend/parallel/ops_info/self_define_shard_info.cc:104] CheckInputLayout] Use self define shard for SelfDefineShardInfo283283. User needs to ensure the accuracy and correctness of input/output layout, and framework will only do basic check.
[WARNING] PARALLEL(223669,ffff87b75020,python):2026-09-11-20:50:23.200.689 [mindspore/ccsrc/frontend/parallel/ops_info/self_define_shard_info.cc:104] CheckInputLayout] Use self define shard for SelfDefineShardInfo308308. User needs to ensure the accuracy and correctness of input/output layout, and framework will only do basic check.
[WARNING] PARALLEL(223669,ffff87b75020,python):2026-09-11-20:50:23.201.285 [mindspore/ccsrc/frontend/parallel/ops_info/self_define_shard_info.cc:104] CheckInputLayout] Use self define shard for SelfDefineShardInfo313313. User needs to ensure the accuracy and correctness of input/output layout, and framework will only do basic check.
[WARNING] PARALLEL(223669,ffff87b75020,python):2026-09-11-20:50:23.201.485 [mindspore/ccsrc/frontend/parallel/ops_info/self_define_shard_info.cc:104] CheckInputLayout] Use self define shard for SelfDefineShardInfo314314. User needs to ensure the accuracy and correctness of input/output layout, and framework will only do basic check.
[WARNING] PARALLEL(223669,ffff87b75020,python):2026-09-11-20:50:23.202.001 [mindspore/ccsrc/frontend/parallel/ops_info/self_define_shard_info.cc:104] CheckInputLayout] Use self define shard for SelfDefineShardInfo318318. User needs to ensure the accuracy and correctness of input/output layout, and framework will only do basic check.
[WARNING] PARALLEL(223669,ffff87b75020,python):2026-09-11-20:50:23.202.551 [mindspore/ccsrc/frontend/parallel/ops_info/self_define_shard_info.cc:104] CheckInputLayout] Use self define shard for SelfDefineShardInfo322322. User needs to ensure the accuracy and correctness of input/output layout, and framework will only do basic check.
[WARNING] PARALLEL(223669,ffff87b75020,python):2026-09-11-20:50:23.202.744 [mindspore/ccsrc/frontend/parallel/ops_info/self_define_shard_info.cc:104] CheckInputLayout] Use self define shard for SelfDefineShardInfo323323. User needs to ensure the accuracy and correctness of input/output layout, and framework will only do basic check.
[WARNING] PARALLEL(223669,ffff87b75020,python):2026-09-11-20:50:23.205.602 [mindspore/ccsrc/frontend/parallel/ops_info/self_define_shard_info.cc:104] CheckInputLayout] Use self define shard for SelfDefineShardInfo348348. User needs to ensure the accuracy and correctness of input/output layout, and framework will only do basic check.
[WARNING] PARALLEL(223669,ffff87b75020,python):2026-09-11-20:50:23.206.236 [mindspore/ccsrc/frontend/parallel/ops_info/self_define_shard_info.cc:104] CheckInputLayout] Use self define shard for SelfDefineShardInfo353353. User needs to ensure the accuracy and correctness of input/output layout, and framework will only do basic check.
[WARNING] PARALLEL(223669,ffff87b75020,python):2026-09-11-20:50:23.206.437 [mindspore/ccsrc/frontend/parallel/ops_info/self_define_shard_info.cc:104] CheckInputLayout] Use self define shard for SelfDefineShardInfo354354. User needs to ensure the accuracy and correctness of input/output layout, and framework will only do basic check.
[WARNING] PARALLEL(223669,ffff87b75020,python):2026-09-11-20:50:23.206.965 [mindspore/ccsrc/frontend/parallel/ops_info/self_define_shard_info.cc:104] CheckInputLayout] Use self define shard for SelfDefineShardInfo358358. User needs to ensure the accuracy and correctness of input/output layout, and framework will only do basic check.
[WARNING] PARALLEL(223669,ffff87b75020,python):2026-09-11-20:50:23.207.496 [mindspore/ccsrc/frontend/parallel/ops_info/self_define_shard_info.cc:104] CheckInputLayout] Use self define shard for SelfDefineShardInfo362362. User needs to ensure the accuracy and correctness of input/output layout, and framework will only do basic check.
[WARNING] PARALLEL(223669,ffff87b75020,python):2026-09-11-20:50:23.207.688 [mindspore/ccsrc/frontend/parallel/ops_info/self_define_shard_info.cc:104] CheckInputLayout] Use self define shard for SelfDefineShardInfo363363. User needs to ensure the accuracy and correctness of input/output layout, and framework will only do basic check.
[WARNING] PARALLEL(223669,ffff87b75020,python):2026-09-11-20:50:23.210.519 [mindspore/ccsrc/frontend/parallel/ops_info/self_define_shard_info.cc:104] CheckInputLayout] Use self define shard for SelfDefineShardInfo388388. User needs to ensure the accuracy and correctness of input/output layout, and framework will only do basic check.
[WARNING] PARALLEL(223669,ffff87b75020,python):2026-09-11-20:50:23.211.120 [mindspore/ccsrc/frontend/parallel/ops_info/self_define_shard_info.cc:104] CheckInputLayout] Use self define shard for SelfDefineShardInfo393393. User needs to ensure the accuracy and correctness of input/output layout, and framework will only do basic check.
[WARNING] PARALLEL(223669,ffff87b75020,python):2026-09-11-20:50:23.211.321 [mindspore/ccsrc/frontend/parallel/ops_info/self_define_shard_info.cc:104] CheckInputLayout] Use self define shard for SelfDefineShardInfo394394. User needs to ensure the accuracy and correctness of input/output layout, and framework will only do basic check.
[WARNING] PARALLEL(223669,ffff87b75020,python):2026-09-11-20:50:23.211.831 [mindspore/ccsrc/frontend/parallel/ops_info/self_define_shard_info.cc:104] CheckInputLayout] Use self define shard for SelfDefineShardInfo398398. User needs to ensure the accuracy and correctness of input/output layout, and framework will only do basic check.
[WARNING] PARALLEL(223669,ffff87b75020,python):2026-09-11-20:50:23.212.376 [mindspore/ccsrc/frontend/parallel/ops_info/self_define_shard_info.cc:104] CheckInputLayout] Use self define shard for SelfDefineShardInfo402402. User needs to ensure the accuracy and correctness of input/output layout, and framework will only do basic check.
[WARNING] PARALLEL(223669,ffff87b75020,python):2026-09-11-20:50:23.212.572 [mindspore/ccsrc/frontend/parallel/ops_info/self_define_shard_info.cc:104] CheckInputLayout] Use self define shard for SelfDefineShardInfo403403. User needs to ensure the accuracy and correctness of input/output layout, and framework will only do basic check.
[WARNING] PARALLEL(223669,ffff87b75020,python):2026-09-11-20:50:23.215.427 [mindspore/ccsrc/frontend/parallel/ops_info/self_define_shard_info.cc:104] CheckInputLayout] Use self define shard for SelfDefineShardInfo428428. User needs to ensure the accuracy and correctness of input/output layout, and framework will only do basic check.
[WARNING] PARALLEL(223669,ffff87b75020,python):2026-09-11-20:50:23.216.019 [mindspore/ccsrc/frontend/parallel/ops_info/self_define_shard_info.cc:104] CheckInputLayout] Use self define shard for SelfDefineShardInfo433433. User needs to ensure the accuracy and correctness of input/output layout, and framework will only do basic check.
[WARNING] PARALLEL(223669,ffff87b75020,python):2026-09-11-20:50:23.216.224 [mindspore/ccsrc/frontend/parallel/ops_info/self_define_shard_info.cc:104] CheckInputLayout] Use self define shard for SelfDefineShardInfo434434. User needs to ensure the accuracy and correctness of input/output layout, and framework will only do basic check.
[WARNING] PARALLEL(223669,ffff87b75020,python):2026-09-11-20:50:23.216.767 [mindspore/ccsrc/frontend/parallel/ops_info/self_define_shard_info.cc:104] CheckInputLayout] Use self define shard for SelfDefineShardInfo438438. User needs to ensure the accuracy and correctness of input/output layout, and framework will only do basic check.
[WARNING] PARALLEL(223669,ffff87b75020,python):2026-09-11-20:50:23.217.333 [mindspore/ccsrc/frontend/parallel/ops_info/self_define_shard_info.cc:104] CheckInputLayout] Use self define shard for SelfDefineShardInfo442442. User needs to ensure the accuracy and correctness of input/output layout, and framework will only do basic check.
[WARNING] PARALLEL(223669,ffff87b75020,python):2026-09-11-20:50:23.217.520 [mindspore/ccsrc/frontend/parallel/ops_info/self_define_shard_info.cc:104] CheckInputLayout] Use self define shard for SelfDefineShardInfo443443. User needs to ensure the accuracy and correctness of input/output layout, and framework will only do basic check.
[WARNING] PARALLEL(223669,ffff87b75020,python):2026-09-11-20:50:23.220.345 [mindspore/ccsrc/frontend/parallel/ops_info/self_define_shard_info.cc:104] CheckInputLayout] Use self define shard for SelfDefineShardInfo468468. User needs to ensure the accuracy and correctness of input/output layout, and framework will only do basic check.
[WARNING] PARALLEL(223669,ffff87b75020,python):2026-09-11-20:50:23.220.935 [mindspore/ccsrc/frontend/parallel/ops_info/self_define_shard_info.cc:104] CheckInputLayout] Use self define shard for SelfDefineShardInfo473473. User needs to ensure the accuracy and correctness of input/output layout, and framework will only do basic check.
[WARNING] PARALLEL(223669,ffff87b75020,python):2026-09-11-20:50:23.221.142 [mindspore/ccsrc/frontend/parallel/ops_info/self_define_shard_info.cc:104] CheckInputLayout] Use self define shard for SelfDefineShardInfo474474. User needs to ensure the accuracy and correctness of input/output layout, and framework will only do basic check.
[WARNING] PARALLEL(223669,ffff87b75020,python):2026-09-11-20:50:23.221.661 [mindspore/ccsrc/frontend/parallel/ops_info/self_define_shard_info.cc:104] CheckInputLayout] Use self define shard for SelfDefineShardInfo478478. User needs to ensure the accuracy and correctness of input/output layout, and framework will only do basic check.
[WARNING] PARALLEL(223669,ffff87b75020,python):2026-09-11-20:50:23.222.190 [mindspore/ccsrc/frontend/parallel/ops_info/self_define_shard_info.cc:104] CheckInputLayout] Use self define shard for SelfDefineShardInfo482482. User needs to ensure the accuracy and correctness of input/output layout, and framework will only do basic check.
[WARNING] PARALLEL(223669,ffff87b75020,python):2026-09-11-20:50:23.222.376 [mindspore/ccsrc/frontend/parallel/ops_info/self_define_shard_info.cc:104] CheckInputLayout] Use self define shard for SelfDefineShardInfo483483. User needs to ensure the accuracy and correctness of input/output layout, and framework will only do basic check.
[WARNING] PARALLEL(223669,ffff87b75020,python):2026-09-11-20:50:23.225.208 [mindspore/ccsrc/frontend/parallel/ops_info/self_define_shard_info.cc:104] CheckInputLayout] Use self define shard for SelfDefineShardInfo508508. User needs to ensure the accuracy and correctness of input/output layout, and framework will only do basic check.
[WARNING] PARALLEL(223669,ffff87b75020,python):2026-09-11-20:50:23.225.804 [mindspore/ccsrc/frontend/parallel/ops_info/self_define_shard_info.cc:104] CheckInputLayout] Use self define shard for SelfDefineShardInfo513513. User needs to ensure the accuracy and correctness of input/output layout, and framework will only do basic check.
[WARNING] PARALLEL(223669,ffff87b75020,python):2026-09-11-20:50:23.226.007 [mindspore/ccsrc/frontend/parallel/ops_info/self_define_shard_info.cc:104] CheckInputLayout] Use self define shard for SelfDefineShardInfo514514. User needs to ensure the accuracy and correctness of input/output layout, and framework will only do basic check.
[WARNING] PARALLEL(223669,ffff87b75020,python):2026-09-11-20:50:23.226.519 [mindspore/ccsrc/frontend/parallel/ops_info/self_define_shard_info.cc:104] CheckInputLayout] Use self define shard for SelfDefineShardInfo518518. User needs to ensure the accuracy and correctness of input/output layout, and framework will only do basic check.
[WARNING] PARALLEL(223669,ffff87b75020,python):2026-09-11-20:50:23.227.057 [mindspore/ccsrc/frontend/parallel/ops_info/self_define_shard_info.cc:104] CheckInputLayout] Use self define shard for SelfDefineShardInfo522522. User needs to ensure the accuracy and correctness of input/output layout, and framework will only do basic check.
[WARNING] PARALLEL(223669,ffff87b75020,python):2026-09-11-20:50:23.227.240 [mindspore/ccsrc/frontend/parallel/ops_info/self_define_shard_info.cc:104] CheckInputLayout] Use self define shard for SelfDefineShardInfo523523. User needs to ensure the accuracy and correctness of input/output layout, and framework will only do basic check.
[WARNING] PARALLEL(223669,ffff87b75020,python):2026-09-11-20:50:23.230.015 [mindspore/ccsrc/frontend/parallel/ops_info/self_define_shard_info.cc:104] CheckInputLayout] Use self define shard for SelfDefineShardInfo548548. User needs to ensure the accuracy and correctness of input/output layout, and framework will only do basic check.
[WARNING] PARALLEL(223669,ffff87b75020,python):2026-09-11-20:50:23.230.632 [mindspore/ccsrc/frontend/parallel/ops_info/self_define_shard_info.cc:104] CheckInputLayout] Use self define shard for SelfDefineShardInfo553553. User needs to ensure the accuracy and correctness of input/output layout, and framework will only do basic check.
[WARNING] PARALLEL(223669,ffff87b75020,python):2026-09-11-20:50:23.230.835 [mindspore/ccsrc/frontend/parallel/ops_info/self_define_shard_info.cc:104] CheckInputLayout] Use self define shard for SelfDefineShardInfo554554. User needs to ensure the accuracy and correctness of input/output layout, and framework will only do basic check.
[WARNING] PARALLEL(223669,ffff87b75020,python):2026-09-11-20:50:23.231.365 [mindspore/ccsrc/frontend/parallel/ops_info/self_define_shard_info.cc:104] CheckInputLayout] Use self define shard for SelfDefineShardInfo558558. User needs to ensure the accuracy and correctness of input/output layout, and framework will only do basic check.
[WARNING] PARALLEL(223669,ffff87b75020,python):2026-09-11-20:50:23.231.912 [mindspore/ccsrc/frontend/parallel/ops_info/self_define_shard_info.cc:104] CheckInputLayout] Use self define shard for SelfDefineShardInfo562562. User needs to ensure the accuracy and correctness of input/output layout, and framework will only do basic check.
[WARNING] PARALLEL(223669,ffff87b75020,python):2026-09-11-20:50:23.232.100 [mindspore/ccsrc/frontend/parallel/ops_info/self_define_shard_info.cc:104] CheckInputLayout] Use self define shard for SelfDefineShardInfo563563. User needs to ensure the accuracy and correctness of input/output layout, and framework will only do basic check.
[WARNING] PARALLEL(223669,ffff87b75020,python):2026-09-11-20:50:23.234.946 [mindspore/ccsrc/frontend/parallel/ops_info/self_define_shard_info.cc:104] CheckInputLayout] Use self define shard for SelfDefineShardInfo588588. User needs to ensure the accuracy and correctness of input/output layout, and framework will only do basic check.
[WARNING] PARALLEL(223669,ffff87b75020,python):2026-09-11-20:50:23.235.562 [mindspore/ccsrc/frontend/parallel/ops_info/self_define_shard_info.cc:104] CheckInputLayout] Use self define shard for SelfDefineShardInfo593593. User needs to ensure the accuracy and correctness of input/output layout, and framework will only do basic check.
[WARNING] PARALLEL(223669,ffff87b75020,python):2026-09-11-20:50:23.235.757 [mindspore/ccsrc/frontend/parallel/ops_info/self_define_shard_info.cc:104] CheckInputLayout] Use self define shard for SelfDefineShardInfo594594. User needs to ensure the accuracy and correctness of input/output layout, and framework will only do basic check.
[WARNING] PARALLEL(223669,ffff87b75020,python):2026-09-11-20:50:23.236.285 [mindspore/ccsrc/frontend/parallel/ops_info/self_define_shard_info.cc:104] CheckInputLayout] Use self define shard for SelfDefineShardInfo598598. User needs to ensure the accuracy and correctness of input/output layout, and framework will only do basic check.
[WARNING] PARALLEL(223669,ffff87b75020,python):2026-09-11-20:50:23.236.830 [mindspore/ccsrc/frontend/parallel/ops_info/self_define_shard_info.cc:104] CheckInputLayout] Use self define shard for SelfDefineShardInfo602602. User needs to ensure the accuracy and correctness of input/output layout, and framework will only do basic check.
[WARNING] PARALLEL(223669,ffff87b75020,python):2026-09-11-20:50:23.237.021 [mindspore/ccsrc/frontend/parallel/ops_info/self_define_shard_info.cc:104] CheckInputLayout] Use self define shard for SelfDefineShardInfo603603. User needs to ensure the accuracy and correctness of input/output layout, and framework will only do basic check.
[WARNING] PARALLEL(223669,ffff87b75020,python):2026-09-11-20:50:23.239.774 [mindspore/ccsrc/frontend/parallel/ops_info/self_define_shard_info.cc:104] CheckInputLayout] Use self define shard for SelfDefineShardInfo628628. User needs to ensure the accuracy and correctness of input/output layout, and framework will only do basic check.
[WARNING] PARALLEL(223669,ffff87b75020,python):2026-09-11-20:50:23.240.336 [mindspore/ccsrc/frontend/parallel/ops_info/self_define_shard_info.cc:104] CheckInputLayout] Use self define shard for SelfDefineShardInfo633633. User needs to ensure the accuracy and correctness of input/output layout, and framework will only do basic check.
[WARNING] PARALLEL(223669,ffff87b75020,python):2026-09-11-20:50:23.240.523 [mindspore/ccsrc/frontend/parallel/ops_info/self_define_shard_info.cc:104] CheckInputLayout] Use self define shard for SelfDefineShardInfo634634. User needs to ensure the accuracy and correctness of input/output layout, and framework will only do basic check.
[WARNING] PARALLEL(223669,ffff87b75020,python):2026-09-11-20:50:23.241.034 [mindspore/ccsrc/frontend/parallel/ops_info/self_define_shard_info.cc:104] CheckInputLayout] Use self define shard for SelfDefineShardInfo638638. User needs to ensure the accuracy and correctness of input/output layout, and framework will only do basic check.
[WARNING] PARALLEL(223669,ffff87b75020,python):2026-09-11-20:50:23.241.590 [mindspore/ccsrc/frontend/parallel/ops_info/self_define_shard_info.cc:104] CheckInputLayout] Use self define shard for SelfDefineShardInfo642642. User needs to ensure the accuracy and correctness of input/output layout, and framework will only do basic check.
[WARNING] PARALLEL(223669,ffff87b75020,python):2026-09-11-20:50:23.241.773 [mindspore/ccsrc/frontend/parallel/ops_info/self_define_shard_info.cc:104] CheckInputLayout] Use self define shard for SelfDefineShardInfo643643. User needs to ensure the accuracy and correctness of input/output layout, and framework will only do basic check.
[WARNING] PARALLEL(223669,ffff87b75020,python):2026-09-11-20:50:23.244.618 [mindspore/ccsrc/frontend/parallel/ops_info/self_define_shard_info.cc:104] CheckInputLayout] Use self define shard for SelfDefineShardInfo668668. User needs to ensure the accuracy and correctness of input/output layout, and framework will only do basic check.
[WARNING] PARALLEL(223669,ffff87b75020,python):2026-09-11-20:50:23.245.227 [mindspore/ccsrc/frontend/parallel/ops_info/self_define_shard_info.cc:104] CheckInputLayout] Use self define shard for SelfDefineShardInfo673673. User needs to ensure the accuracy and correctness of input/output layout, and framework will only do basic check.
[WARNING] PARALLEL(223669,ffff87b75020,python):2026-09-11-20:50:23.245.436 [mindspore/ccsrc/frontend/parallel/ops_info/self_define_shard_info.cc:104] CheckInputLayout] Use self define shard for SelfDefineShardInfo674674. User needs to ensure the accuracy and correctness of input/output layout, and framework will only do basic check.
[WARNING] PARALLEL(223669,ffff87b75020,python):2026-09-11-20:50:23.245.956 [mindspore/ccsrc/frontend/parallel/ops_info/self_define_shard_info.cc:104] CheckInputLayout] Use self define shard for SelfDefineShardInfo678678. User needs to ensure the accuracy and correctness of input/output layout, and framework will only do basic check.
[WARNING] PARALLEL(223669,ffff87b75020,python):2026-09-11-20:50:23.246.485 [mindspore/ccsrc/frontend/parallel/ops_info/self_define_shard_info.cc:104] CheckInputLayout] Use self define shard for SelfDefineShardInfo682682. User needs to ensure the accuracy and correctness of input/output layout, and framework will only do basic check.
[WARNING] PARALLEL(223669,ffff87b75020,python):2026-09-11-20:50:23.246.669 [mindspore/ccsrc/frontend/parallel/ops_info/self_define_shard_info.cc:104] CheckInputLayout] Use self define shard for SelfDefineShardInfo683683. User needs to ensure the accuracy and correctness of input/output layout, and framework will only do basic check.
[WARNING] PARALLEL(223669,ffff87b75020,python):2026-09-11-20:50:23.249.393 [mindspore/ccsrc/frontend/parallel/ops_info/self_define_shard_info.cc:104] CheckInputLayout] Use self define shard for SelfDefineShardInfo708708. User needs to ensure the accuracy and correctness of input/output layout, and framework will only do basic check.
[WARNING] PARALLEL(223669,ffff87b75020,python):2026-09-11-20:50:23.249.980 [mindspore/ccsrc/frontend/parallel/ops_info/self_define_shard_info.cc:104] CheckInputLayout] Use self define shard for SelfDefineShardInfo713713. User needs to ensure the accuracy and correctness of input/output layout, and framework will only do basic check.
[WARNING] PARALLEL(223669,ffff87b75020,python):2026-09-11-20:50:23.250.165 [mindspore/ccsrc/frontend/parallel/ops_info/self_define_shard_info.cc:104] CheckInputLayout] Use self define shard for SelfDefineShardInfo714714. User needs to ensure the accuracy and correctness of input/output layout, and framework will only do basic check.
[WARNING] PARALLEL(223669,ffff87b75020,python):2026-09-11-20:50:23.250.668 [mindspore/ccsrc/frontend/parallel/ops_info/self_define_shard_info.cc:104] CheckInputLayout] Use self define shard for SelfDefineShardInfo718718. User needs to ensure the accuracy and correctness of input/output layout, and framework will only do basic check.
[WARNING] PARALLEL(223669,ffff87b75020,python):2026-09-11-20:50:23.251.208 [mindspore/ccsrc/frontend/parallel/ops_info/self_define_shard_info.cc:104] CheckInputLayout] Use self define shard for SelfDefineShardInfo722722. User needs to ensure the accuracy and correctness of input/output layout, and framework will only do basic check.
[WARNING] PARALLEL(223669,ffff87b75020,python):2026-09-11-20:50:23.251.394 [mindspore/ccsrc/frontend/parallel/ops_info/self_define_shard_info.cc:104] CheckInputLayout] Use self define shard for SelfDefineShardInfo723723. User needs to ensure the accuracy and correctness of input/output layout, and framework will only do basic check.
[WARNING] PARALLEL(223669,ffff87b75020,python):2026-09-11-20:50:23.254.128 [mindspore/ccsrc/frontend/parallel/ops_info/self_define_shard_info.cc:104] CheckInputLayout] Use self define shard for SelfDefineShardInfo748748. User needs to ensure the accuracy and correctness of input/output layout, and framework will only do basic check.
[WARNING] PARALLEL(223669,ffff87b75020,python):2026-09-11-20:50:23.254.709 [mindspore/ccsrc/frontend/parallel/ops_info/self_define_shard_info.cc:104] CheckInputLayout] Use self define shard for SelfDefineShardInfo753753. User needs to ensure the accuracy and correctness of input/output layout, and framework will only do basic check.
[WARNING] PARALLEL(223669,ffff87b75020,python):2026-09-11-20:50:23.254.909 [mindspore/ccsrc/frontend/parallel/ops_info/self_define_shard_info.cc:104] CheckInputLayout] Use self define shard for SelfDefineShardInfo754754. User needs to ensure the accuracy and correctness of input/output layout, and framework will only do basic check.
[WARNING] PARALLEL(223669,ffff87b75020,python):2026-09-11-20:50:23.255.420 [mindspore/ccsrc/frontend/parallel/ops_info/self_define_shard_info.cc:104] CheckInputLayout] Use self define shard for SelfDefineShardInfo758758. User needs to ensure the accuracy and correctness of input/output layout, and framework will only do basic check.
[WARNING] PARALLEL(223669,ffff87b75020,python):2026-09-11-20:50:23.255.946 [mindspore/ccsrc/frontend/parallel/ops_info/self_define_shard_info.cc:104] CheckInputLayout] Use self define shard for SelfDefineShardInfo762762. User needs to ensure the accuracy and correctness of input/output layout, and framework will only do basic check.
[WARNING] PARALLEL(223669,ffff87b75020,python):2026-09-11-20:50:23.256.142 [mindspore/ccsrc/frontend/parallel/ops_info/self_define_shard_info.cc:104] CheckInputLayout] Use self define shard for SelfDefineShardInfo763763. User needs to ensure the accuracy and correctness of input/output layout, and framework will only do basic check.
[WARNING] PARALLEL(223669,ffff87b75020,python):2026-09-11-20:50:23.258.946 [mindspore/ccsrc/frontend/parallel/ops_info/self_define_shard_info.cc:104] CheckInputLayout] Use self define shard for SelfDefineShardInfo788788. User needs to ensure the accuracy and correctness of input/output layout, and framework will only do basic check.
[WARNING] PARALLEL(223669,ffff87b75020,python):2026-09-11-20:50:23.259.526 [mindspore/ccsrc/frontend/parallel/ops_info/self_define_shard_info.cc:104] CheckInputLayout] Use self define shard for SelfDefineShardInfo793793. User needs to ensure the accuracy and correctness of input/output layout, and framework will only do basic check.
[WARNING] PARALLEL(223669,ffff87b75020,python):2026-09-11-20:50:23.259.712 [mindspore/ccsrc/frontend/parallel/ops_info/self_define_shard_info.cc:104] CheckInputLayout] Use self define shard for SelfDefineShardInfo794794. User needs to ensure the accuracy and correctness of input/output layout, and framework will only do basic check.
[WARNING] PARALLEL(223669,ffff87b75020,python):2026-09-11-20:50:23.260.213 [mindspore/ccsrc/frontend/parallel/ops_info/self_define_shard_info.cc:104] CheckInputLayout] Use self define shard for SelfDefineShardInfo798798. User needs to ensure the accuracy and correctness of input/output layout, and framework will only do basic check.
[WARNING] PARALLEL(223669,ffff87b75020,python):2026-09-11-20:50:23.260.755 [mindspore/ccsrc/frontend/parallel/ops_info/self_define_shard_info.cc:104] CheckInputLayout] Use self define shard for SelfDefineShardInfo802802. User needs to ensure the accuracy and correctness of input/output layout, and framework will only do basic check.
[WARNING] PARALLEL(223669,ffff87b75020,python):2026-09-11-20:50:23.260.951 [mindspore/ccsrc/frontend/parallel/ops_info/self_define_shard_info.cc:104] CheckInputLayout] Use self define shard for SelfDefineShardInfo803803. User needs to ensure the accuracy and correctness of input/output layout, and framework will only do basic check.
[WARNING] PARALLEL(223669,ffff87b75020,python):2026-09-11-20:50:23.263.585 [mindspore/ccsrc/frontend/parallel/ops_info/self_define_shard_info.cc:104] CheckInputLayout] Use self define shard for SelfDefineShardInfo828828. User needs to ensure the accuracy and correctness of input/output layout, and framework will only do basic check.
[WARNING] PARALLEL(223669,ffff87b75020,python):2026-09-11-20:50:23.264.141 [mindspore/ccsrc/frontend/parallel/ops_info/self_define_shard_info.cc:104] CheckInputLayout] Use self define shard for SelfDefineShardInfo833833. User needs to ensure the accuracy and correctness of input/output layout, and framework will only do basic check.
[WARNING] PARALLEL(223669,ffff87b75020,python):2026-09-11-20:50:23.264.318 [mindspore/ccsrc/frontend/parallel/ops_info/self_define_shard_info.cc:104] CheckInputLayout] Use self define shard for SelfDefineShardInfo834834. User needs to ensure the accuracy and correctness of input/output layout, and framework will only do basic check.
[WARNING] PARALLEL(223669,ffff87b75020,python):2026-09-11-20:50:23.264.811 [mindspore/ccsrc/frontend/parallel/ops_info/self_define_shard_info.cc:104] CheckInputLayout] Use self define shard for SelfDefineShardInfo838838. User needs to ensure the accuracy and correctness of input/output layout, and framework will only do basic check.
[WARNING] PARALLEL(223669,ffff87b75020,python):2026-09-11-20:50:23.265.336 [mindspore/ccsrc/frontend/parallel/ops_info/self_define_shard_info.cc:104] CheckInputLayout] Use self define shard for SelfDefineShardInfo842842. User needs to ensure the accuracy and correctness of input/output layout, and framework will only do basic check.
[WARNING] PARALLEL(223669,ffff87b75020,python):2026-09-11-20:50:23.265.497 [mindspore/ccsrc/frontend/parallel/ops_info/self_define_shard_info.cc:104] CheckInputLayout] Use self define shard for SelfDefineShardInfo843843. User needs to ensure the accuracy and correctness of input/output layout, and framework will only do basic check.
[WARNING] PARALLEL(223669,ffff87b75020,python):2026-09-11-20:50:23.268.045 [mindspore/ccsrc/frontend/parallel/ops_info/self_define_shard_info.cc:104] CheckInputLayout] Use self define shard for SelfDefineShardInfo868868. User needs to ensure the accuracy and correctness of input/output layout, and framework will only do basic check.
[WARNING] PARALLEL(223669,ffff87b75020,python):2026-09-11-20:50:23.268.617 [mindspore/ccsrc/frontend/parallel/ops_info/self_define_shard_info.cc:104] CheckInputLayout] Use self define shard for SelfDefineShardInfo873873. User needs to ensure the accuracy and correctness of input/output layout, and framework will only do basic check.
[WARNING] PARALLEL(223669,ffff87b75020,python):2026-09-11-20:50:23.268.806 [mindspore/ccsrc/frontend/parallel/ops_info/self_define_shard_info.cc:104] CheckInputLayout] Use self define shard for SelfDefineShardInfo874874. User needs to ensure the accuracy and correctness of input/output layout, and framework will only do basic check.
[WARNING] PARALLEL(223669,ffff87b75020,python):2026-09-11-20:50:23.269.273 [mindspore/ccsrc/frontend/parallel/ops_info/self_define_shard_info.cc:104] CheckInputLayout] Use self define shard for SelfDefineShardInfo878878. User needs to ensure the accuracy and correctness of input/output layout, and framework will only do basic check.
[WARNING] PARALLEL(223669,ffff87b75020,python):2026-09-11-20:50:23.269.743 [mindspore/ccsrc/frontend/parallel/ops_info/self_define_shard_info.cc:104] CheckInputLayout] Use self define shard for SelfDefineShardInfo882882. User needs to ensure the accuracy and correctness of input/output layout, and framework will only do basic check.
[WARNING] PARALLEL(223669,ffff87b75020,python):2026-09-11-20:50:23.269.909 [mindspore/ccsrc/frontend/parallel/ops_info/self_define_shard_info.cc:104] CheckInputLayout] Use self define shard for SelfDefineShardInfo883883. User needs to ensure the accuracy and correctness of input/output layout, and framework will only do basic check.
[WARNING] PARALLEL(223669,ffff87b75020,python):2026-09-11-20:50:23.272.419 [mindspore/ccsrc/frontend/parallel/ops_info/self_define_shard_info.cc:104] CheckInputLayout] Use self define shard for SelfDefineShardInfo908908. User needs to ensure the accuracy and correctness of input/output layout, and framework will only do basic check.
[WARNING] PARALLEL(223669,ffff87b75020,python):2026-09-11-20:50:23.272.963 [mindspore/ccsrc/frontend/parallel/ops_info/self_define_shard_info.cc:104] CheckInputLayout] Use self define shard for SelfDefineShardInfo913913. User needs to ensure the accuracy and correctness of input/output layout, and framework will only do basic check.
[WARNING] PARALLEL(223669,ffff87b75020,python):2026-09-11-20:50:23.273.150 [mindspore/ccsrc/frontend/parallel/ops_info/self_define_shard_info.cc:104] CheckInputLayout] Use self define shard for SelfDefineShardInfo914914. User needs to ensure the accuracy and correctness of input/output layout, and framework will only do basic check.
[WARNING] PARALLEL(223669,ffff87b75020,python):2026-09-11-20:50:23.273.632 [mindspore/ccsrc/frontend/parallel/ops_info/self_define_shard_info.cc:104] CheckInputLayout] Use self define shard for SelfDefineShardInfo918918. User needs to ensure the accuracy and correctness of input/output layout, and framework will only do basic check.
[WARNING] PARALLEL(223669,ffff87b75020,python):2026-09-11-20:50:23.274.130 [mindspore/ccsrc/frontend/parallel/ops_info/self_define_shard_info.cc:104] CheckInputLayout] Use self define shard for SelfDefineShardInfo922922. User needs to ensure the accuracy and correctness of input/output layout, and framework will only do basic check.
[WARNING] PARALLEL(223669,ffff87b75020,python):2026-09-11-20:50:23.274.298 [mindspore/ccsrc/frontend/parallel/ops_info/self_define_shard_info.cc:104] CheckInputLayout] Use self define shard for SelfDefineShardInfo923923. User needs to ensure the accuracy and correctness of input/output layout, and framework will only do basic check.
[WARNING] PARALLEL(223669,ffff87b75020,python):2026-09-11-20:50:23.276.852 [mindspore/ccsrc/frontend/parallel/ops_info/self_define_shard_info.cc:104] CheckInputLayout] Use self define shard for SelfDefineShardInfo948948. User needs to ensure the accuracy and correctness of input/output layout, and framework will only do basic check.
[WARNING] PARALLEL(223669,ffff87b75020,python):2026-09-11-20:50:23.277.393 [mindspore/ccsrc/frontend/parallel/ops_info/self_define_shard_info.cc:104] CheckInputLayout] Use self define shard for SelfDefineShardInfo953953. User needs to ensure the accuracy and correctness of input/output layout, and framework will only do basic check.
[WARNING] PARALLEL(223669,ffff87b75020,python):2026-09-11-20:50:23.277.560 [mindspore/ccsrc/frontend/parallel/ops_info/self_define_shard_info.cc:104] CheckInputLayout] Use self define shard for SelfDefineShardInfo954954. User needs to ensure the accuracy and correctness of input/output layout, and framework will only do basic check.
[WARNING] PARALLEL(223669,ffff87b75020,python):2026-09-11-20:50:23.278.008 [mindspore/ccsrc/frontend/parallel/ops_info/self_define_shard_info.cc:104] CheckInputLayout] Use self define shard for SelfDefineShardInfo958958. User needs to ensure the accuracy and correctness of input/output layout, and framework will only do basic check.
[WARNING] PARALLEL(223669,ffff87b75020,python):2026-09-11-20:50:23.278.483 [mindspore/ccsrc/frontend/parallel/ops_info/self_define_shard_info.cc:104] CheckInputLayout] Use self define shard for SelfDefineShardInfo962962. User needs to ensure the accuracy and correctness of input/output layout, and framework will only do basic check.
[WARNING] PARALLEL(223669,ffff87b75020,python):2026-09-11-20:50:23.278.656 [mindspore/ccsrc/frontend/parallel/ops_info/self_define_shard_info.cc:104] CheckInputLayout] Use self define shard for SelfDefineShardInfo963963. User needs to ensure the accuracy and correctness of input/output layout, and framework will only do basic check.
[WARNING] PARALLEL(223669,ffff87b75020,python):2026-09-11-20:50:23.281.193 [mindspore/ccsrc/frontend/parallel/ops_info/self_define_shard_info.cc:104] CheckInputLayout] Use self define shard for SelfDefineShardInfo988988. User needs to ensure the accuracy and correctness of input/output layout, and framework will only do basic check.
[WARNING] PARALLEL(223669,ffff87b75020,python):2026-09-11-20:50:23.281.748 [mindspore/ccsrc/frontend/parallel/ops_info/self_define_shard_info.cc:104] CheckInputLayout] Use self define shard for SelfDefineShardInfo993993. User needs to ensure the accuracy and correctness of input/output layout, and framework will only do basic check.
[WARNING] PARALLEL(223669,ffff87b75020,python):2026-09-11-20:50:23.281.920 [mindspore/ccsrc/frontend/parallel/ops_info/self_define_shard_info.cc:104] CheckInputLayout] Use self define shard for SelfDefineShardInfo994994. User needs to ensure the accuracy and correctness of input/output layout, and framework will only do basic check.
[WARNING] PARALLEL(223669,ffff87b75020,python):2026-09-11-20:50:23.282.394 [mindspore/ccsrc/frontend/parallel/ops_info/self_define_shard_info.cc:104] CheckInputLayout] Use self define shard for SelfDefineShardInfo998998. User needs to ensure the accuracy and correctness of input/output layout, and framework will only do basic check.
[WARNING] PARALLEL(223669,ffff87b75020,python):2026-09-11-20:50:23.282.877 [mindspore/ccsrc/frontend/parallel/ops_info/self_define_shard_info.cc:104] CheckInputLayout] Use self define shard for SelfDefineShardInfo10021002. User needs to ensure the accuracy and correctness of input/output layout, and framework will only do basic check.
[WARNING] PARALLEL(223669,ffff87b75020,python):2026-09-11-20:50:23.283.044 [mindspore/ccsrc/frontend/parallel/ops_info/self_define_shard_info.cc:104] CheckInputLayout] Use self define shard for SelfDefineShardInfo10031003. User needs to ensure the accuracy and correctness of input/output layout, and framework will only do basic check.
[WARNING] PARALLEL(223669,ffff87b75020,python):2026-09-11-20:50:23.285.555 [mindspore/ccsrc/frontend/parallel/ops_info/self_define_shard_info.cc:104] CheckInputLayout] Use self define shard for SelfDefineShardInfo10281028. User needs to ensure the accuracy and correctness of input/output layout, and framework will only do basic check.
[WARNING] PARALLEL(223669,ffff87b75020,python):2026-09-11-20:50:23.286.094 [mindspore/ccsrc/frontend/parallel/ops_info/self_define_shard_info.cc:104] CheckInputLayout] Use self define shard for SelfDefineShardInfo10331033. User needs to ensure the accuracy and correctness of input/output layout, and framework will only do basic check.
[WARNING] PARALLEL(223669,ffff87b75020,python):2026-09-11-20:50:23.286.268 [mindspore/ccsrc/frontend/parallel/ops_info/self_define_shard_info.cc:104] CheckInputLayout] Use self define shard for SelfDefineShardInfo10341034. User needs to ensure the accuracy and correctness of input/output layout, and framework will only do basic check.
[WARNING] PARALLEL(223669,ffff87b75020,python):2026-09-11-20:50:23.286.734 [mindspore/ccsrc/frontend/parallel/ops_info/self_define_shard_info.cc:104] CheckInputLayout] Use self define shard for SelfDefineShardInfo10381038. User needs to ensure the accuracy and correctness of input/output layout, and framework will only do basic check.
[WARNING] PARALLEL(223669,ffff87b75020,python):2026-09-11-20:50:23.287.222 [mindspore/ccsrc/frontend/parallel/ops_info/self_define_shard_info.cc:104] CheckInputLayout] Use self define shard for SelfDefineShardInfo10421042. User needs to ensure the accuracy and correctness of input/output layout, and framework will only do basic check.
[WARNING] PARALLEL(223669,ffff87b75020,python):2026-09-11-20:50:23.287.392 [mindspore/ccsrc/frontend/parallel/ops_info/self_define_shard_info.cc:104] CheckInputLayout] Use self define shard for SelfDefineShardInfo10431043. User needs to ensure the accuracy and correctness of input/output layout, and framework will only do basic check.
[WARNING] PARALLEL(223669,ffff87b75020,python):2026-09-11-20:50:23.289.921 [mindspore/ccsrc/frontend/parallel/ops_info/self_define_shard_info.cc:104] CheckInputLayout] Use self define shard for SelfDefineShardInfo10681068. User needs to ensure the accuracy and correctness of input/output layout, and framework will only do basic check.
[WARNING] PARALLEL(223669,ffff87b75020,python):2026-09-11-20:50:23.290.464 [mindspore/ccsrc/frontend/parallel/ops_info/self_define_shard_info.cc:104] CheckInputLayout] Use self define shard for SelfDefineShardInfo10731073. User needs to ensure the accuracy and correctness of input/output layout, and framework will only do basic check.
[WARNING] PARALLEL(223669,ffff87b75020,python):2026-09-11-20:50:23.290.636 [mindspore/ccsrc/frontend/parallel/ops_info/self_define_shard_info.cc:104] CheckInputLayout] Use self define shard for SelfDefineShardInfo10741074. User needs to ensure the accuracy and correctness of input/output layout, and framework will only do basic check.
[WARNING] PARALLEL(223669,ffff87b75020,python):2026-09-11-20:50:23.291.107 [mindspore/ccsrc/frontend/parallel/ops_info/self_define_shard_info.cc:104] CheckInputLayout] Use self define shard for SelfDefineShardInfo10781078. User needs to ensure the accuracy and correctness of input/output layout, and framework will only do basic check.
[WARNING] PARALLEL(223669,ffff87b75020,python):2026-09-11-20:50:23.291.606 [mindspore/ccsrc/frontend/parallel/ops_info/self_define_shard_info.cc:104] CheckInputLayout] Use self define shard for SelfDefineShardInfo10821082. User needs to ensure the accuracy and correctness of input/output layout, and framework will only do basic check.
[WARNING] PARALLEL(223669,ffff87b75020,python):2026-09-11-20:50:23.291.770 [mindspore/ccsrc/frontend/parallel/ops_info/self_define_shard_info.cc:104] CheckInputLayout] Use self define shard for SelfDefineShardInfo10831083. User needs to ensure the accuracy and correctness of input/output layout, and framework will only do basic check.
[WARNING] PARALLEL(223669,ffff87b75020,python):2026-09-11-20:50:23.294.227 [mindspore/ccsrc/frontend/parallel/ops_info/self_define_shard_info.cc:104] CheckInputLayout] Use self define shard for SelfDefineShardInfo11081108. User needs to ensure the accuracy and correctness of input/output layout, and framework will only do basic check.
[WARNING] PARALLEL(223669,ffff87b75020,python):2026-09-11-20:50:23.294.770 [mindspore/ccsrc/frontend/parallel/ops_info/self_define_shard_info.cc:104] CheckInputLayout] Use self define shard for SelfDefineShardInfo11131113. User needs to ensure the accuracy and correctness of input/output layout, and framework will only do basic check.
[WARNING] PARALLEL(223669,ffff87b75020,python):2026-09-11-20:50:23.294.936 [mindspore/ccsrc/frontend/parallel/ops_info/self_define_shard_info.cc:104] CheckInputLayout] Use self define shard for SelfDefineShardInfo11141114. User needs to ensure the accuracy and correctness of input/output layout, and framework will only do basic check.
[WARNING] PARALLEL(223669,ffff87b75020,python):2026-09-11-20:50:23.295.390 [mindspore/ccsrc/frontend/parallel/ops_info/self_define_shard_info.cc:104] CheckInputLayout] Use self define shard for SelfDefineShardInfo11181118. User needs to ensure the accuracy and correctness of input/output layout, and framework will only do basic check.
[WARNING] PARALLEL(223669,ffff87b75020,python):2026-09-11-20:50:23.295.861 [mindspore/ccsrc/frontend/parallel/ops_info/self_define_shard_info.cc:104] CheckInputLayout] Use self define shard for SelfDefineShardInfo11221122. User needs to ensure the accuracy and correctness of input/output layout, and framework will only do basic check.
[WARNING] PARALLEL(223669,ffff87b75020,python):2026-09-11-20:50:23.296.023 [mindspore/ccsrc/frontend/parallel/ops_info/self_define_shard_info.cc:104] CheckInputLayout] Use self define shard for SelfDefineShardInfo11231123. User needs to ensure the accuracy and correctness of input/output layout, and framework will only do basic check.
[WARNING] PARALLEL(223669,ffff87b75020,python):2026-09-11-20:50:23.298.512 [mindspore/ccsrc/frontend/parallel/ops_info/self_define_shard_info.cc:104] CheckInputLayout] Use self define shard for SelfDefineShardInfo11481148. User needs to ensure the accuracy and correctness of input/output layout, and framework will only do basic check.
[WARNING] PARALLEL(223669,ffff87b75020,python):2026-09-11-20:50:23.299.061 [mindspore/ccsrc/frontend/parallel/ops_info/self_define_shard_info.cc:104] CheckInputLayout] Use self define shard for SelfDefineShardInfo11531153. User needs to ensure the accuracy and correctness of input/output layout, and framework will only do basic check.
[WARNING] PARALLEL(223669,ffff87b75020,python):2026-09-11-20:50:23.299.230 [mindspore/ccsrc/frontend/parallel/ops_info/self_define_shard_info.cc:104] CheckInputLayout] Use self define shard for SelfDefineShardInfo11541154. User needs to ensure the accuracy and correctness of input/output layout, and framework will only do basic check.
[WARNING] PARALLEL(223669,ffff87b75020,python):2026-09-11-20:50:23.299.693 [mindspore/ccsrc/frontend/parallel/ops_info/self_define_shard_info.cc:104] CheckInputLayout] Use self define shard for SelfDefineShardInfo11581158. User needs to ensure the accuracy and correctness of input/output layout, and framework will only do basic check.
[WARNING] PARALLEL(223669,ffff87b75020,python):2026-09-11-20:50:23.300.159 [mindspore/ccsrc/frontend/parallel/ops_info/self_define_shard_info.cc:104] CheckInputLayout] Use self define shard for SelfDefineShardInfo11621162. User needs to ensure the accuracy and correctness of input/output layout, and framework will only do basic check.
[WARNING] PARALLEL(223669,ffff87b75020,python):2026-09-11-20:50:23.300.324 [mindspore/ccsrc/frontend/parallel/ops_info/self_define_shard_info.cc:104] CheckInputLayout] Use self define shard for SelfDefineShardInfo11631163. User needs to ensure the accuracy and correctness of input/output layout, and framework will only do basic check.
[WARNING] PARALLEL(223669,ffff87b75020,python):2026-09-11-20:50:23.302.775 [mindspore/ccsrc/frontend/parallel/ops_info/self_define_shard_info.cc:104] CheckInputLayout] Use self define shard for SelfDefineShardInfo11881188. User needs to ensure the accuracy and correctness of input/output layout, and framework will only do basic check.
[WARNING] PARALLEL(223669,ffff87b75020,python):2026-09-11-20:50:23.303.314 [mindspore/ccsrc/frontend/parallel/ops_info/self_define_shard_info.cc:104] CheckInputLayout] Use self define shard for SelfDefineShardInfo11931193. User needs to ensure the accuracy and correctness of input/output layout, and framework will only do basic check.
[WARNING] PARALLEL(223669,ffff87b75020,python):2026-09-11-20:50:23.303.488 [mindspore/ccsrc/frontend/parallel/ops_info/self_define_shard_info.cc:104] CheckInputLayout] Use self define shard for SelfDefineShardInfo11941194. User needs to ensure the accuracy and correctness of input/output layout, and framework will only do basic check.
[WARNING] PARALLEL(223669,ffff87b75020,python):2026-09-11-20:50:23.303.945 [mindspore/ccsrc/frontend/parallel/ops_info/self_define_shard_info.cc:104] CheckInputLayout] Use self define shard for SelfDefineShardInfo11981198. User needs to ensure the accuracy and correctness of input/output layout, and framework will only do basic check.
[WARNING] PARALLEL(223669,ffff87b75020,python):2026-09-11-20:50:23.304.437 [mindspore/ccsrc/frontend/parallel/ops_info/self_define_shard_info.cc:104] CheckInputLayout] Use self define shard for SelfDefineShardInfo12021202. User needs to ensure the accuracy and correctness of input/output layout, and framework will only do basic check.
[WARNING] PARALLEL(223669,ffff87b75020,python):2026-09-11-20:50:23.304.625 [mindspore/ccsrc/frontend/parallel/ops_info/self_define_shard_info.cc:104] CheckInputLayout] Use self define shard for SelfDefineShardInfo12031203. User needs to ensure the accuracy and correctness of input/output layout, and framework will only do basic check.
[WARNING] PARALLEL(223669,ffff87b75020,python):2026-09-11-20:50:23.307.164 [mindspore/ccsrc/frontend/parallel/ops_info/self_define_shard_info.cc:104] CheckInputLayout] Use self define shard for SelfDefineShardInfo12281228. User needs to ensure the accuracy and correctness of input/output layout, and framework will only do basic check.
[WARNING] PARALLEL(223669,ffff87b75020,python):2026-09-11-20:50:23.307.708 [mindspore/ccsrc/frontend/parallel/ops_info/self_define_shard_info.cc:104] CheckInputLayout] Use self define shard for SelfDefineShardInfo12331233. User needs to ensure the accuracy and correctness of input/output layout, and framework will only do basic check.
[WARNING] PARALLEL(223669,ffff87b75020,python):2026-09-11-20:50:23.307.880 [mindspore/ccsrc/frontend/parallel/ops_info/self_define_shard_info.cc:104] CheckInputLayout] Use self define shard for SelfDefineShardInfo12341234. User needs to ensure the accuracy and correctness of input/output layout, and framework will only do basic check.
[WARNING] PARALLEL(223669,ffff87b75020,python):2026-09-11-20:50:23.308.363 [mindspore/ccsrc/frontend/parallel/ops_info/self_define_shard_info.cc:104] CheckInputLayout] Use self define shard for SelfDefineShardInfo12381238. User needs to ensure the accuracy and correctness of input/output layout, and framework will only do basic check.
[WARNING] PARALLEL(223669,ffff87b75020,python):2026-09-11-20:50:23.308.880 [mindspore/ccsrc/frontend/parallel/ops_info/self_define_shard_info.cc:104] CheckInputLayout] Use self define shard for SelfDefineShardInfo12421242. User needs to ensure the accuracy and correctness of input/output layout, and framework will only do basic check.
[WARNING] PARALLEL(223669,ffff87b75020,python):2026-09-11-20:50:23.309.060 [mindspore/ccsrc/frontend/parallel/ops_info/self_define_shard_info.cc:104] CheckInputLayout] Use self define shard for SelfDefineShardInfo12431243. User needs to ensure the accuracy and correctness of input/output layout, and framework will only do basic check.
[WARNING] PARALLEL(223669,ffff87b75020,python):2026-09-11-20:50:23.311.789 [mindspore/ccsrc/frontend/parallel/ops_info/self_define_shard_info.cc:104] CheckInputLayout] Use self define shard for SelfDefineShardInfo12681268. User needs to ensure the accuracy and correctness of input/output layout, and framework will only do basic check.
[WARNING] PARALLEL(223669,ffff87b75020,python):2026-09-11-20:50:23.312.369 [mindspore/ccsrc/frontend/parallel/ops_info/self_define_shard_info.cc:104] CheckInputLayout] Use self define shard for SelfDefineShardInfo12731273. User needs to ensure the accuracy and correctness of input/output layout, and framework will only do basic check.
[WARNING] PARALLEL(223669,ffff87b75020,python):2026-09-11-20:50:23.312.558 [mindspore/ccsrc/frontend/parallel/ops_info/self_define_shard_info.cc:104] CheckInputLayout] Use self define shard for SelfDefineShardInfo12741274. User needs to ensure the accuracy and correctness of input/output layout, and framework will only do basic check.
[WARNING] PARALLEL(223669,ffff87b75020,python):2026-09-11-20:50:23.313.068 [mindspore/ccsrc/frontend/parallel/ops_info/self_define_shard_info.cc:104] CheckInputLayout] Use self define shard for SelfDefineShardInfo12781278. User needs to ensure the accuracy and correctness of input/output layout, and framework will only do basic check.
[WARNING] PARALLEL(223669,ffff87b75020,python):2026-09-11-20:50:23.313.610 [mindspore/ccsrc/frontend/parallel/ops_info/self_define_shard_info.cc:104] CheckInputLayout] Use self define shard for SelfDefineShardInfo12821282. User needs to ensure the accuracy and correctness of input/output layout, and framework will only do basic check.
[WARNING] PARALLEL(223669,ffff87b75020,python):2026-09-11-20:50:23.313.779 [mindspore/ccsrc/frontend/parallel/ops_info/self_define_shard_info.cc:104] CheckInputLayout] Use self define shard for SelfDefineShardInfo12831283. User needs to ensure the accuracy and correctness of input/output layout, and framework will only do basic check.
[WARNING] PARALLEL(223669,ffff87b75020,python):2026-09-11-20:50:23.316.526 [mindspore/ccsrc/frontend/parallel/ops_info/self_define_shard_info.cc:104] CheckInputLayout] Use self define shard for SelfDefineShardInfo13081308. User needs to ensure the accuracy and correctness of input/output layout, and framework will only do basic check.
[WARNING] PARALLEL(223669,ffff87b75020,python):2026-09-11-20:50:23.317.294 [mindspore/ccsrc/frontend/parallel/ops_info/self_define_shard_info.cc:104] CheckInputLayout] Use self define shard for SelfDefineShardInfo13131313. User needs to ensure the accuracy and correctness of input/output layout, and framework will only do basic check.
[WARNING] PARALLEL(223669,ffff87b75020,python):2026-09-11-20:50:23.317.513 [mindspore/ccsrc/frontend/parallel/ops_info/self_define_shard_info.cc:104] CheckInputLayout] Use self define shard for SelfDefineShardInfo13141314. User needs to ensure the accuracy and correctness of input/output layout, and framework will only do basic check.
[WARNING] PARALLEL(223669,ffff87b75020,python):2026-09-11-20:50:23.318.042 [mindspore/ccsrc/frontend/parallel/ops_info/self_define_shard_info.cc:104] CheckInputLayout] Use self define shard for SelfDefineShardInfo13181318. User needs to ensure the accuracy and correctness of input/output layout, and framework will only do basic check.
[WARNING] PARALLEL(223669,ffff87b75020,python):2026-09-11-20:50:23.318.554 [mindspore/ccsrc/frontend/parallel/ops_info/self_define_shard_info.cc:104] CheckInputLayout] Use self define shard for SelfDefineShardInfo13221322. User needs to ensure the accuracy and correctness of input/output layout, and framework will only do basic check.
[WARNING] PARALLEL(223669,ffff87b75020,python):2026-09-11-20:50:23.318.718 [mindspore/ccsrc/frontend/parallel/ops_info/self_define_shard_info.cc:104] CheckInputLayout] Use self define shard for SelfDefineShardInfo13231323. User needs to ensure the accuracy and correctness of input/output layout, and framework will only do basic check.
[WARNING] PARALLEL(223669,ffff87b75020,python):2026-09-11-20:50:23.321.435 [mindspore/ccsrc/frontend/parallel/ops_info/self_define_shard_info.cc:104] CheckInputLayout] Use self define shard for SelfDefineShardInfo13481348. User needs to ensure the accuracy and correctness of input/output layout, and framework will only do basic check.
[WARNING] PARALLEL(223669,ffff87b75020,python):2026-09-11-20:50:23.322.034 [mindspore/ccsrc/frontend/parallel/ops_info/self_define_shard_info.cc:104] CheckInputLayout] Use self define shard for SelfDefineShardInfo13531353. User needs to ensure the accuracy and correctness of input/output layout, and framework will only do basic check.
[WARNING] PARALLEL(223669,ffff87b75020,python):2026-09-11-20:50:23.322.221 [mindspore/ccsrc/frontend/parallel/ops_info/self_define_shard_info.cc:104] CheckInputLayout] Use self define shard for SelfDefineShardInfo13541354. User needs to ensure the accuracy and correctness of input/output layout, and framework will only do basic check.
[WARNING] PARALLEL(223669,ffff87b75020,python):2026-09-11-20:50:23.322.711 [mindspore/ccsrc/frontend/parallel/ops_info/self_define_shard_info.cc:104] CheckInputLayout] Use self define shard for SelfDefineShardInfo13581358. User needs to ensure the accuracy and correctness of input/output layout, and framework will only do basic check.
[WARNING] PARALLEL(223669,ffff87b75020,python):2026-09-11-20:50:23.323.208 [mindspore/ccsrc/frontend/parallel/ops_info/self_define_shard_info.cc:104] CheckInputLayout] Use self define shard for SelfDefineShardInfo13621362. User needs to ensure the accuracy and correctness of input/output layout, and framework will only do basic check.
[WARNING] PARALLEL(223669,ffff87b75020,python):2026-09-11-20:50:23.323.379 [mindspore/ccsrc/frontend/parallel/ops_info/self_define_shard_info.cc:104] CheckInputLayout] Use self define shard for SelfDefineShardInfo13631363. User needs to ensure the accuracy and correctness of input/output layout, and framework will only do basic check.
[WARNING] PARALLEL(223669,ffff87b75020,python):2026-09-11-20:50:23.326.079 [mindspore/ccsrc/frontend/parallel/ops_info/self_define_shard_info.cc:104] CheckInputLayout] Use self define shard for SelfDefineShardInfo13881388. User needs to ensure the accuracy and correctness of input/output layout, and framework will only do basic check.
[WARNING] PARALLEL(223669,ffff87b75020,python):2026-09-11-20:50:23.326.684 [mindspore/ccsrc/frontend/parallel/ops_info/self_define_shard_info.cc:104] CheckInputLayout] Use self define shard for SelfDefineShardInfo13931393. User needs to ensure the accuracy and correctness of input/output layout, and framework will only do basic check.
[WARNING] PARALLEL(223669,ffff87b75020,python):2026-09-11-20:50:23.326.869 [mindspore/ccsrc/frontend/parallel/ops_info/self_define_shard_info.cc:104] CheckInputLayout] Use self define shard for SelfDefineShardInfo13941394. User needs to ensure the accuracy and correctness of input/output layout, and framework will only do basic check.
[WARNING] PARALLEL(223669,ffff87b75020,python):2026-09-11-20:50:23.327.369 [mindspore/ccsrc/frontend/parallel/ops_info/self_define_shard_info.cc:104] CheckInputLayout] Use self define shard for SelfDefineShardInfo13981398. User needs to ensure the accuracy and correctness of input/output layout, and framework will only do basic check.
[WARNING] PARALLEL(223669,ffff87b75020,python):2026-09-11-20:50:23.327.866 [mindspore/ccsrc/frontend/parallel/ops_info/self_define_shard_info.cc:104] CheckInputLayout] Use self define shard for SelfDefineShardInfo14021402. User needs to ensure the accuracy and correctness of input/output layout, and framework will only do basic check.
[WARNING] PARALLEL(223669,ffff87b75020,python):2026-09-11-20:50:23.328.026 [mindspore/ccsrc/frontend/parallel/ops_info/self_define_shard_info.cc:104] CheckInputLayout] Use self define shard for SelfDefineShardInfo14031403. User needs to ensure the accuracy and correctness of input/output layout, and framework will only do basic check.
[WARNING] PARALLEL(223669,ffff87b75020,python):2026-09-11-20:50:23.330.723 [mindspore/ccsrc/frontend/parallel/ops_info/self_define_shard_info.cc:104] CheckInputLayout] Use self define shard for SelfDefineShardInfo14281428. User needs to ensure the accuracy and correctness of input/output layout, and framework will only do basic check.
[WARNING] PARALLEL(223669,ffff87b75020,python):2026-09-11-20:50:23.331.331 [mindspore/ccsrc/frontend/parallel/ops_info/self_define_shard_info.cc:104] CheckInputLayout] Use self define shard for SelfDefineShardInfo14331433. User needs to ensure the accuracy and correctness of input/output layout, and framework will only do basic check.
[WARNING] PARALLEL(223669,ffff87b75020,python):2026-09-11-20:50:23.331.511 [mindspore/ccsrc/frontend/parallel/ops_info/self_define_shard_info.cc:104] CheckInputLayout] Use self define shard for SelfDefineShardInfo14341434. User needs to ensure the accuracy and correctness of input/output layout, and framework will only do basic check.
[WARNING] PARALLEL(223669,ffff87b75020,python):2026-09-11-20:50:23.331.998 [mindspore/ccsrc/frontend/parallel/ops_info/self_define_shard_info.cc:104] CheckInputLayout] Use self define shard for SelfDefineShardInfo14381438. User needs to ensure the accuracy and correctness of input/output layout, and framework will only do basic check.
[WARNING] PARALLEL(223669,ffff87b75020,python):2026-09-11-20:50:23.332.512 [mindspore/ccsrc/frontend/parallel/ops_info/self_define_shard_info.cc:104] CheckInputLayout] Use self define shard for SelfDefineShardInfo14421442. User needs to ensure the accuracy and correctness of input/output layout, and framework will only do basic check.
[WARNING] PARALLEL(223669,ffff87b75020,python):2026-09-11-20:50:23.333.037 [mindspore/ccsrc/frontend/parallel/ops_info/self_define_shard_info.cc:104] CheckInputLayout] Use self define shard for SelfDefineShardInfo14461446. User needs to ensure the accuracy and correctness of input/output layout, and framework will only do basic check.
[WARNING] PARALLEL(223669,ffff87b75020,python):2026-09-11-20:50:23.335.547 [mindspore/ccsrc/frontend/parallel/ops_info/self_define_shard_info.cc:104] CheckInputLayout] Use self define shard for SelfDefineShardInfo14661466. User needs to ensure the accuracy and correctness of input/output layout, and framework will only do basic check.
[WARNING] PARALLEL(223669,ffff87b75020,python):2026-09-11-20:50:23.335.724 [mindspore/ccsrc/frontend/parallel/ops_info/self_define_shard_info.cc:104] CheckInputLayout] Use self define shard for SelfDefineShardInfo14671467. User needs to ensure the accuracy and correctness of input/output layout, and framework will only do basic check.
[WARNING] PARALLEL(223669,ffff87b75020,python):2026-09-11-20:50:23.335.980 [mindspore/ccsrc/frontend/parallel/ops_info/self_define_shard_info.cc:104] CheckInputLayout] Use self define shard for SelfDefineShardInfo14681468. User needs to ensure the accuracy and correctness of input/output layout, and framework will only do basic check.
[WARNING] PARALLEL(223669,ffff87b75020,python):2026-09-11-20:50:23.336.239 [mindspore/ccsrc/frontend/parallel/ops_info/self_define_shard_info.cc:104] CheckInputLayout] Use self define shard for SelfDefineShardInfo14691469. User needs to ensure the accuracy and correctness of input/output layout, and framework will only do basic check.
[WARNING] PARALLEL(223669,ffff87b75020,python):2026-09-11-20:50:23.336.492 [mindspore/ccsrc/frontend/parallel/ops_info/self_define_shard_info.cc:104] CheckInputLayout] Use self define shard for SelfDefineShardInfo14701470. User needs to ensure the accuracy and correctness of input/output layout, and framework will only do basic check.
[WARNING] PARALLEL(223669,ffff87b75020,python):2026-09-11-20:50:23.336.747 [mindspore/ccsrc/frontend/parallel/ops_info/self_define_shard_info.cc:104] CheckInputLayout] Use self define shard for SelfDefineShardInfo14711471. User needs to ensure the accuracy and correctness of input/output layout, and framework will only do basic check.
[WARNING] PARALLEL(223669,ffff87b75020,python):2026-09-11-20:50:23.337.019 [mindspore/ccsrc/frontend/parallel/ops_info/self_define_shard_info.cc:104] CheckInputLayout] Use self define shard for SelfDefineShardInfo14721472. User needs to ensure the accuracy and correctness of input/output layout, and framework will only do basic check.
[WARNING] PARALLEL(223669,ffff87b75020,python):2026-09-11-20:50:23.337.262 [mindspore/ccsrc/frontend/parallel/ops_info/self_define_shard_info.cc:104] CheckInputLayout] Use self define shard for SelfDefineShardInfo14731473. User needs to ensure the accuracy and correctness of input/output layout, and framework will only do basic check.
[WARNING] PARALLEL(223669,ffff87b75020,python):2026-09-11-20:50:23.337.529 [mindspore/ccsrc/frontend/parallel/ops_info/self_define_shard_info.cc:104] CheckInputLayout] Use self define shard for SelfDefineShardInfo14741474. User needs to ensure the accuracy and correctness of input/output layout, and framework will only do basic check.
[WARNING] PARALLEL(223669,ffff87b75020,python):2026-09-11-20:50:23.337.768 [mindspore/ccsrc/frontend/parallel/ops_info/self_define_shard_info.cc:104] CheckInputLayout] Use self define shard for SelfDefineShardInfo14751475. User needs to ensure the accuracy and correctness of input/output layout, and framework will only do basic check.
[WARNING] PARALLEL(223669,ffff87b75020,python):2026-09-11-20:50:23.338.030 [mindspore/ccsrc/frontend/parallel/ops_info/self_define_shard_info.cc:104] CheckInputLayout] Use self define shard for SelfDefineShardInfo14761476. User needs to ensure the accuracy and correctness of input/output layout, and framework will only do basic check.
[WARNING] PARALLEL(223669,ffff87b75020,python):2026-09-11-20:50:23.338.261 [mindspore/ccsrc/frontend/parallel/ops_info/self_define_shard_info.cc:104] CheckInputLayout] Use self define shard for SelfDefineShardInfo14771477. User needs to ensure the accuracy and correctness of input/output layout, and framework will only do basic check.
[WARNING] PARALLEL(223669,ffff87b75020,python):2026-09-11-20:50:23.338.533 [mindspore/ccsrc/frontend/parallel/ops_info/self_define_shard_info.cc:104] CheckInputLayout] Use self define shard for SelfDefineShardInfo14781478. User needs to ensure the accuracy and correctness of input/output layout, and framework will only do basic check.
[WARNING] PARALLEL(223669,ffff87b75020,python):2026-09-11-20:50:23.338.755 [mindspore/ccsrc/frontend/parallel/ops_info/self_define_shard_info.cc:104] CheckInputLayout] Use self define shard for SelfDefineShardInfo14791479. User needs to ensure the accuracy and correctness of input/output layout, and framework will only do basic check.
[WARNING] PARALLEL(223669,ffff87b75020,python):2026-09-11-20:50:23.339.025 [mindspore/ccsrc/frontend/parallel/ops_info/self_define_shard_info.cc:104] CheckInputLayout] Use self define shard for SelfDefineShardInfo14801480. User needs to ensure the accuracy and correctness of input/output layout, and framework will only do basic check.
[WARNING] PARALLEL(223669,ffff87b75020,python):2026-09-11-20:50:23.339.272 [mindspore/ccsrc/frontend/parallel/ops_info/self_define_shard_info.cc:104] CheckInputLayout] Use self define shard for SelfDefineShardInfo14811481. User needs to ensure the accuracy and correctness of input/output layout, and framework will only do basic check.
[WARNING] PARALLEL(223669,ffff87b75020,python):2026-09-11-20:50:23.339.564 [mindspore/ccsrc/frontend/parallel/ops_info/self_define_shard_info.cc:104] CheckInputLayout] Use self define shard for SelfDefineShardInfo14821482. User needs to ensure the accuracy and correctness of input/output layout, and framework will only do basic check.
[WARNING] PARALLEL(223669,ffff87b75020,python):2026-09-11-20:50:23.339.797 [mindspore/ccsrc/frontend/parallel/ops_info/self_define_shard_info.cc:104] CheckInputLayout] Use self define shard for SelfDefineShardInfo14831483. User needs to ensure the accuracy and correctness of input/output layout, and framework will only do basic check.
[WARNING] PARALLEL(223669,ffff87b75020,python):2026-09-11-20:50:23.340.060 [mindspore/ccsrc/frontend/parallel/ops_info/self_define_shard_info.cc:104] CheckInputLayout] Use self define shard for SelfDefineShardInfo14841484. User needs to ensure the accuracy and correctness of input/output layout, and framework will only do basic check.
[WARNING] PARALLEL(223669,ffff87b75020,python):2026-09-11-20:50:23.340.273 [mindspore/ccsrc/frontend/parallel/ops_info/self_define_shard_info.cc:104] CheckInputLayout] Use self define shard for SelfDefineShardInfo14851485. User needs to ensure the accuracy and correctness of input/output layout, and framework will only do basic check.
[WARNING] PARALLEL(223669,ffff87b75020,python):2026-09-11-20:50:23.340.519 [mindspore/ccsrc/frontend/parallel/ops_info/self_define_shard_info.cc:104] CheckInputLayout] Use self define shard for SelfDefineShardInfo14861486. User needs to ensure the accuracy and correctness of input/output layout, and framework will only do basic check.
[WARNING] PARALLEL(223669,ffff87b75020,python):2026-09-11-20:50:23.340.762 [mindspore/ccsrc/frontend/parallel/ops_info/self_define_shard_info.cc:104] CheckInputLayout] Use self define shard for SelfDefineShardInfo14871487. User needs to ensure the accuracy and correctness of input/output layout, and framework will only do basic check.
[WARNING] PARALLEL(223669,ffff87b75020,python):2026-09-11-20:50:23.341.037 [mindspore/ccsrc/frontend/parallel/ops_info/self_define_shard_info.cc:104] CheckInputLayout] Use self define shard for SelfDefineShardInfo14881488. User needs to ensure the accuracy and correctness of input/output layout, and framework will only do basic check.
[WARNING] PARALLEL(223669,ffff87b75020,python):2026-09-11-20:50:23.341.246 [mindspore/ccsrc/frontend/parallel/ops_info/self_define_shard_info.cc:104] CheckInputLayout] Use self define shard for SelfDefineShardInfo14891489. User needs to ensure the accuracy and correctness of input/output layout, and framework will only do basic check.
[WARNING] PARALLEL(223669,ffff87b75020,python):2026-09-11-20:50:23.341.504 [mindspore/ccsrc/frontend/parallel/ops_info/self_define_shard_info.cc:104] CheckInputLayout] Use self define shard for SelfDefineShardInfo14901490. User needs to ensure the accuracy and correctness of input/output layout, and framework will only do basic check.
[WARNING] PARALLEL(223669,ffff87b75020,python):2026-09-11-20:50:23.341.727 [mindspore/ccsrc/frontend/parallel/ops_info/self_define_shard_info.cc:104] CheckInputLayout] Use self define shard for SelfDefineShardInfo14911491. User needs to ensure the accuracy and correctness of input/output layout, and framework will only do basic check.
[WARNING] PARALLEL(223669,ffff87b75020,python):2026-09-11-20:50:23.342.005 [mindspore/ccsrc/frontend/parallel/ops_info/self_define_shard_info.cc:104] CheckInputLayout] Use self define shard for SelfDefineShardInfo14921492. User needs to ensure the accuracy and correctness of input/output layout, and framework will only do basic check.
[WARNING] PARALLEL(223669,ffff87b75020,python):2026-09-11-20:50:23.342.226 [mindspore/ccsrc/frontend/parallel/ops_info/self_define_shard_info.cc:104] CheckInputLayout] Use self define shard for SelfDefineShardInfo14931493. User needs to ensure the accuracy and correctness of input/output layout, and framework will only do basic check.
[WARNING] PARALLEL(223669,ffff87b75020,python):2026-09-11-20:50:23.342.489 [mindspore/ccsrc/frontend/parallel/ops_info/self_define_shard_info.cc:104] CheckInputLayout] Use self define shard for SelfDefineShardInfo14941494. User needs to ensure the accuracy and correctness of input/output layout, and framework will only do basic check.
[WARNING] PARALLEL(223669,ffff87b75020,python):2026-09-11-20:50:23.342.697 [mindspore/ccsrc/frontend/parallel/ops_info/self_define_shard_info.cc:104] CheckInputLayout] Use self define shard for SelfDefineShardInfo14951495. User needs to ensure the accuracy and correctness of input/output layout, and framework will only do basic check.
[WARNING] PARALLEL(223669,ffff87b75020,python):2026-09-11-20:50:23.342.953 [mindspore/ccsrc/frontend/parallel/ops_info/self_define_shard_info.cc:104] CheckInputLayout] Use self define shard for SelfDefineShardInfo14961496. User needs to ensure the accuracy and correctness of input/output layout, and framework will only do basic check.
[WARNING] PARALLEL(223669,ffff87b75020,python):2026-09-11-20:50:23.343.174 [mindspore/ccsrc/frontend/parallel/ops_info/self_define_shard_info.cc:104] CheckInputLayout] Use self define shard for SelfDefineShardInfo14971497. User needs to ensure the accuracy and correctness of input/output layout, and framework will only do basic check.
[WARNING] PARALLEL(223669,ffff87b75020,python):2026-09-11-20:50:23.343.427 [mindspore/ccsrc/frontend/parallel/ops_info/self_define_shard_info.cc:104] CheckInputLayout] Use self define shard for SelfDefineShardInfo14981498. User needs to ensure the accuracy and correctness of input/output layout, and framework will only do basic check.
[WARNING] PARALLEL(223669,ffff87b75020,python):2026-09-11-20:50:23.343.652 [mindspore/ccsrc/frontend/parallel/ops_info/self_define_shard_info.cc:104] CheckInputLayout] Use self define shard for SelfDefineShardInfo14991499. User needs to ensure the accuracy and correctness of input/output layout, and framework will only do basic check.
[WARNING] PARALLEL(223669,ffff87b75020,python):2026-09-11-20:50:23.343.902 [mindspore/ccsrc/frontend/parallel/ops_info/self_define_shard_info.cc:104] CheckInputLayout] Use self define shard for SelfDefineShardInfo15001500. User needs to ensure the accuracy and correctness of input/output layout, and framework will only do basic check.
[WARNING] PARALLEL(223669,ffff87b75020,python):2026-09-11-20:50:23.344.104 [mindspore/ccsrc/frontend/parallel/ops_info/self_define_shard_info.cc:104] CheckInputLayout] Use self define shard for SelfDefineShardInfo15011501. User needs to ensure the accuracy and correctness of input/output layout, and framework will only do basic check.
[WARNING] PARALLEL(223669,ffff87b75020,python):2026-09-11-20:50:23.344.357 [mindspore/ccsrc/frontend/parallel/ops_info/self_define_shard_info.cc:104] CheckInputLayout] Use self define shard for SelfDefineShardInfo15021502. User needs to ensure the accuracy and correctness of input/output layout, and framework will only do basic check.
[WARNING] PARALLEL(223669,ffff87b75020,python):2026-09-11-20:50:23.344.594 [mindspore/ccsrc/frontend/parallel/ops_info/self_define_shard_info.cc:104] CheckInputLayout] Use self define shard for SelfDefineShardInfo15031503. User needs to ensure the accuracy and correctness of input/output layout, and framework will only do basic check.
[WARNING] PARALLEL(223669,ffff87b75020,python):2026-09-11-20:50:23.344.857 [mindspore/ccsrc/frontend/parallel/ops_info/self_define_shard_info.cc:104] CheckInputLayout] Use self define shard for SelfDefineShardInfo15041504. User needs to ensure the accuracy and correctness of input/output layout, and framework will only do basic check.
[WARNING] PARALLEL(223669,ffff87b75020,python):2026-09-11-20:50:23.345.094 [mindspore/ccsrc/frontend/parallel/ops_info/self_define_shard_info.cc:104] CheckInputLayout] Use self define shard for SelfDefineShardInfo15051505. User needs to ensure the accuracy and correctness of input/output layout, and framework will only do basic check.
[WARNING] PARALLEL(223669,ffff87b75020,python):2026-09-11-20:50:23.345.349 [mindspore/ccsrc/frontend/parallel/ops_info/self_define_shard_info.cc:104] CheckInputLayout] Use self define shard for SelfDefineShardInfo15061506. User needs to ensure the accuracy and correctness of input/output layout, and framework will only do basic check.
[WARNING] PARALLEL(223669,ffff87b75020,python):2026-09-11-20:50:23.345.572 [mindspore/ccsrc/frontend/parallel/ops_info/self_define_shard_info.cc:104] CheckInputLayout] Use self define shard for SelfDefineShardInfo15071507. User needs to ensure the accuracy and correctness of input/output layout, and framework will only do basic check.
[WARNING] PARALLEL(223669,ffff87b75020,python):2026-09-11-20:50:23.345.831 [mindspore/ccsrc/frontend/parallel/ops_info/self_define_shard_info.cc:104] CheckInputLayout] Use self define shard for SelfDefineShardInfo15081508. User needs to ensure the accuracy and correctness of input/output layout, and framework will only do basic check.
[WARNING] PARALLEL(223669,ffff87b75020,python):2026-09-11-20:50:23.346.046 [mindspore/ccsrc/frontend/parallel/ops_info/self_define_shard_info.cc:104] CheckInputLayout] Use self define shard for SelfDefineShardInfo15091509. User needs to ensure the accuracy and correctness of input/output layout, and framework will only do basic check.
[WARNING] PARALLEL(223669,ffff87b75020,python):2026-09-11-20:50:23.346.296 [mindspore/ccsrc/frontend/parallel/ops_info/self_define_shard_info.cc:104] CheckInputLayout] Use self define shard for SelfDefineShardInfo15101510. User needs to ensure the accuracy and correctness of input/output layout, and framework will only do basic check.
[WARNING] PARALLEL(223669,ffff87b75020,python):2026-09-11-20:50:23.346.524 [mindspore/ccsrc/frontend/parallel/ops_info/self_define_shard_info.cc:104] CheckInputLayout] Use self define shard for SelfDefineShardInfo15111511. User needs to ensure the accuracy and correctness of input/output layout, and framework will only do basic check.
[WARNING] PARALLEL(223669,ffff87b75020,python):2026-09-11-20:50:23.346.788 [mindspore/ccsrc/frontend/parallel/ops_info/self_define_shard_info.cc:104] CheckInputLayout] Use self define shard for SelfDefineShardInfo15121512. User needs to ensure the accuracy and correctness of input/output layout, and framework will only do basic check.
[WARNING] PARALLEL(223669,ffff87b75020,python):2026-09-11-20:50:23.347.009 [mindspore/ccsrc/frontend/parallel/ops_info/self_define_shard_info.cc:104] CheckInputLayout] Use self define shard for SelfDefineShardInfo15131513. User needs to ensure the accuracy and correctness of input/output layout, and framework will only do basic check.
[WARNING] PARALLEL(223669,ffff87b75020,python):2026-09-11-20:50:23.347.268 [mindspore/ccsrc/frontend/parallel/ops_info/self_define_shard_info.cc:104] CheckInputLayout] Use self define shard for SelfDefineShardInfo15141514. User needs to ensure the accuracy and correctness of input/output layout, and framework will only do basic check.
[WARNING] PARALLEL(223669,ffff87b75020,python):2026-09-11-20:50:23.347.486 [mindspore/ccsrc/frontend/parallel/ops_info/self_define_shard_info.cc:104] CheckInputLayout] Use self define shard for SelfDefineShardInfo15151515. User needs to ensure the accuracy and correctness of input/output layout, and framework will only do basic check.
[WARNING] PARALLEL(223669,ffff87b75020,python):2026-09-11-20:50:23.347.727 [mindspore/ccsrc/frontend/parallel/ops_info/self_define_shard_info.cc:104] CheckInputLayout] Use self define shard for SelfDefineShardInfo15161516. User needs to ensure the accuracy and correctness of input/output layout, and framework will only do basic check.
[WARNING] PARALLEL(223669,ffff87b75020,python):2026-09-11-20:50:23.347.961 [mindspore/ccsrc/frontend/parallel/ops_info/self_define_shard_info.cc:104] CheckInputLayout] Use self define shard for SelfDefineShardInfo15171517. User needs to ensure the accuracy and correctness of input/output layout, and framework will only do basic check.
[WARNING] PARALLEL(223669,ffff87b75020,python):2026-09-11-20:50:23.348.198 [mindspore/ccsrc/frontend/parallel/ops_info/self_define_shard_info.cc:104] CheckInputLayout] Use self define shard for SelfDefineShardInfo15181518. User needs to ensure the accuracy and correctness of input/output layout, and framework will only do basic check.
[WARNING] PARALLEL(223669,ffff87b75020,python):2026-09-11-20:50:23.348.414 [mindspore/ccsrc/frontend/parallel/ops_info/self_define_shard_info.cc:104] CheckInputLayout] Use self define shard for SelfDefineShardInfo15191519. User needs to ensure the accuracy and correctness of input/output layout, and framework will only do basic check.
[WARNING] PARALLEL(223669,ffff87b75020,python):2026-09-11-20:50:23.348.675 [mindspore/ccsrc/frontend/parallel/ops_info/self_define_shard_info.cc:104] CheckInputLayout] Use self define shard for SelfDefineShardInfo15201520. User needs to ensure the accuracy and correctness of input/output layout, and framework will only do basic check.
[WARNING] PARALLEL(223669,ffff87b75020,python):2026-09-11-20:50:23.348.912 [mindspore/ccsrc/frontend/parallel/ops_info/self_define_shard_info.cc:104] CheckInputLayout] Use self define shard for SelfDefineShardInfo15211521. User needs to ensure the accuracy and correctness of input/output layout, and framework will only do basic check.
[WARNING] PARALLEL(223669,ffff87b75020,python):2026-09-11-20:50:23.349.177 [mindspore/ccsrc/frontend/parallel/ops_info/self_define_shard_info.cc:104] CheckInputLayout] Use self define shard for SelfDefineShardInfo15221522. User needs to ensure the accuracy and correctness of input/output layout, and framework will only do basic check.
[WARNING] PARALLEL(223669,ffff87b75020,python):2026-09-11-20:50:23.349.402 [mindspore/ccsrc/frontend/parallel/ops_info/self_define_shard_info.cc:104] CheckInputLayout] Use self define shard for SelfDefineShardInfo15231523. User needs to ensure the accuracy and correctness of input/output layout, and framework will only do basic check.
[WARNING] PARALLEL(223669,ffff87b75020,python):2026-09-11-20:50:23.349.647 [mindspore/ccsrc/frontend/parallel/ops_info/self_define_shard_info.cc:104] CheckInputLayout] Use self define shard for SelfDefineShardInfo15241524. User needs to ensure the accuracy and correctness of input/output layout, and framework will only do basic check.
[WARNING] PARALLEL(223669,ffff87b75020,python):2026-09-11-20:50:23.349.878 [mindspore/ccsrc/frontend/parallel/ops_info/self_define_shard_info.cc:104] CheckInputLayout] Use self define shard for SelfDefineShardInfo15251525. User needs to ensure the accuracy and correctness of input/output layout, and framework will only do basic check.
[WARNING] PARALLEL(223669,ffff87b75020,python):2026-09-11-20:50:23.350.122 [mindspore/ccsrc/frontend/parallel/ops_info/self_define_shard_info.cc:104] CheckInputLayout] Use self define shard for SelfDefineShardInfo15261526. User needs to ensure the accuracy and correctness of input/output layout, and framework will only do basic check.
[WARNING] PARALLEL(223669,ffff87b75020,python):2026-09-11-20:50:23.350.344 [mindspore/ccsrc/frontend/parallel/ops_info/self_define_shard_info.cc:104] CheckInputLayout] Use self define shard for SelfDefineShardInfo15271527. User needs to ensure the accuracy and correctness of input/output layout, and framework will only do basic check.
[WARNING] PARALLEL(223669,ffff87b75020,python):2026-09-11-20:50:23.350.583 [mindspore/ccsrc/frontend/parallel/ops_info/self_define_shard_info.cc:104] CheckInputLayout] Use self define shard for SelfDefineShardInfo15281528. User needs to ensure the accuracy and correctness of input/output layout, and framework will only do basic check.
[WARNING] PARALLEL(223669,ffff87b75020,python):2026-09-11-20:50:23.350.805 [mindspore/ccsrc/frontend/parallel/ops_info/self_define_shard_info.cc:104] CheckInputLayout] Use self define shard for SelfDefineShardInfo15291529. User needs to ensure the accuracy and correctness of input/output layout, and framework will only do basic check.
[WARNING] PARALLEL(223669,ffff87b75020,python):2026-09-11-20:50:23.351.061 [mindspore/ccsrc/frontend/parallel/ops_info/self_define_shard_info.cc:104] CheckInputLayout] Use self define shard for SelfDefineShardInfo15301530. User needs to ensure the accuracy and correctness of input/output layout, and framework will only do basic check.
[WARNING] PARALLEL(223669,ffff87b75020,python):2026-09-11-20:50:23.351.281 [mindspore/ccsrc/frontend/parallel/ops_info/self_define_shard_info.cc:104] CheckInputLayout] Use self define shard for SelfDefineShardInfo15311531. User needs to ensure the accuracy and correctness of input/output layout, and framework will only do basic check.
[WARNING] PARALLEL(223669,ffff87b75020,python):2026-09-11-20:50:23.351.536 [mindspore/ccsrc/frontend/parallel/ops_info/self_define_shard_info.cc:104] CheckInputLayout] Use self define shard for SelfDefineShardInfo15321532. User needs to ensure the accuracy and correctness of input/output layout, and framework will only do basic check.
[WARNING] PARALLEL(223669,ffff87b75020,python):2026-09-11-20:50:23.351.760 [mindspore/ccsrc/frontend/parallel/ops_info/self_define_shard_info.cc:104] CheckInputLayout] Use self define shard for SelfDefineShardInfo15331533. User needs to ensure the accuracy and correctness of input/output layout, and framework will only do basic check.
[WARNING] PARALLEL(223669,ffff87b75020,python):2026-09-11-20:50:23.352.023 [mindspore/ccsrc/frontend/parallel/ops_info/self_define_shard_info.cc:104] CheckInputLayout] Use self define shard for SelfDefineShardInfo15341534. User needs to ensure the accuracy and correctness of input/output layout, and framework will only do basic check.
[WARNING] PARALLEL(223669,ffff87b75020,python):2026-09-11-20:50:23.352.229 [mindspore/ccsrc/frontend/parallel/ops_info/self_define_shard_info.cc:104] CheckInputLayout] Use self define shard for SelfDefineShardInfo15351535. User needs to ensure the accuracy and correctness of input/output layout, and framework will only do basic check.
[WARNING] PARALLEL(223669,ffff87b75020,python):2026-09-11-20:50:23.352.473 [mindspore/ccsrc/frontend/parallel/ops_info/self_define_shard_info.cc:104] CheckInputLayout] Use self define shard for SelfDefineShardInfo15361536. User needs to ensure the accuracy and correctness of input/output layout, and framework will only do basic check.
[WARNING] PARALLEL(223669,ffff87b75020,python):2026-09-11-20:50:23.352.698 [mindspore/ccsrc/frontend/parallel/ops_info/self_define_shard_info.cc:104] CheckInputLayout] Use self define shard for SelfDefineShardInfo15371537. User needs to ensure the accuracy and correctness of input/output layout, and framework will only do basic check.
[WARNING] PARALLEL(223669,ffff87b75020,python):2026-09-11-20:50:23.352.966 [mindspore/ccsrc/frontend/parallel/ops_info/self_define_shard_info.cc:104] CheckInputLayout] Use self define shard for SelfDefineShardInfo15381538. User needs to ensure the accuracy and correctness of input/output layout, and framework will only do basic check.
[WARNING] PARALLEL(223669,ffff87b75020,python):2026-09-11-20:50:23.353.179 [mindspore/ccsrc/frontend/parallel/ops_info/self_define_shard_info.cc:104] CheckInputLayout] Use self define shard for SelfDefineShardInfo15391539. User needs to ensure the accuracy and correctness of input/output layout, and framework will only do basic check.
[WARNING] PARALLEL(223669,ffff87b75020,python):2026-09-11-20:50:23.353.424 [mindspore/ccsrc/frontend/parallel/ops_info/self_define_shard_info.cc:104] CheckInputLayout] Use self define shard for SelfDefineShardInfo15401540. User needs to ensure the accuracy and correctness of input/output layout, and framework will only do basic check.
[WARNING] PARALLEL(223669,ffff87b75020,python):2026-09-11-20:50:23.353.660 [mindspore/ccsrc/frontend/parallel/ops_info/self_define_shard_info.cc:104] CheckInputLayout] Use self define shard for SelfDefineShardInfo15411541. User needs to ensure the accuracy and correctness of input/output layout, and framework will only do basic check.
[WARNING] PARALLEL(223669,ffff87b75020,python):2026-09-11-20:50:23.353.916 [mindspore/ccsrc/frontend/parallel/ops_info/self_define_shard_info.cc:104] CheckInputLayout] Use self define shard for SelfDefineShardInfo15421542. User needs to ensure the accuracy and correctness of input/output layout, and framework will only do basic check.
[WARNING] PARALLEL(223669,ffff87b75020,python):2026-09-11-20:50:23.354.137 [mindspore/ccsrc/frontend/parallel/ops_info/self_define_shard_info.cc:104] CheckInputLayout] Use self define shard for SelfDefineShardInfo15431543. User needs to ensure the accuracy and correctness of input/output layout, and framework will only do basic check.
[WARNING] PARALLEL(223669,ffff87b75020,python):2026-09-11-20:50:23.354.390 [mindspore/ccsrc/frontend/parallel/ops_info/self_define_shard_info.cc:104] CheckInputLayout] Use self define shard for SelfDefineShardInfo15441544. User needs to ensure the accuracy and correctness of input/output layout, and framework will only do basic check.
[WARNING] PARALLEL(223669,ffff87b75020,python):2026-09-11-20:50:23.354.613 [mindspore/ccsrc/frontend/parallel/ops_info/self_define_shard_info.cc:104] CheckInputLayout] Use self define shard for SelfDefineShardInfo15451545. User needs to ensure the accuracy and correctness of input/output layout, and framework will only do basic check.
[WARNING] PARALLEL(223669,ffff87b75020,python):2026-09-11-20:50:23.354.860 [mindspore/ccsrc/frontend/parallel/ops_info/self_define_shard_info.cc:104] CheckInputLayout] Use self define shard for SelfDefineShardInfo15461546. User needs to ensure the accuracy and correctness of input/output layout, and framework will only do basic check.
[WARNING] PARALLEL(223669,ffff87b75020,python):2026-09-11-20:50:23.355.072 [mindspore/ccsrc/frontend/parallel/ops_info/self_define_shard_info.cc:104] CheckInputLayout] Use self define shard for SelfDefineShardInfo15471547. User needs to ensure the accuracy and correctness of input/output layout, and framework will only do basic check.
[WARNING] PARALLEL(223669,ffff87b75020,python):2026-09-11-20:50:23.355.313 [mindspore/ccsrc/frontend/parallel/ops_info/self_define_shard_info.cc:104] CheckInputLayout] Use self define shard for SelfDefineShardInfo15481548. User needs to ensure the accuracy and correctness of input/output layout, and framework will only do basic check.
[WARNING] PARALLEL(223669,ffff87b75020,python):2026-09-11-20:50:23.355.524 [mindspore/ccsrc/frontend/parallel/ops_info/self_define_shard_info.cc:104] CheckInputLayout] Use self define shard for SelfDefineShardInfo15491549. User needs to ensure the accuracy and correctness of input/output layout, and framework will only do basic check.
[WARNING] PARALLEL(223669,ffff87b75020,python):2026-09-11-20:50:23.355.767 [mindspore/ccsrc/frontend/parallel/ops_info/self_define_shard_info.cc:104] CheckInputLayout] Use self define shard for SelfDefineShardInfo15501550. User needs to ensure the accuracy and correctness of input/output layout, and framework will only do basic check.
[WARNING] PARALLEL(223669,ffff87b75020,python):2026-09-11-20:50:23.355.976 [mindspore/ccsrc/frontend/parallel/ops_info/self_define_shard_info.cc:104] CheckInputLayout] Use self define shard for SelfDefineShardInfo15511551. User needs to ensure the accuracy and correctness of input/output layout, and framework will only do basic check.
[WARNING] PARALLEL(223669,ffff87b75020,python):2026-09-11-20:50:23.356.211 [mindspore/ccsrc/frontend/parallel/ops_info/self_define_shard_info.cc:104] CheckInputLayout] Use self define shard for SelfDefineShardInfo15521552. User needs to ensure the accuracy and correctness of input/output layout, and framework will only do basic check.
[WARNING] PARALLEL(223669,ffff87b75020,python):2026-09-11-20:50:23.356.432 [mindspore/ccsrc/frontend/parallel/ops_info/self_define_shard_info.cc:104] CheckInputLayout] Use self define shard for SelfDefineShardInfo15531553. User needs to ensure the accuracy and correctness of input/output layout, and framework will only do basic check.
[WARNING] PARALLEL(223669,ffff87b75020,python):2026-09-11-20:50:23.356.676 [mindspore/ccsrc/frontend/parallel/ops_info/self_define_shard_info.cc:104] CheckInputLayout] Use self define shard for SelfDefineShardInfo15541554. User needs to ensure the accuracy and correctness of input/output layout, and framework will only do basic check.
[WARNING] PARALLEL(223669,ffff87b75020,python):2026-09-11-20:50:23.356.916 [mindspore/ccsrc/frontend/parallel/ops_info/self_define_shard_info.cc:104] CheckInputLayout] Use self define shard for SelfDefineShardInfo15551555. User needs to ensure the accuracy and correctness of input/output layout, and framework will only do basic check.
[WARNING] PARALLEL(223669,ffff87b75020,python):2026-09-11-20:50:23.357.159 [mindspore/ccsrc/frontend/parallel/ops_info/self_define_shard_info.cc:104] CheckInputLayout] Use self define shard for SelfDefineShardInfo15561556. User needs to ensure the accuracy and correctness of input/output layout, and framework will only do basic check.
[WARNING] PARALLEL(223669,ffff87b75020,python):2026-09-11-20:50:23.357.377 [mindspore/ccsrc/frontend/parallel/ops_info/self_define_shard_info.cc:104] CheckInputLayout] Use self define shard for SelfDefineShardInfo15571557. User needs to ensure the accuracy and correctness of input/output layout, and framework will only do basic check.
[WARNING] PARALLEL(223669,ffff87b75020,python):2026-09-11-20:50:23.357.623 [mindspore/ccsrc/frontend/parallel/ops_info/self_define_shard_info.cc:104] CheckInputLayout] Use self define shard for SelfDefineShardInfo15581558. User needs to ensure the accuracy and correctness of input/output layout, and framework will only do basic check.
[WARNING] PARALLEL(223669,ffff87b75020,python):2026-09-11-20:50:23.357.850 [mindspore/ccsrc/frontend/parallel/ops_info/self_define_shard_info.cc:104] CheckInputLayout] Use self define shard for SelfDefineShardInfo15591559. User needs to ensure the accuracy and correctness of input/output layout, and framework will only do basic check.
[WARNING] PARALLEL(223669,ffff87b75020,python):2026-09-11-20:50:23.358.108 [mindspore/ccsrc/frontend/parallel/ops_info/self_define_shard_info.cc:104] CheckInputLayout] Use self define shard for SelfDefineShardInfo15601560. User needs to ensure the accuracy and correctness of input/output layout, and framework will only do basic check.
[WARNING] PARALLEL(223669,ffff87b75020,python):2026-09-11-20:50:23.358.339 [mindspore/ccsrc/frontend/parallel/ops_info/self_define_shard_info.cc:104] CheckInputLayout] Use self define shard for SelfDefineShardInfo15611561. User needs to ensure the accuracy and correctness of input/output layout, and framework will only do basic check.
[WARNING] PARALLEL(223669,ffff87b75020,python):2026-09-11-20:50:23.358.578 [mindspore/ccsrc/frontend/parallel/ops_info/self_define_shard_info.cc:104] CheckInputLayout] Use self define shard for SelfDefineShardInfo15621562. User needs to ensure the accuracy and correctness of input/output layout, and framework will only do basic check.
[WARNING] PARALLEL(223669,ffff87b75020,python):2026-09-11-20:50:23.358.801 [mindspore/ccsrc/frontend/parallel/ops_info/self_define_shard_info.cc:104] CheckInputLayout] Use self define shard for SelfDefineShardInfo15631563. User needs to ensure the accuracy and correctness of input/output layout, and framework will only do basic check.
[WARNING] PARALLEL(223669,ffff87b75020,python):2026-09-11-20:50:23.359.059 [mindspore/ccsrc/frontend/parallel/ops_info/self_define_shard_info.cc:104] CheckInputLayout] Use self define shard for SelfDefineShardInfo15641564. User needs to ensure the accuracy and correctness of input/output layout, and framework will only do basic check.
[WARNING] PARALLEL(223669,ffff87b75020,python):2026-09-11-20:50:23.359.280 [mindspore/ccsrc/frontend/parallel/ops_info/self_define_shard_info.cc:104] CheckInputLayout] Use self define shard for SelfDefineShardInfo15651565. User needs to ensure the accuracy and correctness of input/output layout, and framework will only do basic check.
[WARNING] PARALLEL(223669,ffff87b75020,python):2026-09-11-20:50:23.359.540 [mindspore/ccsrc/frontend/parallel/ops_info/self_define_shard_info.cc:104] CheckInputLayout] Use self define shard for SelfDefineShardInfo15661566. User needs to ensure the accuracy and correctness of input/output layout, and framework will only do basic check.
[WARNING] PARALLEL(223669,ffff87b75020,python):2026-09-11-20:50:23.359.767 [mindspore/ccsrc/frontend/parallel/ops_info/self_define_shard_info.cc:104] CheckInputLayout] Use self define shard for SelfDefineShardInfo15671567. User needs to ensure the accuracy and correctness of input/output layout, and framework will only do basic check.
[WARNING] PARALLEL(223669,ffff87b75020,python):2026-09-11-20:50:23.360.013 [mindspore/ccsrc/frontend/parallel/ops_info/self_define_shard_info.cc:104] CheckInputLayout] Use self define shard for SelfDefineShardInfo15681568. User needs to ensure the accuracy and correctness of input/output layout, and framework will only do basic check.
[WARNING] PARALLEL(223669,ffff87b75020,python):2026-09-11-20:50:23.360.236 [mindspore/ccsrc/frontend/parallel/ops_info/self_define_shard_info.cc:104] CheckInputLayout] Use self define shard for SelfDefineShardInfo15691569. User needs to ensure the accuracy and correctness of input/output layout, and framework will only do basic check.
[WARNING] PARALLEL(223669,ffff87b75020,python):2026-09-11-20:50:23.360.489 [mindspore/ccsrc/frontend/parallel/ops_info/self_define_shard_info.cc:104] CheckInputLayout] Use self define shard for SelfDefineShardInfo15701570. User needs to ensure the accuracy and correctness of input/output layout, and framework will only do basic check.
[WARNING] PARALLEL(223669,ffff87b75020,python):2026-09-11-20:50:23.360.720 [mindspore/ccsrc/frontend/parallel/ops_info/self_define_shard_info.cc:104] CheckInputLayout] Use self define shard for SelfDefineShardInfo15711571. User needs to ensure the accuracy and correctness of input/output layout, and framework will only do basic check.
[WARNING] PARALLEL(223669,ffff87b75020,python):2026-09-11-20:50:23.360.970 [mindspore/ccsrc/frontend/parallel/ops_info/self_define_shard_info.cc:104] CheckInputLayout] Use self define shard for SelfDefineShardInfo15721572. User needs to ensure the accuracy and correctness of input/output layout, and framework will only do basic check.
[WARNING] PARALLEL(223669,ffff87b75020,python):2026-09-11-20:50:23.361.193 [mindspore/ccsrc/frontend/parallel/ops_info/self_define_shard_info.cc:104] CheckInputLayout] Use self define shard for SelfDefineShardInfo15731573. User needs to ensure the accuracy and correctness of input/output layout, and framework will only do basic check.
[WARNING] PARALLEL(223669,ffff87b75020,python):2026-09-11-20:50:23.361.437 [mindspore/ccsrc/frontend/parallel/ops_info/self_define_shard_info.cc:104] CheckInputLayout] Use self define shard for SelfDefineShardInfo15741574. User needs to ensure the accuracy and correctness of input/output layout, and framework will only do basic check.
[WARNING] PARALLEL(223669,ffff87b75020,python):2026-09-11-20:50:23.361.661 [mindspore/ccsrc/frontend/parallel/ops_info/self_define_shard_info.cc:104] CheckInputLayout] Use self define shard for SelfDefineShardInfo15751575. User needs to ensure the accuracy and correctness of input/output layout, and framework will only do basic check.
[WARNING] PARALLEL(223669,ffff87b75020,python):2026-09-11-20:50:23.361.910 [mindspore/ccsrc/frontend/parallel/ops_info/self_define_shard_info.cc:104] CheckInputLayout] Use self define shard for SelfDefineShardInfo15761576. User needs to ensure the accuracy and correctness of input/output layout, and framework will only do basic check.
[WARNING] PARALLEL(223669,ffff87b75020,python):2026-09-11-20:50:23.362.131 [mindspore/ccsrc/frontend/parallel/ops_info/self_define_shard_info.cc:104] CheckInputLayout] Use self define shard for SelfDefineShardInfo15771577. User needs to ensure the accuracy and correctness of input/output layout, and framework will only do basic check.
[WARNING] PARALLEL(223669,ffff87b75020,python):2026-09-11-20:50:23.362.401 [mindspore/ccsrc/frontend/parallel/ops_info/self_define_shard_info.cc:104] CheckInputLayout] Use self define shard for SelfDefineShardInfo15781578. User needs to ensure the accuracy and correctness of input/output layout, and framework will only do basic check.
[WARNING] PARALLEL(223669,ffff87b75020,python):2026-09-11-20:50:23.362.626 [mindspore/ccsrc/frontend/parallel/ops_info/self_define_shard_info.cc:104] CheckInputLayout] Use self define shard for SelfDefineShardInfo15791579. User needs to ensure the accuracy and correctness of input/output layout, and framework will only do basic check.
[WARNING] PARALLEL(223669,ffff87b75020,python):2026-09-11-20:50:23.362.869 [mindspore/ccsrc/frontend/parallel/ops_info/self_define_shard_info.cc:104] CheckInputLayout] Use self define shard for SelfDefineShardInfo15801580. User needs to ensure the accuracy and correctness of input/output layout, and framework will only do basic check.
[WARNING] PARALLEL(223669,ffff87b75020,python):2026-09-11-20:50:23.363.102 [mindspore/ccsrc/frontend/parallel/ops_info/self_define_shard_info.cc:104] CheckInputLayout] Use self define shard for SelfDefineShardInfo15811581. User needs to ensure the accuracy and correctness of input/output layout, and framework will only do basic check.
[WARNING] PARALLEL(223669,ffff87b75020,python):2026-09-11-20:50:23.363.350 [mindspore/ccsrc/frontend/parallel/ops_info/self_define_shard_info.cc:104] CheckInputLayout] Use self define shard for SelfDefineShardInfo15821582. User needs to ensure the accuracy and correctness of input/output layout, and framework will only do basic check.
[WARNING] PARALLEL(223669,ffff87b75020,python):2026-09-11-20:50:23.363.590 [mindspore/ccsrc/frontend/parallel/ops_info/self_define_shard_info.cc:104] CheckInputLayout] Use self define shard for SelfDefineShardInfo15831583. User needs to ensure the accuracy and correctness of input/output layout, and framework will only do basic check.
[WARNING] PARALLEL(223669,ffff87b75020,python):2026-09-11-20:50:23.363.841 [mindspore/ccsrc/frontend/parallel/ops_info/self_define_shard_info.cc:104] CheckInputLayout] Use self define shard for SelfDefineShardInfo15841584. User needs to ensure the accuracy and correctness of input/output layout, and framework will only do basic check.
[WARNING] PARALLEL(223669,ffff87b75020,python):2026-09-11-20:50:23.364.068 [mindspore/ccsrc/frontend/parallel/ops_info/self_define_shard_info.cc:104] CheckInputLayout] Use self define shard for SelfDefineShardInfo15851585. User needs to ensure the accuracy and correctness of input/output layout, and framework will only do basic check.
[WARNING] PARALLEL(223669,ffff87b75020,python):2026-09-11-20:50:23.364.308 [mindspore/ccsrc/frontend/parallel/ops_info/self_define_shard_info.cc:104] CheckInputLayout] Use self define shard for SelfDefineShardInfo15861586. User needs to ensure the accuracy and correctness of input/output layout, and framework will only do basic check.
[WARNING] PARALLEL(223669,ffff87b75020,python):2026-09-11-20:50:23.364.528 [mindspore/ccsrc/frontend/parallel/ops_info/self_define_shard_info.cc:104] CheckInputLayout] Use self define shard for SelfDefineShardInfo15871587. User needs to ensure the accuracy and correctness of input/output layout, and framework will only do basic check.
[WARNING] PARALLEL(223669,ffff87b75020,python):2026-09-11-20:50:23.364.797 [mindspore/ccsrc/frontend/parallel/ops_info/self_define_shard_info.cc:104] CheckInputLayout] Use self define shard for SelfDefineShardInfo15881588. User needs to ensure the accuracy and correctness of input/output layout, and framework will only do basic check.
[WARNING] PARALLEL(223669,ffff87b75020,python):2026-09-11-20:50:23.365.014 [mindspore/ccsrc/frontend/parallel/ops_info/self_define_shard_info.cc:104] CheckInputLayout] Use self define shard for SelfDefineShardInfo15891589. User needs to ensure the accuracy and correctness of input/output layout, and framework will only do basic check.
[WARNING] PARALLEL(223669,ffff87b75020,python):2026-09-11-20:50:23.365.272 [mindspore/ccsrc/frontend/parallel/ops_info/self_define_shard_info.cc:104] CheckInputLayout] Use self define shard for SelfDefineShardInfo15901590. User needs to ensure the accuracy and correctness of input/output layout, and framework will only do basic check.
[WARNING] PARALLEL(223669,ffff87b75020,python):2026-09-11-20:50:23.365.486 [mindspore/ccsrc/frontend/parallel/ops_info/self_define_shard_info.cc:104] CheckInputLayout] Use self define shard for SelfDefineShardInfo15911591. User needs to ensure the accuracy and correctness of input/output layout, and framework will only do basic check.
[WARNING] PARALLEL(223669,ffff87b75020,python):2026-09-11-20:50:23.365.724 [mindspore/ccsrc/frontend/parallel/ops_info/self_define_shard_info.cc:104] CheckInputLayout] Use self define shard for SelfDefineShardInfo15921592. User needs to ensure the accuracy and correctness of input/output layout, and framework will only do basic check.
[WARNING] PARALLEL(223669,ffff87b75020,python):2026-09-11-20:50:23.365.956 [mindspore/ccsrc/frontend/parallel/ops_info/self_define_shard_info.cc:104] CheckInputLayout] Use self define shard for SelfDefineShardInfo15931593. User needs to ensure the accuracy and correctness of input/output layout, and framework will only do basic check.
[WARNING] PARALLEL(223669,ffff87b75020,python):2026-09-11-20:50:23.366.194 [mindspore/ccsrc/frontend/parallel/ops_info/self_define_shard_info.cc:104] CheckInputLayout] Use self define shard for SelfDefineShardInfo15941594. User needs to ensure the accuracy and correctness of input/output layout, and framework will only do basic check.
[WARNING] PARALLEL(223669,ffff87b75020,python):2026-09-11-20:50:23.366.421 [mindspore/ccsrc/frontend/parallel/ops_info/self_define_shard_info.cc:104] CheckInputLayout] Use self define shard for SelfDefineShardInfo15951595. User needs to ensure the accuracy and correctness of input/output layout, and framework will only do basic check.
[WARNING] PARALLEL(223669,ffff87b75020,python):2026-09-11-20:50:23.366.665 [mindspore/ccsrc/frontend/parallel/ops_info/self_define_shard_info.cc:104] CheckInputLayout] Use self define shard for SelfDefineShardInfo15961596. User needs to ensure the accuracy and correctness of input/output layout, and framework will only do basic check.
[WARNING] PARALLEL(223669,ffff87b75020,python):2026-09-11-20:50:23.366.877 [mindspore/ccsrc/frontend/parallel/ops_info/self_define_shard_info.cc:104] CheckInputLayout] Use self define shard for SelfDefineShardInfo15971597. User needs to ensure the accuracy and correctness of input/output layout, and framework will only do basic check.
[WARNING] PARALLEL(223669,ffff87b75020,python):2026-09-11-20:50:23.367.137 [mindspore/ccsrc/frontend/parallel/ops_info/self_define_shard_info.cc:104] CheckInputLayout] Use self define shard for SelfDefineShardInfo15981598. User needs to ensure the accuracy and correctness of input/output layout, and framework will only do basic check.
[WARNING] PARALLEL(223669,ffff87b75020,python):2026-09-11-20:50:23.367.358 [mindspore/ccsrc/frontend/parallel/ops_info/self_define_shard_info.cc:104] CheckInputLayout] Use self define shard for SelfDefineShardInfo15991599. User needs to ensure the accuracy and correctness of input/output layout, and framework will only do basic check.
[WARNING] PARALLEL(223669,ffff87b75020,python):2026-09-11-20:50:23.367.603 [mindspore/ccsrc/frontend/parallel/ops_info/self_define_shard_info.cc:104] CheckInputLayout] Use self define shard for SelfDefineShardInfo16001600. User needs to ensure the accuracy and correctness of input/output layout, and framework will only do basic check.
[WARNING] PARALLEL(223669,ffff87b75020,python):2026-09-11-20:50:23.367.833 [mindspore/ccsrc/frontend/parallel/ops_info/self_define_shard_info.cc:104] CheckInputLayout] Use self define shard for SelfDefineShardInfo16011601. User needs to ensure the accuracy and correctness of input/output layout, and framework will only do basic check.
[WARNING] PARALLEL(223669,ffff87b75020,python):2026-09-11-20:50:23.368.090 [mindspore/ccsrc/frontend/parallel/ops_info/self_define_shard_info.cc:104] CheckInputLayout] Use self define shard for SelfDefineShardInfo16021602. User needs to ensure the accuracy and correctness of input/output layout, and framework will only do basic check.
[WARNING] PARALLEL(223669,ffff87b75020,python):2026-09-11-20:50:23.368.321 [mindspore/ccsrc/frontend/parallel/ops_info/self_define_shard_info.cc:104] CheckInputLayout] Use self define shard for SelfDefineShardInfo16031603. User needs to ensure the accuracy and correctness of input/output layout, and framework will only do basic check.
[WARNING] PARALLEL(223669,ffff87b75020,python):2026-09-11-20:50:23.368.577 [mindspore/ccsrc/frontend/parallel/ops_info/self_define_shard_info.cc:104] CheckInputLayout] Use self define shard for SelfDefineShardInfo16041604. User needs to ensure the accuracy and correctness of input/output layout, and framework will only do basic check.
[WARNING] PARALLEL(223669,ffff87b75020,python):2026-09-11-20:50:23.368.818 [mindspore/ccsrc/frontend/parallel/ops_info/self_define_shard_info.cc:104] CheckInputLayout] Use self define shard for SelfDefineShardInfo16051605. User needs to ensure the accuracy and correctness of input/output layout, and framework will only do basic check.
[WARNING] PARALLEL(223669,ffff87b75020,python):2026-09-11-20:50:23.369.072 [mindspore/ccsrc/frontend/parallel/ops_info/self_define_shard_info.cc:104] CheckInputLayout] Use self define shard for SelfDefineShardInfo16061606. User needs to ensure the accuracy and correctness of input/output layout, and framework will only do basic check.
[WARNING] PARALLEL(223669,ffff87b75020,python):2026-09-11-20:50:23.369.297 [mindspore/ccsrc/frontend/parallel/ops_info/self_define_shard_info.cc:104] CheckInputLayout] Use self define shard for SelfDefineShardInfo16071607. User needs to ensure the accuracy and correctness of input/output layout, and framework will only do basic check.
[WARNING] PARALLEL(223669,ffff87b75020,python):2026-09-11-20:50:23.369.561 [mindspore/ccsrc/frontend/parallel/ops_info/self_define_shard_info.cc:104] CheckInputLayout] Use self define shard for SelfDefineShardInfo16081608. User needs to ensure the accuracy and correctness of input/output layout, and framework will only do basic check.
[WARNING] PARALLEL(223669,ffff87b75020,python):2026-09-11-20:50:23.369.785 [mindspore/ccsrc/frontend/parallel/ops_info/self_define_shard_info.cc:104] CheckInputLayout] Use self define shard for SelfDefineShardInfo16091609. User needs to ensure the accuracy and correctness of input/output layout, and framework will only do basic check.
[WARNING] PARALLEL(223669,ffff87b75020,python):2026-09-11-20:50:23.370.060 [mindspore/ccsrc/frontend/parallel/ops_info/self_define_shard_info.cc:104] CheckInputLayout] Use self define shard for SelfDefineShardInfo16101610. User needs to ensure the accuracy and correctness of input/output layout, and framework will only do basic check.
[WARNING] PARALLEL(223669,ffff87b75020,python):2026-09-11-20:50:23.370.307 [mindspore/ccsrc/frontend/parallel/ops_info/self_define_shard_info.cc:104] CheckInputLayout] Use self define shard for SelfDefineShardInfo16111611. User needs to ensure the accuracy and correctness of input/output layout, and framework will only do basic check.
[WARNING] PARALLEL(223669,ffff87b75020,python):2026-09-11-20:50:23.370.571 [mindspore/ccsrc/frontend/parallel/ops_info/self_define_shard_info.cc:104] CheckInputLayout] Use self define shard for SelfDefineShardInfo16121612. User needs to ensure the accuracy and correctness of input/output layout, and framework will only do basic check.
[WARNING] PARALLEL(223669,ffff87b75020,python):2026-09-11-20:50:23.370.794 [mindspore/ccsrc/frontend/parallel/ops_info/self_define_shard_info.cc:104] CheckInputLayout] Use self define shard for SelfDefineShardInfo16131613. User needs to ensure the accuracy and correctness of input/output layout, and framework will only do basic check.
[WARNING] PARALLEL(223669,ffff87b75020,python):2026-09-11-20:50:23.370.990 [mindspore/ccsrc/frontend/parallel/ops_info/self_define_shard_info.cc:104] CheckInputLayout] Use self define shard for SelfDefineShardInfo16141614. User needs to ensure the accuracy and correctness of input/output layout, and framework will only do basic check.
[WARNING] PARALLEL(223669,ffff87b75020,python):2026-09-11-20:50:23.391.491 [mindspore/ccsrc/frontend/parallel/parallel_preprocessor.cc:1249] InitReshapeOpInfo] FindNextLayout for recompute_Default/network-MFTrainOneStepCell/network-_VirtualDatasetCell/_backbone-DataOrderWrapperCell/network-TrainingQwen3ForCausalLM/model-GPTModel/decoder-TransformerBlock/layers-CellList/35-TransformerLayer/self_attention-SelfAttention/Reshape-op0 return nullptr, and is_next_reshape is 1. If reshape is not the last primitive, there must be some error.
[WARNING] PARALLEL(223669,ffff87b75020,python):2026-09-11-20:50:23.392.971 [mindspore/ccsrc/frontend/parallel/parallel_preprocessor.cc:1249] InitReshapeOpInfo] FindNextLayout for recompute_Default/network-MFTrainOneStepCell/network-_VirtualDatasetCell/_backbone-DataOrderWrapperCell/network-TrainingQwen3ForCausalLM/model-GPTModel/decoder-TransformerBlock/layers-CellList/34-TransformerLayer/self_attention-SelfAttention/Reshape-op0 return nullptr, and is_next_reshape is 1. If reshape is not the last primitive, there must be some error.
[WARNING] PARALLEL(223669,ffff87b75020,python):2026-09-11-20:50:23.394.339 [mindspore/ccsrc/frontend/parallel/parallel_preprocessor.cc:1249] InitReshapeOpInfo] FindNextLayout for recompute_Default/network-MFTrainOneStepCell/network-_VirtualDatasetCell/_backbone-DataOrderWrapperCell/network-TrainingQwen3ForCausalLM/model-GPTModel/decoder-TransformerBlock/layers-CellList/33-TransformerLayer/self_attention-SelfAttention/Reshape-op0 return nullptr, and is_next_reshape is 1. If reshape is not the last primitive, there must be some error.
[WARNING] PARALLEL(223669,ffff87b75020,python):2026-09-11-20:50:23.395.691 [mindspore/ccsrc/frontend/parallel/parallel_preprocessor.cc:1249] InitReshapeOpInfo] FindNextLayout for recompute_Default/network-MFTrainOneStepCell/network-_VirtualDatasetCell/_backbone-DataOrderWrapperCell/network-TrainingQwen3ForCausalLM/model-GPTModel/decoder-TransformerBlock/layers-CellList/32-TransformerLayer/self_attention-SelfAttention/Reshape-op0 return nullptr, and is_next_reshape is 1. If reshape is not the last primitive, there must be some error.
[WARNING] PARALLEL(223669,ffff87b75020,python):2026-09-11-20:50:23.397.060 [mindspore/ccsrc/frontend/parallel/parallel_preprocessor.cc:1249] InitReshapeOpInfo] FindNextLayout for recompute_Default/network-MFTrainOneStepCell/network-_VirtualDatasetCell/_backbone-DataOrderWrapperCell/network-TrainingQwen3ForCausalLM/model-GPTModel/decoder-TransformerBlock/layers-CellList/31-TransformerLayer/self_attention-SelfAttention/Reshape-op0 return nullptr, and is_next_reshape is 1. If reshape is not the last primitive, there must be some error.
[WARNING] PARALLEL(223669,ffff87b75020,python):2026-09-11-20:50:23.398.426 [mindspore/ccsrc/frontend/parallel/parallel_preprocessor.cc:1249] InitReshapeOpInfo] FindNextLayout for recompute_Default/network-MFTrainOneStepCell/network-_VirtualDatasetCell/_backbone-DataOrderWrapperCell/network-TrainingQwen3ForCausalLM/model-GPTModel/decoder-TransformerBlock/layers-CellList/30-TransformerLayer/self_attention-SelfAttention/Reshape-op0 return nullptr, and is_next_reshape is 1. If reshape is not the last primitive, there must be some error.
[WARNING] PARALLEL(223669,ffff87b75020,python):2026-09-11-20:50:23.399.773 [mindspore/ccsrc/frontend/parallel/parallel_preprocessor.cc:1249] InitReshapeOpInfo] FindNextLayout for recompute_Default/network-MFTrainOneStepCell/network-_VirtualDatasetCell/_backbone-DataOrderWrapperCell/network-TrainingQwen3ForCausalLM/model-GPTModel/decoder-TransformerBlock/layers-CellList/29-TransformerLayer/self_attention-SelfAttention/Reshape-op0 return nullptr, and is_next_reshape is 1. If reshape is not the last primitive, there must be some error.
[WARNING] PARALLEL(223669,ffff87b75020,python):2026-09-11-20:50:23.401.117 [mindspore/ccsrc/frontend/parallel/parallel_preprocessor.cc:1249] InitReshapeOpInfo] FindNextLayout for recompute_Default/network-MFTrainOneStepCell/network-_VirtualDatasetCell/_backbone-DataOrderWrapperCell/network-TrainingQwen3ForCausalLM/model-GPTModel/decoder-TransformerBlock/layers-CellList/28-TransformerLayer/self_attention-SelfAttention/Reshape-op0 return nullptr, and is_next_reshape is 1. If reshape is not the last primitive, there must be some error.
[WARNING] PARALLEL(223669,ffff87b75020,python):2026-09-11-20:50:23.402.479 [mindspore/ccsrc/frontend/parallel/parallel_preprocessor.cc:1249] InitReshapeOpInfo] FindNextLayout for recompute_Default/network-MFTrainOneStepCell/network-_VirtualDatasetCell/_backbone-DataOrderWrapperCell/network-TrainingQwen3ForCausalLM/model-GPTModel/decoder-TransformerBlock/layers-CellList/27-TransformerLayer/self_attention-SelfAttention/Reshape-op0 return nullptr, and is_next_reshape is 1. If reshape is not the last primitive, there must be some error.
[WARNING] PARALLEL(223669,ffff87b75020,python):2026-09-11-20:50:23.403.807 [mindspore/ccsrc/frontend/parallel/parallel_preprocessor.cc:1249] InitReshapeOpInfo] FindNextLayout for recompute_Default/network-MFTrainOneStepCell/network-_VirtualDatasetCell/_backbone-DataOrderWrapperCell/network-TrainingQwen3ForCausalLM/model-GPTModel/decoder-TransformerBlock/layers-CellList/26-TransformerLayer/self_attention-SelfAttention/Reshape-op0 return nullptr, and is_next_reshape is 1. If reshape is not the last primitive, there must be some error.
[WARNING] PARALLEL(223669,ffff87b75020,python):2026-09-11-20:50:23.405.147 [mindspore/ccsrc/frontend/parallel/parallel_preprocessor.cc:1249] InitReshapeOpInfo] FindNextLayout for recompute_Default/network-MFTrainOneStepCell/network-_VirtualDatasetCell/_backbone-DataOrderWrapperCell/network-TrainingQwen3ForCausalLM/model-GPTModel/decoder-TransformerBlock/layers-CellList/25-TransformerLayer/self_attention-SelfAttention/Reshape-op0 return nullptr, and is_next_reshape is 1. If reshape is not the last primitive, there must be some error.
[WARNING] PARALLEL(223669,ffff87b75020,python):2026-09-11-20:50:23.406.476 [mindspore/ccsrc/frontend/parallel/parallel_preprocessor.cc:1249] InitReshapeOpInfo] FindNextLayout for recompute_Default/network-MFTrainOneStepCell/network-_VirtualDatasetCell/_backbone-DataOrderWrapperCell/network-TrainingQwen3ForCausalLM/model-GPTModel/decoder-TransformerBlock/layers-CellList/24-TransformerLayer/self_attention-SelfAttention/Reshape-op0 return nullptr, and is_next_reshape is 1. If reshape is not the last primitive, there must be some error.
[WARNING] PARALLEL(223669,ffff87b75020,python):2026-09-11-20:50:23.407.799 [mindspore/ccsrc/frontend/parallel/parallel_preprocessor.cc:1249] InitReshapeOpInfo] FindNextLayout for recompute_Default/network-MFTrainOneStepCell/network-_VirtualDatasetCell/_backbone-DataOrderWrapperCell/network-TrainingQwen3ForCausalLM/model-GPTModel/decoder-TransformerBlock/layers-CellList/23-TransformerLayer/self_attention-SelfAttention/Reshape-op0 return nullptr, and is_next_reshape is 1. If reshape is not the last primitive, there must be some error.
[WARNING] PARALLEL(223669,ffff87b75020,python):2026-09-11-20:50:23.409.136 [mindspore/ccsrc/frontend/parallel/parallel_preprocessor.cc:1249] InitReshapeOpInfo] FindNextLayout for recompute_Default/network-MFTrainOneStepCell/network-_VirtualDatasetCell/_backbone-DataOrderWrapperCell/network-TrainingQwen3ForCausalLM/model-GPTModel/decoder-TransformerBlock/layers-CellList/22-TransformerLayer/self_attention-SelfAttention/Reshape-op0 return nullptr, and is_next_reshape is 1. If reshape is not the last primitive, there must be some error.
[WARNING] PARALLEL(223669,ffff87b75020,python):2026-09-11-20:50:23.410.478 [mindspore/ccsrc/frontend/parallel/parallel_preprocessor.cc:1249] InitReshapeOpInfo] FindNextLayout for recompute_Default/network-MFTrainOneStepCell/network-_VirtualDatasetCell/_backbone-DataOrderWrapperCell/network-TrainingQwen3ForCausalLM/model-GPTModel/decoder-TransformerBlock/layers-CellList/21-TransformerLayer/self_attention-SelfAttention/Reshape-op0 return nullptr, and is_next_reshape is 1. If reshape is not the last primitive, there must be some error.
[WARNING] PARALLEL(223669,ffff87b75020,python):2026-09-11-20:50:23.411.771 [mindspore/ccsrc/frontend/parallel/parallel_preprocessor.cc:1249] InitReshapeOpInfo] FindNextLayout for recompute_Default/network-MFTrainOneStepCell/network-_VirtualDatasetCell/_backbone-DataOrderWrapperCell/network-TrainingQwen3ForCausalLM/model-GPTModel/decoder-TransformerBlock/layers-CellList/20-TransformerLayer/self_attention-SelfAttention/Reshape-op0 return nullptr, and is_next_reshape is 1. If reshape is not the last primitive, there must be some error.
[WARNING] PARALLEL(223669,ffff87b75020,python):2026-09-11-20:50:23.413.116 [mindspore/ccsrc/frontend/parallel/parallel_preprocessor.cc:1249] InitReshapeOpInfo] FindNextLayout for recompute_Default/network-MFTrainOneStepCell/network-_VirtualDatasetCell/_backbone-DataOrderWrapperCell/network-TrainingQwen3ForCausalLM/model-GPTModel/decoder-TransformerBlock/layers-CellList/19-TransformerLayer/self_attention-SelfAttention/Reshape-op0 return nullptr, and is_next_reshape is 1. If reshape is not the last primitive, there must be some error.
[WARNING] PARALLEL(223669,ffff87b75020,python):2026-09-11-20:50:23.414.426 [mindspore/ccsrc/frontend/parallel/parallel_preprocessor.cc:1249] InitReshapeOpInfo] FindNextLayout for recompute_Default/network-MFTrainOneStepCell/network-_VirtualDatasetCell/_backbone-DataOrderWrapperCell/network-TrainingQwen3ForCausalLM/model-GPTModel/decoder-TransformerBlock/layers-CellList/18-TransformerLayer/self_attention-SelfAttention/Reshape-op0 return nullptr, and is_next_reshape is 1. If reshape is not the last primitive, there must be some error.
[WARNING] PARALLEL(223669,ffff87b75020,python):2026-09-11-20:50:23.415.708 [mindspore/ccsrc/frontend/parallel/parallel_preprocessor.cc:1249] InitReshapeOpInfo] FindNextLayout for recompute_Default/network-MFTrainOneStepCell/network-_VirtualDatasetCell/_backbone-DataOrderWrapperCell/network-TrainingQwen3ForCausalLM/model-GPTModel/decoder-TransformerBlock/layers-CellList/17-TransformerLayer/self_attention-SelfAttention/Reshape-op0 return nullptr, and is_next_reshape is 1. If reshape is not the last primitive, there must be some error.
[WARNING] PARALLEL(223669,ffff87b75020,python):2026-09-11-20:50:23.417.013 [mindspore/ccsrc/frontend/parallel/parallel_preprocessor.cc:1249] InitReshapeOpInfo] FindNextLayout for recompute_Default/network-MFTrainOneStepCell/network-_VirtualDatasetCell/_backbone-DataOrderWrapperCell/network-TrainingQwen3ForCausalLM/model-GPTModel/decoder-TransformerBlock/layers-CellList/16-TransformerLayer/self_attention-SelfAttention/Reshape-op0 return nullptr, and is_next_reshape is 1. If reshape is not the last primitive, there must be some error.
[WARNING] PARALLEL(223669,ffff87b75020,python):2026-09-11-20:50:23.418.284 [mindspore/ccsrc/frontend/parallel/parallel_preprocessor.cc:1249] InitReshapeOpInfo] FindNextLayout for recompute_Default/network-MFTrainOneStepCell/network-_VirtualDatasetCell/_backbone-DataOrderWrapperCell/network-TrainingQwen3ForCausalLM/model-GPTModel/decoder-TransformerBlock/layers-CellList/15-TransformerLayer/self_attention-SelfAttention/Reshape-op0 return nullptr, and is_next_reshape is 1. If reshape is not the last primitive, there must be some error.
[WARNING] PARALLEL(223669,ffff87b75020,python):2026-09-11-20:50:23.419.549 [mindspore/ccsrc/frontend/parallel/parallel_preprocessor.cc:1249] InitReshapeOpInfo] FindNextLayout for recompute_Default/network-MFTrainOneStepCell/network-_VirtualDatasetCell/_backbone-DataOrderWrapperCell/network-TrainingQwen3ForCausalLM/model-GPTModel/decoder-TransformerBlock/layers-CellList/14-TransformerLayer/self_attention-SelfAttention/Reshape-op0 return nullptr, and is_next_reshape is 1. If reshape is not the last primitive, there must be some error.
[WARNING] PARALLEL(223669,ffff87b75020,python):2026-09-11-20:50:23.420.826 [mindspore/ccsrc/frontend/parallel/parallel_preprocessor.cc:1249] InitReshapeOpInfo] FindNextLayout for recompute_Default/network-MFTrainOneStepCell/network-_VirtualDatasetCell/_backbone-DataOrderWrapperCell/network-TrainingQwen3ForCausalLM/model-GPTModel/decoder-TransformerBlock/layers-CellList/13-TransformerLayer/self_attention-SelfAttention/Reshape-op0 return nullptr, and is_next_reshape is 1. If reshape is not the last primitive, there must be some error.
[WARNING] PARALLEL(223669,ffff87b75020,python):2026-09-11-20:50:23.422.048 [mindspore/ccsrc/frontend/parallel/parallel_preprocessor.cc:1249] InitReshapeOpInfo] FindNextLayout for recompute_Default/network-MFTrainOneStepCell/network-_VirtualDatasetCell/_backbone-DataOrderWrapperCell/network-TrainingQwen3ForCausalLM/model-GPTModel/decoder-TransformerBlock/layers-CellList/12-TransformerLayer/self_attention-SelfAttention/Reshape-op0 return nullptr, and is_next_reshape is 1. If reshape is not the last primitive, there must be some error.
[WARNING] PARALLEL(223669,ffff87b75020,python):2026-09-11-20:50:23.423.146 [mindspore/ccsrc/frontend/parallel/parallel_preprocessor.cc:1249] InitReshapeOpInfo] FindNextLayout for recompute_Default/network-MFTrainOneStepCell/network-_VirtualDatasetCell/_backbone-DataOrderWrapperCell/network-TrainingQwen3ForCausalLM/model-GPTModel/decoder-TransformerBlock/layers-CellList/11-TransformerLayer/self_attention-SelfAttention/Reshape-op0 return nullptr, and is_next_reshape is 1. If reshape is not the last primitive, there must be some error.
[WARNING] PARALLEL(223669,ffff87b75020,python):2026-09-11-20:50:23.424.250 [mindspore/ccsrc/frontend/parallel/parallel_preprocessor.cc:1249] InitReshapeOpInfo] FindNextLayout for recompute_Default/network-MFTrainOneStepCell/network-_VirtualDatasetCell/_backbone-DataOrderWrapperCell/network-TrainingQwen3ForCausalLM/model-GPTModel/decoder-TransformerBlock/layers-CellList/10-TransformerLayer/self_attention-SelfAttention/Reshape-op0 return nullptr, and is_next_reshape is 1. If reshape is not the last primitive, there must be some error.
[WARNING] PARALLEL(223669,ffff87b75020,python):2026-09-11-20:50:23.425.360 [mindspore/ccsrc/frontend/parallel/parallel_preprocessor.cc:1249] InitReshapeOpInfo] FindNextLayout for recompute_Default/network-MFTrainOneStepCell/network-_VirtualDatasetCell/_backbone-DataOrderWrapperCell/network-TrainingQwen3ForCausalLM/model-GPTModel/decoder-TransformerBlock/layers-CellList/9-TransformerLayer/self_attention-SelfAttention/Reshape-op0 return nullptr, and is_next_reshape is 1. If reshape is not the last primitive, there must be some error.
[WARNING] PARALLEL(223669,ffff87b75020,python):2026-09-11-20:50:23.426.461 [mindspore/ccsrc/frontend/parallel/parallel_preprocessor.cc:1249] InitReshapeOpInfo] FindNextLayout for recompute_Default/network-MFTrainOneStepCell/network-_VirtualDatasetCell/_backbone-DataOrderWrapperCell/network-TrainingQwen3ForCausalLM/model-GPTModel/decoder-TransformerBlock/layers-CellList/8-TransformerLayer/self_attention-SelfAttention/Reshape-op0 return nullptr, and is_next_reshape is 1. If reshape is not the last primitive, there must be some error.
[WARNING] PARALLEL(223669,ffff87b75020,python):2026-09-11-20:50:23.427.542 [mindspore/ccsrc/frontend/parallel/parallel_preprocessor.cc:1249] InitReshapeOpInfo] FindNextLayout for recompute_Default/network-MFTrainOneStepCell/network-_VirtualDatasetCell/_backbone-DataOrderWrapperCell/network-TrainingQwen3ForCausalLM/model-GPTModel/decoder-TransformerBlock/layers-CellList/7-TransformerLayer/self_attention-SelfAttention/Reshape-op0 return nullptr, and is_next_reshape is 1. If reshape is not the last primitive, there must be some error.
[WARNING] PARALLEL(223669,ffff87b75020,python):2026-09-11-20:50:23.428.642 [mindspore/ccsrc/frontend/parallel/parallel_preprocessor.cc:1249] InitReshapeOpInfo] FindNextLayout for recompute_Default/network-MFTrainOneStepCell/network-_VirtualDatasetCell/_backbone-DataOrderWrapperCell/network-TrainingQwen3ForCausalLM/model-GPTModel/decoder-TransformerBlock/layers-CellList/6-TransformerLayer/self_attention-SelfAttention/Reshape-op0 return nullptr, and is_next_reshape is 1. If reshape is not the last primitive, there must be some error.
[WARNING] PARALLEL(223669,ffff87b75020,python):2026-09-11-20:50:23.429.760 [mindspore/ccsrc/frontend/parallel/parallel_preprocessor.cc:1249] InitReshapeOpInfo] FindNextLayout for recompute_Default/network-MFTrainOneStepCell/network-_VirtualDatasetCell/_backbone-DataOrderWrapperCell/network-TrainingQwen3ForCausalLM/model-GPTModel/decoder-TransformerBlock/layers-CellList/5-TransformerLayer/self_attention-SelfAttention/Reshape-op0 return nullptr, and is_next_reshape is 1. If reshape is not the last primitive, there must be some error.
[WARNING] PARALLEL(223669,ffff87b75020,python):2026-09-11-20:50:23.430.844 [mindspore/ccsrc/frontend/parallel/parallel_preprocessor.cc:1249] InitReshapeOpInfo] FindNextLayout for recompute_Default/network-MFTrainOneStepCell/network-_VirtualDatasetCell/_backbone-DataOrderWrapperCell/network-TrainingQwen3ForCausalLM/model-GPTModel/decoder-TransformerBlock/layers-CellList/4-TransformerLayer/self_attention-SelfAttention/Reshape-op0 return nullptr, and is_next_reshape is 1. If reshape is not the last primitive, there must be some error.
[WARNING] PARALLEL(223669,ffff87b75020,python):2026-09-11-20:50:23.431.947 [mindspore/ccsrc/frontend/parallel/parallel_preprocessor.cc:1249] InitReshapeOpInfo] FindNextLayout for recompute_Default/network-MFTrainOneStepCell/network-_VirtualDatasetCell/_backbone-DataOrderWrapperCell/network-TrainingQwen3ForCausalLM/model-GPTModel/decoder-TransformerBlock/layers-CellList/3-TransformerLayer/self_attention-SelfAttention/Reshape-op0 return nullptr, and is_next_reshape is 1. If reshape is not the last primitive, there must be some error.
[WARNING] PARALLEL(223669,ffff87b75020,python):2026-09-11-20:50:23.433.051 [mindspore/ccsrc/frontend/parallel/parallel_preprocessor.cc:1249] InitReshapeOpInfo] FindNextLayout for recompute_Default/network-MFTrainOneStepCell/network-_VirtualDatasetCell/_backbone-DataOrderWrapperCell/network-TrainingQwen3ForCausalLM/model-GPTModel/decoder-TransformerBlock/layers-CellList/2-TransformerLayer/self_attention-SelfAttention/Reshape-op0 return nullptr, and is_next_reshape is 1. If reshape is not the last primitive, there must be some error.
[WARNING] PARALLEL(223669,ffff87b75020,python):2026-09-11-20:50:23.434.164 [mindspore/ccsrc/frontend/parallel/parallel_preprocessor.cc:1249] InitReshapeOpInfo] FindNextLayout for recompute_Default/network-MFTrainOneStepCell/network-_VirtualDatasetCell/_backbone-DataOrderWrapperCell/network-TrainingQwen3ForCausalLM/model-GPTModel/decoder-TransformerBlock/layers-CellList/1-TransformerLayer/self_attention-SelfAttention/Reshape-op0 return nullptr, and is_next_reshape is 1. If reshape is not the last primitive, there must be some error.
[WARNING] PARALLEL(223669,ffff87b75020,python):2026-09-11-20:50:23.435.376 [mindspore/ccsrc/frontend/parallel/parallel_preprocessor.cc:1249] InitReshapeOpInfo] FindNextLayout for recompute_Default/network-MFTrainOneStepCell/network-_VirtualDatasetCell/_backbone-DataOrderWrapperCell/network-TrainingQwen3ForCausalLM/model-GPTModel/decoder-TransformerBlock/layers-CellList/0-TransformerLayer/self_attention-SelfAttention/Reshape-op0 return nullptr, and is_next_reshape is 1. If reshape is not the last primitive, there must be some error.
2026-09-11 20:52:24,165 - mindformers/models/npu_nvme_exp/user7-stack/qwen3-v13-replay-001/training/log[mindformers/checkpoint/utils.py:456] - INFO - Time spent compiling the model: 163.59 seconds
2026-09-11 20:52:25,859 - mindformers/models/npu_nvme_exp/user7-stack/qwen3-v13-replay-001/training/log[mindformers/utils/load_checkpoint_utils.py:613] - INFO - merge dst strategy in parallel mode.
2026-09-11 20:52:26,550 - mindformers/models/npu_nvme_exp/user7-stack/qwen3-v13-replay-001/training/log[mindformers/utils/load_checkpoint_utils.py:618] - INFO - merge dst strategy finished.
2026-09-11 20:52:26,568 - mindformers/models/npu_nvme_exp/user7-stack/qwen3-v13-replay-001/training/log[mindformers/utils/load_checkpoint_utils.py:413] - INFO - ......Start load distributed checkpoint to model......
0.1%|----------------------------------------|[00:00:00<00:00:00]0.2%|----------------------------------------|[00:00:00<00:00:00]0.3%|----------------------------------------|[00:00:00<00:00:04]0.5%|----------------------------------------|[00:00:00<00:00:04]0.6%|----------------------------------------|[00:00:00<00:00:03]0.7%|----------------------------------------|[00:00:00<00:00:02]0.8%|----------------------------------------|[00:00:00<00:00:02]0.9%|----------------------------------------|[00:00:00<00:00:03]1.0%|----------------------------------------|[00:00:00<00:00:02]1.1%|----------------------------------------|[00:00:00<00:00:02]1.3%|----------------------------------------|[00:00:00<00:00:03]1.4%|----------------------------------------|[00:00:00<00:00:04]1.5%|----------------------------------------|[00:00:00<00:00:04]1.6%|----------------------------------------|[00:00:00<00:00:04]1.7%|----------------------------------------|[00:00:00<00:00:03]1.8%|----------------------------------------|[00:00:00<00:00:03]1.9%|----------------------------------------|[00:00:00<00:00:03]2.1%|----------------------------------------|[00:00:00<00:00:04]2.2%|----------------------------------------|[00:00:00<00:00:03]2.3%|----------------------------------------|[00:00:00<00:00:03]2.4%|----------------------------------------|[00:00:00<00:00:03]2.5%|█---------------------------------------|[00:00:00<00:00:03]2.6%|█---------------------------------------|[00:00:00<00:00:03]2.7%|█---------------------------------------|[00:00:00<00:00:03]2.9%|█---------------------------------------|[00:00:00<00:00:03]3.0%|█---------------------------------------|[00:00:00<00:00:03]3.1%|█---------------------------------------|[00:00:00<00:00:03]3.2%|█---------------------------------------|[00:00:00<00:00:03]3.3%|█---------------------------------------|[00:00:00<00:00:03]3.4%|█---------------------------------------|[00:00:00<00:00:02]3.6%|█---------------------------------------|[00:00:00<00:00:02]3.7%|█---------------------------------------|[00:00:00<00:00:02]3.8%|█---------------------------------------|[00:00:00<00:00:02]3.9%|█---------------------------------------|[00:00:00<00:00:02]4.0%|█---------------------------------------|[00:00:00<00:00:02]4.1%|█---------------------------------------|[00:00:00<00:00:02]4.2%|█---------------------------------------|[00:00:00<00:00:02]4.4%|█---------------------------------------|[00:00:00<00:00:02]4.5%|█---------------------------------------|[00:00:00<00:00:02]4.6%|█---------------------------------------|[00:00:00<00:00:02]4.7%|█---------------------------------------|[00:00:00<00:00:02]4.8%|█---------------------------------------|[00:00:00<00:00:02]4.9%|█---------------------------------------|[00:00:00<00:00:02]5.0%|██--------------------------------------|[00:00:00<00:00:02]5.2%|██--------------------------------------|[00:00:00<00:00:02]5.3%|██--------------------------------------|[00:00:00<00:00:02]5.4%|██--------------------------------------|[00:00:00<00:00:02]5.5%|██--------------------------------------|[00:00:00<00:00:02]5.6%|██--------------------------------------|[00:00:00<00:00:02]5.7%|██--------------------------------------|[00:00:00<00:00:02]5.8%|██--------------------------------------|[00:00:00<00:00:02]6.0%|██--------------------------------------|[00:00:00<00:00:02]6.1%|██--------------------------------------|[00:00:00<00:00:02]6.2%|██--------------------------------------|[00:00:00<00:00:02]6.3%|██--------------------------------------|[00:00:00<00:00:02]6.4%|██--------------------------------------|[00:00:00<00:00:02]6.5%|██--------------------------------------|[00:00:00<00:00:02]6.6%|██--------------------------------------|[00:00:00<00:00:02]6.8%|██--------------------------------------|[00:00:00<00:00:02]6.9%|██--------------------------------------|[00:00:00<00:00:02]7.0%|██--------------------------------------|[00:00:00<00:00:02]7.1%|██--------------------------------------|[00:00:00<00:00:02]7.2%|██--------------------------------------|[00:00:00<00:00:02]7.3%|██--------------------------------------|[00:00:00<00:00:02]7.4%|██--------------------------------------|[00:00:00<00:00:02]7.6%|███-------------------------------------|[00:00:00<00:00:02]7.7%|███-------------------------------------|[00:00:00<00:00:02]7.8%|███-------------------------------------|[00:00:00<00:00:02]7.9%|███-------------------------------------|[00:00:00<00:00:02]8.0%|███-------------------------------------|[00:00:00<00:00:02]8.1%|███-------------------------------------|[00:00:00<00:00:02]8.2%|███-------------------------------------|[00:00:00<00:00:02]8.4%|███-------------------------------------|[00:00:00<00:00:02]8.5%|███-------------------------------------|[00:00:00<00:00:02]8.6%|███-------------------------------------|[00:00:00<00:00:02]8.7%|███-------------------------------------|[00:00:00<00:00:02]8.8%|███-------------------------------------|[00:00:00<00:00:02]8.9%|███-------------------------------------|[00:00:00<00:00:02]9.0%|███-------------------------------------|[00:00:00<00:00:02]9.2%|███-------------------------------------|[00:00:00<00:00:02]9.3%|███-------------------------------------|[00:00:00<00:00:02]9.4%|███-------------------------------------|[00:00:00<00:00:02]9.5%|███-------------------------------------|[00:00:00<00:00:02]9.6%|███-------------------------------------|[00:00:00<00:00:02]9.7%|███-------------------------------------|[00:00:00<00:00:02]9.9%|███-------------------------------------|[00:00:00<00:00:02]10.0%|███-------------------------------------|[00:00:00<00:00:02]10.1%|████------------------------------------|[00:00:00<00:00:02]10.2%|████------------------------------------|[00:00:00<00:00:02]10.3%|████------------------------------------|[00:00:00<00:00:02]10.4%|████------------------------------------|[00:00:00<00:00:02]10.5%|████------------------------------------|[00:00:00<00:00:02]10.7%|████------------------------------------|[00:00:00<00:00:02]10.8%|████------------------------------------|[00:00:00<00:00:02]10.9%|████------------------------------------|[00:00:00<00:00:02]11.0%|████------------------------------------|[00:00:00<00:00:02]11.1%|████------------------------------------|[00:00:00<00:00:02]11.2%|████------------------------------------|[00:00:00<00:00:02]11.3%|████------------------------------------|[00:00:00<00:00:02]11.5%|████------------------------------------|[00:00:00<00:00:02]11.6%|████------------------------------------|[00:00:00<00:00:02]11.7%|████------------------------------------|[00:00:00<00:00:02]11.8%|████------------------------------------|[00:00:00<00:00:02]11.9%|████------------------------------------|[00:00:00<00:00:02]12.0%|████------------------------------------|[00:00:00<00:00:02]12.1%|████------------------------------------|[00:00:00<00:00:02]12.3%|████------------------------------------|[00:00:00<00:00:02]12.4%|████------------------------------------|[00:00:00<00:00:02]12.5%|████------------------------------------|[00:00:00<00:00:02]12.6%|█████-----------------------------------|[00:00:00<00:00:02]12.7%|█████-----------------------------------|[00:00:00<00:00:02]12.8%|█████-----------------------------------|[00:00:00<00:00:02]12.9%|█████-----------------------------------|[00:00:00<00:00:02]13.1%|█████-----------------------------------|[00:00:00<00:00:02]13.2%|█████-----------------------------------|[00:00:00<00:00:02]13.3%|█████-----------------------------------|[00:00:00<00:00:02]13.4%|█████-----------------------------------|[00:00:00<00:00:02]13.5%|█████-----------------------------------|[00:00:00<00:00:02]13.6%|█████-----------------------------------|[00:00:00<00:00:02]13.7%|█████-----------------------------------|[00:00:00<00:00:02]13.9%|█████-----------------------------------|[00:00:00<00:00:02]14.0%|█████-----------------------------------|[00:00:00<00:00:02]14.1%|█████-----------------------------------|[00:00:00<00:00:02]14.2%|█████-----------------------------------|[00:00:00<00:00:02]14.3%|█████-----------------------------------|[00:00:00<00:00:02]14.4%|█████-----------------------------------|[00:00:00<00:00:02]14.5%|█████-----------------------------------|[00:00:00<00:00:02]14.7%|█████-----------------------------------|[00:00:00<00:00:02]14.8%|█████-----------------------------------|[00:00:00<00:00:02]14.9%|█████-----------------------------------|[00:00:00<00:00:02]15.0%|██████----------------------------------|[00:00:00<00:00:02]15.1%|██████----------------------------------|[00:00:00<00:00:02]15.2%|██████----------------------------------|[00:00:00<00:00:02]15.3%|██████----------------------------------|[00:00:00<00:00:02]15.5%|██████----------------------------------|[00:00:00<00:00:02]15.6%|██████----------------------------------|[00:00:00<00:00:02]15.7%|██████----------------------------------|[00:00:00<00:00:02]15.8%|██████----------------------------------|[00:00:00<00:00:02]15.9%|██████----------------------------------|[00:00:00<00:00:02]16.0%|██████----------------------------------|[00:00:00<00:00:02]16.2%|██████----------------------------------|[00:00:00<00:00:02]16.3%|██████----------------------------------|[00:00:00<00:00:02]16.4%|██████----------------------------------|[00:00:00<00:00:02]16.5%|██████----------------------------------|[00:00:00<00:00:02]16.6%|██████----------------------------------|[00:00:00<00:00:02]16.7%|██████----------------------------------|[00:00:00<00:00:02]16.8%|██████----------------------------------|[00:00:00<00:00:02]17.0%|██████----------------------------------|[00:00:00<00:00:02]17.1%|██████----------------------------------|[00:00:00<00:00:02]17.2%|██████----------------------------------|[00:00:00<00:00:02]17.3%|██████----------------------------------|[00:00:00<00:00:02]17.4%|██████----------------------------------|[00:00:00<00:00:02]17.5%|███████---------------------------------|[00:00:00<00:00:02]17.6%|███████---------------------------------|[00:00:00<00:00:02]17.8%|███████---------------------------------|[00:00:00<00:00:02]17.9%|███████---------------------------------|[00:00:00<00:00:02]18.0%|███████---------------------------------|[00:00:00<00:00:02]18.1%|███████---------------------------------|[00:00:00<00:00:02]18.2%|███████---------------------------------|[00:00:00<00:00:02]18.3%|███████---------------------------------|[00:00:00<00:00:02]18.4%|███████---------------------------------|[00:00:00<00:00:02]18.6%|███████---------------------------------|[00:00:00<00:00:02]18.7%|███████---------------------------------|[00:00:00<00:00:02]18.8%|███████---------------------------------|[00:00:00<00:00:02]18.9%|███████---------------------------------|[00:00:00<00:00:02]19.0%|███████---------------------------------|[00:00:00<00:00:02]19.1%|███████---------------------------------|[00:00:00<00:00:02]19.2%|███████---------------------------------|[00:00:00<00:00:02]19.4%|███████---------------------------------|[00:00:00<00:00:02]19.5%|███████---------------------------------|[00:00:00<00:00:02]19.6%|███████---------------------------------|[00:00:00<00:00:02]19.7%|███████---------------------------------|[00:00:00<00:00:02]19.8%|███████---------------------------------|[00:00:00<00:00:02]19.9%|███████---------------------------------|[00:00:00<00:00:02]20.0%|████████--------------------------------|[00:00:00<00:00:02]20.2%|████████--------------------------------|[00:00:00<00:00:02]20.3%|████████--------------------------------|[00:00:00<00:00:02]20.4%|████████--------------------------------|[00:00:00<00:00:02]20.5%|████████--------------------------------|[00:00:00<00:00:02]20.6%|████████--------------------------------|[00:00:00<00:00:02]20.7%|████████--------------------------------|[00:00:00<00:00:02]20.8%|████████--------------------------------|[00:00:00<00:00:02]21.0%|████████--------------------------------|[00:00:00<00:00:02]21.1%|████████--------------------------------|[00:00:00<00:00:02]21.2%|████████--------------------------------|[00:00:00<00:00:02]21.3%|████████--------------------------------|[00:00:00<00:00:02]21.4%|████████--------------------------------|[00:00:00<00:00:02]21.5%|████████--------------------------------|[00:00:00<00:00:02]21.6%|████████--------------------------------|[00:00:00<00:00:02]21.8%|████████--------------------------------|[00:00:00<00:00:02]21.9%|████████--------------------------------|[00:00:00<00:00:02]22.0%|████████--------------------------------|[00:00:00<00:00:02]22.1%|████████--------------------------------|[00:00:00<00:00:02]22.2%|████████--------------------------------|[00:00:00<00:00:02]22.3%|████████--------------------------------|[00:00:00<00:00:02]22.5%|████████--------------------------------|[00:00:00<00:00:02]22.6%|█████████-------------------------------|[00:00:00<00:00:02]22.7%|█████████-------------------------------|[00:00:00<00:00:02]22.8%|█████████-------------------------------|[00:00:00<00:00:02]22.9%|█████████-------------------------------|[00:00:00<00:00:02]23.0%|█████████-------------------------------|[00:00:00<00:00:02]23.1%|█████████-------------------------------|[00:00:00<00:00:02]23.3%|█████████-------------------------------|[00:00:00<00:00:02]23.4%|█████████-------------------------------|[00:00:00<00:00:02]23.5%|█████████-------------------------------|[00:00:00<00:00:02]23.6%|█████████-------------------------------|[00:00:00<00:00:02]23.7%|█████████-------------------------------|[00:00:00<00:00:02]23.8%|█████████-------------------------------|[00:00:00<00:00:02]23.9%|█████████-------------------------------|[00:00:00<00:00:02]24.1%|█████████-------------------------------|[00:00:00<00:00:02]24.2%|█████████-------------------------------|[00:00:00<00:00:02]24.3%|█████████-------------------------------|[00:00:00<00:00:02]24.4%|█████████-------------------------------|[00:00:00<00:00:02]24.5%|█████████-------------------------------|[00:00:00<00:00:02]24.6%|█████████-------------------------------|[00:00:00<00:00:02]24.7%|█████████-------------------------------|[00:00:00<00:00:02]24.9%|█████████-------------------------------|[00:00:00<00:00:02]25.0%|█████████-------------------------------|[00:00:00<00:00:02]25.1%|██████████------------------------------|[00:00:00<00:00:02]25.2%|██████████------------------------------|[00:00:00<00:00:02]25.3%|██████████------------------------------|[00:00:00<00:00:02]25.4%|██████████------------------------------|[00:00:00<00:00:02]25.5%|██████████------------------------------|[00:00:00<00:00:01]25.7%|██████████------------------------------|[00:00:00<00:00:02]25.8%|██████████------------------------------|[00:00:00<00:00:02]25.9%|██████████------------------------------|[00:00:00<00:00:02]26.0%|██████████------------------------------|[00:00:00<00:00:02]26.1%|██████████------------------------------|[00:00:00<00:00:02]26.2%|██████████------------------------------|[00:00:00<00:00:02]26.3%|██████████------------------------------|[00:00:00<00:00:01]26.5%|██████████------------------------------|[00:00:00<00:00:01]26.6%|██████████------------------------------|[00:00:00<00:00:01]26.7%|██████████------------------------------|[00:00:00<00:00:01]26.8%|██████████------------------------------|[00:00:00<00:00:01]26.9%|██████████------------------------------|[00:00:00<00:00:01]27.0%|██████████------------------------------|[00:00:00<00:00:01]27.1%|██████████------------------------------|[00:00:00<00:00:01]27.3%|██████████------------------------------|[00:00:00<00:00:01]27.4%|██████████------------------------------|[00:00:00<00:00:01]27.5%|██████████------------------------------|[00:00:00<00:00:01]27.6%|███████████-----------------------------|[00:00:00<00:00:01]27.7%|███████████-----------------------------|[00:00:00<00:00:01]27.8%|███████████-----------------------------|[00:00:00<00:00:01]27.9%|███████████-----------------------------|[00:00:00<00:00:01]28.1%|███████████-----------------------------|[00:00:00<00:00:01]28.2%|███████████-----------------------------|[00:00:00<00:00:01]28.3%|███████████-----------------------------|[00:00:00<00:00:01]28.4%|███████████-----------------------------|[00:00:00<00:00:01]28.5%|███████████-----------------------------|[00:00:00<00:00:01]28.6%|███████████-----------------------------|[00:00:00<00:00:01]28.8%|███████████-----------------------------|[00:00:00<00:00:01]28.9%|███████████-----------------------------|[00:00:00<00:00:01]29.0%|███████████-----------------------------|[00:00:00<00:00:01]29.1%|███████████-----------------------------|[00:00:00<00:00:01]29.2%|███████████-----------------------------|[00:00:00<00:00:01]29.3%|███████████-----------------------------|[00:00:00<00:00:01]29.4%|███████████-----------------------------|[00:00:00<00:00:01]29.6%|███████████-----------------------------|[00:00:00<00:00:01]29.7%|███████████-----------------------------|[00:00:00<00:00:01]29.8%|███████████-----------------------------|[00:00:00<00:00:01]29.9%|███████████-----------------------------|[00:00:00<00:00:01]30.0%|████████████----------------------------|[00:00:00<00:00:01]30.1%|████████████----------------------------|[00:00:00<00:00:01]30.2%|████████████----------------------------|[00:00:00<00:00:01]30.4%|████████████----------------------------|[00:00:00<00:00:01]30.5%|████████████----------------------------|[00:00:00<00:00:01]30.6%|████████████----------------------------|[00:00:00<00:00:01]30.7%|████████████----------------------------|[00:00:00<00:00:01]30.8%|████████████----------------------------|[00:00:00<00:00:01]30.9%|████████████----------------------------|[00:00:00<00:00:01]31.0%|████████████----------------------------|[00:00:00<00:00:01]31.2%|████████████----------------------------|[00:00:00<00:00:01]31.3%|████████████----------------------------|[00:00:00<00:00:01]31.4%|████████████----------------------------|[00:00:00<00:00:01]31.5%|████████████----------------------------|[00:00:00<00:00:02]31.6%|████████████----------------------------|[00:00:00<00:00:02]31.7%|████████████----------------------------|[00:00:00<00:00:02]31.8%|████████████----------------------------|[00:00:00<00:00:01]32.0%|████████████----------------------------|[00:00:00<00:00:01]32.1%|████████████----------------------------|[00:00:00<00:00:01]32.2%|████████████----------------------------|[00:00:00<00:00:01]32.3%|████████████----------------------------|[00:00:00<00:00:01]32.4%|████████████----------------------------|[00:00:00<00:00:01]32.5%|█████████████---------------------------|[00:00:00<00:00:01]32.6%|█████████████---------------------------|[00:00:00<00:00:01]32.8%|█████████████---------------------------|[00:00:00<00:00:01]32.9%|█████████████---------------------------|[00:00:00<00:00:01]33.0%|█████████████---------------------------|[00:00:00<00:00:01]33.1%|█████████████---------------------------|[00:00:00<00:00:01]33.2%|█████████████---------------------------|[00:00:00<00:00:01]33.3%|█████████████---------------------------|[00:00:00<00:00:01]33.4%|█████████████---------------------------|[00:00:00<00:00:01]33.6%|█████████████---------------------------|[00:00:00<00:00:01]33.7%|█████████████---------------------------|[00:00:00<00:00:01]33.8%|█████████████---------------------------|[00:00:00<00:00:01]33.9%|█████████████---------------------------|[00:00:00<00:00:01]34.0%|█████████████---------------------------|[00:00:00<00:00:01]34.1%|█████████████---------------------------|[00:00:00<00:00:01]34.2%|█████████████---------------------------|[00:00:00<00:00:01]34.4%|█████████████---------------------------|[00:00:00<00:00:01]34.5%|█████████████---------------------------|[00:00:00<00:00:01]34.6%|█████████████---------------------------|[00:00:00<00:00:01]34.7%|█████████████---------------------------|[00:00:01<00:00:01]34.8%|█████████████---------------------------|[00:00:01<00:00:01]34.9%|█████████████---------------------------|[00:00:01<00:00:01]35.1%|██████████████--------------------------|[00:00:01<00:00:01]35.2%|██████████████--------------------------|[00:00:01<00:00:01]35.3%|██████████████--------------------------|[00:00:01<00:00:01]35.4%|██████████████--------------------------|[00:00:01<00:00:01]35.5%|██████████████--------------------------|[00:00:01<00:00:01]35.6%|██████████████--------------------------|[00:00:01<00:00:01]35.7%|██████████████--------------------------|[00:00:01<00:00:01]35.9%|██████████████--------------------------|[00:00:01<00:00:01]36.0%|██████████████--------------------------|[00:00:01<00:00:01]36.1%|██████████████--------------------------|[00:00:01<00:00:01]36.2%|██████████████--------------------------|[00:00:01<00:00:01]36.3%|██████████████--------------------------|[00:00:01<00:00:01]36.4%|██████████████--------------------------|[00:00:01<00:00:01]36.5%|██████████████--------------------------|[00:00:01<00:00:01]36.7%|██████████████--------------------------|[00:00:01<00:00:01]36.8%|██████████████--------------------------|[00:00:01<00:00:01]36.9%|██████████████--------------------------|[00:00:01<00:00:01]37.0%|██████████████--------------------------|[00:00:01<00:00:01]37.1%|██████████████--------------------------|[00:00:01<00:00:01]37.2%|██████████████--------------------------|[00:00:01<00:00:01]37.3%|██████████████--------------------------|[00:00:01<00:00:01]37.5%|██████████████--------------------------|[00:00:01<00:00:01]37.6%|███████████████-------------------------|[00:00:01<00:00:01]37.7%|███████████████-------------------------|[00:00:01<00:00:01]37.8%|███████████████-------------------------|[00:00:01<00:00:01]37.9%|███████████████-------------------------|[00:00:01<00:00:01]38.0%|███████████████-------------------------|[00:00:01<00:00:01]38.1%|███████████████-------------------------|[00:00:01<00:00:01]38.3%|███████████████-------------------------|[00:00:01<00:00:01]38.4%|███████████████-------------------------|[00:00:01<00:00:01]38.5%|███████████████-------------------------|[00:00:01<00:00:01]38.6%|███████████████-------------------------|[00:00:01<00:00:01]38.7%|███████████████-------------------------|[00:00:01<00:00:01]38.8%|███████████████-------------------------|[00:00:01<00:00:01]38.9%|███████████████-------------------------|[00:00:01<00:00:01]39.1%|███████████████-------------------------|[00:00:01<00:00:01]39.2%|███████████████-------------------------|[00:00:01<00:00:01]39.3%|███████████████-------------------------|[00:00:01<00:00:01]39.4%|███████████████-------------------------|[00:00:01<00:00:01]39.5%|███████████████-------------------------|[00:00:01<00:00:01]39.6%|███████████████-------------------------|[00:00:01<00:00:01]39.7%|███████████████-------------------------|[00:00:01<00:00:01]39.9%|███████████████-------------------------|[00:00:01<00:00:01]40.0%|███████████████-------------------------|[00:00:01<00:00:01]40.1%|████████████████------------------------|[00:00:01<00:00:01]40.2%|████████████████------------------------|[00:00:01<00:00:01]40.3%|████████████████------------------------|[00:00:01<00:00:01]40.4%|████████████████------------------------|[00:00:01<00:00:01]40.5%|████████████████------------------------|[00:00:01<00:00:01]40.7%|████████████████------------------------|[00:00:01<00:00:01]40.8%|████████████████------------------------|[00:00:01<00:00:01]40.9%|████████████████------------------------|[00:00:01<00:00:01]41.0%|████████████████------------------------|[00:00:01<00:00:01]41.1%|████████████████------------------------|[00:00:01<00:00:01]41.2%|████████████████------------------------|[00:00:01<00:00:01]41.4%|████████████████------------------------|[00:00:01<00:00:01]41.5%|████████████████------------------------|[00:00:01<00:00:01]41.6%|████████████████------------------------|[00:00:01<00:00:01]41.7%|████████████████------------------------|[00:00:01<00:00:01]41.8%|████████████████------------------------|[00:00:01<00:00:01]41.9%|████████████████------------------------|[00:00:01<00:00:01]42.0%|████████████████------------------------|[00:00:01<00:00:01]42.2%|████████████████------------------------|[00:00:01<00:00:01]42.3%|████████████████------------------------|[00:00:01<00:00:01]42.4%|████████████████------------------------|[00:00:01<00:00:01]42.5%|████████████████------------------------|[00:00:01<00:00:01]42.6%|█████████████████-----------------------|[00:00:01<00:00:01]42.7%|█████████████████-----------------------|[00:00:01<00:00:01]42.8%|█████████████████-----------------------|[00:00:01<00:00:01]43.0%|█████████████████-----------------------|[00:00:01<00:00:01]43.1%|█████████████████-----------------------|[00:00:01<00:00:01]43.2%|█████████████████-----------------------|[00:00:01<00:00:01]43.3%|█████████████████-----------------------|[00:00:01<00:00:01]43.4%|█████████████████-----------------------|[00:00:01<00:00:01]43.5%|█████████████████-----------------------|[00:00:01<00:00:01]43.6%|█████████████████-----------------------|[00:00:01<00:00:01]43.8%|█████████████████-----------------------|[00:00:01<00:00:01]43.9%|█████████████████-----------------------|[00:00:01<00:00:01]44.0%|█████████████████-----------------------|[00:00:01<00:00:01]44.1%|█████████████████-----------------------|[00:00:01<00:00:01]44.2%|█████████████████-----------------------|[00:00:01<00:00:01]44.3%|█████████████████-----------------------|[00:00:01<00:00:01]44.4%|█████████████████-----------------------|[00:00:01<00:00:01]44.6%|█████████████████-----------------------|[00:00:01<00:00:01]44.7%|█████████████████-----------------------|[00:00:01<00:00:01]44.8%|█████████████████-----------------------|[00:00:01<00:00:01]44.9%|█████████████████-----------------------|[00:00:01<00:00:01]45.0%|██████████████████----------------------|[00:00:01<00:00:01]45.1%|██████████████████----------------------|[00:00:01<00:00:01]45.2%|██████████████████----------------------|[00:00:01<00:00:01]45.4%|██████████████████----------------------|[00:00:01<00:00:01]45.5%|██████████████████----------------------|[00:00:01<00:00:01]45.6%|██████████████████----------------------|[00:00:01<00:00:01]45.7%|██████████████████----------------------|[00:00:01<00:00:01]45.8%|██████████████████----------------------|[00:00:01<00:00:01]45.9%|██████████████████----------------------|[00:00:01<00:00:01]46.0%|██████████████████----------------------|[00:00:01<00:00:01]46.2%|██████████████████----------------------|[00:00:01<00:00:01]46.3%|██████████████████----------------------|[00:00:01<00:00:01]46.4%|██████████████████----------------------|[00:00:01<00:00:01]46.5%|██████████████████----------------------|[00:00:01<00:00:01]46.6%|██████████████████----------------------|[00:00:01<00:00:01]46.7%|██████████████████----------------------|[00:00:01<00:00:01]46.8%|██████████████████----------------------|[00:00:01<00:00:01]47.0%|██████████████████----------------------|[00:00:01<00:00:01]47.1%|██████████████████----------------------|[00:00:01<00:00:01]47.2%|██████████████████----------------------|[00:00:01<00:00:01]47.3%|██████████████████----------------------|[00:00:01<00:00:01]47.4%|██████████████████----------------------|[00:00:01<00:00:01]47.5%|███████████████████---------------------|[00:00:01<00:00:01]47.7%|███████████████████---------------------|[00:00:01<00:00:01]47.8%|███████████████████---------------------|[00:00:01<00:00:01]47.9%|███████████████████---------------------|[00:00:01<00:00:01]48.0%|███████████████████---------------------|[00:00:01<00:00:01]48.1%|███████████████████---------------------|[00:00:01<00:00:01]48.2%|███████████████████---------------------|[00:00:01<00:00:01]48.3%|███████████████████---------------------|[00:00:01<00:00:01]48.5%|███████████████████---------------------|[00:00:01<00:00:01]48.6%|███████████████████---------------------|[00:00:01<00:00:01]48.7%|███████████████████---------------------|[00:00:01<00:00:01]48.8%|███████████████████---------------------|[00:00:01<00:00:01]48.9%|███████████████████---------------------|[00:00:01<00:00:01]49.0%|███████████████████---------------------|[00:00:01<00:00:01]49.1%|███████████████████---------------------|[00:00:01<00:00:01]49.3%|███████████████████---------------------|[00:00:01<00:00:01]49.4%|███████████████████---------------------|[00:00:01<00:00:01]49.5%|███████████████████---------------------|[00:00:01<00:00:01]49.6%|███████████████████---------------------|[00:00:01<00:00:01]49.7%|███████████████████---------------------|[00:00:01<00:00:01]49.8%|███████████████████---------------------|[00:00:01<00:00:01]49.9%|███████████████████---------------------|[00:00:01<00:00:01]50.1%|████████████████████--------------------|[00:00:01<00:00:01]50.2%|████████████████████--------------------|[00:00:01<00:00:01]50.3%|████████████████████--------------------|[00:00:01<00:00:01]50.4%|████████████████████--------------------|[00:00:01<00:00:01]50.5%|████████████████████--------------------|[00:00:01<00:00:01]50.6%|████████████████████--------------------|[00:00:01<00:00:01]50.7%|████████████████████--------------------|[00:00:01<00:00:01]50.9%|████████████████████--------------------|[00:00:01<00:00:01]51.0%|████████████████████--------------------|[00:00:01<00:00:01]51.1%|████████████████████--------------------|[00:00:01<00:00:01]51.2%|████████████████████--------------------|[00:00:01<00:00:01]51.3%|████████████████████--------------------|[00:00:01<00:00:01]51.4%|████████████████████--------------------|[00:00:01<00:00:01]51.5%|████████████████████--------------------|[00:00:01<00:00:01]51.7%|████████████████████--------------------|[00:00:01<00:00:01]51.8%|████████████████████--------------------|[00:00:01<00:00:01]51.9%|████████████████████--------------------|[00:00:01<00:00:01]52.0%|████████████████████--------------------|[00:00:01<00:00:01]52.1%|████████████████████--------------------|[00:00:01<00:00:01]52.2%|████████████████████--------------------|[00:00:01<00:00:01]52.3%|████████████████████--------------------|[00:00:01<00:00:01]52.5%|████████████████████--------------------|[00:00:01<00:00:01]52.6%|█████████████████████-------------------|[00:00:01<00:00:01]52.7%|█████████████████████-------------------|[00:00:01<00:00:01]52.8%|█████████████████████-------------------|[00:00:01<00:00:01]52.9%|█████████████████████-------------------|[00:00:01<00:00:01]53.0%|█████████████████████-------------------|[00:00:01<00:00:01]53.2%|█████████████████████-------------------|[00:00:01<00:00:01]53.3%|█████████████████████-------------------|[00:00:01<00:00:01]53.4%|█████████████████████-------------------|[00:00:01<00:00:01]53.5%|█████████████████████-------------------|[00:00:01<00:00:01]53.6%|█████████████████████-------------------|[00:00:01<00:00:01]53.7%|█████████████████████-------------------|[00:00:01<00:00:01]53.8%|█████████████████████-------------------|[00:00:01<00:00:01]54.0%|█████████████████████-------------------|[00:00:01<00:00:01]54.1%|█████████████████████-------------------|[00:00:01<00:00:01]54.2%|█████████████████████-------------------|[00:00:01<00:00:01]54.3%|█████████████████████-------------------|[00:00:01<00:00:01]54.4%|█████████████████████-------------------|[00:00:01<00:00:01]54.5%|█████████████████████-------------------|[00:00:01<00:00:01]54.6%|█████████████████████-------------------|[00:00:01<00:00:01]54.8%|█████████████████████-------------------|[00:00:01<00:00:01]54.9%|█████████████████████-------------------|[00:00:01<00:00:01]55.0%|█████████████████████-------------------|[00:00:01<00:00:01]55.1%|██████████████████████------------------|[00:00:01<00:00:01]55.2%|██████████████████████------------------|[00:00:01<00:00:01]55.3%|██████████████████████------------------|[00:00:01<00:00:01]55.4%|██████████████████████------------------|[00:00:01<00:00:01]55.6%|██████████████████████------------------|[00:00:01<00:00:01]55.7%|██████████████████████------------------|[00:00:01<00:00:01]55.8%|██████████████████████------------------|[00:00:01<00:00:01]55.9%|██████████████████████------------------|[00:00:01<00:00:01]56.0%|██████████████████████------------------|[00:00:01<00:00:01]56.1%|██████████████████████------------------|[00:00:01<00:00:01]56.2%|██████████████████████------------------|[00:00:01<00:00:01]56.4%|██████████████████████------------------|[00:00:01<00:00:01]56.5%|██████████████████████------------------|[00:00:01<00:00:01]56.6%|██████████████████████------------------|[00:00:01<00:00:01]56.7%|██████████████████████------------------|[00:00:01<00:00:01]56.8%|██████████████████████------------------|[00:00:01<00:00:01]56.9%|██████████████████████------------------|[00:00:01<00:00:01]57.0%|██████████████████████------------------|[00:00:01<00:00:01]57.2%|██████████████████████------------------|[00:00:01<00:00:01]57.3%|██████████████████████------------------|[00:00:01<00:00:01]57.4%|██████████████████████------------------|[00:00:01<00:00:01]57.5%|███████████████████████-----------------|[00:00:01<00:00:01]57.6%|███████████████████████-----------------|[00:00:01<00:00:01]57.7%|███████████████████████-----------------|[00:00:01<00:00:01]57.8%|███████████████████████-----------------|[00:00:01<00:00:01]58.0%|███████████████████████-----------------|[00:00:01<00:00:01]58.1%|███████████████████████-----------------|[00:00:01<00:00:01]58.2%|███████████████████████-----------------|[00:00:01<00:00:01]58.3%|███████████████████████-----------------|[00:00:01<00:00:01]58.4%|███████████████████████-----------------|[00:00:01<00:00:01]58.5%|███████████████████████-----------------|[00:00:01<00:00:01]58.6%|███████████████████████-----------------|[00:00:01<00:00:01]58.8%|███████████████████████-----------------|[00:00:01<00:00:01]58.9%|███████████████████████-----------------|[00:00:01<00:00:01]59.0%|███████████████████████-----------------|[00:00:01<00:00:01]59.1%|███████████████████████-----------------|[00:00:01<00:00:01]59.2%|███████████████████████-----------------|[00:00:01<00:00:01]59.3%|███████████████████████-----------------|[00:00:01<00:00:01]59.5%|███████████████████████-----------------|[00:00:01<00:00:01]59.6%|███████████████████████-----------------|[00:00:01<00:00:01]59.7%|███████████████████████-----------------|[00:00:01<00:00:01]59.8%|███████████████████████-----------------|[00:00:01<00:00:01]59.9%|███████████████████████-----------------|[00:00:01<00:00:01]60.0%|████████████████████████----------------|[00:00:01<00:00:01]60.1%|████████████████████████----------------|[00:00:01<00:00:01]60.3%|████████████████████████----------------|[00:00:01<00:00:01]60.4%|████████████████████████----------------|[00:00:01<00:00:01]60.5%|████████████████████████----------------|[00:00:01<00:00:01]60.6%|████████████████████████----------------|[00:00:01<00:00:01]60.7%|████████████████████████----------------|[00:00:01<00:00:01]60.8%|████████████████████████----------------|[00:00:01<00:00:01]60.9%|████████████████████████----------------|[00:00:01<00:00:01]61.1%|████████████████████████----------------|[00:00:01<00:00:01]61.2%|████████████████████████----------------|[00:00:01<00:00:01]61.3%|████████████████████████----------------|[00:00:01<00:00:01]61.4%|████████████████████████----------------|[00:00:01<00:00:01]61.5%|████████████████████████----------------|[00:00:01<00:00:01]61.6%|████████████████████████----------------|[00:00:01<00:00:01]61.7%|████████████████████████----------------|[00:00:01<00:00:01]61.9%|████████████████████████----------------|[00:00:01<00:00:01]62.0%|████████████████████████----------------|[00:00:01<00:00:01]62.1%|████████████████████████----------------|[00:00:01<00:00:01]62.2%|████████████████████████----------------|[00:00:01<00:00:01]62.3%|████████████████████████----------------|[00:00:01<00:00:01]62.4%|████████████████████████----------------|[00:00:01<00:00:01]62.5%|█████████████████████████---------------|[00:00:01<00:00:01]62.7%|█████████████████████████---------------|[00:00:01<00:00:01]62.8%|█████████████████████████---------------|[00:00:01<00:00:01]62.9%|█████████████████████████---------------|[00:00:01<00:00:01]63.0%|█████████████████████████---------------|[00:00:01<00:00:01]63.1%|█████████████████████████---------------|[00:00:01<00:00:01]63.2%|█████████████████████████---------------|[00:00:01<00:00:01]63.3%|█████████████████████████---------------|[00:00:01<00:00:01]63.5%|█████████████████████████---------------|[00:00:01<00:00:01]63.6%|█████████████████████████---------------|[00:00:01<00:00:01]63.7%|█████████████████████████---------------|[00:00:01<00:00:01]63.8%|█████████████████████████---------------|[00:00:01<00:00:01]63.9%|█████████████████████████---------------|[00:00:01<00:00:01]64.0%|█████████████████████████---------------|[00:00:01<00:00:01]64.1%|█████████████████████████---------------|[00:00:01<00:00:01]64.3%|█████████████████████████---------------|[00:00:01<00:00:01]64.4%|█████████████████████████---------------|[00:00:01<00:00:01]64.5%|█████████████████████████---------------|[00:00:01<00:00:01]64.6%|█████████████████████████---------------|[00:00:01<00:00:01]64.7%|█████████████████████████---------------|[00:00:01<00:00:01]64.8%|█████████████████████████---------------|[00:00:01<00:00:01]64.9%|█████████████████████████---------------|[00:00:01<00:00:01]65.1%|██████████████████████████--------------|[00:00:01<00:00:01]65.2%|██████████████████████████--------------|[00:00:01<00:00:01]65.3%|██████████████████████████--------------|[00:00:01<00:00:01]65.4%|██████████████████████████--------------|[00:00:01<00:00:01]65.5%|██████████████████████████--------------|[00:00:01<00:00:01]65.6%|██████████████████████████--------------|[00:00:01<00:00:01]65.8%|██████████████████████████--------------|[00:00:01<00:00:01]65.9%|██████████████████████████--------------|[00:00:01<00:00:01]66.0%|██████████████████████████--------------|[00:00:01<00:00:01]66.1%|██████████████████████████--------------|[00:00:01<00:00:01]66.2%|██████████████████████████--------------|[00:00:01<00:00:01]66.3%|██████████████████████████--------------|[00:00:01<00:00:01]66.4%|██████████████████████████--------------|[00:00:01<00:00:00]66.6%|██████████████████████████--------------|[00:00:01<00:00:00]66.7%|██████████████████████████--------------|[00:00:01<00:00:00]66.8%|██████████████████████████--------------|[00:00:01<00:00:00]66.9%|██████████████████████████--------------|[00:00:01<00:00:00]67.0%|██████████████████████████--------------|[00:00:01<00:00:00]67.1%|██████████████████████████--------------|[00:00:01<00:00:00]67.2%|██████████████████████████--------------|[00:00:01<00:00:00]67.4%|██████████████████████████--------------|[00:00:01<00:00:00]67.5%|██████████████████████████--------------|[00:00:01<00:00:00]67.6%|███████████████████████████-------------|[00:00:01<00:00:00]67.7%|███████████████████████████-------------|[00:00:01<00:00:00]67.8%|███████████████████████████-------------|[00:00:02<00:00:00]67.9%|███████████████████████████-------------|[00:00:02<00:00:00]68.0%|███████████████████████████-------------|[00:00:02<00:00:00]68.2%|███████████████████████████-------------|[00:00:02<00:00:00]68.3%|███████████████████████████-------------|[00:00:02<00:00:00]68.4%|███████████████████████████-------------|[00:00:02<00:00:00]68.5%|███████████████████████████-------------|[00:00:02<00:00:00]68.6%|███████████████████████████-------------|[00:00:02<00:00:00]68.7%|███████████████████████████-------------|[00:00:02<00:00:00]68.8%|███████████████████████████-------------|[00:00:02<00:00:00]69.0%|███████████████████████████-------------|[00:00:02<00:00:00]69.1%|███████████████████████████-------------|[00:00:02<00:00:00]69.2%|███████████████████████████-------------|[00:00:02<00:00:00]69.3%|███████████████████████████-------------|[00:00:02<00:00:00]69.4%|███████████████████████████-------------|[00:00:02<00:00:00]69.5%|███████████████████████████-------------|[00:00:02<00:00:00]69.6%|███████████████████████████-------------|[00:00:02<00:00:00]69.8%|███████████████████████████-------------|[00:00:02<00:00:00]69.9%|███████████████████████████-------------|[00:00:02<00:00:00]70.0%|███████████████████████████-------------|[00:00:02<00:00:00]70.1%|████████████████████████████------------|[00:00:02<00:00:00]70.2%|████████████████████████████------------|[00:00:02<00:00:00]70.3%|████████████████████████████------------|[00:00:02<00:00:00]70.4%|████████████████████████████------------|[00:00:02<00:00:00]70.6%|████████████████████████████------------|[00:00:02<00:00:00]70.7%|████████████████████████████------------|[00:00:02<00:00:00]70.8%|████████████████████████████------------|[00:00:02<00:00:00]70.9%|████████████████████████████------------|[00:00:02<00:00:00]71.0%|████████████████████████████------------|[00:00:02<00:00:00]71.1%|████████████████████████████------------|[00:00:02<00:00:00]71.2%|████████████████████████████------------|[00:00:02<00:00:00]71.4%|████████████████████████████------------|[00:00:02<00:00:00]71.5%|████████████████████████████------------|[00:00:02<00:00:00]71.6%|████████████████████████████------------|[00:00:02<00:00:00]71.7%|████████████████████████████------------|[00:00:02<00:00:00]71.8%|████████████████████████████------------|[00:00:02<00:00:00]71.9%|████████████████████████████------------|[00:00:02<00:00:00]72.1%|████████████████████████████------------|[00:00:02<00:00:00]72.2%|████████████████████████████------------|[00:00:02<00:00:00]72.3%|████████████████████████████------------|[00:00:02<00:00:00]72.4%|████████████████████████████------------|[00:00:02<00:00:00]72.5%|█████████████████████████████-----------|[00:00:02<00:00:00]72.6%|█████████████████████████████-----------|[00:00:02<00:00:00]72.7%|█████████████████████████████-----------|[00:00:02<00:00:00]72.9%|█████████████████████████████-----------|[00:00:02<00:00:00]73.0%|█████████████████████████████-----------|[00:00:02<00:00:00]73.1%|█████████████████████████████-----------|[00:00:02<00:00:00]73.2%|█████████████████████████████-----------|[00:00:02<00:00:00]73.3%|█████████████████████████████-----------|[00:00:02<00:00:00]73.4%|█████████████████████████████-----------|[00:00:02<00:00:00]73.5%|█████████████████████████████-----------|[00:00:02<00:00:00]73.7%|█████████████████████████████-----------|[00:00:02<00:00:00]73.8%|█████████████████████████████-----------|[00:00:02<00:00:00]73.9%|█████████████████████████████-----------|[00:00:02<00:00:00]74.0%|█████████████████████████████-----------|[00:00:02<00:00:00]74.1%|█████████████████████████████-----------|[00:00:02<00:00:00]74.2%|█████████████████████████████-----------|[00:00:02<00:00:00]74.3%|█████████████████████████████-----------|[00:00:02<00:00:00]74.5%|█████████████████████████████-----------|[00:00:02<00:00:00]74.6%|█████████████████████████████-----------|[00:00:02<00:00:00]74.7%|█████████████████████████████-----------|[00:00:02<00:00:00]74.8%|█████████████████████████████-----------|[00:00:02<00:00:00]74.9%|█████████████████████████████-----------|[00:00:02<00:00:00]75.0%|██████████████████████████████----------|[00:00:02<00:00:00]75.1%|██████████████████████████████----------|[00:00:02<00:00:00]75.3%|██████████████████████████████----------|[00:00:02<00:00:00]75.4%|██████████████████████████████----------|[00:00:02<00:00:00]75.5%|██████████████████████████████----------|[00:00:02<00:00:00]75.6%|██████████████████████████████----------|[00:00:02<00:00:00]75.7%|██████████████████████████████----------|[00:00:02<00:00:00]75.8%|██████████████████████████████----------|[00:00:02<00:00:00]75.9%|██████████████████████████████----------|[00:00:02<00:00:00]76.1%|██████████████████████████████----------|[00:00:02<00:00:00]76.2%|██████████████████████████████----------|[00:00:02<00:00:00]76.3%|██████████████████████████████----------|[00:00:02<00:00:00]76.4%|██████████████████████████████----------|[00:00:02<00:00:00]76.5%|██████████████████████████████----------|[00:00:02<00:00:00]76.6%|██████████████████████████████----------|[00:00:02<00:00:00]76.7%|██████████████████████████████----------|[00:00:02<00:00:00]76.9%|██████████████████████████████----------|[00:00:02<00:00:00]77.0%|██████████████████████████████----------|[00:00:02<00:00:00]77.1%|██████████████████████████████----------|[00:00:02<00:00:00]77.2%|██████████████████████████████----------|[00:00:02<00:00:00]77.3%|██████████████████████████████----------|[00:00:02<00:00:00]77.4%|██████████████████████████████----------|[00:00:02<00:00:00]77.5%|███████████████████████████████---------|[00:00:02<00:00:00]77.7%|███████████████████████████████---------|[00:00:02<00:00:00]77.8%|███████████████████████████████---------|[00:00:02<00:00:00]77.9%|███████████████████████████████---------|[00:00:02<00:00:00]78.0%|███████████████████████████████---------|[00:00:02<00:00:00]78.1%|███████████████████████████████---------|[00:00:02<00:00:00]78.2%|███████████████████████████████---------|[00:00:02<00:00:00]78.4%|███████████████████████████████---------|[00:00:02<00:00:00]78.5%|███████████████████████████████---------|[00:00:02<00:00:00]78.6%|███████████████████████████████---------|[00:00:02<00:00:00]78.7%|███████████████████████████████---------|[00:00:02<00:00:00]78.8%|███████████████████████████████---------|[00:00:02<00:00:00]78.9%|███████████████████████████████---------|[00:00:02<00:00:00]79.0%|███████████████████████████████---------|[00:00:02<00:00:00]79.2%|███████████████████████████████---------|[00:00:02<00:00:00]79.3%|███████████████████████████████---------|[00:00:02<00:00:00]79.4%|███████████████████████████████---------|[00:00:02<00:00:00]79.5%|███████████████████████████████---------|[00:00:02<00:00:00]79.6%|███████████████████████████████---------|[00:00:02<00:00:00]79.7%|███████████████████████████████---------|[00:00:02<00:00:00]79.8%|███████████████████████████████---------|[00:00:02<00:00:00]80.0%|███████████████████████████████---------|[00:00:02<00:00:00]80.1%|████████████████████████████████--------|[00:00:02<00:00:00]80.2%|████████████████████████████████--------|[00:00:02<00:00:00]80.3%|████████████████████████████████--------|[00:00:02<00:00:00]80.4%|████████████████████████████████--------|[00:00:02<00:00:00]80.5%|████████████████████████████████--------|[00:00:02<00:00:00]80.6%|████████████████████████████████--------|[00:00:02<00:00:00]80.8%|████████████████████████████████--------|[00:00:02<00:00:00]80.9%|████████████████████████████████--------|[00:00:02<00:00:00]81.0%|████████████████████████████████--------|[00:00:02<00:00:00]81.1%|████████████████████████████████--------|[00:00:02<00:00:00]81.2%|████████████████████████████████--------|[00:00:02<00:00:00]81.3%|████████████████████████████████--------|[00:00:02<00:00:00]81.4%|████████████████████████████████--------|[00:00:02<00:00:00]81.6%|████████████████████████████████--------|[00:00:02<00:00:00]81.7%|████████████████████████████████--------|[00:00:02<00:00:00]81.8%|████████████████████████████████--------|[00:00:02<00:00:00]81.9%|████████████████████████████████--------|[00:00:02<00:00:00]82.0%|████████████████████████████████--------|[00:00:02<00:00:00]82.1%|████████████████████████████████--------|[00:00:02<00:00:00]82.2%|████████████████████████████████--------|[00:00:02<00:00:00]82.4%|████████████████████████████████--------|[00:00:02<00:00:00]82.5%|████████████████████████████████--------|[00:00:02<00:00:00]82.6%|█████████████████████████████████-------|[00:00:02<00:00:00]82.7%|█████████████████████████████████-------|[00:00:02<00:00:00]82.8%|█████████████████████████████████-------|[00:00:02<00:00:00]82.9%|█████████████████████████████████-------|[00:00:02<00:00:00]83.0%|█████████████████████████████████-------|[00:00:02<00:00:00]83.2%|█████████████████████████████████-------|[00:00:02<00:00:00]83.3%|█████████████████████████████████-------|[00:00:02<00:00:00]83.4%|█████████████████████████████████-------|[00:00:02<00:00:00]83.5%|█████████████████████████████████-------|[00:00:02<00:00:00]83.6%|█████████████████████████████████-------|[00:00:02<00:00:00]83.7%|█████████████████████████████████-------|[00:00:02<00:00:00]83.8%|█████████████████████████████████-------|[00:00:02<00:00:00]84.0%|█████████████████████████████████-------|[00:00:02<00:00:00]84.1%|█████████████████████████████████-------|[00:00:02<00:00:00]84.2%|█████████████████████████████████-------|[00:00:02<00:00:00]84.3%|█████████████████████████████████-------|[00:00:02<00:00:00]84.4%|█████████████████████████████████-------|[00:00:02<00:00:00]84.5%|█████████████████████████████████-------|[00:00:02<00:00:00]84.7%|█████████████████████████████████-------|[00:00:02<00:00:00]84.8%|█████████████████████████████████-------|[00:00:02<00:00:00]84.9%|█████████████████████████████████-------|[00:00:02<00:00:00]85.0%|█████████████████████████████████-------|[00:00:02<00:00:00]85.1%|██████████████████████████████████------|[00:00:02<00:00:00]85.2%|██████████████████████████████████------|[00:00:02<00:00:00]85.3%|██████████████████████████████████------|[00:00:02<00:00:00]85.5%|██████████████████████████████████------|[00:00:02<00:00:00]85.6%|██████████████████████████████████------|[00:00:02<00:00:00]85.7%|██████████████████████████████████------|[00:00:02<00:00:00]85.8%|██████████████████████████████████------|[00:00:02<00:00:00]85.9%|██████████████████████████████████------|[00:00:02<00:00:00]86.0%|██████████████████████████████████------|[00:00:02<00:00:00]86.1%|██████████████████████████████████------|[00:00:02<00:00:00]86.3%|██████████████████████████████████------|[00:00:02<00:00:00]86.4%|██████████████████████████████████------|[00:00:02<00:00:00]86.5%|██████████████████████████████████------|[00:00:02<00:00:00]86.6%|██████████████████████████████████------|[00:00:02<00:00:00]86.7%|██████████████████████████████████------|[00:00:02<00:00:00]86.8%|██████████████████████████████████------|[00:00:02<00:00:00]86.9%|██████████████████████████████████------|[00:00:02<00:00:00]87.1%|██████████████████████████████████------|[00:00:02<00:00:00]87.2%|██████████████████████████████████------|[00:00:02<00:00:00]87.3%|██████████████████████████████████------|[00:00:02<00:00:00]87.4%|██████████████████████████████████------|[00:00:02<00:00:00]87.5%|███████████████████████████████████-----|[00:00:02<00:00:00]87.6%|███████████████████████████████████-----|[00:00:02<00:00:00]87.7%|███████████████████████████████████-----|[00:00:02<00:00:00]87.9%|███████████████████████████████████-----|[00:00:02<00:00:00]88.0%|███████████████████████████████████-----|[00:00:02<00:00:00]88.1%|███████████████████████████████████-----|[00:00:02<00:00:00]88.2%|███████████████████████████████████-----|[00:00:02<00:00:00]88.3%|███████████████████████████████████-----|[00:00:02<00:00:00]88.4%|███████████████████████████████████-----|[00:00:02<00:00:00]88.5%|███████████████████████████████████-----|[00:00:02<00:00:00]88.7%|███████████████████████████████████-----|[00:00:02<00:00:00]88.8%|███████████████████████████████████-----|[00:00:02<00:00:00]88.9%|███████████████████████████████████-----|[00:00:02<00:00:00]89.0%|███████████████████████████████████-----|[00:00:02<00:00:00]89.1%|███████████████████████████████████-----|[00:00:02<00:00:00]89.2%|███████████████████████████████████-----|[00:00:02<00:00:00]89.3%|███████████████████████████████████-----|[00:00:02<00:00:00]89.5%|███████████████████████████████████-----|[00:00:02<00:00:00]89.6%|███████████████████████████████████-----|[00:00:02<00:00:00]89.7%|███████████████████████████████████-----|[00:00:02<00:00:00]89.8%|███████████████████████████████████-----|[00:00:02<00:00:00]89.9%|███████████████████████████████████-----|[00:00:02<00:00:00]90.0%|████████████████████████████████████----|[00:00:02<00:00:00]90.1%|████████████████████████████████████----|[00:00:02<00:00:00]90.3%|████████████████████████████████████----|[00:00:02<00:00:00]90.4%|████████████████████████████████████----|[00:00:02<00:00:00]90.5%|████████████████████████████████████----|[00:00:02<00:00:00]90.6%|████████████████████████████████████----|[00:00:02<00:00:00]90.7%|████████████████████████████████████----|[00:00:02<00:00:00]90.8%|████████████████████████████████████----|[00:00:02<00:00:00]91.0%|████████████████████████████████████----|[00:00:02<00:00:00]91.1%|████████████████████████████████████----|[00:00:02<00:00:00]91.2%|████████████████████████████████████----|[00:00:02<00:00:00]91.3%|████████████████████████████████████----|[00:00:02<00:00:00]91.4%|████████████████████████████████████----|[00:00:02<00:00:00]91.5%|████████████████████████████████████----|[00:00:02<00:00:00]91.6%|████████████████████████████████████----|[00:00:02<00:00:00]91.8%|████████████████████████████████████----|[00:00:02<00:00:00]91.9%|████████████████████████████████████----|[00:00:02<00:00:00]92.0%|████████████████████████████████████----|[00:00:02<00:00:00]92.1%|████████████████████████████████████----|[00:00:02<00:00:00]92.2%|████████████████████████████████████----|[00:00:02<00:00:00]92.3%|████████████████████████████████████----|[00:00:02<00:00:00]92.4%|████████████████████████████████████----|[00:00:02<00:00:00]92.6%|█████████████████████████████████████---|[00:00:02<00:00:00]92.7%|█████████████████████████████████████---|[00:00:02<00:00:00]92.8%|█████████████████████████████████████---|[00:00:02<00:00:00]92.9%|█████████████████████████████████████---|[00:00:02<00:00:00]93.0%|█████████████████████████████████████---|[00:00:02<00:00:00]93.1%|█████████████████████████████████████---|[00:00:02<00:00:00]93.2%|█████████████████████████████████████---|[00:00:02<00:00:00]93.4%|█████████████████████████████████████---|[00:00:02<00:00:00]93.5%|█████████████████████████████████████---|[00:00:02<00:00:00]93.6%|█████████████████████████████████████---|[00:00:02<00:00:00]93.7%|█████████████████████████████████████---|[00:00:02<00:00:00]93.8%|█████████████████████████████████████---|[00:00:02<00:00:00]93.9%|█████████████████████████████████████---|[00:00:02<00:00:00]94.0%|█████████████████████████████████████---|[00:00:02<00:00:00]94.2%|█████████████████████████████████████---|[00:00:03<00:00:00]94.3%|█████████████████████████████████████---|[00:00:03<00:00:00]94.4%|█████████████████████████████████████---|[00:00:03<00:00:00]94.5%|█████████████████████████████████████---|[00:00:03<00:00:00]94.6%|█████████████████████████████████████---|[00:00:03<00:00:00]94.7%|█████████████████████████████████████---|[00:00:03<00:00:00]94.8%|█████████████████████████████████████---|[00:00:03<00:00:00]95.0%|█████████████████████████████████████---|[00:00:03<00:00:00]95.1%|██████████████████████████████████████--|[00:00:03<00:00:00]95.2%|██████████████████████████████████████--|[00:00:03<00:00:00]95.3%|██████████████████████████████████████--|[00:00:03<00:00:00]95.4%|██████████████████████████████████████--|[00:00:03<00:00:00]95.5%|██████████████████████████████████████--|[00:00:03<00:00:00]95.6%|██████████████████████████████████████--|[00:00:03<00:00:00]95.8%|██████████████████████████████████████--|[00:00:03<00:00:00]95.9%|██████████████████████████████████████--|[00:00:03<00:00:00]96.0%|██████████████████████████████████████--|[00:00:03<00:00:00]96.1%|██████████████████████████████████████--|[00:00:03<00:00:00]96.2%|██████████████████████████████████████--|[00:00:03<00:00:00]96.3%|██████████████████████████████████████--|[00:00:03<00:00:00]96.4%|██████████████████████████████████████--|[00:00:03<00:00:00]96.6%|██████████████████████████████████████--|[00:00:03<00:00:00]96.7%|██████████████████████████████████████--|[00:00:03<00:00:00]96.8%|██████████████████████████████████████--|[00:00:03<00:00:00]96.9%|██████████████████████████████████████--|[00:00:03<00:00:00]97.0%|██████████████████████████████████████--|[00:00:03<00:00:00]97.1%|██████████████████████████████████████--|[00:00:03<00:00:00]97.3%|██████████████████████████████████████--|[00:00:03<00:00:00]97.4%|██████████████████████████████████████--|[00:00:03<00:00:00]97.5%|██████████████████████████████████████--|[00:00:03<00:00:00]97.6%|███████████████████████████████████████-|[00:00:03<00:00:00]97.7%|███████████████████████████████████████-|[00:00:03<00:00:00]97.8%|███████████████████████████████████████-|[00:00:03<00:00:00]97.9%|███████████████████████████████████████-|[00:00:03<00:00:00]98.1%|███████████████████████████████████████-|[00:00:03<00:00:00]98.2%|███████████████████████████████████████-|[00:00:03<00:00:00]98.3%|███████████████████████████████████████-|[00:00:03<00:00:00]98.4%|███████████████████████████████████████-|[00:00:03<00:00:00]98.5%|███████████████████████████████████████-|[00:00:03<00:00:00]98.6%|███████████████████████████████████████-|[00:00:03<00:00:00]98.7%|███████████████████████████████████████-|[00:00:03<00:00:00]98.9%|███████████████████████████████████████-|[00:00:03<00:00:00]99.0%|███████████████████████████████████████-|[00:00:03<00:00:00]99.1%|███████████████████████████████████████-|[00:00:03<00:00:00]99.2%|███████████████████████████████████████-|[00:00:03<00:00:00]99.3%|███████████████████████████████████████-|[00:00:03<00:00:00]99.4%|███████████████████████████████████████-|[00:00:03<00:00:00]99.5%|███████████████████████████████████████-|[00:00:03<00:00:00]99.7%|███████████████████████████████████████-|[00:00:03<00:00:00]99.8%|███████████████████████████████████████-|[00:00:03<00:00:00]99.9%|███████████████████████████████████████-|[00:00:03<00:00:00][WARNING] ME(223669:281472958681120,MainProcess):2026-09-11-20:52:30.400.00 [mindspore/train/serialization.py:331] The type of Parameter#1001:BFloat16 in 'parameter_dict' is different from the type of it in 'net':Float32, then the type convert from BFloat16 to Float32 in the network. May consume additional memory and time
[WARNING] ME(223669:281472958681120,MainProcess):2026-09-11-20:52:31.966.000 [mindspore/train/serialization.py:331] The type of Parameter#929:BFloat16 in 'parameter_dict' is different from the type of it in 'net':Float32, then the type convert from BFloat16 to Float32 in the network. May consume additional memory and time
[WARNING] ME(223669:281472958681120,MainProcess):2026-09-11-20:52:31.967.000 [mindspore/train/serialization.py:331] The type of Parameter#807:BFloat16 in 'parameter_dict' is different from the type of it in 'net':Float32, then the type convert from BFloat16 to Float32 in the network. May consume additional memory and time
[WARNING] ME(223669:281472958681120,MainProcess):2026-09-11-20:52:32.200.00 [mindspore/train/serialization.py:331] The type of Parameter#892:BFloat16 in 'parameter_dict' is different from the type of it in 'net':Float32, then the type convert from BFloat16 to Float32 in the network. May consume additional memory and time
[WARNING] ME(223669:281472958681120,MainProcess):2026-09-11-20:52:32.980.00 [mindspore/train/serialization.py:331] The type of Parameter#874:BFloat16 in 'parameter_dict' is different from the type of it in 'net':Float32, then the type convert from BFloat16 to Float32 in the network. May consume additional memory and time
[WARNING] ME(223669:281472958681120,MainProcess):2026-09-11-20:52:32.990.00 [mindspore/train/serialization.py:331] The type of Parameter#972:BFloat16 in 'parameter_dict' is different from the type of it in 'net':Float32, then the type convert from BFloat16 to Float32 in the network. May consume additional memory and time
[WARNING] ME(223669:281472958681120,MainProcess):2026-09-11-20:52:32.990.00 [mindspore/train/serialization.py:331] The type of Parameter#950:BFloat16 in 'parameter_dict' is different from the type of it in 'net':Float32, then the type convert from BFloat16 to Float32 in the network. May consume additional memory and time
[WARNING] ME(223669:281472958681120,MainProcess):2026-09-11-20:52:32.990.00 [mindspore/train/serialization.py:331] The type of Parameter#1063:BFloat16 in 'parameter_dict' is different from the type of it in 'net':Float32, then the type convert from BFloat16 to Float32 in the network. May consume additional memory and time
[WARNING] ME(223669:281472958681120,MainProcess):2026-09-11-20:52:32.410.000 [mindspore/train/serialization.py:331] The type of Parameter#988:BFloat16 in 'parameter_dict' is different from the type of it in 'net':Float32, then the type convert from BFloat16 to Float32 in the network. May consume additional memory and time
[WARNING] ME(223669:281472958681120,MainProcess):2026-09-11-20:52:32.565.000 [mindspore/train/serialization.py:331] The type of Parameter#867:BFloat16 in 'parameter_dict' is different from the type of it in 'net':Float32, then the type convert from BFloat16 to Float32 in the network. May consume additional memory and time
[WARNING] ME(223669:281472958681120,MainProcess):2026-09-11-20:52:32.566.000 [mindspore/train/serialization.py:331] The type of Parameter#987:BFloat16 in 'parameter_dict' is different from the type of it in 'net':Float32, then the type convert from BFloat16 to Float32 in the network. May consume additional memory and time
[WARNING] ME(223669:281472958681120,MainProcess):2026-09-11-20:52:32.618.000 [mindspore/train/serialization.py:331] The type of Parameter#1029:BFloat16 in 'parameter_dict' is different from the type of it in 'net':Float32, then the type convert from BFloat16 to Float32 in the network. May consume additional memory and time
[WARNING] ME(223669:281472958681120,MainProcess):2026-09-11-20:52:32.696.000 [mindspore/train/serialization.py:331] The type of Parameter#947:BFloat16 in 'parameter_dict' is different from the type of it in 'net':Float32, then the type convert from BFloat16 to Float32 in the network. May consume additional memory and time
[WARNING] ME(223669:281472958681120,MainProcess):2026-09-11-20:52:32.697.000 [mindspore/train/serialization.py:331] The type of Parameter#823:BFloat16 in 'parameter_dict' is different from the type of it in 'net':Float32, then the type convert from BFloat16 to Float32 in the network. May consume additional memory and time
[WARNING] ME(223669:281472958681120,MainProcess):2026-09-11-20:52:32.697.000 [mindspore/train/serialization.py:331] The type of Parameter#853:BFloat16 in 'parameter_dict' is different from the type of it in 'net':Float32, then the type convert from BFloat16 to Float32 in the network. May consume additional memory and time
[WARNING] ME(223669:281472958681120,MainProcess):2026-09-11-20:52:32.698.000 [mindspore/train/serialization.py:331] The type of Parameter#1024:BFloat16 in 'parameter_dict' is different from the type of it in 'net':Float32, then the type convert from BFloat16 to Float32 in the network. May consume additional memory and time
[WARNING] ME(223669:281472958681120,MainProcess):2026-09-11-20:52:33.900.0 [mindspore/train/serialization.py:331] The type of Parameter#1022:BFloat16 in 'parameter_dict' is different from the type of it in 'net':Float32, then the type convert from BFloat16 to Float32 in the network. May consume additional memory and time
[WARNING] ME(223669:281472958681120,MainProcess):2026-09-11-20:52:33.165.000 [mindspore/train/serialization.py:331] The type of Parameter#808:BFloat16 in 'parameter_dict' is different from the type of it in 'net':Float32, then the type convert from BFloat16 to Float32 in the network. May consume additional memory and time
[WARNING] ME(223669:281472958681120,MainProcess):2026-09-11-20:52:33.165.000 [mindspore/train/serialization.py:331] The type of Parameter#1018:BFloat16 in 'parameter_dict' is different from the type of it in 'net':Float32, then the type convert from BFloat16 to Float32 in the network. May consume additional memory and time
[WARNING] ME(223669:281472958681120,MainProcess):2026-09-11-20:52:33.217.000 [mindspore/train/serialization.py:331] The type of Parameter#1055:BFloat16 in 'parameter_dict' is different from the type of it in 'net':Float32, then the type convert from BFloat16 to Float32 in the network. May consume additional memory and time
[WARNING] ME(223669:281472958681120,MainProcess):2026-09-11-20:52:33.296.000 [mindspore/train/serialization.py:331] The type of Parameter#910:BFloat16 in 'parameter_dict' is different from the type of it in 'net':Float32, then the type convert from BFloat16 to Float32 in the network. May consume additional memory and time
[WARNING] ME(223669:281472958681120,MainProcess):2026-09-11-20:52:33.296.000 [mindspore/train/serialization.py:331] The type of Parameter#1068:BFloat16 in 'parameter_dict' is different from the type of it in 'net':Float32, then the type convert from BFloat16 to Float32 in the network. May consume additional memory and time
[WARNING] ME(223669:281472958681120,MainProcess):2026-09-11-20:52:33.296.000 [mindspore/train/serialization.py:331] The type of Parameter#894:BFloat16 in 'parameter_dict' is different from the type of it in 'net':Float32, then the type convert from BFloat16 to Float32 in the network. May consume additional memory and time
[WARNING] ME(223669:281472958681120,MainProcess):2026-09-11-20:52:33.297.000 [mindspore/train/serialization.py:331] The type of Parameter#822:BFloat16 in 'parameter_dict' is different from the type of it in 'net':Float32, then the type convert from BFloat16 to Float32 in the network. May consume additional memory and time
[WARNING] ME(223669:281472958681120,MainProcess):2026-09-11-20:52:33.608.000 [mindspore/train/serialization.py:331] The type of Parameter#1035:BFloat16 in 'parameter_dict' is different from the type of it in 'net':Float32, then the type convert from BFloat16 to Float32 in the network. May consume additional memory and time
[WARNING] ME(223669:281472958681120,MainProcess):2026-09-11-20:52:33.764.000 [mindspore/train/serialization.py:331] The type of Parameter#975:BFloat16 in 'parameter_dict' is different from the type of it in 'net':Float32, then the type convert from BFloat16 to Float32 in the network. May consume additional memory and time
[WARNING] ME(223669:281472958681120,MainProcess):2026-09-11-20:52:33.764.000 [mindspore/train/serialization.py:331] The type of Parameter#985:BFloat16 in 'parameter_dict' is different from the type of it in 'net':Float32, then the type convert from BFloat16 to Float32 in the network. May consume additional memory and time
[WARNING] ME(223669:281472958681120,MainProcess):2026-09-11-20:52:33.817.000 [mindspore/train/serialization.py:331] The type of Parameter#1079:BFloat16 in 'parameter_dict' is different from the type of it in 'net':Float32, then the type convert from BFloat16 to Float32 in the network. May consume additional memory and time
[WARNING] ME(223669:281472958681120,MainProcess):2026-09-11-20:52:33.895.000 [mindspore/train/serialization.py:331] The type of Parameter#884:BFloat16 in 'parameter_dict' is different from the type of it in 'net':Float32, then the type convert from BFloat16 to Float32 in the network. May consume additional memory and time
[WARNING] ME(223669:281472958681120,MainProcess):2026-09-11-20:52:33.895.000 [mindspore/train/serialization.py:331] The type of Parameter#1060:BFloat16 in 'parameter_dict' is different from the type of it in 'net':Float32, then the type convert from BFloat16 to Float32 in the network. May consume additional memory and time
[WARNING] ME(223669:281472958681120,MainProcess):2026-09-11-20:52:33.896.000 [mindspore/train/serialization.py:331] The type of Parameter#1031:BFloat16 in 'parameter_dict' is different from the type of it in 'net':Float32, then the type convert from BFloat16 to Float32 in the network. May consume additional memory and time
[WARNING] ME(223669:281472958681120,MainProcess):2026-09-11-20:52:33.896.000 [mindspore/train/serialization.py:331] The type of Parameter#1083:BFloat16 in 'parameter_dict' is different from the type of it in 'net':Float32, then the type convert from BFloat16 to Float32 in the network. May consume additional memory and time
[WARNING] ME(223669:281472958681120,MainProcess):2026-09-11-20:52:34.206.000 [mindspore/train/serialization.py:331] The type of Parameter#1053:BFloat16 in 'parameter_dict' is different from the type of it in 'net':Float32, then the type convert from BFloat16 to Float32 in the network. May consume additional memory and time
[WARNING] ME(223669:281472958681120,MainProcess):2026-09-11-20:52:34.362.000 [mindspore/train/serialization.py:331] The type of Parameter#916:BFloat16 in 'parameter_dict' is different from the type of it in 'net':Float32, then the type convert from BFloat16 to Float32 in the network. May consume additional memory and time
[WARNING] ME(223669:281472958681120,MainProcess):2026-09-11-20:52:34.362.000 [mindspore/train/serialization.py:331] The type of Parameter#1065:BFloat16 in 'parameter_dict' is different from the type of it in 'net':Float32, then the type convert from BFloat16 to Float32 in the network. May consume additional memory and time
[WARNING] ME(223669:281472958681120,MainProcess):2026-09-11-20:52:34.414.000 [mindspore/train/serialization.py:331] The type of Parameter#1087:BFloat16 in 'parameter_dict' is different from the type of it in 'net':Float32, then the type convert from BFloat16 to Float32 in the network. May consume additional memory and time
[WARNING] ME(223669:281472958681120,MainProcess):2026-09-11-20:52:34.493.000 [mindspore/train/serialization.py:331] The type of Parameter#857:BFloat16 in 'parameter_dict' is different from the type of it in 'net':Float32, then the type convert from BFloat16 to Float32 in the network. May consume additional memory and time
[WARNING] ME(223669:281472958681120,MainProcess):2026-09-11-20:52:34.493.000 [mindspore/train/serialization.py:331] The type of Parameter#909:BFloat16 in 'parameter_dict' is different from the type of it in 'net':Float32, then the type convert from BFloat16 to Float32 in the network. May consume additional memory and time
[WARNING] ME(223669:281472958681120,MainProcess):2026-09-11-20:52:34.493.000 [mindspore/train/serialization.py:331] The type of Parameter#1061:BFloat16 in 'parameter_dict' is different from the type of it in 'net':Float32, then the type convert from BFloat16 to Float32 in the network. May consume additional memory and time
[WARNING] ME(223669:281472958681120,MainProcess):2026-09-11-20:52:34.494.000 [mindspore/train/serialization.py:331] The type of Parameter#996:BFloat16 in 'parameter_dict' is different from the type of it in 'net':Float32, then the type convert from BFloat16 to Float32 in the network. May consume additional memory and time
[WARNING] ME(223669:281472958681120,MainProcess):2026-09-11-20:52:34.804.000 [mindspore/train/serialization.py:331] The type of Parameter#828:BFloat16 in 'parameter_dict' is different from the type of it in 'net':Float32, then the type convert from BFloat16 to Float32 in the network. May consume additional memory and time
[WARNING] ME(223669:281472958681120,MainProcess):2026-09-11-20:52:34.960.000 [mindspore/train/serialization.py:331] The type of Parameter#1078:BFloat16 in 'parameter_dict' is different from the type of it in 'net':Float32, then the type convert from BFloat16 to Float32 in the network. May consume additional memory and time
[WARNING] ME(223669:281472958681120,MainProcess):2026-09-11-20:52:34.960.000 [mindspore/train/serialization.py:331] The type of Parameter#978:BFloat16 in 'parameter_dict' is different from the type of it in 'net':Float32, then the type convert from BFloat16 to Float32 in the network. May consume additional memory and time
[WARNING] ME(223669:281472958681120,MainProcess):2026-09-11-20:52:35.130.00 [mindspore/train/serialization.py:331] The type of Parameter#851:BFloat16 in 'parameter_dict' is different from the type of it in 'net':Float32, then the type convert from BFloat16 to Float32 in the network. May consume additional memory and time
[WARNING] ME(223669:281472958681120,MainProcess):2026-09-11-20:52:35.910.00 [mindspore/train/serialization.py:331] The type of Parameter#1042:BFloat16 in 'parameter_dict' is different from the type of it in 'net':Float32, then the type convert from BFloat16 to Float32 in the network. May consume additional memory and time
[WARNING] ME(223669:281472958681120,MainProcess):2026-09-11-20:52:35.910.00 [mindspore/train/serialization.py:331] The type of Parameter#1050:BFloat16 in 'parameter_dict' is different from the type of it in 'net':Float32, then the type convert from BFloat16 to Float32 in the network. May consume additional memory and time
[WARNING] ME(223669:281472958681120,MainProcess):2026-09-11-20:52:35.920.00 [mindspore/train/serialization.py:331] The type of Parameter#938:BFloat16 in 'parameter_dict' is different from the type of it in 'net':Float32, then the type convert from BFloat16 to Float32 in the network. May consume additional memory and time
[WARNING] ME(223669:281472958681120,MainProcess):2026-09-11-20:52:35.920.00 [mindspore/train/serialization.py:331] The type of Parameter#1012:BFloat16 in 'parameter_dict' is different from the type of it in 'net':Float32, then the type convert from BFloat16 to Float32 in the network. May consume additional memory and time
[WARNING] ME(223669:281472958681120,MainProcess):2026-09-11-20:52:35.404.000 [mindspore/train/serialization.py:331] The type of Parameter#895:BFloat16 in 'parameter_dict' is different from the type of it in 'net':Float32, then the type convert from BFloat16 to Float32 in the network. May consume additional memory and time
[WARNING] ME(223669:281472958681120,MainProcess):2026-09-11-20:52:35.560.000 [mindspore/train/serialization.py:331] The type of Parameter#816:BFloat16 in 'parameter_dict' is different from the type of it in 'net':Float32, then the type convert from BFloat16 to Float32 in the network. May consume additional memory and time
[WARNING] ME(223669:281472958681120,MainProcess):2026-09-11-20:52:35.560.000 [mindspore/train/serialization.py:331] The type of Parameter#870:BFloat16 in 'parameter_dict' is different from the type of it in 'net':Float32, then the type convert from BFloat16 to Float32 in the network. May consume additional memory and time
[WARNING] ME(223669:281472958681120,MainProcess):2026-09-11-20:52:35.612.000 [mindspore/train/serialization.py:331] The type of Parameter#1082:BFloat16 in 'parameter_dict' is different from the type of it in 'net':Float32, then the type convert from BFloat16 to Float32 in the network. May consume additional memory and time
[WARNING] ME(223669:281472958681120,MainProcess):2026-09-11-20:52:35.691.000 [mindspore/train/serialization.py:331] The type of Parameter#962:BFloat16 in 'parameter_dict' is different from the type of it in 'net':Float32, then the type convert from BFloat16 to Float32 in the network. May consume additional memory and time
[WARNING] ME(223669:281472958681120,MainProcess):2026-09-11-20:52:35.691.000 [mindspore/train/serialization.py:331] The type of Parameter#942:BFloat16 in 'parameter_dict' is different from the type of it in 'net':Float32, then the type convert from BFloat16 to Float32 in the network. May consume additional memory and time
[WARNING] ME(223669:281472958681120,MainProcess):2026-09-11-20:52:35.692.000 [mindspore/train/serialization.py:331] The type of Parameter#1066:BFloat16 in 'parameter_dict' is different from the type of it in 'net':Float32, then the type convert from BFloat16 to Float32 in the network. May consume additional memory and time
[WARNING] ME(223669:281472958681120,MainProcess):2026-09-11-20:52:35.692.000 [mindspore/train/serialization.py:331] The type of Parameter#1045:BFloat16 in 'parameter_dict' is different from the type of it in 'net':Float32, then the type convert from BFloat16 to Float32 in the network. May consume additional memory and time
[WARNING] ME(223669:281472958681120,MainProcess):2026-09-11-20:52:36.400.0 [mindspore/train/serialization.py:331] The type of Parameter#860:BFloat16 in 'parameter_dict' is different from the type of it in 'net':Float32, then the type convert from BFloat16 to Float32 in the network. May consume additional memory and time
[WARNING] ME(223669:281472958681120,MainProcess):2026-09-11-20:52:36.160.000 [mindspore/train/serialization.py:331] The type of Parameter#949:BFloat16 in 'parameter_dict' is different from the type of it in 'net':Float32, then the type convert from BFloat16 to Float32 in the network. May consume additional memory and time
[WARNING] ME(223669:281472958681120,MainProcess):2026-09-11-20:52:36.161.000 [mindspore/train/serialization.py:331] The type of Parameter#898:BFloat16 in 'parameter_dict' is different from the type of it in 'net':Float32, then the type convert from BFloat16 to Float32 in the network. May consume additional memory and time
[WARNING] ME(223669:281472958681120,MainProcess):2026-09-11-20:52:36.213.000 [mindspore/train/serialization.py:331] The type of Parameter#928:BFloat16 in 'parameter_dict' is different from the type of it in 'net':Float32, then the type convert from BFloat16 to Float32 in the network. May consume additional memory and time
[WARNING] ME(223669:281472958681120,MainProcess):2026-09-11-20:52:36.292.000 [mindspore/train/serialization.py:331] The type of Parameter#922:BFloat16 in 'parameter_dict' is different from the type of it in 'net':Float32, then the type convert from BFloat16 to Float32 in the network. May consume additional memory and time
[WARNING] ME(223669:281472958681120,MainProcess):2026-09-11-20:52:36.292.000 [mindspore/train/serialization.py:331] The type of Parameter#879:BFloat16 in 'parameter_dict' is different from the type of it in 'net':Float32, then the type convert from BFloat16 to Float32 in the network. May consume additional memory and time
[WARNING] ME(223669:281472958681120,MainProcess):2026-09-11-20:52:36.293.000 [mindspore/train/serialization.py:331] The type of Parameter#896:BFloat16 in 'parameter_dict' is different from the type of it in 'net':Float32, then the type convert from BFloat16 to Float32 in the network. May consume additional memory and time
[WARNING] ME(223669:281472958681120,MainProcess):2026-09-11-20:52:36.293.000 [mindspore/train/serialization.py:331] The type of Parameter#911:BFloat16 in 'parameter_dict' is different from the type of it in 'net':Float32, then the type convert from BFloat16 to Float32 in the network. May consume additional memory and time
[WARNING] ME(223669:281472958681120,MainProcess):2026-09-11-20:52:36.605.000 [mindspore/train/serialization.py:331] The type of Parameter#1054:BFloat16 in 'parameter_dict' is different from the type of it in 'net':Float32, then the type convert from BFloat16 to Float32 in the network. May consume additional memory and time
[WARNING] ME(223669:281472958681120,MainProcess):2026-09-11-20:52:36.760.000 [mindspore/train/serialization.py:331] The type of Parameter#904:BFloat16 in 'parameter_dict' is different from the type of it in 'net':Float32, then the type convert from BFloat16 to Float32 in the network. May consume additional memory and time
[WARNING] ME(223669:281472958681120,MainProcess):2026-09-11-20:52:36.761.000 [mindspore/train/serialization.py:331] The type of Parameter#850:BFloat16 in 'parameter_dict' is different from the type of it in 'net':Float32, then the type convert from BFloat16 to Float32 in the network. May consume additional memory and time
[WARNING] ME(223669:281472958681120,MainProcess):2026-09-11-20:52:36.813.000 [mindspore/train/serialization.py:331] The type of Parameter#983:BFloat16 in 'parameter_dict' is different from the type of it in 'net':Float32, then the type convert from BFloat16 to Float32 in the network. May consume additional memory and time
[WARNING] ME(223669:281472958681120,MainProcess):2026-09-11-20:52:36.892.000 [mindspore/train/serialization.py:331] The type of Parameter#1080:BFloat16 in 'parameter_dict' is different from the type of it in 'net':Float32, then the type convert from BFloat16 to Float32 in the network. May consume additional memory and time
[WARNING] ME(223669:281472958681120,MainProcess):2026-09-11-20:52:36.892.000 [mindspore/train/serialization.py:331] The type of Parameter#1070:BFloat16 in 'parameter_dict' is different from the type of it in 'net':Float32, then the type convert from BFloat16 to Float32 in the network. May consume additional memory and time
[WARNING] ME(223669:281472958681120,MainProcess):2026-09-11-20:52:36.892.000 [mindspore/train/serialization.py:331] The type of Parameter#927:BFloat16 in 'parameter_dict' is different from the type of it in 'net':Float32, then the type convert from BFloat16 to Float32 in the network. May consume additional memory and time
[WARNING] ME(223669:281472958681120,MainProcess):2026-09-11-20:52:36.893.000 [mindspore/train/serialization.py:331] The type of Parameter#885:BFloat16 in 'parameter_dict' is different from the type of it in 'net':Float32, then the type convert from BFloat16 to Float32 in the network. May consume additional memory and time
[WARNING] ME(223669:281472958681120,MainProcess):2026-09-11-20:52:37.204.000 [mindspore/train/serialization.py:331] The type of Parameter#881:BFloat16 in 'parameter_dict' is different from the type of it in 'net':Float32, then the type convert from BFloat16 to Float32 in the network. May consume additional memory and time
[WARNING] ME(223669:281472958681120,MainProcess):2026-09-11-20:52:37.360.000 [mindspore/train/serialization.py:331] The type of Parameter#923:BFloat16 in 'parameter_dict' is different from the type of it in 'net':Float32, then the type convert from BFloat16 to Float32 in the network. May consume additional memory and time
[WARNING] ME(223669:281472958681120,MainProcess):2026-09-11-20:52:37.361.000 [mindspore/train/serialization.py:331] The type of Parameter#997:BFloat16 in 'parameter_dict' is different from the type of it in 'net':Float32, then the type convert from BFloat16 to Float32 in the network. May consume additional memory and time
[WARNING] ME(223669:281472958681120,MainProcess):2026-09-11-20:52:37.413.000 [mindspore/train/serialization.py:331] The type of Parameter#1027:BFloat16 in 'parameter_dict' is different from the type of it in 'net':Float32, then the type convert from BFloat16 to Float32 in the network. May consume additional memory and time
[WARNING] ME(223669:281472958681120,MainProcess):2026-09-11-20:52:37.491.000 [mindspore/train/serialization.py:331] The type of Parameter#1038:BFloat16 in 'parameter_dict' is different from the type of it in 'net':Float32, then the type convert from BFloat16 to Float32 in the network. May consume additional memory and time
[WARNING] ME(223669:281472958681120,MainProcess):2026-09-11-20:52:37.492.000 [mindspore/train/serialization.py:331] The type of Parameter#1028:BFloat16 in 'parameter_dict' is different from the type of it in 'net':Float32, then the type convert from BFloat16 to Float32 in the network. May consume additional memory and time
[WARNING] ME(223669:281472958681120,MainProcess):2026-09-11-20:52:37.492.000 [mindspore/train/serialization.py:331] The type of Parameter#1074:BFloat16 in 'parameter_dict' is different from the type of it in 'net':Float32, then the type convert from BFloat16 to Float32 in the network. May consume additional memory and time
[WARNING] ME(223669:281472958681120,MainProcess):2026-09-11-20:52:37.492.000 [mindspore/train/serialization.py:331] The type of Parameter#966:BFloat16 in 'parameter_dict' is different from the type of it in 'net':Float32, then the type convert from BFloat16 to Float32 in the network. May consume additional memory and time
[WARNING] ME(223669:281472958681120,MainProcess):2026-09-11-20:52:37.804.000 [mindspore/train/serialization.py:331] The type of Parameter#926:BFloat16 in 'parameter_dict' is different from the type of it in 'net':Float32, then the type convert from BFloat16 to Float32 in the network. May consume additional memory and time
[WARNING] ME(223669:281472958681120,MainProcess):2026-09-11-20:52:37.960.000 [mindspore/train/serialization.py:331] The type of Parameter#914:BFloat16 in 'parameter_dict' is different from the type of it in 'net':Float32, then the type convert from BFloat16 to Float32 in the network. May consume additional memory and time
[WARNING] ME(223669:281472958681120,MainProcess):2026-09-11-20:52:37.960.000 [mindspore/train/serialization.py:331] The type of Parameter#1044:BFloat16 in 'parameter_dict' is different from the type of it in 'net':Float32, then the type convert from BFloat16 to Float32 in the network. May consume additional memory and time
[WARNING] ME(223669:281472958681120,MainProcess):2026-09-11-20:52:38.130.00 [mindspore/train/serialization.py:331] The type of Parameter#831:BFloat16 in 'parameter_dict' is different from the type of it in 'net':Float32, then the type convert from BFloat16 to Float32 in the network. May consume additional memory and time
[WARNING] ME(223669:281472958681120,MainProcess):2026-09-11-20:52:38.910.00 [mindspore/train/serialization.py:331] The type of Parameter#854:BFloat16 in 'parameter_dict' is different from the type of it in 'net':Float32, then the type convert from BFloat16 to Float32 in the network. May consume additional memory and time
[WARNING] ME(223669:281472958681120,MainProcess):2026-09-11-20:52:38.910.00 [mindspore/train/serialization.py:331] The type of Parameter#954:BFloat16 in 'parameter_dict' is different from the type of it in 'net':Float32, then the type convert from BFloat16 to Float32 in the network. May consume additional memory and time
[WARNING] ME(223669:281472958681120,MainProcess):2026-09-11-20:52:38.920.00 [mindspore/train/serialization.py:331] The type of Parameter#871:BFloat16 in 'parameter_dict' is different from the type of it in 'net':Float32, then the type convert from BFloat16 to Float32 in the network. May consume additional memory and time
[WARNING] ME(223669:281472958681120,MainProcess):2026-09-11-20:52:38.920.00 [mindspore/train/serialization.py:331] The type of Parameter#944:BFloat16 in 'parameter_dict' is different from the type of it in 'net':Float32, then the type convert from BFloat16 to Float32 in the network. May consume additional memory and time
[WARNING] ME(223669:281472958681120,MainProcess):2026-09-11-20:52:38.404.000 [mindspore/train/serialization.py:331] The type of Parameter#846:BFloat16 in 'parameter_dict' is different from the type of it in 'net':Float32, then the type convert from BFloat16 to Float32 in the network. May consume additional memory and time
[WARNING] ME(223669:281472958681120,MainProcess):2026-09-11-20:52:38.559.000 [mindspore/train/serialization.py:331] The type of Parameter#1009:BFloat16 in 'parameter_dict' is different from the type of it in 'net':Float32, then the type convert from BFloat16 to Float32 in the network. May consume additional memory and time
[WARNING] ME(223669:281472958681120,MainProcess):2026-09-11-20:52:38.560.000 [mindspore/train/serialization.py:331] The type of Parameter#995:BFloat16 in 'parameter_dict' is different from the type of it in 'net':Float32, then the type convert from BFloat16 to Float32 in the network. May consume additional memory and time
[WARNING] ME(223669:281472958681120,MainProcess):2026-09-11-20:52:38.612.000 [mindspore/train/serialization.py:331] The type of Parameter#891:BFloat16 in 'parameter_dict' is different from the type of it in 'net':Float32, then the type convert from BFloat16 to Float32 in the network. May consume additional memory and time
[WARNING] ME(223669:281472958681120,MainProcess):2026-09-11-20:52:38.691.000 [mindspore/train/serialization.py:331] The type of Parameter#833:BFloat16 in 'parameter_dict' is different from the type of it in 'net':Float32, then the type convert from BFloat16 to Float32 in the network. May consume additional memory and time
[WARNING] ME(223669:281472958681120,MainProcess):2026-09-11-20:52:38.691.000 [mindspore/train/serialization.py:331] The type of Parameter#864:BFloat16 in 'parameter_dict' is different from the type of it in 'net':Float32, then the type convert from BFloat16 to Float32 in the network. May consume additional memory and time
[WARNING] ME(223669:281472958681120,MainProcess):2026-09-11-20:52:38.691.000 [mindspore/train/serialization.py:331] The type of Parameter#917:BFloat16 in 'parameter_dict' is different from the type of it in 'net':Float32, then the type convert from BFloat16 to Float32 in the network. May consume additional memory and time
[WARNING] ME(223669:281472958681120,MainProcess):2026-09-11-20:52:38.692.000 [mindspore/train/serialization.py:331] The type of Parameter#907:BFloat16 in 'parameter_dict' is different from the type of it in 'net':Float32, then the type convert from BFloat16 to Float32 in the network. May consume additional memory and time
[WARNING] ME(223669:281472958681120,MainProcess):2026-09-11-20:52:39.300.0 [mindspore/train/serialization.py:331] The type of Parameter#842:BFloat16 in 'parameter_dict' is different from the type of it in 'net':Float32, then the type convert from BFloat16 to Float32 in the network. May consume additional memory and time
[WARNING] ME(223669:281472958681120,MainProcess):2026-09-11-20:52:39.160.000 [mindspore/train/serialization.py:331] The type of Parameter#1016:BFloat16 in 'parameter_dict' is different from the type of it in 'net':Float32, then the type convert from BFloat16 to Float32 in the network. May consume additional memory and time
[WARNING] ME(223669:281472958681120,MainProcess):2026-09-11-20:52:39.160.000 [mindspore/train/serialization.py:331] The type of Parameter#971:BFloat16 in 'parameter_dict' is different from the type of it in 'net':Float32, then the type convert from BFloat16 to Float32 in the network. May consume additional memory and time
[WARNING] ME(223669:281472958681120,MainProcess):2026-09-11-20:52:39.213.000 [mindspore/train/serialization.py:331] The type of Parameter#812:BFloat16 in 'parameter_dict' is different from the type of it in 'net':Float32, then the type convert from BFloat16 to Float32 in the network. May consume additional memory and time
[WARNING] ME(223669:281472958681120,MainProcess):2026-09-11-20:52:39.291.000 [mindspore/train/serialization.py:331] The type of Parameter#961:BFloat16 in 'parameter_dict' is different from the type of it in 'net':Float32, then the type convert from BFloat16 to Float32 in the network. May consume additional memory and time
[WARNING] ME(223669:281472958681120,MainProcess):2026-09-11-20:52:39.291.000 [mindspore/train/serialization.py:331] The type of Parameter#980:BFloat16 in 'parameter_dict' is different from the type of it in 'net':Float32, then the type convert from BFloat16 to Float32 in the network. May consume additional memory and time
[WARNING] ME(223669:281472958681120,MainProcess):2026-09-11-20:52:39.292.000 [mindspore/train/serialization.py:331] The type of Parameter#819:BFloat16 in 'parameter_dict' is different from the type of it in 'net':Float32, then the type convert from BFloat16 to Float32 in the network. May consume additional memory and time
[WARNING] ME(223669:281472958681120,MainProcess):2026-09-11-20:52:39.292.000 [mindspore/train/serialization.py:331] The type of Parameter#849:BFloat16 in 'parameter_dict' is different from the type of it in 'net':Float32, then the type convert from BFloat16 to Float32 in the network. May consume additional memory and time
[WARNING] ME(223669:281472958681120,MainProcess):2026-09-11-20:52:39.605.000 [mindspore/train/serialization.py:331] The type of Parameter#990:BFloat16 in 'parameter_dict' is different from the type of it in 'net':Float32, then the type convert from BFloat16 to Float32 in the network. May consume additional memory and time
[WARNING] ME(223669:281472958681120,MainProcess):2026-09-11-20:52:39.760.000 [mindspore/train/serialization.py:331] The type of Parameter#969:BFloat16 in 'parameter_dict' is different from the type of it in 'net':Float32, then the type convert from BFloat16 to Float32 in the network. May consume additional memory and time
[WARNING] ME(223669:281472958681120,MainProcess):2026-09-11-20:52:39.761.000 [mindspore/train/serialization.py:331] The type of Parameter#1023:BFloat16 in 'parameter_dict' is different from the type of it in 'net':Float32, then the type convert from BFloat16 to Float32 in the network. May consume additional memory and time
[WARNING] ME(223669:281472958681120,MainProcess):2026-09-11-20:52:39.813.000 [mindspore/train/serialization.py:331] The type of Parameter#1084:BFloat16 in 'parameter_dict' is different from the type of it in 'net':Float32, then the type convert from BFloat16 to Float32 in the network. May consume additional memory and time
[WARNING] ME(223669:281472958681120,MainProcess):2026-09-11-20:52:39.891.000 [mindspore/train/serialization.py:331] The type of Parameter#1037:BFloat16 in 'parameter_dict' is different from the type of it in 'net':Float32, then the type convert from BFloat16 to Float32 in the network. May consume additional memory and time
[WARNING] ME(223669:281472958681120,MainProcess):2026-09-11-20:52:39.892.000 [mindspore/train/serialization.py:331] The type of Parameter#834:BFloat16 in 'parameter_dict' is different from the type of it in 'net':Float32, then the type convert from BFloat16 to Float32 in the network. May consume additional memory and time
[WARNING] ME(223669:281472958681120,MainProcess):2026-09-11-20:52:39.892.000 [mindspore/train/serialization.py:331] The type of Parameter#936:BFloat16 in 'parameter_dict' is different from the type of it in 'net':Float32, then the type convert from BFloat16 to Float32 in the network. May consume additional memory and time
[WARNING] ME(223669:281472958681120,MainProcess):2026-09-11-20:52:39.893.000 [mindspore/train/serialization.py:331] The type of Parameter#933:BFloat16 in 'parameter_dict' is different from the type of it in 'net':Float32, then the type convert from BFloat16 to Float32 in the network. May consume additional memory and time
[WARNING] ME(223669:281472958681120,MainProcess):2026-09-11-20:52:40.206.000 [mindspore/train/serialization.py:331] The type of Parameter#1092:BFloat16 in 'parameter_dict' is different from the type of it in 'net':Float32, then the type convert from BFloat16 to Float32 in the network. May consume additional memory and time
[WARNING] ME(223669:281472958681120,MainProcess):2026-09-11-20:52:40.362.000 [mindspore/train/serialization.py:331] The type of Parameter#903:BFloat16 in 'parameter_dict' is different from the type of it in 'net':Float32, then the type convert from BFloat16 to Float32 in the network. May consume additional memory and time
[WARNING] ME(223669:281472958681120,MainProcess):2026-09-11-20:52:40.363.000 [mindspore/train/serialization.py:331] The type of Parameter#1015:BFloat16 in 'parameter_dict' is different from the type of it in 'net':Float32, then the type convert from BFloat16 to Float32 in the network. May consume additional memory and time
[WARNING] ME(223669:281472958681120,MainProcess):2026-09-11-20:52:40.422.000 [mindspore/train/serialization.py:331] The type of Parameter#970:BFloat16 in 'parameter_dict' is different from the type of it in 'net':Float32, then the type convert from BFloat16 to Float32 in the network. May consume additional memory and time
[WARNING] ME(223669:281472958681120,MainProcess):2026-09-11-20:52:40.500.000 [mindspore/train/serialization.py:331] The type of Parameter#992:BFloat16 in 'parameter_dict' is different from the type of it in 'net':Float32, then the type convert from BFloat16 to Float32 in the network. May consume additional memory and time
[WARNING] ME(223669:281472958681120,MainProcess):2026-09-11-20:52:40.500.000 [mindspore/train/serialization.py:331] The type of Parameter#1007:BFloat16 in 'parameter_dict' is different from the type of it in 'net':Float32, then the type convert from BFloat16 to Float32 in the network. May consume additional memory and time
[WARNING] ME(223669:281472958681120,MainProcess):2026-09-11-20:52:40.501.000 [mindspore/train/serialization.py:331] The type of Parameter#841:BFloat16 in 'parameter_dict' is different from the type of it in 'net':Float32, then the type convert from BFloat16 to Float32 in the network. May consume additional memory and time
[WARNING] ME(223669:281472958681120,MainProcess):2026-09-11-20:52:40.501.000 [mindspore/train/serialization.py:331] The type of Parameter#981:BFloat16 in 'parameter_dict' is different from the type of it in 'net':Float32, then the type convert from BFloat16 to Float32 in the network. May consume additional memory and time
[WARNING] ME(223669:281472958681120,MainProcess):2026-09-11-20:52:40.812.000 [mindspore/train/serialization.py:331] The type of Parameter#897:BFloat16 in 'parameter_dict' is different from the type of it in 'net':Float32, then the type convert from BFloat16 to Float32 in the network. May consume additional memory and time
[WARNING] ME(223669:281472958681120,MainProcess):2026-09-11-20:52:40.967.000 [mindspore/train/serialization.py:331] The type of Parameter#1051:BFloat16 in 'parameter_dict' is different from the type of it in 'net':Float32, then the type convert from BFloat16 to Float32 in the network. May consume additional memory and time
[WARNING] ME(223669:281472958681120,MainProcess):2026-09-11-20:52:40.967.000 [mindspore/train/serialization.py:331] The type of Parameter#1013:BFloat16 in 'parameter_dict' is different from the type of it in 'net':Float32, then the type convert from BFloat16 to Float32 in the network. May consume additional memory and time
[WARNING] ME(223669:281472958681120,MainProcess):2026-09-11-20:52:41.190.00 [mindspore/train/serialization.py:331] The type of Parameter#964:BFloat16 in 'parameter_dict' is different from the type of it in 'net':Float32, then the type convert from BFloat16 to Float32 in the network. May consume additional memory and time
[WARNING] ME(223669:281472958681120,MainProcess):2026-09-11-20:52:41.970.00 [mindspore/train/serialization.py:331] The type of Parameter#991:BFloat16 in 'parameter_dict' is different from the type of it in 'net':Float32, then the type convert from BFloat16 to Float32 in the network. May consume additional memory and time
[WARNING] ME(223669:281472958681120,MainProcess):2026-09-11-20:52:41.970.00 [mindspore/train/serialization.py:331] The type of Parameter#893:BFloat16 in 'parameter_dict' is different from the type of it in 'net':Float32, then the type convert from BFloat16 to Float32 in the network. May consume additional memory and time
[WARNING] ME(223669:281472958681120,MainProcess):2026-09-11-20:52:41.980.00 [mindspore/train/serialization.py:331] The type of Parameter#908:BFloat16 in 'parameter_dict' is different from the type of it in 'net':Float32, then the type convert from BFloat16 to Float32 in the network. May consume additional memory and time
[WARNING] ME(223669:281472958681120,MainProcess):2026-09-11-20:52:41.980.00 [mindspore/train/serialization.py:331] The type of Parameter#829:BFloat16 in 'parameter_dict' is different from the type of it in 'net':Float32, then the type convert from BFloat16 to Float32 in the network. May consume additional memory and time
[WARNING] ME(223669:281472958681120,MainProcess):2026-09-11-20:52:41.411.000 [mindspore/train/serialization.py:331] The type of Parameter#888:BFloat16 in 'parameter_dict' is different from the type of it in 'net':Float32, then the type convert from BFloat16 to Float32 in the network. May consume additional memory and time
[WARNING] ME(223669:281472958681120,MainProcess):2026-09-11-20:52:41.567.000 [mindspore/train/serialization.py:331] The type of Parameter#882:BFloat16 in 'parameter_dict' is different from the type of it in 'net':Float32, then the type convert from BFloat16 to Float32 in the network. May consume additional memory and time
[WARNING] ME(223669:281472958681120,MainProcess):2026-09-11-20:52:41.567.000 [mindspore/train/serialization.py:331] The type of Parameter#899:BFloat16 in 'parameter_dict' is different from the type of it in 'net':Float32, then the type convert from BFloat16 to Float32 in the network. May consume additional memory and time
[WARNING] ME(223669:281472958681120,MainProcess):2026-09-11-20:52:41.620.000 [mindspore/train/serialization.py:331] The type of Parameter#974:BFloat16 in 'parameter_dict' is different from the type of it in 'net':Float32, then the type convert from BFloat16 to Float32 in the network. May consume additional memory and time
[WARNING] ME(223669:281472958681120,MainProcess):2026-09-11-20:52:41.698.000 [mindspore/train/serialization.py:331] The type of Parameter#968:BFloat16 in 'parameter_dict' is different from the type of it in 'net':Float32, then the type convert from BFloat16 to Float32 in the network. May consume additional memory and time
[WARNING] ME(223669:281472958681120,MainProcess):2026-09-11-20:52:41.699.000 [mindspore/train/serialization.py:331] The type of Parameter#813:BFloat16 in 'parameter_dict' is different from the type of it in 'net':Float32, then the type convert from BFloat16 to Float32 in the network. May consume additional memory and time
[WARNING] ME(223669:281472958681120,MainProcess):2026-09-11-20:52:41.699.000 [mindspore/train/serialization.py:331] The type of Parameter#994:BFloat16 in 'parameter_dict' is different from the type of it in 'net':Float32, then the type convert from BFloat16 to Float32 in the network. May consume additional memory and time
[WARNING] ME(223669:281472958681120,MainProcess):2026-09-11-20:52:41.699.000 [mindspore/train/serialization.py:331] The type of Parameter#931:BFloat16 in 'parameter_dict' is different from the type of it in 'net':Float32, then the type convert from BFloat16 to Float32 in the network. May consume additional memory and time
[WARNING] ME(223669:281472958681120,MainProcess):2026-09-11-20:52:42.100.00 [mindspore/train/serialization.py:331] The type of Parameter#959:BFloat16 in 'parameter_dict' is different from the type of it in 'net':Float32, then the type convert from BFloat16 to Float32 in the network. May consume additional memory and time
[WARNING] ME(223669:281472958681120,MainProcess):2026-09-11-20:52:42.165.000 [mindspore/train/serialization.py:331] The type of Parameter#940:BFloat16 in 'parameter_dict' is different from the type of it in 'net':Float32, then the type convert from BFloat16 to Float32 in the network. May consume additional memory and time
[WARNING] ME(223669:281472958681120,MainProcess):2026-09-11-20:52:42.166.000 [mindspore/train/serialization.py:331] The type of Parameter#993:BFloat16 in 'parameter_dict' is different from the type of it in 'net':Float32, then the type convert from BFloat16 to Float32 in the network. May consume additional memory and time
[WARNING] ME(223669:281472958681120,MainProcess):2026-09-11-20:52:42.218.000 [mindspore/train/serialization.py:331] The type of Parameter#984:BFloat16 in 'parameter_dict' is different from the type of it in 'net':Float32, then the type convert from BFloat16 to Float32 in the network. May consume additional memory and time
[WARNING] ME(223669:281472958681120,MainProcess):2026-09-11-20:52:42.297.000 [mindspore/train/serialization.py:331] The type of Parameter#1010:BFloat16 in 'parameter_dict' is different from the type of it in 'net':Float32, then the type convert from BFloat16 to Float32 in the network. May consume additional memory and time
[WARNING] ME(223669:281472958681120,MainProcess):2026-09-11-20:52:42.298.000 [mindspore/train/serialization.py:331] The type of Parameter#902:BFloat16 in 'parameter_dict' is different from the type of it in 'net':Float32, then the type convert from BFloat16 to Float32 in the network. May consume additional memory and time
[WARNING] ME(223669:281472958681120,MainProcess):2026-09-11-20:52:42.298.000 [mindspore/train/serialization.py:331] The type of Parameter#858:BFloat16 in 'parameter_dict' is different from the type of it in 'net':Float32, then the type convert from BFloat16 to Float32 in the network. May consume additional memory and time
[WARNING] ME(223669:281472958681120,MainProcess):2026-09-11-20:52:42.299.000 [mindspore/train/serialization.py:331] The type of Parameter#1008:BFloat16 in 'parameter_dict' is different from the type of it in 'net':Float32, then the type convert from BFloat16 to Float32 in the network. May consume additional memory and time
[WARNING] ME(223669:281472958681120,MainProcess):2026-09-11-20:52:42.609.000 [mindspore/train/serialization.py:331] The type of Parameter#806:BFloat16 in 'parameter_dict' is different from the type of it in 'net':Float32, then the type convert from BFloat16 to Float32 in the network. May consume additional memory and time
[WARNING] ME(223669:281472958681120,MainProcess):2026-09-11-20:52:42.764.000 [mindspore/train/serialization.py:331] The type of Parameter#1075:BFloat16 in 'parameter_dict' is different from the type of it in 'net':Float32, then the type convert from BFloat16 to Float32 in the network. May consume additional memory and time
[WARNING] ME(223669:281472958681120,MainProcess):2026-09-11-20:52:42.764.000 [mindspore/train/serialization.py:331] The type of Parameter#1090:BFloat16 in 'parameter_dict' is different from the type of it in 'net':Float32, then the type convert from BFloat16 to Float32 in the network. May consume additional memory and time
[WARNING] ME(223669:281472958681120,MainProcess):2026-09-11-20:52:42.817.000 [mindspore/train/serialization.py:331] The type of Parameter#906:BFloat16 in 'parameter_dict' is different from the type of it in 'net':Float32, then the type convert from BFloat16 to Float32 in the network. May consume additional memory and time
[WARNING] ME(223669:281472958681120,MainProcess):2026-09-11-20:52:42.895.000 [mindspore/train/serialization.py:331] The type of Parameter#1091:BFloat16 in 'parameter_dict' is different from the type of it in 'net':Float32, then the type convert from BFloat16 to Float32 in the network. May consume additional memory and time
[WARNING] ME(223669:281472958681120,MainProcess):2026-09-11-20:52:42.895.000 [mindspore/train/serialization.py:331] The type of Parameter#1021:BFloat16 in 'parameter_dict' is different from the type of it in 'net':Float32, then the type convert from BFloat16 to Float32 in the network. May consume additional memory and time
[WARNING] ME(223669:281472958681120,MainProcess):2026-09-11-20:52:42.896.000 [mindspore/train/serialization.py:331] The type of Parameter#830:BFloat16 in 'parameter_dict' is different from the type of it in 'net':Float32, then the type convert from BFloat16 to Float32 in the network. May consume additional memory and time
[WARNING] ME(223669:281472958681120,MainProcess):2026-09-11-20:52:42.896.000 [mindspore/train/serialization.py:331] The type of Parameter#955:BFloat16 in 'parameter_dict' is different from the type of it in 'net':Float32, then the type convert from BFloat16 to Float32 in the network. May consume additional memory and time
[WARNING] ME(223669:281472958681120,MainProcess):2026-09-11-20:52:43.208.000 [mindspore/train/serialization.py:331] The type of Parameter#1002:BFloat16 in 'parameter_dict' is different from the type of it in 'net':Float32, then the type convert from BFloat16 to Float32 in the network. May consume additional memory and time
[WARNING] ME(223669:281472958681120,MainProcess):2026-09-11-20:52:43.365.000 [mindspore/train/serialization.py:331] The type of Parameter#1071:BFloat16 in 'parameter_dict' is different from the type of it in 'net':Float32, then the type convert from BFloat16 to Float32 in the network. May consume additional memory and time
[WARNING] ME(223669:281472958681120,MainProcess):2026-09-11-20:52:43.365.000 [mindspore/train/serialization.py:331] The type of Parameter#912:BFloat16 in 'parameter_dict' is different from the type of it in 'net':Float32, then the type convert from BFloat16 to Float32 in the network. May consume additional memory and time
[WARNING] ME(223669:281472958681120,MainProcess):2026-09-11-20:52:43.417.000 [mindspore/train/serialization.py:331] The type of Parameter#886:BFloat16 in 'parameter_dict' is different from the type of it in 'net':Float32, then the type convert from BFloat16 to Float32 in the network. May consume additional memory and time
[WARNING] ME(223669:281472958681120,MainProcess):2026-09-11-20:52:43.496.000 [mindspore/train/serialization.py:331] The type of Parameter#861:BFloat16 in 'parameter_dict' is different from the type of it in 'net':Float32, then the type convert from BFloat16 to Float32 in the network. May consume additional memory and time
[WARNING] ME(223669:281472958681120,MainProcess):2026-09-11-20:52:43.497.000 [mindspore/train/serialization.py:331] The type of Parameter#1059:BFloat16 in 'parameter_dict' is different from the type of it in 'net':Float32, then the type convert from BFloat16 to Float32 in the network. May consume additional memory and time
[WARNING] ME(223669:281472958681120,MainProcess):2026-09-11-20:52:43.497.000 [mindspore/train/serialization.py:331] The type of Parameter#817:BFloat16 in 'parameter_dict' is different from the type of it in 'net':Float32, then the type convert from BFloat16 to Float32 in the network. May consume additional memory and time
[WARNING] ME(223669:281472958681120,MainProcess):2026-09-11-20:52:43.497.000 [mindspore/train/serialization.py:331] The type of Parameter#821:BFloat16 in 'parameter_dict' is different from the type of it in 'net':Float32, then the type convert from BFloat16 to Float32 in the network. May consume additional memory and time
[WARNING] ME(223669:281472958681120,MainProcess):2026-09-11-20:52:43.808.000 [mindspore/train/serialization.py:331] The type of Parameter#880:BFloat16 in 'parameter_dict' is different from the type of it in 'net':Float32, then the type convert from BFloat16 to Float32 in the network. May consume additional memory and time
[WARNING] ME(223669:281472958681120,MainProcess):2026-09-11-20:52:43.965.000 [mindspore/train/serialization.py:331] The type of Parameter#1049:BFloat16 in 'parameter_dict' is different from the type of it in 'net':Float32, then the type convert from BFloat16 to Float32 in the network. May consume additional memory and time
[WARNING] ME(223669:281472958681120,MainProcess):2026-09-11-20:52:43.965.000 [mindspore/train/serialization.py:331] The type of Parameter#932:BFloat16 in 'parameter_dict' is different from the type of it in 'net':Float32, then the type convert from BFloat16 to Float32 in the network. May consume additional memory and time
[WARNING] ME(223669:281472958681120,MainProcess):2026-09-11-20:52:44.190.00 [mindspore/train/serialization.py:331] The type of Parameter#837:BFloat16 in 'parameter_dict' is different from the type of it in 'net':Float32, then the type convert from BFloat16 to Float32 in the network. May consume additional memory and time
[WARNING] ME(223669:281472958681120,MainProcess):2026-09-11-20:52:44.970.00 [mindspore/train/serialization.py:331] The type of Parameter#986:BFloat16 in 'parameter_dict' is different from the type of it in 'net':Float32, then the type convert from BFloat16 to Float32 in the network. May consume additional memory and time
[WARNING] ME(223669:281472958681120,MainProcess):2026-09-11-20:52:44.970.00 [mindspore/train/serialization.py:331] The type of Parameter#921:BFloat16 in 'parameter_dict' is different from the type of it in 'net':Float32, then the type convert from BFloat16 to Float32 in the network. May consume additional memory and time
[WARNING] ME(223669:281472958681120,MainProcess):2026-09-11-20:52:44.980.00 [mindspore/train/serialization.py:331] The type of Parameter#826:BFloat16 in 'parameter_dict' is different from the type of it in 'net':Float32, then the type convert from BFloat16 to Float32 in the network. May consume additional memory and time
[WARNING] ME(223669:281472958681120,MainProcess):2026-09-11-20:52:44.980.00 [mindspore/train/serialization.py:331] The type of Parameter#844:BFloat16 in 'parameter_dict' is different from the type of it in 'net':Float32, then the type convert from BFloat16 to Float32 in the network. May consume additional memory and time
[WARNING] ME(223669:281472958681120,MainProcess):2026-09-11-20:52:44.408.000 [mindspore/train/serialization.py:331] The type of Parameter#960:BFloat16 in 'parameter_dict' is different from the type of it in 'net':Float32, then the type convert from BFloat16 to Float32 in the network. May consume additional memory and time
[WARNING] ME(223669:281472958681120,MainProcess):2026-09-11-20:52:44.563.000 [mindspore/train/serialization.py:331] The type of Parameter#1017:BFloat16 in 'parameter_dict' is different from the type of it in 'net':Float32, then the type convert from BFloat16 to Float32 in the network. May consume additional memory and time
[WARNING] ME(223669:281472958681120,MainProcess):2026-09-11-20:52:44.563.000 [mindspore/train/serialization.py:331] The type of Parameter#824:BFloat16 in 'parameter_dict' is different from the type of it in 'net':Float32, then the type convert from BFloat16 to Float32 in the network. May consume additional memory and time
[WARNING] ME(223669:281472958681120,MainProcess):2026-09-11-20:52:44.616.000 [mindspore/train/serialization.py:331] The type of Parameter#1000:BFloat16 in 'parameter_dict' is different from the type of it in 'net':Float32, then the type convert from BFloat16 to Float32 in the network. May consume additional memory and time
[WARNING] ME(223669:281472958681120,MainProcess):2026-09-11-20:52:44.694.000 [mindspore/train/serialization.py:331] The type of Parameter#810:BFloat16 in 'parameter_dict' is different from the type of it in 'net':Float32, then the type convert from BFloat16 to Float32 in the network. May consume additional memory and time
[WARNING] ME(223669:281472958681120,MainProcess):2026-09-11-20:52:44.694.000 [mindspore/train/serialization.py:331] The type of Parameter#976:BFloat16 in 'parameter_dict' is different from the type of it in 'net':Float32, then the type convert from BFloat16 to Float32 in the network. May consume additional memory and time
[WARNING] ME(223669:281472958681120,MainProcess):2026-09-11-20:52:44.695.000 [mindspore/train/serialization.py:331] The type of Parameter#890:BFloat16 in 'parameter_dict' is different from the type of it in 'net':Float32, then the type convert from BFloat16 to Float32 in the network. May consume additional memory and time
[WARNING] ME(223669:281472958681120,MainProcess):2026-09-11-20:52:44.695.000 [mindspore/train/serialization.py:331] The type of Parameter#872:BFloat16 in 'parameter_dict' is different from the type of it in 'net':Float32, then the type convert from BFloat16 to Float32 in the network. May consume additional memory and time
[WARNING] ME(223669:281472958681120,MainProcess):2026-09-11-20:52:45.800.0 [mindspore/train/serialization.py:331] The type of Parameter#809:BFloat16 in 'parameter_dict' is different from the type of it in 'net':Float32, then the type convert from BFloat16 to Float32 in the network. May consume additional memory and time
[WARNING] ME(223669:281472958681120,MainProcess):2026-09-11-20:52:45.164.000 [mindspore/train/serialization.py:331] The type of Parameter#1088:BFloat16 in 'parameter_dict' is different from the type of it in 'net':Float32, then the type convert from BFloat16 to Float32 in the network. May consume additional memory and time
[WARNING] ME(223669:281472958681120,MainProcess):2026-09-11-20:52:45.164.000 [mindspore/train/serialization.py:331] The type of Parameter#1058:BFloat16 in 'parameter_dict' is different from the type of it in 'net':Float32, then the type convert from BFloat16 to Float32 in the network. May consume additional memory and time
[WARNING] ME(223669:281472958681120,MainProcess):2026-09-11-20:52:45.217.000 [mindspore/train/serialization.py:331] The type of Parameter#1081:BFloat16 in 'parameter_dict' is different from the type of it in 'net':Float32, then the type convert from BFloat16 to Float32 in the network. May consume additional memory and time
[WARNING] ME(223669:281472958681120,MainProcess):2026-09-11-20:52:45.295.000 [mindspore/train/serialization.py:331] The type of Parameter#835:BFloat16 in 'parameter_dict' is different from the type of it in 'net':Float32, then the type convert from BFloat16 to Float32 in the network. May consume additional memory and time
[WARNING] ME(223669:281472958681120,MainProcess):2026-09-11-20:52:45.295.000 [mindspore/train/serialization.py:331] The type of Parameter#953:BFloat16 in 'parameter_dict' is different from the type of it in 'net':Float32, then the type convert from BFloat16 to Float32 in the network. May consume additional memory and time
[WARNING] ME(223669:281472958681120,MainProcess):2026-09-11-20:52:45.296.000 [mindspore/train/serialization.py:331] The type of Parameter#838:BFloat16 in 'parameter_dict' is different from the type of it in 'net':Float32, then the type convert from BFloat16 to Float32 in the network. May consume additional memory and time
[WARNING] ME(223669:281472958681120,MainProcess):2026-09-11-20:52:45.296.000 [mindspore/train/serialization.py:331] The type of Parameter#956:BFloat16 in 'parameter_dict' is different from the type of it in 'net':Float32, then the type convert from BFloat16 to Float32 in the network. May consume additional memory and time
[WARNING] ME(223669:281472958681120,MainProcess):2026-09-11-20:52:45.606.000 [mindspore/train/serialization.py:331] The type of Parameter#948:BFloat16 in 'parameter_dict' is different from the type of it in 'net':Float32, then the type convert from BFloat16 to Float32 in the network. May consume additional memory and time
[WARNING] ME(223669:281472958681120,MainProcess):2026-09-11-20:52:45.762.000 [mindspore/train/serialization.py:331] The type of Parameter#873:BFloat16 in 'parameter_dict' is different from the type of it in 'net':Float32, then the type convert from BFloat16 to Float32 in the network. May consume additional memory and time
[WARNING] ME(223669:281472958681120,MainProcess):2026-09-11-20:52:45.762.000 [mindspore/train/serialization.py:331] The type of Parameter#982:BFloat16 in 'parameter_dict' is different from the type of it in 'net':Float32, then the type convert from BFloat16 to Float32 in the network. May consume additional memory and time
[WARNING] ME(223669:281472958681120,MainProcess):2026-09-11-20:52:45.815.000 [mindspore/train/serialization.py:331] The type of Parameter#811:BFloat16 in 'parameter_dict' is different from the type of it in 'net':Float32, then the type convert from BFloat16 to Float32 in the network. May consume additional memory and time
[WARNING] ME(223669:281472958681120,MainProcess):2026-09-11-20:52:45.893.000 [mindspore/train/serialization.py:331] The type of Parameter#856:BFloat16 in 'parameter_dict' is different from the type of it in 'net':Float32, then the type convert from BFloat16 to Float32 in the network. May consume additional memory and time
[WARNING] ME(223669:281472958681120,MainProcess):2026-09-11-20:52:45.893.000 [mindspore/train/serialization.py:331] The type of Parameter#1030:BFloat16 in 'parameter_dict' is different from the type of it in 'net':Float32, then the type convert from BFloat16 to Float32 in the network. May consume additional memory and time
[WARNING] ME(223669:281472958681120,MainProcess):2026-09-11-20:52:45.894.000 [mindspore/train/serialization.py:331] The type of Parameter#1034:BFloat16 in 'parameter_dict' is different from the type of it in 'net':Float32, then the type convert from BFloat16 to Float32 in the network. May consume additional memory and time
[WARNING] ME(223669:281472958681120,MainProcess):2026-09-11-20:52:45.894.000 [mindspore/train/serialization.py:331] The type of Parameter#919:BFloat16 in 'parameter_dict' is different from the type of it in 'net':Float32, then the type convert from BFloat16 to Float32 in the network. May consume additional memory and time
[WARNING] ME(223669:281472958681120,MainProcess):2026-09-11-20:52:46.206.000 [mindspore/train/serialization.py:331] The type of Parameter#998:BFloat16 in 'parameter_dict' is different from the type of it in 'net':Float32, then the type convert from BFloat16 to Float32 in the network. May consume additional memory and time
[WARNING] ME(223669:281472958681120,MainProcess):2026-09-11-20:52:46.362.000 [mindspore/train/serialization.py:331] The type of Parameter#958:BFloat16 in 'parameter_dict' is different from the type of it in 'net':Float32, then the type convert from BFloat16 to Float32 in the network. May consume additional memory and time
[WARNING] ME(223669:281472958681120,MainProcess):2026-09-11-20:52:46.362.000 [mindspore/train/serialization.py:331] The type of Parameter#1005:BFloat16 in 'parameter_dict' is different from the type of it in 'net':Float32, then the type convert from BFloat16 to Float32 in the network. May consume additional memory and time
[WARNING] ME(223669:281472958681120,MainProcess):2026-09-11-20:52:46.415.000 [mindspore/train/serialization.py:331] The type of Parameter#1064:BFloat16 in 'parameter_dict' is different from the type of it in 'net':Float32, then the type convert from BFloat16 to Float32 in the network. May consume additional memory and time
[WARNING] ME(223669:281472958681120,MainProcess):2026-09-11-20:52:46.493.000 [mindspore/train/serialization.py:331] The type of Parameter#1041:BFloat16 in 'parameter_dict' is different from the type of it in 'net':Float32, then the type convert from BFloat16 to Float32 in the network. May consume additional memory and time
[WARNING] ME(223669:281472958681120,MainProcess):2026-09-11-20:52:46.493.000 [mindspore/train/serialization.py:331] The type of Parameter#1004:BFloat16 in 'parameter_dict' is different from the type of it in 'net':Float32, then the type convert from BFloat16 to Float32 in the network. May consume additional memory and time
[WARNING] ME(223669:281472958681120,MainProcess):2026-09-11-20:52:46.494.000 [mindspore/train/serialization.py:331] The type of Parameter#815:BFloat16 in 'parameter_dict' is different from the type of it in 'net':Float32, then the type convert from BFloat16 to Float32 in the network. May consume additional memory and time
[WARNING] ME(223669:281472958681120,MainProcess):2026-09-11-20:52:46.494.000 [mindspore/train/serialization.py:331] The type of Parameter#939:BFloat16 in 'parameter_dict' is different from the type of it in 'net':Float32, then the type convert from BFloat16 to Float32 in the network. May consume additional memory and time
[WARNING] ME(223669:281472958681120,MainProcess):2026-09-11-20:52:46.806.000 [mindspore/train/serialization.py:331] The type of Parameter#965:BFloat16 in 'parameter_dict' is different from the type of it in 'net':Float32, then the type convert from BFloat16 to Float32 in the network. May consume additional memory and time
[WARNING] ME(223669:281472958681120,MainProcess):2026-09-11-20:52:46.961.000 [mindspore/train/serialization.py:331] The type of Parameter#1067:BFloat16 in 'parameter_dict' is different from the type of it in 'net':Float32, then the type convert from BFloat16 to Float32 in the network. May consume additional memory and time
[WARNING] ME(223669:281472958681120,MainProcess):2026-09-11-20:52:46.962.000 [mindspore/train/serialization.py:331] The type of Parameter#1072:BFloat16 in 'parameter_dict' is different from the type of it in 'net':Float32, then the type convert from BFloat16 to Float32 in the network. May consume additional memory and time
[WARNING] ME(223669:281472958681120,MainProcess):2026-09-11-20:52:47.140.00 [mindspore/train/serialization.py:331] The type of Parameter#977:BFloat16 in 'parameter_dict' is different from the type of it in 'net':Float32, then the type convert from BFloat16 to Float32 in the network. May consume additional memory and time
[WARNING] ME(223669:281472958681120,MainProcess):2026-09-11-20:52:47.920.00 [mindspore/train/serialization.py:331] The type of Parameter#868:BFloat16 in 'parameter_dict' is different from the type of it in 'net':Float32, then the type convert from BFloat16 to Float32 in the network. May consume additional memory and time
[WARNING] ME(223669:281472958681120,MainProcess):2026-09-11-20:52:47.920.00 [mindspore/train/serialization.py:331] The type of Parameter#915:BFloat16 in 'parameter_dict' is different from the type of it in 'net':Float32, then the type convert from BFloat16 to Float32 in the network. May consume additional memory and time
[WARNING] ME(223669:281472958681120,MainProcess):2026-09-11-20:52:47.920.00 [mindspore/train/serialization.py:331] The type of Parameter#1025:BFloat16 in 'parameter_dict' is different from the type of it in 'net':Float32, then the type convert from BFloat16 to Float32 in the network. May consume additional memory and time
[WARNING] ME(223669:281472958681120,MainProcess):2026-09-11-20:52:47.930.00 [mindspore/train/serialization.py:331] The type of Parameter#889:BFloat16 in 'parameter_dict' is different from the type of it in 'net':Float32, then the type convert from BFloat16 to Float32 in the network. May consume additional memory and time
[WARNING] ME(223669:281472958681120,MainProcess):2026-09-11-20:52:47.404.000 [mindspore/train/serialization.py:331] The type of Parameter#1039:BFloat16 in 'parameter_dict' is different from the type of it in 'net':Float32, then the type convert from BFloat16 to Float32 in the network. May consume additional memory and time
[WARNING] ME(223669:281472958681120,MainProcess):2026-09-11-20:52:47.560.000 [mindspore/train/serialization.py:331] The type of Parameter#852:BFloat16 in 'parameter_dict' is different from the type of it in 'net':Float32, then the type convert from BFloat16 to Float32 in the network. May consume additional memory and time
[WARNING] ME(223669:281472958681120,MainProcess):2026-09-11-20:52:47.561.000 [mindspore/train/serialization.py:331] The type of Parameter#1093:BFloat16 in 'parameter_dict' is different from the type of it in 'net':Float32, then the type convert from BFloat16 to Float32 in the network. May consume additional memory and time
[WARNING] ME(223669:281472958681120,MainProcess):2026-09-11-20:52:47.613.000 [mindspore/train/serialization.py:331] The type of Parameter#843:BFloat16 in 'parameter_dict' is different from the type of it in 'net':Float32, then the type convert from BFloat16 to Float32 in the network. May consume additional memory and time
[WARNING] ME(223669:281472958681120,MainProcess):2026-09-11-20:52:47.692.000 [mindspore/train/serialization.py:331] The type of Parameter#937:BFloat16 in 'parameter_dict' is different from the type of it in 'net':Float32, then the type convert from BFloat16 to Float32 in the network. May consume additional memory and time
[WARNING] ME(223669:281472958681120,MainProcess):2026-09-11-20:52:47.692.000 [mindspore/train/serialization.py:331] The type of Parameter#951:BFloat16 in 'parameter_dict' is different from the type of it in 'net':Float32, then the type convert from BFloat16 to Float32 in the network. May consume additional memory and time
[WARNING] ME(223669:281472958681120,MainProcess):2026-09-11-20:52:47.693.000 [mindspore/train/serialization.py:331] The type of Parameter#878:BFloat16 in 'parameter_dict' is different from the type of it in 'net':Float32, then the type convert from BFloat16 to Float32 in the network. May consume additional memory and time
[WARNING] ME(223669:281472958681120,MainProcess):2026-09-11-20:52:47.693.000 [mindspore/train/serialization.py:331] The type of Parameter#883:BFloat16 in 'parameter_dict' is different from the type of it in 'net':Float32, then the type convert from BFloat16 to Float32 in the network. May consume additional memory and time
[WARNING] ME(223669:281472958681120,MainProcess):2026-09-11-20:52:48.500.0 [mindspore/train/serialization.py:331] The type of Parameter#1073:BFloat16 in 'parameter_dict' is different from the type of it in 'net':Float32, then the type convert from BFloat16 to Float32 in the network. May consume additional memory and time
[WARNING] ME(223669:281472958681120,MainProcess):2026-09-11-20:52:48.160.000 [mindspore/train/serialization.py:331] The type of Parameter#804:BFloat16 in 'parameter_dict' is different from the type of it in 'net':Float32, then the type convert from BFloat16 to Float32 in the network. May consume additional memory and time
[WARNING] ME(223669:281472958681120,MainProcess):2026-09-11-20:52:48.160.000 [mindspore/train/serialization.py:331] The type of Parameter#1062:BFloat16 in 'parameter_dict' is different from the type of it in 'net':Float32, then the type convert from BFloat16 to Float32 in the network. May consume additional memory and time
[WARNING] ME(223669:281472958681120,MainProcess):2026-09-11-20:52:48.212.000 [mindspore/train/serialization.py:331] The type of Parameter#805:BFloat16 in 'parameter_dict' is different from the type of it in 'net':Float32, then the type convert from BFloat16 to Float32 in the network. May consume additional memory and time
[WARNING] ME(223669:281472958681120,MainProcess):2026-09-11-20:52:48.291.000 [mindspore/train/serialization.py:331] The type of Parameter#941:BFloat16 in 'parameter_dict' is different from the type of it in 'net':Float32, then the type convert from BFloat16 to Float32 in the network. May consume additional memory and time
[WARNING] ME(223669:281472958681120,MainProcess):2026-09-11-20:52:48.291.000 [mindspore/train/serialization.py:331] The type of Parameter#1047:BFloat16 in 'parameter_dict' is different from the type of it in 'net':Float32, then the type convert from BFloat16 to Float32 in the network. May consume additional memory and time
[WARNING] ME(223669:281472958681120,MainProcess):2026-09-11-20:52:48.292.000 [mindspore/train/serialization.py:331] The type of Parameter#855:BFloat16 in 'parameter_dict' is different from the type of it in 'net':Float32, then the type convert from BFloat16 to Float32 in the network. May consume additional memory and time
[WARNING] ME(223669:281472958681120,MainProcess):2026-09-11-20:52:48.292.000 [mindspore/train/serialization.py:331] The type of Parameter#1043:BFloat16 in 'parameter_dict' is different from the type of it in 'net':Float32, then the type convert from BFloat16 to Float32 in the network. May consume additional memory and time
[WARNING] ME(223669:281472958681120,MainProcess):2026-09-11-20:52:48.603.000 [mindspore/train/serialization.py:331] The type of Parameter#827:BFloat16 in 'parameter_dict' is different from the type of it in 'net':Float32, then the type convert from BFloat16 to Float32 in the network. May consume additional memory and time
[WARNING] ME(223669:281472958681120,MainProcess):2026-09-11-20:52:48.758.000 [mindspore/train/serialization.py:331] The type of Parameter#865:BFloat16 in 'parameter_dict' is different from the type of it in 'net':Float32, then the type convert from BFloat16 to Float32 in the network. May consume additional memory and time
[WARNING] ME(223669:281472958681120,MainProcess):2026-09-11-20:52:48.759.000 [mindspore/train/serialization.py:331] The type of Parameter#900:BFloat16 in 'parameter_dict' is different from the type of it in 'net':Float32, then the type convert from BFloat16 to Float32 in the network. May consume additional memory and time
[WARNING] ME(223669:281472958681120,MainProcess):2026-09-11-20:52:48.811.000 [mindspore/train/serialization.py:331] The type of Parameter#1085:BFloat16 in 'parameter_dict' is different from the type of it in 'net':Float32, then the type convert from BFloat16 to Float32 in the network. May consume additional memory and time
[WARNING] ME(223669:281472958681120,MainProcess):2026-09-11-20:52:48.888.000 [mindspore/train/serialization.py:331] The type of Parameter#875:BFloat16 in 'parameter_dict' is different from the type of it in 'net':Float32, then the type convert from BFloat16 to Float32 in the network. May consume additional memory and time
[WARNING] ME(223669:281472958681120,MainProcess):2026-09-11-20:52:48.889.000 [mindspore/train/serialization.py:331] The type of Parameter#1048:BFloat16 in 'parameter_dict' is different from the type of it in 'net':Float32, then the type convert from BFloat16 to Float32 in the network. May consume additional memory and time
[WARNING] ME(223669:281472958681120,MainProcess):2026-09-11-20:52:48.889.000 [mindspore/train/serialization.py:331] The type of Parameter#979:BFloat16 in 'parameter_dict' is different from the type of it in 'net':Float32, then the type convert from BFloat16 to Float32 in the network. May consume additional memory and time
[WARNING] ME(223669:281472958681120,MainProcess):2026-09-11-20:52:48.890.000 [mindspore/train/serialization.py:331] The type of Parameter#1033:BFloat16 in 'parameter_dict' is different from the type of it in 'net':Float32, then the type convert from BFloat16 to Float32 in the network. May consume additional memory and time
[WARNING] ME(223669:281472958681120,MainProcess):2026-09-11-20:52:49.201.000 [mindspore/train/serialization.py:331] The type of Parameter#1056:BFloat16 in 'parameter_dict' is different from the type of it in 'net':Float32, then the type convert from BFloat16 to Float32 in the network. May consume additional memory and time
[WARNING] ME(223669:281472958681120,MainProcess):2026-09-11-20:52:49.356.000 [mindspore/train/serialization.py:331] The type of Parameter#869:BFloat16 in 'parameter_dict' is different from the type of it in 'net':Float32, then the type convert from BFloat16 to Float32 in the network. May consume additional memory and time
[WARNING] ME(223669:281472958681120,MainProcess):2026-09-11-20:52:49.357.000 [mindspore/train/serialization.py:331] The type of Parameter#905:BFloat16 in 'parameter_dict' is different from the type of it in 'net':Float32, then the type convert from BFloat16 to Float32 in the network. May consume additional memory and time
[WARNING] ME(223669:281472958681120,MainProcess):2026-09-11-20:52:49.409.000 [mindspore/train/serialization.py:331] The type of Parameter#818:BFloat16 in 'parameter_dict' is different from the type of it in 'net':Float32, then the type convert from BFloat16 to Float32 in the network. May consume additional memory and time
[WARNING] ME(223669:281472958681120,MainProcess):2026-09-11-20:52:49.487.000 [mindspore/train/serialization.py:331] The type of Parameter#913:BFloat16 in 'parameter_dict' is different from the type of it in 'net':Float32, then the type convert from BFloat16 to Float32 in the network. May consume additional memory and time
[WARNING] ME(223669:281472958681120,MainProcess):2026-09-11-20:52:49.487.000 [mindspore/train/serialization.py:331] The type of Parameter#887:BFloat16 in 'parameter_dict' is different from the type of it in 'net':Float32, then the type convert from BFloat16 to Float32 in the network. May consume additional memory and time
[WARNING] ME(223669:281472958681120,MainProcess):2026-09-11-20:52:49.488.000 [mindspore/train/serialization.py:331] The type of Parameter#989:BFloat16 in 'parameter_dict' is different from the type of it in 'net':Float32, then the type convert from BFloat16 to Float32 in the network. May consume additional memory and time
[WARNING] ME(223669:281472958681120,MainProcess):2026-09-11-20:52:49.488.000 [mindspore/train/serialization.py:331] The type of Parameter#1011:BFloat16 in 'parameter_dict' is different from the type of it in 'net':Float32, then the type convert from BFloat16 to Float32 in the network. May consume additional memory and time
[WARNING] ME(223669:281472958681120,MainProcess):2026-09-11-20:52:49.800.000 [mindspore/train/serialization.py:331] The type of Parameter#1069:BFloat16 in 'parameter_dict' is different from the type of it in 'net':Float32, then the type convert from BFloat16 to Float32 in the network. May consume additional memory and time
[WARNING] ME(223669:281472958681120,MainProcess):2026-09-11-20:52:49.956.000 [mindspore/train/serialization.py:331] The type of Parameter#935:BFloat16 in 'parameter_dict' is different from the type of it in 'net':Float32, then the type convert from BFloat16 to Float32 in the network. May consume additional memory and time
[WARNING] ME(223669:281472958681120,MainProcess):2026-09-11-20:52:49.956.000 [mindspore/train/serialization.py:331] The type of Parameter#1040:BFloat16 in 'parameter_dict' is different from the type of it in 'net':Float32, then the type convert from BFloat16 to Float32 in the network. May consume additional memory and time
[WARNING] ME(223669:281472958681120,MainProcess):2026-09-11-20:52:50.900.0 [mindspore/train/serialization.py:331] The type of Parameter#1089:BFloat16 in 'parameter_dict' is different from the type of it in 'net':Float32, then the type convert from BFloat16 to Float32 in the network. May consume additional memory and time
[WARNING] ME(223669:281472958681120,MainProcess):2026-09-11-20:52:50.880.00 [mindspore/train/serialization.py:331] The type of Parameter#930:BFloat16 in 'parameter_dict' is different from the type of it in 'net':Float32, then the type convert from BFloat16 to Float32 in the network. May consume additional memory and time
[WARNING] ME(223669:281472958681120,MainProcess):2026-09-11-20:52:50.880.00 [mindspore/train/serialization.py:331] The type of Parameter#1003:BFloat16 in 'parameter_dict' is different from the type of it in 'net':Float32, then the type convert from BFloat16 to Float32 in the network. May consume additional memory and time
[WARNING] ME(223669:281472958681120,MainProcess):2026-09-11-20:52:50.890.00 [mindspore/train/serialization.py:331] The type of Parameter#957:BFloat16 in 'parameter_dict' is different from the type of it in 'net':Float32, then the type convert from BFloat16 to Float32 in the network. May consume additional memory and time
[WARNING] ME(223669:281472958681120,MainProcess):2026-09-11-20:52:50.890.00 [mindspore/train/serialization.py:331] The type of Parameter#1014:BFloat16 in 'parameter_dict' is different from the type of it in 'net':Float32, then the type convert from BFloat16 to Float32 in the network. May consume additional memory and time
[WARNING] ME(223669:281472958681120,MainProcess):2026-09-11-20:52:50.399.000 [mindspore/train/serialization.py:331] The type of Parameter#820:BFloat16 in 'parameter_dict' is different from the type of it in 'net':Float32, then the type convert from BFloat16 to Float32 in the network. May consume additional memory and time
[WARNING] ME(223669:281472958681120,MainProcess):2026-09-11-20:52:50.554.000 [mindspore/train/serialization.py:331] The type of Parameter#839:BFloat16 in 'parameter_dict' is different from the type of it in 'net':Float32, then the type convert from BFloat16 to Float32 in the network. May consume additional memory and time
[WARNING] ME(223669:281472958681120,MainProcess):2026-09-11-20:52:50.555.000 [mindspore/train/serialization.py:331] The type of Parameter#973:BFloat16 in 'parameter_dict' is different from the type of it in 'net':Float32, then the type convert from BFloat16 to Float32 in the network. May consume additional memory and time
[WARNING] ME(223669:281472958681120,MainProcess):2026-09-11-20:52:50.607.000 [mindspore/train/serialization.py:331] The type of Parameter#876:BFloat16 in 'parameter_dict' is different from the type of it in 'net':Float32, then the type convert from BFloat16 to Float32 in the network. May consume additional memory and time
[WARNING] ME(223669:281472958681120,MainProcess):2026-09-11-20:52:50.685.000 [mindspore/train/serialization.py:331] The type of Parameter#848:BFloat16 in 'parameter_dict' is different from the type of it in 'net':Float32, then the type convert from BFloat16 to Float32 in the network. May consume additional memory and time
[WARNING] ME(223669:281472958681120,MainProcess):2026-09-11-20:52:50.686.000 [mindspore/train/serialization.py:331] The type of Parameter#1020:BFloat16 in 'parameter_dict' is different from the type of it in 'net':Float32, then the type convert from BFloat16 to Float32 in the network. May consume additional memory and time
[WARNING] ME(223669:281472958681120,MainProcess):2026-09-11-20:52:50.686.000 [mindspore/train/serialization.py:331] The type of Parameter#862:BFloat16 in 'parameter_dict' is different from the type of it in 'net':Float32, then the type convert from BFloat16 to Float32 in the network. May consume additional memory and time
[WARNING] ME(223669:281472958681120,MainProcess):2026-09-11-20:52:50.687.000 [mindspore/train/serialization.py:331] The type of Parameter#832:BFloat16 in 'parameter_dict' is different from the type of it in 'net':Float32, then the type convert from BFloat16 to Float32 in the network. May consume additional memory and time
[WARNING] ME(223669:281472958681120,MainProcess):2026-09-11-20:52:50.999.000 [mindspore/train/serialization.py:331] The type of Parameter#924:BFloat16 in 'parameter_dict' is different from the type of it in 'net':Float32, then the type convert from BFloat16 to Float32 in the network. May consume additional memory and time
[WARNING] ME(223669:281472958681120,MainProcess):2026-09-11-20:52:51.155.000 [mindspore/train/serialization.py:331] The type of Parameter#814:BFloat16 in 'parameter_dict' is different from the type of it in 'net':Float32, then the type convert from BFloat16 to Float32 in the network. May consume additional memory and time
[WARNING] ME(223669:281472958681120,MainProcess):2026-09-11-20:52:51.155.000 [mindspore/train/serialization.py:331] The type of Parameter#877:BFloat16 in 'parameter_dict' is different from the type of it in 'net':Float32, then the type convert from BFloat16 to Float32 in the network. May consume additional memory and time
[WARNING] ME(223669:281472958681120,MainProcess):2026-09-11-20:52:51.207.000 [mindspore/train/serialization.py:331] The type of Parameter#1032:BFloat16 in 'parameter_dict' is different from the type of it in 'net':Float32, then the type convert from BFloat16 to Float32 in the network. May consume additional memory and time
[WARNING] ME(223669:281472958681120,MainProcess):2026-09-11-20:52:51.286.000 [mindspore/train/serialization.py:331] The type of Parameter#825:BFloat16 in 'parameter_dict' is different from the type of it in 'net':Float32, then the type convert from BFloat16 to Float32 in the network. May consume additional memory and time
[WARNING] ME(223669:281472958681120,MainProcess):2026-09-11-20:52:51.286.000 [mindspore/train/serialization.py:331] The type of Parameter#918:BFloat16 in 'parameter_dict' is different from the type of it in 'net':Float32, then the type convert from BFloat16 to Float32 in the network. May consume additional memory and time
[WARNING] ME(223669:281472958681120,MainProcess):2026-09-11-20:52:51.287.000 [mindspore/train/serialization.py:331] The type of Parameter#1076:BFloat16 in 'parameter_dict' is different from the type of it in 'net':Float32, then the type convert from BFloat16 to Float32 in the network. May consume additional memory and time
[WARNING] ME(223669:281472958681120,MainProcess):2026-09-11-20:52:51.287.000 [mindspore/train/serialization.py:331] The type of Parameter#840:BFloat16 in 'parameter_dict' is different from the type of it in 'net':Float32, then the type convert from BFloat16 to Float32 in the network. May consume additional memory and time
[WARNING] ME(223669:281472958681120,MainProcess):2026-09-11-20:52:51.599.000 [mindspore/train/serialization.py:331] The type of Parameter#1026:BFloat16 in 'parameter_dict' is different from the type of it in 'net':Float32, then the type convert from BFloat16 to Float32 in the network. May consume additional memory and time
[WARNING] ME(223669:281472958681120,MainProcess):2026-09-11-20:52:51.755.000 [mindspore/train/serialization.py:331] The type of Parameter#1052:BFloat16 in 'parameter_dict' is different from the type of it in 'net':Float32, then the type convert from BFloat16 to Float32 in the network. May consume additional memory and time
[WARNING] ME(223669:281472958681120,MainProcess):2026-09-11-20:52:51.755.000 [mindspore/train/serialization.py:331] The type of Parameter#1086:BFloat16 in 'parameter_dict' is different from the type of it in 'net':Float32, then the type convert from BFloat16 to Float32 in the network. May consume additional memory and time
[WARNING] ME(223669:281472958681120,MainProcess):2026-09-11-20:52:51.808.000 [mindspore/train/serialization.py:331] The type of Parameter#1036:BFloat16 in 'parameter_dict' is different from the type of it in 'net':Float32, then the type convert from BFloat16 to Float32 in the network. May consume additional memory and time
[WARNING] ME(223669:281472958681120,MainProcess):2026-09-11-20:52:51.886.000 [mindspore/train/serialization.py:331] The type of Parameter#920:BFloat16 in 'parameter_dict' is different from the type of it in 'net':Float32, then the type convert from BFloat16 to Float32 in the network. May consume additional memory and time
[WARNING] ME(223669:281472958681120,MainProcess):2026-09-11-20:52:51.886.000 [mindspore/train/serialization.py:331] The type of Parameter#945:BFloat16 in 'parameter_dict' is different from the type of it in 'net':Float32, then the type convert from BFloat16 to Float32 in the network. May consume additional memory and time
[WARNING] ME(223669:281472958681120,MainProcess):2026-09-11-20:52:51.887.000 [mindspore/train/serialization.py:331] The type of Parameter#803:BFloat16 in 'parameter_dict' is different from the type of it in 'net':Float32, then the type convert from BFloat16 to Float32 in the network. May consume additional memory and time
[WARNING] ME(223669:281472958681120,MainProcess):2026-09-11-20:52:51.887.000 [mindspore/train/serialization.py:331] The type of Parameter#925:BFloat16 in 'parameter_dict' is different from the type of it in 'net':Float32, then the type convert from BFloat16 to Float32 in the network. May consume additional memory and time
[WARNING] ME(223669:281472958681120,MainProcess):2026-09-11-20:52:52.198.000 [mindspore/train/serialization.py:331] The type of Parameter#863:BFloat16 in 'parameter_dict' is different from the type of it in 'net':Float32, then the type convert from BFloat16 to Float32 in the network. May consume additional memory and time
[WARNING] ME(223669:281472958681120,MainProcess):2026-09-11-20:52:52.354.000 [mindspore/train/serialization.py:331] The type of Parameter#967:BFloat16 in 'parameter_dict' is different from the type of it in 'net':Float32, then the type convert from BFloat16 to Float32 in the network. May consume additional memory and time
[WARNING] ME(223669:281472958681120,MainProcess):2026-09-11-20:52:52.354.000 [mindspore/train/serialization.py:331] The type of Parameter#946:BFloat16 in 'parameter_dict' is different from the type of it in 'net':Float32, then the type convert from BFloat16 to Float32 in the network. May consume additional memory and time
[WARNING] ME(223669:281472958681120,MainProcess):2026-09-11-20:52:52.407.000 [mindspore/train/serialization.py:331] The type of Parameter#845:BFloat16 in 'parameter_dict' is different from the type of it in 'net':Float32, then the type convert from BFloat16 to Float32 in the network. May consume additional memory and time
[WARNING] ME(223669:281472958681120,MainProcess):2026-09-11-20:52:52.485.000 [mindspore/train/serialization.py:331] The type of Parameter#836:BFloat16 in 'parameter_dict' is different from the type of it in 'net':Float32, then the type convert from BFloat16 to Float32 in the network. May consume additional memory and time
[WARNING] ME(223669:281472958681120,MainProcess):2026-09-11-20:52:52.486.000 [mindspore/train/serialization.py:331] The type of Parameter#1019:BFloat16 in 'parameter_dict' is different from the type of it in 'net':Float32, then the type convert from BFloat16 to Float32 in the network. May consume additional memory and time
[WARNING] ME(223669:281472958681120,MainProcess):2026-09-11-20:52:52.486.000 [mindspore/train/serialization.py:331] The type of Parameter#943:BFloat16 in 'parameter_dict' is different from the type of it in 'net':Float32, then the type convert from BFloat16 to Float32 in the network. May consume additional memory and time
[WARNING] ME(223669:281472958681120,MainProcess):2026-09-11-20:52:52.486.000 [mindspore/train/serialization.py:331] The type of Parameter#1046:BFloat16 in 'parameter_dict' is different from the type of it in 'net':Float32, then the type convert from BFloat16 to Float32 in the network. May consume additional memory and time
[WARNING] ME(223669:281472958681120,MainProcess):2026-09-11-20:52:52.798.000 [mindspore/train/serialization.py:331] The type of Parameter#934:BFloat16 in 'parameter_dict' is different from the type of it in 'net':Float32, then the type convert from BFloat16 to Float32 in the network. May consume additional memory and time
[WARNING] ME(223669:281472958681120,MainProcess):2026-09-11-20:52:52.954.000 [mindspore/train/serialization.py:331] The type of Parameter#1057:BFloat16 in 'parameter_dict' is different from the type of it in 'net':Float32, then the type convert from BFloat16 to Float32 in the network. May consume additional memory and time
[WARNING] ME(223669:281472958681120,MainProcess):2026-09-11-20:52:52.955.000 [mindspore/train/serialization.py:331] The type of Parameter#859:BFloat16 in 'parameter_dict' is different from the type of it in 'net':Float32, then the type convert from BFloat16 to Float32 in the network. May consume additional memory and time
[WARNING] ME(223669:281472958681120,MainProcess):2026-09-11-20:52:53.700.0 [mindspore/train/serialization.py:331] The type of Parameter#999:BFloat16 in 'parameter_dict' is different from the type of it in 'net':Float32, then the type convert from BFloat16 to Float32 in the network. May consume additional memory and time
[WARNING] ME(223669:281472958681120,MainProcess):2026-09-11-20:52:53.840.00 [mindspore/train/serialization.py:331] The type of Parameter#866:BFloat16 in 'parameter_dict' is different from the type of it in 'net':Float32, then the type convert from BFloat16 to Float32 in the network. May consume additional memory and time
[WARNING] ME(223669:281472958681120,MainProcess):2026-09-11-20:52:53.850.00 [mindspore/train/serialization.py:331] The type of Parameter#963:BFloat16 in 'parameter_dict' is different from the type of it in 'net':Float32, then the type convert from BFloat16 to Float32 in the network. May consume additional memory and time
[WARNING] ME(223669:281472958681120,MainProcess):2026-09-11-20:52:53.850.00 [mindspore/train/serialization.py:331] The type of Parameter#847:BFloat16 in 'parameter_dict' is different from the type of it in 'net':Float32, then the type convert from BFloat16 to Float32 in the network. May consume additional memory and time
[WARNING] ME(223669:281472958681120,MainProcess):2026-09-11-20:52:53.860.00 [mindspore/train/serialization.py:331] The type of Parameter#1006:BFloat16 in 'parameter_dict' is different from the type of it in 'net':Float32, then the type convert from BFloat16 to Float32 in the network. May consume additional memory and time
[WARNING] ME(223669:281472958681120,MainProcess):2026-09-11-20:52:53.397.000 [mindspore/train/serialization.py:331] The type of Parameter#952:BFloat16 in 'parameter_dict' is different from the type of it in 'net':Float32, then the type convert from BFloat16 to Float32 in the network. May consume additional memory and time
[WARNING] ME(223669:281472958681120,MainProcess):2026-09-11-20:52:53.554.000 [mindspore/train/serialization.py:331] The type of Parameter#901:BFloat16 in 'parameter_dict' is different from the type of it in 'net':Float32, then the type convert from BFloat16 to Float32 in the network. May consume additional memory and time
[WARNING] ME(223669:281472958681120,MainProcess):2026-09-11-20:52:53.554.000 [mindspore/train/serialization.py:331] The type of Parameter#1077:BFloat16 in 'parameter_dict' is different from the type of it in 'net':Float32, then the type convert from BFloat16 to Float32 in the network. May consume additional memory and time
100.0%|████████████████████████████████████████|[00:00:03<00:00:00]
2026-09-11 20:52:55,485 - mindformers/models/npu_nvme_exp/user7-stack/qwen3-v13-replay-001/training/log[mindformers/utils/load_checkpoint_utils.py:437] - INFO - load checkpoint unified: /models/npu_nvme_exp/user7-stack/qwen3-v13-replay-001/training/qwen3_ms_converted_weight
{'adapter_id': None,
 'auto_trans_ckpt': True,
 'balanced_load': False,
 'callbacks': [{'type': 'MFLossMonitor'},
               {'async_save': False,
                'checkpoint_format': 'safetensors',
                'integrated_save': False,
                'keep_checkpoint_max': 1,
                'prefix': 'qwen3',
                'save_checkpoint_steps': 8,
                'type': 'CheckpointMonitor'}],
 'ckpt_use_legacy_format': True,
 'context': {'ascend_config': {'precision_mode': 'must_keep_origin_dtype'},
             'device_id': 0,
             'device_target': 'Ascend',
             'jit_config': {'jit_level': 'O0'},
             'max_call_depth': 10000,
             'max_device_memory': '58GB',
             'memory_optimize_level': 'O0',
             'mode': 0},
 'data_size': 8,
 'data_skip_steps': None,
 'device_num': 4,
 'do_eval': False,
 'eval_epoch_interval': -1,
 'eval_step_interval': 100,
 'exclude_cann_cpu': False,
 'ignore_data_skip': False,
 'infer_precision_sync': None,
 'init_start_profile': False,
 'input_data': None,
 'layer_decay': 0.65,
 'layer_scale': False,
 'load_checkpoint': '/models/npu_nvme_exp/user7-stack/qwen3-v13-replay-001/training/qwen3_ms_converted_weight',
 'load_ckpt_async': False,
 'load_ckpt_format': 'safetensors',
 'local_rank': 0,
 'lr_scale': False,
 'lr_scale_factor': 256,
 'lr_schedule': {'learning_rate': 1e-06,
                 'total_steps': 8,
                 'type': 'ConstantWarmUpLR',
                 'warmup_ratio': 0},
 'metric': [{'type': 'PerplexityMetric'}],
 'micro_batch_interleave_num': 1,
 'model': {'model_config': {'batch_size': 1,
                            'checkpoint_name_or_path': None,
                            'compute_dtype': 'bfloat16',
                            'disable_lazy_inline': True,
                            'hidden_dropout': 0.0,
                            'input_sliced_sig': True,
                            'layernorm_compute_dtype': 'float32',
                            'offset': 0,
                            'params_dtype': 'float32',
                            'position_embedding_type': 'rope',
                            'qkv_concat': True,
                            'residual_dtype': 'float32',
                            'rotary_dtype': 'float32',
                            'seq_length': 128,
                            'softmax_compute_dtype': 'float32',
                            'untie_embeddings_and_output_weights': True,
                            'use_contiguous_weight_layout_attention': False},
           'pretrained_model_dir': '/models/Qwen3-8B'},
 'moe_config': {},
 'monitor_config': {'check_for_global_norm': False,
                    'device_local_loss_format': None,
                    'device_local_norm_format': None,
                    'dump_path': './dump',
                    'global_norm_spike_count_threshold': 10,
                    'global_norm_spike_threshold': 3.0,
                    'invert': False,
                    'local_loss_format': None,
                    'local_norm_format': None,
                    'monitor_on': False,
                    'optimizer_state_format': None,
                    'print_struct': False,
                    'step_interval': 1,
                    'target': None,
                    'throughput_baseline': None,
                    'weight_state_format': None},
 'mstx': False,
 'only_save_strategy': False,
 'optimizer': {'betas': [0.9, 0.95],
               'eps': 1e-08,
               'learning_rate': ConstantWarmUpLR(),
               'params': [{'params': [Parameter (name=embedding.word_embeddings.weight, shape=(37984, 4096), dtype=Float32, requires_grad=True),
                                      Parameter (name=decoder.layers.0.self_attention.linear_proj.weight, shape=(4096, 1024), dtype=Float32, requires_grad=True),
                                      Parameter (name=decoder.layers.0.self_attention.linear_qkv.weight, shape=(1536, 4096), dtype=Float32, requires_grad=True),
                                      Parameter (name=decoder.layers.0.mlp.linear_fc1.weight, shape=(6144, 4096), dtype=Float32, requires_grad=True),
                                      Parameter (name=decoder.layers.0.mlp.linear_fc2.weight, shape=(4096, 3072), dtype=Float32, requires_grad=True),
                                      Parameter (name=decoder.layers.1.self_attention.linear_proj.weight, shape=(4096, 1024), dtype=Float32, requires_grad=True),
                                      Parameter (name=decoder.layers.1.self_attention.linear_qkv.weight, shape=(1536, 4096), dtype=Float32, requires_grad=True),
                                      Parameter (name=decoder.layers.1.mlp.linear_fc1.weight, shape=(6144, 4096), dtype=Float32, requires_grad=True),
                                      Parameter (name=decoder.layers.1.mlp.linear_fc2.weight, shape=(4096, 3072), dtype=Float32, requires_grad=True),
                                      Parameter (name=decoder.layers.2.self_attention.linear_proj.weight, shape=(4096, 1024), dtype=Float32, requires_grad=True),
                                      Parameter (name=decoder.layers.2.self_attention.linear_qkv.weight, shape=(1536, 4096), dtype=Float32, requires_grad=True),
                                      Parameter (name=decoder.layers.2.mlp.linear_fc1.weight, shape=(6144, 4096), dtype=Float32, requires_grad=True),
                                      Parameter (name=decoder.layers.2.mlp.linear_fc2.weight, shape=(4096, 3072), dtype=Float32, requires_grad=True),
                                      Parameter (name=decoder.layers.3.self_attention.linear_proj.weight, shape=(4096, 1024), dtype=Float32, requires_grad=True),
                                      Parameter (name=decoder.layers.3.self_attention.linear_qkv.weight, shape=(1536, 4096), dtype=Float32, requires_grad=True),
                                      Parameter (name=decoder.layers.3.mlp.linear_fc1.weight, shape=(6144, 4096), dtype=Float32, requires_grad=True),
                                      Parameter (name=decoder.layers.3.mlp.linear_fc2.weight, shape=(4096, 3072), dtype=Float32, requires_grad=True),
                                      Parameter (name=decoder.layers.4.self_attention.linear_proj.weight, shape=(4096, 1024), dtype=Float32, requires_grad=True),
                                      Parameter (name=decoder.layers.4.self_attention.linear_qkv.weight, shape=(1536, 4096), dtype=Float32, requires_grad=True),
                                      Parameter (name=decoder.layers.4.mlp.linear_fc1.weight, shape=(6144, 4096), dtype=Float32, requires_grad=True),
                                      Parameter (name=decoder.layers.4.mlp.linear_fc2.weight, shape=(4096, 3072), dtype=Float32, requires_grad=True),
                                      Parameter (name=decoder.layers.5.self_attention.linear_proj.weight, shape=(4096, 1024), dtype=Float32, requires_grad=True),
                                      Parameter (name=decoder.layers.5.self_attention.linear_qkv.weight, shape=(1536, 4096), dtype=Float32, requires_grad=True),
                                      Parameter (name=decoder.layers.5.mlp.linear_fc1.weight, shape=(6144, 4096), dtype=Float32, requires_grad=True),
                                      Parameter (name=decoder.layers.5.mlp.linear_fc2.weight, shape=(4096, 3072), dtype=Float32, requires_grad=True),
                                      Parameter (name=decoder.layers.6.self_attention.linear_proj.weight, shape=(4096, 1024), dtype=Float32, requires_grad=True),
                                      Parameter (name=decoder.layers.6.self_attention.linear_qkv.weight, shape=(1536, 4096), dtype=Float32, requires_grad=True),
                                      Parameter (name=decoder.layers.6.mlp.linear_fc1.weight, shape=(6144, 4096), dtype=Float32, requires_grad=True),
                                      Parameter (name=decoder.layers.6.mlp.linear_fc2.weight, shape=(4096, 3072), dtype=Float32, requires_grad=True),
                                      Parameter (name=decoder.layers.7.self_attention.linear_proj.weight, shape=(4096, 1024), dtype=Float32, requires_grad=True),
                                      Parameter (name=decoder.layers.7.self_attention.linear_qkv.weight, shape=(1536, 4096), dtype=Float32, requires_grad=True),
                                      Parameter (name=decoder.layers.7.mlp.linear_fc1.weight, shape=(6144, 4096), dtype=Float32, requires_grad=True),
                                      Parameter (name=decoder.layers.7.mlp.linear_fc2.weight, shape=(4096, 3072), dtype=Float32, requires_grad=True),
                                      Parameter (name=decoder.layers.8.self_attention.linear_proj.weight, shape=(4096, 1024), dtype=Float32, requires_grad=True),
                                      Parameter (name=decoder.layers.8.self_attention.linear_qkv.weight, shape=(1536, 4096), dtype=Float32, requires_grad=True),
                                      Parameter (name=decoder.layers.8.mlp.linear_fc1.weight, shape=(6144, 4096), dtype=Float32, requires_grad=True),
                                      Parameter (name=decoder.layers.8.mlp.linear_fc2.weight, shape=(4096, 3072), dtype=Float32, requires_grad=True),
                                      Parameter (name=decoder.layers.9.self_attention.linear_proj.weight, shape=(4096, 1024), dtype=Float32, requires_grad=True),
                                      Parameter (name=decoder.layers.9.self_attention.linear_qkv.weight, shape=(1536, 4096), dtype=Float32, requires_grad=True),
                                      Parameter (name=decoder.layers.9.mlp.linear_fc1.weight, shape=(6144, 4096), dtype=Float32, requires_grad=True),
                                      Parameter (name=decoder.layers.9.mlp.linear_fc2.weight, shape=(4096, 3072), dtype=Float32, requires_grad=True),
                                      Parameter (name=decoder.layers.10.self_attention.linear_proj.weight, shape=(4096, 1024), dtype=Float32, requires_grad=True),
                                      Parameter (name=decoder.layers.10.self_attention.linear_qkv.weight, shape=(1536, 4096), dtype=Float32, requires_grad=True),
                                      Parameter (name=decoder.layers.10.mlp.linear_fc1.weight, shape=(6144, 4096), dtype=Float32, requires_grad=True),
                                      Parameter (name=decoder.layers.10.mlp.linear_fc2.weight, shape=(4096, 3072), dtype=Float32, requires_grad=True),
                                      Parameter (name=decoder.layers.11.self_attention.linear_proj.weight, shape=(4096, 1024), dtype=Float32, requires_grad=True),
                                      Parameter (name=decoder.layers.11.self_attention.linear_qkv.weight, shape=(1536, 4096), dtype=Float32, requires_grad=True),
                                      Parameter (name=decoder.layers.11.mlp.linear_fc1.weight, shape=(6144, 4096), dtype=Float32, requires_grad=True),
                                      Parameter (name=decoder.layers.11.mlp.linear_fc2.weight, shape=(4096, 3072), dtype=Float32, requires_grad=True),
                                      Parameter (name=decoder.layers.12.self_attention.linear_proj.weight, shape=(4096, 1024), dtype=Float32, requires_grad=True),
                                      Parameter (name=decoder.layers.12.self_attention.linear_qkv.weight, shape=(1536, 4096), dtype=Float32, requires_grad=True),
                                      Parameter (name=decoder.layers.12.mlp.linear_fc1.weight, shape=(6144, 4096), dtype=Float32, requires_grad=True),
                                      Parameter (name=decoder.layers.12.mlp.linear_fc2.weight, shape=(4096, 3072), dtype=Float32, requires_grad=True),
                                      Parameter (name=decoder.layers.13.self_attention.linear_proj.weight, shape=(4096, 1024), dtype=Float32, requires_grad=True),
                                      Parameter (name=decoder.layers.13.self_attention.linear_qkv.weight, shape=(1536, 4096), dtype=Float32, requires_grad=True),
                                      Parameter (name=decoder.layers.13.mlp.linear_fc1.weight, shape=(6144, 4096), dtype=Float32, requires_grad=True),
                                      Parameter (name=decoder.layers.13.mlp.linear_fc2.weight, shape=(4096, 3072), dtype=Float32, requires_grad=True),
                                      Parameter (name=decoder.layers.14.self_attention.linear_proj.weight, shape=(4096, 1024), dtype=Float32, requires_grad=True),
                                      Parameter (name=decoder.layers.14.self_attention.linear_qkv.weight, shape=(1536, 4096), dtype=Float32, requires_grad=True),
                                      Parameter (name=decoder.layers.14.mlp.linear_fc1.weight, shape=(6144, 4096), dtype=Float32, requires_grad=True),
                                      Parameter (name=decoder.layers.14.mlp.linear_fc2.weight, shape=(4096, 3072), dtype=Float32, requires_grad=True),
                                      Parameter (name=decoder.layers.15.self_attention.linear_proj.weight, shape=(4096, 1024), dtype=Float32, requires_grad=True),
                                      Parameter (name=decoder.layers.15.self_attention.linear_qkv.weight, shape=(1536, 4096), dtype=Float32, requires_grad=True),
                                      Parameter (name=decoder.layers.15.mlp.linear_fc1.weight, shape=(6144, 4096), dtype=Float32, requires_grad=True),
                                      Parameter (name=decoder.layers.15.mlp.linear_fc2.weight, shape=(4096, 3072), dtype=Float32, requires_grad=True),
                                      Parameter (name=decoder.layers.16.self_attention.linear_proj.weight, shape=(4096, 1024), dtype=Float32, requires_grad=True),
                                      Parameter (name=decoder.layers.16.self_attention.linear_qkv.weight, shape=(1536, 4096), dtype=Float32, requires_grad=True),
                                      Parameter (name=decoder.layers.16.mlp.linear_fc1.weight, shape=(6144, 4096), dtype=Float32, requires_grad=True),
                                      Parameter (name=decoder.layers.16.mlp.linear_fc2.weight, shape=(4096, 3072), dtype=Float32, requires_grad=True),
                                      Parameter (name=decoder.layers.17.self_attention.linear_proj.weight, shape=(4096, 1024), dtype=Float32, requires_grad=True),
                                      Parameter (name=decoder.layers.17.self_attention.linear_qkv.weight, shape=(1536, 4096), dtype=Float32, requires_grad=True),
                                      Parameter (name=decoder.layers.17.mlp.linear_fc1.weight, shape=(6144, 4096), dtype=Float32, requires_grad=True),
                                      Parameter (name=decoder.layers.17.mlp.linear_fc2.weight, shape=(4096, 3072), dtype=Float32, requires_grad=True),
                                      Parameter (name=decoder.layers.18.self_attention.linear_proj.weight, shape=(4096, 1024), dtype=Float32, requires_grad=True),
                                      Parameter (name=decoder.layers.18.self_attention.linear_qkv.weight, shape=(1536, 4096), dtype=Float32, requires_grad=True),
                                      Parameter (name=decoder.layers.18.mlp.linear_fc1.weight, shape=(6144, 4096), dtype=Float32, requires_grad=True),
                                      Parameter (name=decoder.layers.18.mlp.linear_fc2.weight, shape=(4096, 3072), dtype=Float32, requires_grad=True),
                                      Parameter (name=decoder.layers.19.self_attention.linear_proj.weight, shape=(4096, 1024), dtype=Float32, requires_grad=True),
                                      Parameter (name=decoder.layers.19.self_attention.linear_qkv.weight, shape=(1536, 4096), dtype=Float32, requires_grad=True),
                                      Parameter (name=decoder.layers.19.mlp.linear_fc1.weight, shape=(6144, 4096), dtype=Float32, requires_grad=True),
                                      Parameter (name=decoder.layers.19.mlp.linear_fc2.weight, shape=(4096, 3072), dtype=Float32, requires_grad=True),
                                      Parameter (name=decoder.layers.20.self_attention.linear_proj.weight, shape=(4096, 1024), dtype=Float32, requires_grad=True),
                                      Parameter (name=decoder.layers.20.self_attention.linear_qkv.weight, shape=(1536, 4096), dtype=Float32, requires_grad=True),
                                      Parameter (name=decoder.layers.20.mlp.linear_fc1.weight, shape=(6144, 4096), dtype=Float32, requires_grad=True),
                                      Parameter (name=decoder.layers.20.mlp.linear_fc2.weight, shape=(4096, 3072), dtype=Float32, requires_grad=True),
                                      Parameter (name=decoder.layers.21.self_attention.linear_proj.weight, shape=(4096, 1024), dtype=Float32, requires_grad=True),
                                      Parameter (name=decoder.layers.21.self_attention.linear_qkv.weight, shape=(1536, 4096), dtype=Float32, requires_grad=True),
                                      Parameter (name=decoder.layers.21.mlp.linear_fc1.weight, shape=(6144, 4096), dtype=Float32, requires_grad=True),
                                      Parameter (name=decoder.layers.21.mlp.linear_fc2.weight, shape=(4096, 3072), dtype=Float32, requires_grad=True),
                                      Parameter (name=decoder.layers.22.self_attention.linear_proj.weight, shape=(4096, 1024), dtype=Float32, requires_grad=True),
                                      Parameter (name=decoder.layers.22.self_attention.linear_qkv.weight, shape=(1536, 4096), dtype=Float32, requires_grad=True),
                                      Parameter (name=decoder.layers.22.mlp.linear_fc1.weight, shape=(6144, 4096), dtype=Float32, requires_grad=True),
                                      Parameter (name=decoder.layers.22.mlp.linear_fc2.weight, shape=(4096, 3072), dtype=Float32, requires_grad=True),
                                      Parameter (name=decoder.layers.23.self_attention.linear_proj.weight, shape=(4096, 1024), dtype=Float32, requires_grad=True),
                                      Parameter (name=decoder.layers.23.self_attention.linear_qkv.weight, shape=(1536, 4096), dtype=Float32, requires_grad=True),
                                      Parameter (name=decoder.layers.23.mlp.linear_fc1.weight, shape=(6144, 4096), dtype=Float32, requires_grad=True),
                                      Parameter (name=decoder.layers.23.mlp.linear_fc2.weight, shape=(4096, 3072), dtype=Float32, requires_grad=True),
                                      Parameter (name=decoder.layers.24.self_attention.linear_proj.weight, shape=(4096, 1024), dtype=Float32, requires_grad=True),
                                      Parameter (name=decoder.layers.24.self_attention.linear_qkv.weight, shape=(1536, 4096), dtype=Float32, requires_grad=True),
                                      Parameter (name=decoder.layers.24.mlp.linear_fc1.weight, shape=(6144, 4096), dtype=Float32, requires_grad=True),
                                      Parameter (name=decoder.layers.24.mlp.linear_fc2.weight, shape=(4096, 3072), dtype=Float32, requires_grad=True),
                                      Parameter (name=decoder.layers.25.self_attention.linear_proj.weight, shape=(4096, 1024), dtype=Float32, requires_grad=True),
                                      Parameter (name=decoder.layers.25.self_attention.linear_qkv.weight, shape=(1536, 4096), dtype=Float32, requires_grad=True),
                                      Parameter (name=decoder.layers.25.mlp.linear_fc1.weight, shape=(6144, 4096), dtype=Float32, requires_grad=True),
                                      Parameter (name=decoder.layers.25.mlp.linear_fc2.weight, shape=(4096, 3072), dtype=Float32, requires_grad=True),
                                      Parameter (name=decoder.layers.26.self_attention.linear_proj.weight, shape=(4096, 1024), dtype=Float32, requires_grad=True),
                                      Parameter (name=decoder.layers.26.self_attention.linear_qkv.weight, shape=(1536, 4096), dtype=Float32, requires_grad=True),
                                      Parameter (name=decoder.layers.26.mlp.linear_fc1.weight, shape=(6144, 4096), dtype=Float32, requires_grad=True),
                                      Parameter (name=decoder.layers.26.mlp.linear_fc2.weight, shape=(4096, 3072), dtype=Float32, requires_grad=True),
                                      Parameter (name=decoder.layers.27.self_attention.linear_proj.weight, shape=(4096, 1024), dtype=Float32, requires_grad=True),
                                      Parameter (name=decoder.layers.27.self_attention.linear_qkv.weight, shape=(1536, 4096), dtype=Float32, requires_grad=True),
                                      Parameter (name=decoder.layers.27.mlp.linear_fc1.weight, shape=(6144, 4096), dtype=Float32, requires_grad=True),
                                      Parameter (name=decoder.layers.27.mlp.linear_fc2.weight, shape=(4096, 3072), dtype=Float32, requires_grad=True),
                                      Parameter (name=decoder.layers.28.self_attention.linear_proj.weight, shape=(4096, 1024), dtype=Float32, requires_grad=True),
                                      Parameter (name=decoder.layers.28.self_attention.linear_qkv.weight, shape=(1536, 4096), dtype=Float32, requires_grad=True),
                                      Parameter (name=decoder.layers.28.mlp.linear_fc1.weight, shape=(6144, 4096), dtype=Float32, requires_grad=True),
                                      Parameter (name=decoder.layers.28.mlp.linear_fc2.weight, shape=(4096, 3072), dtype=Float32, requires_grad=True),
                                      Parameter (name=decoder.layers.29.self_attention.linear_proj.weight, shape=(4096, 1024), dtype=Float32, requires_grad=True),
                                      Parameter (name=decoder.layers.29.self_attention.linear_qkv.weight, shape=(1536, 4096), dtype=Float32, requires_grad=True),
                                      Parameter (name=decoder.layers.29.mlp.linear_fc1.weight, shape=(6144, 4096), dtype=Float32, requires_grad=True),
                                      Parameter (name=decoder.layers.29.mlp.linear_fc2.weight, shape=(4096, 3072), dtype=Float32, requires_grad=True),
                                      Parameter (name=decoder.layers.30.self_attention.linear_proj.weight, shape=(4096, 1024), dtype=Float32, requires_grad=True),
                                      Parameter (name=decoder.layers.30.self_attention.linear_qkv.weight, shape=(1536, 4096), dtype=Float32, requires_grad=True),
                                      Parameter (name=decoder.layers.30.mlp.linear_fc1.weight, shape=(6144, 4096), dtype=Float32, requires_grad=True),
                                      Parameter (name=decoder.layers.30.mlp.linear_fc2.weight, shape=(4096, 3072), dtype=Float32, requires_grad=True),
                                      Parameter (name=decoder.layers.31.self_attention.linear_proj.weight, shape=(4096, 1024), dtype=Float32, requires_grad=True),
                                      Parameter (name=decoder.layers.31.self_attention.linear_qkv.weight, shape=(1536, 4096), dtype=Float32, requires_grad=True),
                                      Parameter (name=decoder.layers.31.mlp.linear_fc1.weight, shape=(6144, 4096), dtype=Float32, requires_grad=True),
                                      Parameter (name=decoder.layers.31.mlp.linear_fc2.weight, shape=(4096, 3072), dtype=Float32, requires_grad=True),
                                      Parameter (name=decoder.layers.32.self_attention.linear_proj.weight, shape=(4096, 1024), dtype=Float32, requires_grad=True),
                                      Parameter (name=decoder.layers.32.self_attention.linear_qkv.weight, shape=(1536, 4096), dtype=Float32, requires_grad=True),
                                      Parameter (name=decoder.layers.32.mlp.linear_fc1.weight, shape=(6144, 4096), dtype=Float32, requires_grad=True),
                                      Parameter (name=decoder.layers.32.mlp.linear_fc2.weight, shape=(4096, 3072), dtype=Float32, requires_grad=True),
                                      Parameter (name=decoder.layers.33.self_attention.linear_proj.weight, shape=(4096, 1024), dtype=Float32, requires_grad=True),
                                      Parameter (name=decoder.layers.33.self_attention.linear_qkv.weight, shape=(1536, 4096), dtype=Float32, requires_grad=True),
                                      Parameter (name=decoder.layers.33.mlp.linear_fc1.weight, shape=(6144, 4096), dtype=Float32, requires_grad=True),
                                      Parameter (name=decoder.layers.33.mlp.linear_fc2.weight, shape=(4096, 3072), dtype=Float32, requires_grad=True),
                                      Parameter (name=decoder.layers.34.self_attention.linear_proj.weight, shape=(4096, 1024), dtype=Float32, requires_grad=True),
                                      Parameter (name=decoder.layers.34.self_attention.linear_qkv.weight, shape=(1536, 4096), dtype=Float32, requires_grad=True),
                                      Parameter (name=decoder.layers.34.mlp.linear_fc1.weight, shape=(6144, 4096), dtype=Float32, requires_grad=True),
                                      Parameter (name=decoder.layers.34.mlp.linear_fc2.weight, shape=(4096, 3072), dtype=Float32, requires_grad=True),
                                      Parameter (name=decoder.layers.35.self_attention.linear_proj.weight, shape=(4096, 1024), dtype=Float32, requires_grad=True),
                                      Parameter (name=decoder.layers.35.self_attention.linear_qkv.weight, shape=(1536, 4096), dtype=Float32, requires_grad=True),
                                      Parameter (name=decoder.layers.35.mlp.linear_fc1.weight, shape=(6144, 4096), dtype=Float32, requires_grad=True),
                                      Parameter (name=decoder.layers.35.mlp.linear_fc2.weight, shape=(4096, 3072), dtype=Float32, requires_grad=True),
                                      Parameter (name=output_layer.weight, shape=(37984, 4096), dtype=Float32, requires_grad=True)],
                           'weight_decay': 0.0},
                          {'params': [Parameter (name=decoder.layers.0.input_layernorm.weight, shape=(4096,), dtype=Float32, requires_grad=True),
                                      Parameter (name=decoder.layers.0.self_attention.q_layernorm.weight, shape=(128,), dtype=Float32, requires_grad=True),
                                      Parameter (name=decoder.layers.0.self_attention.k_layernorm.weight, shape=(128,), dtype=Float32, requires_grad=True),
                                      Parameter (name=decoder.layers.0.pre_mlp_layernorm.weight, shape=(4096,), dtype=Float32, requires_grad=True),
                                      Parameter (name=decoder.layers.1.input_layernorm.weight, shape=(4096,), dtype=Float32, requires_grad=True),
                                      Parameter (name=decoder.layers.1.self_attention.q_layernorm.weight, shape=(128,), dtype=Float32, requires_grad=True),
                                      Parameter (name=decoder.layers.1.self_attention.k_layernorm.weight, shape=(128,), dtype=Float32, requires_grad=True),
                                      Parameter (name=decoder.layers.1.pre_mlp_layernorm.weight, shape=(4096,), dtype=Float32, requires_grad=True),
                                      Parameter (name=decoder.layers.2.input_layernorm.weight, shape=(4096,), dtype=Float32, requires_grad=True),
                                      Parameter (name=decoder.layers.2.self_attention.q_layernorm.weight, shape=(128,), dtype=Float32, requires_grad=True),
                                      Parameter (name=decoder.layers.2.self_attention.k_layernorm.weight, shape=(128,), dtype=Float32, requires_grad=True),
                                      Parameter (name=decoder.layers.2.pre_mlp_layernorm.weight, shape=(4096,), dtype=Float32, requires_grad=True),
                                      Parameter (name=decoder.layers.3.input_layernorm.weight, shape=(4096,), dtype=Float32, requires_grad=True),
                                      Parameter (name=decoder.layers.3.self_attention.q_layernorm.weight, shape=(128,), dtype=Float32, requires_grad=True),
                                      Parameter (name=decoder.layers.3.self_attention.k_layernorm.weight, shape=(128,), dtype=Float32, requires_grad=True),
                                      Parameter (name=decoder.layers.3.pre_mlp_layernorm.weight, shape=(4096,), dtype=Float32, requires_grad=True),
                                      Parameter (name=decoder.layers.4.input_layernorm.weight, shape=(4096,), dtype=Float32, requires_grad=True),
                                      Parameter (name=decoder.layers.4.self_attention.q_layernorm.weight, shape=(128,), dtype=Float32, requires_grad=True),
                                      Parameter (name=decoder.layers.4.self_attention.k_layernorm.weight, shape=(128,), dtype=Float32, requires_grad=True),
                                      Parameter (name=decoder.layers.4.pre_mlp_layernorm.weight, shape=(4096,), dtype=Float32, requires_grad=True),
                                      Parameter (name=decoder.layers.5.input_layernorm.weight, shape=(4096,), dtype=Float32, requires_grad=True),
                                      Parameter (name=decoder.layers.5.self_attention.q_layernorm.weight, shape=(128,), dtype=Float32, requires_grad=True),
                                      Parameter (name=decoder.layers.5.self_attention.k_layernorm.weight, shape=(128,), dtype=Float32, requires_grad=True),
                                      Parameter (name=decoder.layers.5.pre_mlp_layernorm.weight, shape=(4096,), dtype=Float32, requires_grad=True),
                                      Parameter (name=decoder.layers.6.input_layernorm.weight, shape=(4096,), dtype=Float32, requires_grad=True),
                                      Parameter (name=decoder.layers.6.self_attention.q_layernorm.weight, shape=(128,), dtype=Float32, requires_grad=True),
                                      Parameter (name=decoder.layers.6.self_attention.k_layernorm.weight, shape=(128,), dtype=Float32, requires_grad=True),
                                      Parameter (name=decoder.layers.6.pre_mlp_layernorm.weight, shape=(4096,), dtype=Float32, requires_grad=True),
                                      Parameter (name=decoder.layers.7.input_layernorm.weight, shape=(4096,), dtype=Float32, requires_grad=True),
                                      Parameter (name=decoder.layers.7.self_attention.q_layernorm.weight, shape=(128,), dtype=Float32, requires_grad=True),
                                      Parameter (name=decoder.layers.7.self_attention.k_layernorm.weight, shape=(128,), dtype=Float32, requires_grad=True),
                                      Parameter (name=decoder.layers.7.pre_mlp_layernorm.weight, shape=(4096,), dtype=Float32, requires_grad=True),
                                      Parameter (name=decoder.layers.8.input_layernorm.weight, shape=(4096,), dtype=Float32, requires_grad=True),
                                      Parameter (name=decoder.layers.8.self_attention.q_layernorm.weight, shape=(128,), dtype=Float32, requires_grad=True),
                                      Parameter (name=decoder.layers.8.self_attention.k_layernorm.weight, shape=(128,), dtype=Float32, requires_grad=True),
                                      Parameter (name=decoder.layers.8.pre_mlp_layernorm.weight, shape=(4096,), dtype=Float32, requires_grad=True),
                                      Parameter (name=decoder.layers.9.input_layernorm.weight, shape=(4096,), dtype=Float32, requires_grad=True),
                                      Parameter (name=decoder.layers.9.self_attention.q_layernorm.weight, shape=(128,), dtype=Float32, requires_grad=True),
                                      Parameter (name=decoder.layers.9.self_attention.k_layernorm.weight, shape=(128,), dtype=Float32, requires_grad=True),
                                      Parameter (name=decoder.layers.9.pre_mlp_layernorm.weight, shape=(4096,), dtype=Float32, requires_grad=True),
                                      Parameter (name=decoder.layers.10.input_layernorm.weight, shape=(4096,), dtype=Float32, requires_grad=True),
                                      Parameter (name=decoder.layers.10.self_attention.q_layernorm.weight, shape=(128,), dtype=Float32, requires_grad=True),
                                      Parameter (name=decoder.layers.10.self_attention.k_layernorm.weight, shape=(128,), dtype=Float32, requires_grad=True),
                                      Parameter (name=decoder.layers.10.pre_mlp_layernorm.weight, shape=(4096,), dtype=Float32, requires_grad=True),
                                      Parameter (name=decoder.layers.11.input_layernorm.weight, shape=(4096,), dtype=Float32, requires_grad=True),
                                      Parameter (name=decoder.layers.11.self_attention.q_layernorm.weight, shape=(128,), dtype=Float32, requires_grad=True),
                                      Parameter (name=decoder.layers.11.self_attention.k_layernorm.weight, shape=(128,), dtype=Float32, requires_grad=True),
                                      Parameter (name=decoder.layers.11.pre_mlp_layernorm.weight, shape=(4096,), dtype=Float32, requires_grad=True),
                                      Parameter (name=decoder.layers.12.input_layernorm.weight, shape=(4096,), dtype=Float32, requires_grad=True),
                                      Parameter (name=decoder.layers.12.self_attention.q_layernorm.weight, shape=(128,), dtype=Float32, requires_grad=True),
                                      Parameter (name=decoder.layers.12.self_attention.k_layernorm.weight, shape=(128,), dtype=Float32, requires_grad=True),
                                      Parameter (name=decoder.layers.12.pre_mlp_layernorm.weight, shape=(4096,), dtype=Float32, requires_grad=True),
                                      Parameter (name=decoder.layers.13.input_layernorm.weight, shape=(4096,), dtype=Float32, requires_grad=True),
                                      Parameter (name=decoder.layers.13.self_attention.q_layernorm.weight, shape=(128,), dtype=Float32, requires_grad=True),
                                      Parameter (name=decoder.layers.13.self_attention.k_layernorm.weight, shape=(128,), dtype=Float32, requires_grad=True),
                                      Parameter (name=decoder.layers.13.pre_mlp_layernorm.weight, shape=(4096,), dtype=Float32, requires_grad=True),
                                      Parameter (name=decoder.layers.14.input_layernorm.weight, shape=(4096,), dtype=Float32, requires_grad=True),
                                      Parameter (name=decoder.layers.14.self_attention.q_layernorm.weight, shape=(128,), dtype=Float32, requires_grad=True),
                                      Parameter (name=decoder.layers.14.self_attention.k_layernorm.weight, shape=(128,), dtype=Float32, requires_grad=True),
                                      Parameter (name=decoder.layers.14.pre_mlp_layernorm.weight, shape=(4096,), dtype=Float32, requires_grad=True),
                                      Parameter (name=decoder.layers.15.input_layernorm.weight, shape=(4096,), dtype=Float32, requires_grad=True),
                                      Parameter (name=decoder.layers.15.self_attention.q_layernorm.weight, shape=(128,), dtype=Float32, requires_grad=True),
                                      Parameter (name=decoder.layers.15.self_attention.k_layernorm.weight, shape=(128,), dtype=Float32, requires_grad=True),
                                      Parameter (name=decoder.layers.15.pre_mlp_layernorm.weight, shape=(4096,), dtype=Float32, requires_grad=True),
                                      Parameter (name=decoder.layers.16.input_layernorm.weight, shape=(4096,), dtype=Float32, requires_grad=True),
                                      Parameter (name=decoder.layers.16.self_attention.q_layernorm.weight, shape=(128,), dtype=Float32, requires_grad=True),
                                      Parameter (name=decoder.layers.16.self_attention.k_layernorm.weight, shape=(128,), dtype=Float32, requires_grad=True),
                                      Parameter (name=decoder.layers.16.pre_mlp_layernorm.weight, shape=(4096,), dtype=Float32, requires_grad=True),
                                      Parameter (name=decoder.layers.17.input_layernorm.weight, shape=(4096,), dtype=Float32, requires_grad=True),
                                      Parameter (name=decoder.layers.17.self_attention.q_layernorm.weight, shape=(128,), dtype=Float32, requires_grad=True),
                                      Parameter (name=decoder.layers.17.self_attention.k_layernorm.weight, shape=(128,), dtype=Float32, requires_grad=True),
                                      Parameter (name=decoder.layers.17.pre_mlp_layernorm.weight, shape=(4096,), dtype=Float32, requires_grad=True),
                                      Parameter (name=decoder.layers.18.input_layernorm.weight, shape=(4096,), dtype=Float32, requires_grad=True),
                                      Parameter (name=decoder.layers.18.self_attention.q_layernorm.weight, shape=(128,), dtype=Float32, requires_grad=True),
                                      Parameter (name=decoder.layers.18.self_attention.k_layernorm.weight, shape=(128,), dtype=Float32, requires_grad=True),
                                      Parameter (name=decoder.layers.18.pre_mlp_layernorm.weight, shape=(4096,), dtype=Float32, requires_grad=True),
                                      Parameter (name=decoder.layers.19.input_layernorm.weight, shape=(4096,), dtype=Float32, requires_grad=True),
                                      Parameter (name=decoder.layers.19.self_attention.q_layernorm.weight, shape=(128,), dtype=Float32, requires_grad=True),
                                      Parameter (name=decoder.layers.19.self_attention.k_layernorm.weight, shape=(128,), dtype=Float32, requires_grad=True),
                                      Parameter (name=decoder.layers.19.pre_mlp_layernorm.weight, shape=(4096,), dtype=Float32, requires_grad=True),
                                      Parameter (name=decoder.layers.20.input_layernorm.weight, shape=(4096,), dtype=Float32, requires_grad=True),
                                      Parameter (name=decoder.layers.20.self_attention.q_layernorm.weight, shape=(128,), dtype=Float32, requires_grad=True),
                                      Parameter (name=decoder.layers.20.self_attention.k_layernorm.weight, shape=(128,), dtype=Float32, requires_grad=True),
                                      Parameter (name=decoder.layers.20.pre_mlp_layernorm.weight, shape=(4096,), dtype=Float32, requires_grad=True),
                                      Parameter (name=decoder.layers.21.input_layernorm.weight, shape=(4096,), dtype=Float32, requires_grad=True),
                                      Parameter (name=decoder.layers.21.self_attention.q_layernorm.weight, shape=(128,), dtype=Float32, requires_grad=True),
                                      Parameter (name=decoder.layers.21.self_attention.k_layernorm.weight, shape=(128,), dtype=Float32, requires_grad=True),
                                      Parameter (name=decoder.layers.21.pre_mlp_layernorm.weight, shape=(4096,), dtype=Float32, requires_grad=True),
                                      Parameter (name=decoder.layers.22.input_layernorm.weight, shape=(4096,), dtype=Float32, requires_grad=True),
                                      Parameter (name=decoder.layers.22.self_attention.q_layernorm.weight, shape=(128,), dtype=Float32, requires_grad=True),
                                      Parameter (name=decoder.layers.22.self_attention.k_layernorm.weight, shape=(128,), dtype=Float32, requires_grad=True),
                                      Parameter (name=decoder.layers.22.pre_mlp_layernorm.weight, shape=(4096,), dtype=Float32, requires_grad=True),
                                      Parameter (name=decoder.layers.23.input_layernorm.weight, shape=(4096,), dtype=Float32, requires_grad=True),
                                      Parameter (name=decoder.layers.23.self_attention.q_layernorm.weight, shape=(128,), dtype=Float32, requires_grad=True),
                                      Parameter (name=decoder.layers.23.self_attention.k_layernorm.weight, shape=(128,), dtype=Float32, requires_grad=True),
                                      Parameter (name=decoder.layers.23.pre_mlp_layernorm.weight, shape=(4096,), dtype=Float32, requires_grad=True),
                                      Parameter (name=decoder.layers.24.input_layernorm.weight, shape=(4096,), dtype=Float32, requires_grad=True),
                                      Parameter (name=decoder.layers.24.self_attention.q_layernorm.weight, shape=(128,), dtype=Float32, requires_grad=True),
                                      Parameter (name=decoder.layers.24.self_attention.k_layernorm.weight, shape=(128,), dtype=Float32, requires_grad=True),
                                      Parameter (name=decoder.layers.24.pre_mlp_layernorm.weight, shape=(4096,), dtype=Float32, requires_grad=True),
                                      Parameter (name=decoder.layers.25.input_layernorm.weight, shape=(4096,), dtype=Float32, requires_grad=True),
                                      Parameter (name=decoder.layers.25.self_attention.q_layernorm.weight, shape=(128,), dtype=Float32, requires_grad=True),
                                      Parameter (name=decoder.layers.25.self_attention.k_layernorm.weight, shape=(128,), dtype=Float32, requires_grad=True),
                                      Parameter (name=decoder.layers.25.pre_mlp_layernorm.weight, shape=(4096,), dtype=Float32, requires_grad=True),
                                      Parameter (name=decoder.layers.26.input_layernorm.weight, shape=(4096,), dtype=Float32, requires_grad=True),
                                      Parameter (name=decoder.layers.26.self_attention.q_layernorm.weight, shape=(128,), dtype=Float32, requires_grad=True),
                                      Parameter (name=decoder.layers.26.self_attention.k_layernorm.weight, shape=(128,), dtype=Float32, requires_grad=True),
                                      Parameter (name=decoder.layers.26.pre_mlp_layernorm.weight, shape=(4096,), dtype=Float32, requires_grad=True),
                                      Parameter (name=decoder.layers.27.input_layernorm.weight, shape=(4096,), dtype=Float32, requires_grad=True),
                                      Parameter (name=decoder.layers.27.self_attention.q_layernorm.weight, shape=(128,), dtype=Float32, requires_grad=True),
                                      Parameter (name=decoder.layers.27.self_attention.k_layernorm.weight, shape=(128,), dtype=Float32, requires_grad=True),
                                      Parameter (name=decoder.layers.27.pre_mlp_layernorm.weight, shape=(4096,), dtype=Float32, requires_grad=True),
                                      Parameter (name=decoder.layers.28.input_layernorm.weight, shape=(4096,), dtype=Float32, requires_grad=True),
                                      Parameter (name=decoder.layers.28.self_attention.q_layernorm.weight, shape=(128,), dtype=Float32, requires_grad=True),
                                      Parameter (name=decoder.layers.28.self_attention.k_layernorm.weight, shape=(128,), dtype=Float32, requires_grad=True),
                                      Parameter (name=decoder.layers.28.pre_mlp_layernorm.weight, shape=(4096,), dtype=Float32, requires_grad=True),
                                      Parameter (name=decoder.layers.29.input_layernorm.weight, shape=(4096,), dtype=Float32, requires_grad=True),
                                      Parameter (name=decoder.layers.29.self_attention.q_layernorm.weight, shape=(128,), dtype=Float32, requires_grad=True),
                                      Parameter (name=decoder.layers.29.self_attention.k_layernorm.weight, shape=(128,), dtype=Float32, requires_grad=True),
                                      Parameter (name=decoder.layers.29.pre_mlp_layernorm.weight, shape=(4096,), dtype=Float32, requires_grad=True),
                                      Parameter (name=decoder.layers.30.input_layernorm.weight, shape=(4096,), dtype=Float32, requires_grad=True),
                                      Parameter (name=decoder.layers.30.self_attention.q_layernorm.weight, shape=(128,), dtype=Float32, requires_grad=True),
                                      Parameter (name=decoder.layers.30.self_attention.k_layernorm.weight, shape=(128,), dtype=Float32, requires_grad=True),
                                      Parameter (name=decoder.layers.30.pre_mlp_layernorm.weight, shape=(4096,), dtype=Float32, requires_grad=True),
                                      Parameter (name=decoder.layers.31.input_layernorm.weight, shape=(4096,), dtype=Float32, requires_grad=True),
                                      Parameter (name=decoder.layers.31.self_attention.q_layernorm.weight, shape=(128,), dtype=Float32, requires_grad=True),
                                      Parameter (name=decoder.layers.31.self_attention.k_layernorm.weight, shape=(128,), dtype=Float32, requires_grad=True),
                                      Parameter (name=decoder.layers.31.pre_mlp_layernorm.weight, shape=(4096,), dtype=Float32, requires_grad=True),
                                      Parameter (name=decoder.layers.32.input_layernorm.weight, shape=(4096,), dtype=Float32, requires_grad=True),
                                      Parameter (name=decoder.layers.32.self_attention.q_layernorm.weight, shape=(128,), dtype=Float32, requires_grad=True),
                                      Parameter (name=decoder.layers.32.self_attention.k_layernorm.weight, shape=(128,), dtype=Float32, requires_grad=True),
                                      Parameter (name=decoder.layers.32.pre_mlp_layernorm.weight, shape=(4096,), dtype=Float32, requires_grad=True),
                                      Parameter (name=decoder.layers.33.input_layernorm.weight, shape=(4096,), dtype=Float32, requires_grad=True),
                                      Parameter (name=decoder.layers.33.self_attention.q_layernorm.weight, shape=(128,), dtype=Float32, requires_grad=True),
                                      Parameter (name=decoder.layers.33.self_attention.k_layernorm.weight, shape=(128,), dtype=Float32, requires_grad=True),
                                      Parameter (name=decoder.layers.33.pre_mlp_layernorm.weight, shape=(4096,), dtype=Float32, requires_grad=True),
                                      Parameter (name=decoder.layers.34.input_layernorm.weight, shape=(4096,), dtype=Float32, requires_grad=True),
                                      Parameter (name=decoder.layers.34.self_attention.q_layernorm.weight, shape=(128,), dtype=Float32, requires_grad=True),
                                      Parameter (name=decoder.layers.34.self_attention.k_layernorm.weight, shape=(128,), dtype=Float32, requires_grad=True),
                                      Parameter (name=decoder.layers.34.pre_mlp_layernorm.weight, shape=(4096,), dtype=Float32, requires_grad=True),
                                      Parameter (name=decoder.layers.35.input_layernorm.weight, shape=(4096,), dtype=Float32, requires_grad=True),
                                      Parameter (name=decoder.layers.35.self_attention.q_layernorm.weight, shape=(128,), dtype=Float32, requires_grad=True),
                                      Parameter (name=decoder.layers.35.self_attention.k_layernorm.weight, shape=(128,), dtype=Float32, requires_grad=True),
                                      Parameter (name=decoder.layers.35.pre_mlp_layernorm.weight, shape=(4096,), dtype=Float32, requires_grad=True),
                                      Parameter (name=decoder.final_layernorm.weight, shape=(4096,), dtype=Float32, requires_grad=True)],
                           'weight_decay': 0.0}],
               'weight_decay': 0.0},
 'output_dir': '/models/npu_nvme_exp/user7-stack/qwen3-v13-replay-001/training',
 'parallel': {'dataset_strategy': ((1, 1),
                                   (1, 1),
                                   (1, 1),
                                   (1, 1),
                                   (1, 1, 1, 1)),
              'enable_alltoall': True,
              'enable_parallel_optimizer': False,
              'full_batch': False,
              'gradients_mean': False,
              'parallel_mode': 1,
              'search_mode': 'sharding_propagation',
              'strategy_ckpt_config': {'only_trainable_params': False,
                                       'save_file': '/models/npu_nvme_exp/user7-stack/qwen3-v13-replay-001/rank_0/strategy.ckpt'},
              'strategy_ckpt_save_file': '/models/npu_nvme_exp/user7-stack/qwen3-v13-replay-001/training/strategy/ckpt_strategy_rank_0.ckpt'},
 'parallel_config': <mindformers.modules.transformer.transformer.TransformerOpParallelConfig object at 0xffff125b4610>,
 'postprocess_use_numpy': False,
 'predict_batch_size': None,
 'pretrained_model_dir': '/models/Qwen3-8B',
 'print_separate_loss': True,
 'profile': False,
 'profile_communication': False,
 'profile_level': 1,
 'profile_memory': True,
 'profile_pipeline': False,
 'profile_rank_ids': None,
 'profile_start_step': 1,
 'profile_stop_step': 10,
 'rank_id': 0,
 'recompute_config': <mindformers.modules.transformer.transformer.TransformerRecomputeConfig object at 0xffff125a7f90>,
 'remote_save_url': None,
 'remove_redundancy': False,
 'resume_training': False,
 'run_mode': 'finetune',
 'runner_config': {'batch_size': 1,
                   'epochs': 8,
                   'global_batch_size': 1,
                   'gradient_accumulation_steps': 1,
                   'initial_epoch': 0,
                   'initial_step': 0,
                   'mini_batch_size': 1,
                   'num_classes': 1,
                   'origin_epochs': 1,
                   'sink_mode': True,
                   'sink_size': 1,
                   'stop_step': 8},
 'runner_wrapper': {'scale_sense': 1.0,
                    'type': 'MFTrainOneStepCell',
                    'use_clip_grad': True},
 'save_file': None,
 'seed': 42,
 'src_strategy_path_or_dir': '',
 'swap_config': <mindformers.modules.transformer.transformer.TransformerSwapConfig object at 0xffff11bcbf90>,
 'train_dataset': {'auto_tune': None,
                   'autotune_per_step': None,
                   'batch_size': 1,
                   'data_loader': {'type': 'GeneratorDataset'},
                   'do_eval': False,
                   'drop_remainder': True,
                   'filepath_prefix': None,
                   'input_columns': ['input_ids',
                                     'labels',
                                     'loss_mask',
                                     'position_ids',
                                     'attention_mask'],
                   'micro_batch_num': 1,
                   'num_parallel_workers': 8,
                   'numa_enable': False,
                   'output_columns': ['input_ids',
                                      'labels',
                                      'loss_mask',
                                      'position_ids',
                                      'attention_mask'],
                   'prefetch_size': 1,
                   'profile': False,
                   'python_multiprocessing': False,
                   'seed': 42},
 'train_dataset_task': {'dataset_config': {'auto_tune': None,
                                           'autotune_per_step': None,
                                           'batch_size': 1,
                                           'data_loader': {'type': 'GeneratorDataset'},
                                           'do_eval': False,
                                           'drop_remainder': True,
                                           'filepath_prefix': None,
                                           'input_columns': ['input_ids',
                                                             'labels',
                                                             'loss_mask',
                                                             'position_ids',
                                                             'attention_mask'],
                                           'micro_batch_num': 1,
                                           'num_parallel_workers': 8,
                                           'numa_enable': False,
                                           'output_columns': ['input_ids',
                                                              'labels',
                                                              'loss_mask',
                                                              'position_ids',
                                                              'attention_mask'],
                                           'prefetch_size': 1,
                                           'profile': False,
                                           'python_multiprocessing': False,
                                           'seed': 42},
                        'type': 'CausalLanguageModelDataset'},
 'train_precision_sync': None,
 'trainer': {'model_name': 'Qwen3', 'type': 'CausalLanguageModelingTrainer'},
 'transform_process_num': 1,
 'use_legacy': False,
 'use_parallel': True}
2026-09-11 20:52:55,513 - mindformers/models/npu_nvme_exp/user7-stack/qwen3-v13-replay-001/training/log[mindformers/trainer/base_trainer.py:1442] - INFO - .........Model Compiling, Please Wait a Moment...........
2026-09-11 20:52:55,513 - mindformers/models/npu_nvme_exp/user7-stack/qwen3-v13-replay-001/training/log[mindformers/trainer/base_trainer.py:1444] - INFO - .........train network delay initialize..........
2026-09-11 20:52:55,527 - mindformers/models/npu_nvme_exp/user7-stack/qwen3-v13-replay-001/training/log[mindformers/trainer/base_trainer.py:1447] - INFO - .........optimizer delay initialize..........
2026-09-11 20:52:55,693 - mindformers/models/npu_nvme_exp/user7-stack/qwen3-v13-replay-001/training/log[mindformers/trainer/base_trainer.py:1449] - INFO - .........Starting Training Model..........
[WARNING] ME(223669:281472958681120,MainProcess):2026-09-11-20:52:55.693.000 [mindspore/train/model.py:1383] For CheckpointMonitor callback, {'end', 'step_end'} methods may not be supported in later version, Use methods prefixed with 'on_train' or 'on_eval' instead when using customized callbacks.
..2026-09-11 20:53:27,252 - mindformers/models/npu_nvme_exp/user7-stack/qwen3-v13-replay-001/training/log[mindformers/core/callback/callback.py:470] - INFO - Full model flops is 1482065707008, Shard model flops is 1460322435072.
2026-09-11 20:53:27,253 - mindformers/models/npu_nvme_exp/user7-stack/qwen3-v13-replay-001/training/log[mindformers/core/callback/callback.py:544] - INFO - { Epoch:[  1/  1], step:[    1/    8], loss: 0.759956, per_step_time: 31036ms, lr: 1e-06, overflow cond: False, loss_scale: 1.0, global_norm: [16.544165], train_throughput_per_npu: 0.012T
2026-09-11 20:53:27,255 - mindformers/models/npu_nvme_exp/user7-stack/qwen3-v13-replay-001/training/log[mindformers/core/callback/callback.py:560] - INFO -   12.5% |██████                                            | 0.00805 samples/s/p  0:03:37 }
QWEN_TRAIN_STEP rank=0 step=1 loss=0.75995559
2026-09-11 20:53:29,646 - mindformers/models/npu_nvme_exp/user7-stack/qwen3-v13-replay-001/training/log[mindformers/core/callback/callback.py:544] - INFO - { Epoch:[  1/  1], step:[    2/    8], loss: 0.750660, per_step_time: 1740ms, lr: 1e-06, overflow cond: False, loss_scale: 1.0, global_norm: [16.386488], train_throughput_per_npu: 0.213T
2026-09-11 20:53:29,652 - mindformers/models/npu_nvme_exp/user7-stack/qwen3-v13-replay-001/training/log[mindformers/core/callback/callback.py:560] - INFO -   25.0% |████████████                                      | 0.14368 samples/s/p  0:00:10 }
QWEN_TRAIN_STEP rank=0 step=2 loss=0.75066048
2026-09-11 20:53:30,287 - mindformers/models/npu_nvme_exp/user7-stack/qwen3-v13-replay-001/training/log[mindformers/core/callback/callback.py:544] - INFO - { Epoch:[  1/  1], step:[    3/    8], loss: 0.723966, per_step_time: 614ms, lr: 1e-06, overflow cond: False, loss_scale: 1.0, global_norm: [16.120113], train_throughput_per_npu: 0.603T
2026-09-11 20:53:30,288 - mindformers/models/npu_nvme_exp/user7-stack/qwen3-v13-replay-001/training/log[mindformers/core/callback/callback.py:560] - INFO -   37.5% |██████████████████                                | 0.40673 samples/s/p  0:00:03 }
QWEN_TRAIN_STEP rank=0 step=3 loss=0.72396570
2026-09-11 20:53:30,880 - mindformers/models/npu_nvme_exp/user7-stack/qwen3-v13-replay-001/training/log[mindformers/core/callback/callback.py:544] - INFO - { Epoch:[  1/  1], step:[    4/    8], loss: 0.718405, per_step_time: 583ms, lr: 1e-06, overflow cond: False, loss_scale: 1.0, global_norm: [16.096304], train_throughput_per_npu: 0.635T
2026-09-11 20:53:30,881 - mindformers/models/npu_nvme_exp/user7-stack/qwen3-v13-replay-001/training/log[mindformers/core/callback/callback.py:560] - INFO -   50.0% |█████████████████████████                         | 0.42839 samples/s/p  0:00:02 }
QWEN_TRAIN_STEP rank=0 step=4 loss=0.71840513
2026-09-11 20:53:31,476 - mindformers/models/npu_nvme_exp/user7-stack/qwen3-v13-replay-001/training/log[mindformers/core/callback/callback.py:544] - INFO - { Epoch:[  1/  1], step:[    5/    8], loss: 0.635201, per_step_time: 587ms, lr: 1e-06, overflow cond: False, loss_scale: 1.0, global_norm: [14.035824], train_throughput_per_npu: 0.631T
2026-09-11 20:53:31,478 - mindformers/models/npu_nvme_exp/user7-stack/qwen3-v13-replay-001/training/log[mindformers/core/callback/callback.py:560] - INFO -   62.5% |███████████████████████████████                   | 0.42584 samples/s/p  0:00:01 }
QWEN_TRAIN_STEP rank=0 step=5 loss=0.63520098
2026-09-11 20:53:32,118 - mindformers/models/npu_nvme_exp/user7-stack/qwen3-v13-replay-001/training/log[mindformers/core/callback/callback.py:544] - INFO - { Epoch:[  1/  1], step:[    6/    8], loss: 0.626600, per_step_time: 632ms, lr: 1e-06, overflow cond: False, loss_scale: 1.0, global_norm: [13.751944], train_throughput_per_npu: 0.586T
2026-09-11 20:53:32,119 - mindformers/models/npu_nvme_exp/user7-stack/qwen3-v13-replay-001/training/log[mindformers/core/callback/callback.py:560] - INFO -   75.0% |█████████████████████████████████████             | 0.39547 samples/s/p  0:00:01 }
QWEN_TRAIN_STEP rank=0 step=6 loss=0.62659985
2026-09-11 20:53:32,712 - mindformers/models/npu_nvme_exp/user7-stack/qwen3-v13-replay-001/training/log[mindformers/core/callback/callback.py:544] - INFO - { Epoch:[  1/  1], step:[    7/    8], loss: 0.607517, per_step_time: 585ms, lr: 1e-06, overflow cond: False, loss_scale: 1.0, global_norm: [13.231717], train_throughput_per_npu: 0.633T
2026-09-11 20:53:32,714 - mindformers/models/npu_nvme_exp/user7-stack/qwen3-v13-replay-001/training/log[mindformers/core/callback/callback.py:560] - INFO -   87.5% |███████████████████████████████████████████       | 0.42709 samples/s/p  0:00:00 }
QWEN_TRAIN_STEP rank=0 step=7 loss=0.60751724
2026-09-11 20:53:33,301 - mindformers/models/npu_nvme_exp/user7-stack/qwen3-v13-replay-001/training/log[mindformers/core/callback/callback.py:544] - INFO - { Epoch:[  1/  1], step:[    8/    8], loss: 0.598140, per_step_time: 578ms, lr: 1e-06, overflow cond: False, loss_scale: 1.0, global_norm: [13.25708], train_throughput_per_npu: 0.640T
2026-09-11 20:53:33,302 - mindformers/models/npu_nvme_exp/user7-stack/qwen3-v13-replay-001/training/log[mindformers/core/callback/callback.py:560] - INFO -   100.0% |██████████████████████████████████████████████████| 0.43204 samples/s/p  0:00:00 }
2026-09-11 20:53:33,303 - mindformers/models/npu_nvme_exp/user7-stack/qwen3-v13-replay-001/training/log[mindformers/core/callback/callback.py:1435] - INFO - ......Saving ckpt......
2026-09-11 20:53:33,303 - mindformers/models/npu_nvme_exp/user7-stack/qwen3-v13-replay-001/training/log[mindformers/core/callback/callback.py:1494] - INFO - global_batch_size: 1
2026-09-11 20:53:33,304 - mindformers/models/npu_nvme_exp/user7-stack/qwen3-v13-replay-001/training/log[mindformers/core/callback/callback.py:1495] - INFO - epoch_num: 8
2026-09-11 20:53:33,304 - mindformers/models/npu_nvme_exp/user7-stack/qwen3-v13-replay-001/training/log[mindformers/core/callback/callback.py:1496] - INFO - step_num: 8
2026-09-11 20:53:33,304 - mindformers/models/npu_nvme_exp/user7-stack/qwen3-v13-replay-001/training/log[mindformers/core/callback/callback.py:1497] - INFO - global_step: 8
2026-09-11 20:53:56,195 - mindformers/models/npu_nvme_exp/user7-stack/qwen3-v13-replay-001/training/log[mindformers/core/callback/callback.py:1350] - INFO - Finish saving ckpt of epoch 8 step 1 using 22.703 seconds
QWEN_TRAIN_STEP rank=0 step=8 loss=0.59813994
2026-09-11 20:53:56,199 - mindformers/models/npu_nvme_exp/user7-stack/qwen3-v13-replay-001/training/log[mindformers/trainer/base_trainer.py:1458] - INFO - .........Training Over!.............
