Device_id,Component,Timestamp(us),Total Reserved(KB),Device
2,SLOG,1788521953993841.910	,0,NPU:2
2,SLOG,1788521954093690.790	,0,NPU:2
2,SLOG,1788521954193665.180	,0,NPU:2
2,SLOG,1788521954293650.080	,0,NPU:2
2,SLOG,1788521954393654.040	,0,NPU:2
2,SLOG,1788521954493648.730	,0,NPU:2
2,SLOG,1788521954593645.540	,0,NPU:2
2,SLOG,1788521954693640.150	,0,NPU:2
2,SLOG,1788521954793649.950	,0,NPU:2
2,SLOG,1788521954893661.680	,0,NPU:2
2,SLOG,1788521954993678.410	,0,NPU:2
2,SLOG,1788521955093652.720	,0,NPU:2
2,SLOG,1788521955193653.270	,0,NPU:2
2,SLOG,1788521955293648.860	,0,NPU:2
2,SLOG,1788521955393649.220	,0,NPU:2
2,SLOG,1788521955493655.280	,0,NPU:2
2,SLOG,1788521955593651.590	,0,NPU:2
2,SLOG,1788521955693640.580	,0,NPU:2
2,SLOG,1788521955793638.250	,0,NPU:2
2,SLOG,1788521955893682.250	,0,NPU:2
2,SLOG,1788521955993682.480	,0,NPU:2
2,SLOG,1788521956093711.640	,0,NPU:2
2,SLOG,1788521956193672.410	,0,NPU:2
2,SLOG,1788521956293669.740	,0,NPU:2
2,SLOG,1788521956393666.240	,0,NPU:2
2,SLOG,1788521956493676.590	,0,NPU:2
2,SLOG,1788521956593710.650	,0,NPU:2
2,SLOG,1788521956693695.830	,0,NPU:2
2,SLOG,1788521956793695.140	,0,NPU:2
2,SLOG,1788521956893673.320	,0,NPU:2
2,SLOG,1788521956993679.850	,0,NPU:2
2,SLOG,1788521957093679.860	,0,NPU:2
2,SLOG,1788521957193708.460	,0,NPU:2
2,SLOG,1788521957293678.900	,0,NPU:2
2,SLOG,1788521957393665.400	,0,NPU:2
2,SLOG,1788521957493670.700	,0,NPU:2
2,SLOG,1788521957593669.370	,0,NPU:2
2,SLOG,1788521957693681.180	,0,NPU:2
2,SLOG,1788521957793669.280	,0,NPU:2
2,SLOG,1788521957893667.600	,0,NPU:2
2,SLOG,1788521957993664.330	,0,NPU:2
2,SLOG,1788521958093664.530	,0,NPU:2
2,SLOG,1788521958193664.090	,0,NPU:2
2,SLOG,1788521958293676.530	,0,NPU:2
2,SLOG,1788521958393683.270	,0,NPU:2
2,SLOG,1788521958493690.880	,0,NPU:2
2,SLOG,1788521958593674.040	,0,NPU:2
2,SLOG,1788521958693683.820	,0,NPU:2
2,SLOG,1788521958793687.320	,0,NPU:2
2,SLOG,1788521958893675.330	,0,NPU:2
2,SLOG,1788521958993662.280	,0,NPU:2
2,SLOG,1788521959093657.900	,0,NPU:2
2,SLOG,1788521959193640.610	,0,NPU:2
2,SLOG,1788521959293669.420	,0,NPU:2
2,SLOG,1788521959393659.330	,0,NPU:2
2,SLOG,1788521959493656.680	,0,NPU:2
2,SLOG,1788521959593664.410	,0,NPU:2
2,SLOG,1788521959693659.180	,0,NPU:2
2,SLOG,1788521959793659.090	,0,NPU:2
2,SLOG,1788521959893653.390	,0,NPU:2
2,SLOG,1788521959993636.630	,0,NPU:2
2,SLOG,1788521960093661.640	,0,NPU:2
2,SLOG,1788521960193659.550	,0,NPU:2
2,SLOG,1788521960293650.620	,0,NPU:2
2,SLOG,1788521960393656.970	,0,NPU:2
2,SLOG,1788521960493672.410	,0,NPU:2
2,SLOG,1788521960593660.010	,0,NPU:2
2,SLOG,1788521960693662.400	,0,NPU:2
2,SLOG,1788521960793664.020	,0,NPU:2
2,SLOG,1788521960893665.010	,0,NPU:2
2,SLOG,1788521960993655.530	,0,NPU:2
2,SLOG,1788521961093650.430	,0,NPU:2
2,SLOG,1788521961193659.590	,0,NPU:2
2,SLOG,1788521961293649.550	,0,NPU:2
2,SLOG,1788521961393660.560	,0,NPU:2
2,SLOG,1788521961493646.430	,0,NPU:2
2,SLOG,1788521961593653.540	,0,NPU:2
2,SLOG,1788521961693653.280	,0,NPU:2
2,SLOG,1788521961793655.640	,0,NPU:2
2,SLOG,1788521961893663.700	,0,NPU:2
2,SLOG,1788521961993679.720	,0,NPU:2
2,SLOG,1788521962093650.320	,0,NPU:2
2,SLOG,1788521962193649.320	,0,NPU:2
2,SLOG,1788521962293681.190	,0,NPU:2
2,SLOG,1788521962393648.310	,0,NPU:2
2,SLOG,1788521962493648.610	,0,NPU:2
2,SLOG,1788521962593658.720	,0,NPU:2
2,SLOG,1788521962693658.470	,0,NPU:2
2,SLOG,1788521962793647.510	,0,NPU:2
2,SLOG,1788521962893648.970	,0,NPU:2
2,SLOG,1788521962993649.820	,0,NPU:2
2,SLOG,1788521963093652.370	,0,NPU:2
2,SLOG,1788521963193660.920	,0,NPU:2
2,SLOG,1788521963293649.500	,0,NPU:2
2,SLOG,1788521963393652.840	,0,NPU:2
2,SLOG,1788521963493633.730	,0,NPU:2
2,SLOG,1788521963593627.750	,0,NPU:2
2,SLOG,1788521963693630.860	,0,NPU:2
2,SLOG,1788521963793626.500	,0,NPU:2
2,SLOG,1788521963893625.660	,0,NPU:2
2,SLOG,1788521963993619.870	,0,NPU:2
2,SLOG,1788521964093623.630	,0,NPU:2
2,SLOG,1788521964193621.680	,0,NPU:2
2,SLOG,1788521964293631.730	,0,NPU:2
2,SLOG,1788521964393624.810	,0,NPU:2
2,SLOG,1788521964493617.160	,0,NPU:2
2,SLOG,1788521964593612.810	,0,NPU:2
2,SLOG,1788521964693630.030	,0,NPU:2
2,SLOG,1788521964793640.010	,0,NPU:2
2,SLOG,1788521964893621.970	,0,NPU:2
2,SLOG,1788521964993624.260	,0,NPU:2
2,SLOG,1788521965093632.600	,0,NPU:2
2,SLOG,1788521965193623.140	,0,NPU:2
2,SLOG,1788521965293738.890	,0,NPU:2
2,SLOG,1788521965393669.470	,0,NPU:2
2,SLOG,1788521965493639.540	,0,NPU:2
2,SLOG,1788521965593628.350	,0,NPU:2
2,SLOG,1788521965693649.400	,0,NPU:2
2,SLOG,1788521965793641.400	,0,NPU:2
2,SLOG,1788521965893687.370	,0,NPU:2
2,SLOG,1788521965993646.290	,0,NPU:2
2,SLOG,1788521966093625.790	,0,NPU:2
2,SLOG,1788521966193628.540	,0,NPU:2
2,SLOG,1788521966293643.340	,0,NPU:2
2,SLOG,1788521966393613.490	,0,NPU:2
2,SLOG,1788521966493642.110	,0,NPU:2
2,SLOG,1788521966593639.740	,0,NPU:2
2,SLOG,1788521966693630.120	,0,NPU:2
2,SLOG,1788521966793623.110	,0,NPU:2
2,SLOG,1788521966893628.080	,0,NPU:2
2,SLOG,1788521966993649.050	,0,NPU:2
2,SLOG,1788521967093643.280	,0,NPU:2
2,SLOG,1788521967193636.760	,0,NPU:2
2,SLOG,1788521967293664.510	,0,NPU:2
2,SLOG,1788521967393646.400	,0,NPU:2
2,SLOG,1788521967493631.880	,0,NPU:2
2,SLOG,1788521967593619.300	,0,NPU:2
2,SLOG,1788521967693635.480	,0,NPU:2
2,SLOG,1788521967793629.620	,0,NPU:2
2,SLOG,1788521967893659.030	,0,NPU:2
2,SLOG,1788521967993639.300	,0,NPU:2
2,SLOG,1788521968093616.460	,0,NPU:2
2,SLOG,1788521968193600.750	,0,NPU:2
2,SLOG,1788521968293604.310	,0,NPU:2
2,SLOG,1788521968393642.290	,0,NPU:2
2,SLOG,1788521968493641.350	,0,NPU:2
2,SLOG,1788521968593635.460	,0,NPU:2
2,SLOG,1788521968693623.120	,0,NPU:2
2,SLOG,1788521968793603.210	,0,NPU:2
2,SLOG,1788521968893622.880	,0,NPU:2
2,SLOG,1788521968993646.280	,0,NPU:2
2,SLOG,1788521969093618.190	,0,NPU:2
2,SLOG,1788521969193625.210	,0,NPU:2
2,SLOG,1788521969293613.860	,0,NPU:2
2,SLOG,1788521969393631.150	,0,NPU:2
2,SLOG,1788521969493645.190	,0,NPU:2
2,SLOG,1788521969593630.620	,0,NPU:2
2,SLOG,1788521969693629.060	,0,NPU:2
2,SLOG,1788521969793629.990	,0,NPU:2
2,SLOG,1788521969893608.320	,0,NPU:2
2,SLOG,1788521969993610.590	,0,NPU:2
2,SLOG,1788521970093630.140	,0,NPU:2
2,SLOG,1788521970193626.490	,0,NPU:2
2,SLOG,1788521970293611.210	,0,NPU:2
2,SLOG,1788521970393601.790	,0,NPU:2
2,SLOG,1788521970493628.800	,0,NPU:2
2,SLOG,1788521970593625.850	,0,NPU:2
2,SLOG,1788521970693643.880	,0,NPU:2
2,SLOG,1788521970793609.650	,0,NPU:2
2,SLOG,1788521970893621.640	,0,NPU:2
2,SLOG,1788521970993613.030	,0,NPU:2
2,SLOG,1788521971093591.550	,0,NPU:2
2,SLOG,1788521971193601.230	,0,NPU:2
2,SLOG,1788521971293601.060	,0,NPU:2
2,SLOG,1788521971393594.380	,0,NPU:2
2,SLOG,1788521971493608.280	,0,NPU:2
2,SLOG,1788521971593612.580	,0,NPU:2
2,SLOG,1788521971693592.100	,0,NPU:2
2,SLOG,1788521971793598.990	,0,NPU:2
2,SLOG,1788521971893595.970	,0,NPU:2
2,SLOG,1788521971993592.820	,0,NPU:2
2,SLOG,1788521972093590.900	,0,NPU:2
2,SLOG,1788521972193595.900	,0,NPU:2
2,SLOG,1788521972293597.240	,0,NPU:2
2,SLOG,1788521972393636.480	,0,NPU:2
2,SLOG,1788521972493583.490	,0,NPU:2
2,SLOG,1788521972593645.590	,0,NPU:2
2,SLOG,1788521972693633.820	,0,NPU:2
2,SLOG,1788521972793603.790	,0,NPU:2
2,SLOG,1788521972893580.480	,0,NPU:2
2,SLOG,1788521972993578.140	,0,NPU:2
2,SLOG,1788521973093574.880	,0,NPU:2
2,SLOG,1788521973193573.610	,0,NPU:2
2,SLOG,1788521973293574.060	,0,NPU:2
2,SLOG,1788521973398586.880	,0,NPU:2
2,SLOG,1788521973493599.570	,0,NPU:2
2,SLOG,1788521973559819.670	,0,NPU:2
2,IDEDD,1788521953993841.910	,0,NPU:2
2,IDEDD,1788521954093690.790	,0,NPU:2
2,IDEDD,1788521954193665.180	,0,NPU:2
2,IDEDD,1788521954293650.080	,0,NPU:2
2,IDEDD,1788521954393654.040	,0,NPU:2
2,IDEDD,1788521954493648.730	,0,NPU:2
2,IDEDD,1788521954593645.540	,0,NPU:2
2,IDEDD,1788521954693640.150	,0,NPU:2
2,IDEDD,1788521954793649.950	,0,NPU:2
2,IDEDD,1788521954893661.680	,0,NPU:2
2,IDEDD,1788521954993678.410	,0,NPU:2
2,IDEDD,1788521955093652.720	,0,NPU:2
2,IDEDD,1788521955193653.270	,0,NPU:2
2,IDEDD,1788521955293648.860	,0,NPU:2
2,IDEDD,1788521955393649.220	,0,NPU:2
2,IDEDD,1788521955493655.280	,0,NPU:2
2,IDEDD,1788521955593651.590	,0,NPU:2
2,IDEDD,1788521955693640.580	,0,NPU:2
2,IDEDD,1788521955793638.250	,0,NPU:2
2,IDEDD,1788521955893682.250	,0,NPU:2
2,IDEDD,1788521955993682.480	,0,NPU:2
2,IDEDD,1788521956093711.640	,0,NPU:2
2,IDEDD,1788521956193672.410	,0,NPU:2
2,IDEDD,1788521956293669.740	,0,NPU:2
2,IDEDD,1788521956393666.240	,0,NPU:2
2,IDEDD,1788521956493676.590	,0,NPU:2
2,IDEDD,1788521956593710.650	,0,NPU:2
2,IDEDD,1788521956693695.830	,0,NPU:2
2,IDEDD,1788521956793695.140	,0,NPU:2
2,IDEDD,1788521956893673.320	,0,NPU:2
2,IDEDD,1788521956993679.850	,0,NPU:2
2,IDEDD,1788521957093679.860	,0,NPU:2
2,IDEDD,1788521957193708.460	,0,NPU:2
2,IDEDD,1788521957293678.900	,0,NPU:2
2,IDEDD,1788521957393665.400	,0,NPU:2
2,IDEDD,1788521957493670.700	,0,NPU:2
2,IDEDD,1788521957593669.370	,0,NPU:2
2,IDEDD,1788521957693681.180	,0,NPU:2
2,IDEDD,1788521957793669.280	,0,NPU:2
2,IDEDD,1788521957893667.600	,0,NPU:2
2,IDEDD,1788521957993664.330	,0,NPU:2
2,IDEDD,1788521958093664.530	,0,NPU:2
2,IDEDD,1788521958193664.090	,0,NPU:2
2,IDEDD,1788521958293676.530	,0,NPU:2
2,IDEDD,1788521958393683.270	,0,NPU:2
2,IDEDD,1788521958493690.880	,0,NPU:2
2,IDEDD,1788521958593674.040	,0,NPU:2
2,IDEDD,1788521958693683.820	,0,NPU:2
2,IDEDD,1788521958793687.320	,0,NPU:2
2,IDEDD,1788521958893675.330	,0,NPU:2
2,IDEDD,1788521958993662.280	,0,NPU:2
2,IDEDD,1788521959093657.900	,0,NPU:2
2,IDEDD,1788521959193640.610	,0,NPU:2
2,IDEDD,1788521959293669.420	,0,NPU:2
2,IDEDD,1788521959393659.330	,0,NPU:2
2,IDEDD,1788521959493656.680	,0,NPU:2
2,IDEDD,1788521959593664.410	,0,NPU:2
2,IDEDD,1788521959693659.180	,0,NPU:2
2,IDEDD,1788521959793659.090	,0,NPU:2
2,IDEDD,1788521959893653.390	,0,NPU:2
2,IDEDD,1788521959993636.630	,0,NPU:2
2,IDEDD,1788521960093661.640	,0,NPU:2
2,IDEDD,1788521960193659.550	,0,NPU:2
2,IDEDD,1788521960293650.620	,0,NPU:2
2,IDEDD,1788521960393656.970	,0,NPU:2
2,IDEDD,1788521960493672.410	,0,NPU:2
2,IDEDD,1788521960593660.010	,0,NPU:2
2,IDEDD,1788521960693662.400	,0,NPU:2
2,IDEDD,1788521960793664.020	,0,NPU:2
2,IDEDD,1788521960893665.010	,0,NPU:2
2,IDEDD,1788521960993655.530	,0,NPU:2
2,IDEDD,1788521961093650.430	,0,NPU:2
2,IDEDD,1788521961193659.590	,0,NPU:2
2,IDEDD,1788521961293649.550	,0,NPU:2
2,IDEDD,1788521961393660.560	,0,NPU:2
2,IDEDD,1788521961493646.430	,0,NPU:2
2,IDEDD,1788521961593653.540	,0,NPU:2
2,IDEDD,1788521961693653.280	,0,NPU:2
2,IDEDD,1788521961793655.640	,0,NPU:2
2,IDEDD,1788521961893663.700	,0,NPU:2
2,IDEDD,1788521961993679.720	,0,NPU:2
2,IDEDD,1788521962093650.320	,0,NPU:2
2,IDEDD,1788521962193649.320	,0,NPU:2
2,IDEDD,1788521962293681.190	,0,NPU:2
2,IDEDD,1788521962393648.310	,0,NPU:2
2,IDEDD,1788521962493648.610	,0,NPU:2
2,IDEDD,1788521962593658.720	,0,NPU:2
2,IDEDD,1788521962693658.470	,0,NPU:2
2,IDEDD,1788521962793647.510	,0,NPU:2
2,IDEDD,1788521962893648.970	,0,NPU:2
2,IDEDD,1788521962993649.820	,0,NPU:2
2,IDEDD,1788521963093652.370	,0,NPU:2
2,IDEDD,1788521963193660.920	,0,NPU:2
2,IDEDD,1788521963293649.500	,0,NPU:2
2,IDEDD,1788521963393652.840	,0,NPU:2
2,IDEDD,1788521963493633.730	,0,NPU:2
2,IDEDD,1788521963593627.750	,0,NPU:2
2,IDEDD,1788521963693630.860	,0,NPU:2
2,IDEDD,1788521963793626.500	,0,NPU:2
2,IDEDD,1788521963893625.660	,0,NPU:2
2,IDEDD,1788521963993619.870	,0,NPU:2
2,IDEDD,1788521964093623.630	,0,NPU:2
2,IDEDD,1788521964193621.680	,0,NPU:2
2,IDEDD,1788521964293631.730	,0,NPU:2
2,IDEDD,1788521964393624.810	,0,NPU:2
2,IDEDD,1788521964493617.160	,0,NPU:2
2,IDEDD,1788521964593612.810	,0,NPU:2
2,IDEDD,1788521964693630.030	,0,NPU:2
2,IDEDD,1788521964793640.010	,0,NPU:2
2,IDEDD,1788521964893621.970	,0,NPU:2
2,IDEDD,1788521964993624.260	,0,NPU:2
2,IDEDD,1788521965093632.600	,0,NPU:2
2,IDEDD,1788521965193623.140	,0,NPU:2
2,IDEDD,1788521965293738.890	,0,NPU:2
2,IDEDD,1788521965393669.470	,0,NPU:2
2,IDEDD,1788521965493639.540	,0,NPU:2
2,IDEDD,1788521965593628.350	,0,NPU:2
2,IDEDD,1788521965693649.400	,0,NPU:2
2,IDEDD,1788521965793641.400	,0,NPU:2
2,IDEDD,1788521965893687.370	,0,NPU:2
2,IDEDD,1788521965993646.290	,0,NPU:2
2,IDEDD,1788521966093625.790	,0,NPU:2
2,IDEDD,1788521966193628.540	,0,NPU:2
2,IDEDD,1788521966293643.340	,0,NPU:2
2,IDEDD,1788521966393613.490	,0,NPU:2
2,IDEDD,1788521966493642.110	,0,NPU:2
2,IDEDD,1788521966593639.740	,0,NPU:2
2,IDEDD,1788521966693630.120	,0,NPU:2
2,IDEDD,1788521966793623.110	,0,NPU:2
2,IDEDD,1788521966893628.080	,0,NPU:2
2,IDEDD,1788521966993649.050	,0,NPU:2
2,IDEDD,1788521967093643.280	,0,NPU:2
2,IDEDD,1788521967193636.760	,0,NPU:2
2,IDEDD,1788521967293664.510	,0,NPU:2
2,IDEDD,1788521967393646.400	,0,NPU:2
2,IDEDD,1788521967493631.880	,0,NPU:2
2,IDEDD,1788521967593619.300	,0,NPU:2
2,IDEDD,1788521967693635.480	,0,NPU:2
2,IDEDD,1788521967793629.620	,0,NPU:2
2,IDEDD,1788521967893659.030	,0,NPU:2
2,IDEDD,1788521967993639.300	,0,NPU:2
2,IDEDD,1788521968093616.460	,0,NPU:2
2,IDEDD,1788521968193600.750	,0,NPU:2
2,IDEDD,1788521968293604.310	,0,NPU:2
2,IDEDD,1788521968393642.290	,0,NPU:2
2,IDEDD,1788521968493641.350	,0,NPU:2
2,IDEDD,1788521968593635.460	,0,NPU:2
2,IDEDD,1788521968693623.120	,0,NPU:2
2,IDEDD,1788521968793603.210	,0,NPU:2
2,IDEDD,1788521968893622.880	,0,NPU:2
2,IDEDD,1788521968993646.280	,0,NPU:2
2,IDEDD,1788521969093618.190	,0,NPU:2
2,IDEDD,1788521969193625.210	,0,NPU:2
2,IDEDD,1788521969293613.860	,0,NPU:2
2,IDEDD,1788521969393631.150	,0,NPU:2
2,IDEDD,1788521969493645.190	,0,NPU:2
2,IDEDD,1788521969593630.620	,0,NPU:2
2,IDEDD,1788521969693629.060	,0,NPU:2
2,IDEDD,1788521969793629.990	,0,NPU:2
2,IDEDD,1788521969893608.320	,0,NPU:2
2,IDEDD,1788521969993610.590	,0,NPU:2
2,IDEDD,1788521970093630.140	,0,NPU:2
2,IDEDD,1788521970193626.490	,0,NPU:2
2,IDEDD,1788521970293611.210	,0,NPU:2
2,IDEDD,1788521970393601.790	,0,NPU:2
2,IDEDD,1788521970493628.800	,0,NPU:2
2,IDEDD,1788521970593625.850	,0,NPU:2
2,IDEDD,1788521970693643.880	,0,NPU:2
2,IDEDD,1788521970793609.650	,0,NPU:2
2,IDEDD,1788521970893621.640	,0,NPU:2
2,IDEDD,1788521970993613.030	,0,NPU:2
2,IDEDD,1788521971093591.550	,0,NPU:2
2,IDEDD,1788521971193601.230	,0,NPU:2
2,IDEDD,1788521971293601.060	,0,NPU:2
2,IDEDD,1788521971393594.380	,0,NPU:2
2,IDEDD,1788521971493608.280	,0,NPU:2
2,IDEDD,1788521971593612.580	,0,NPU:2
2,IDEDD,1788521971693592.100	,0,NPU:2
2,IDEDD,1788521971793598.990	,0,NPU:2
2,IDEDD,1788521971893595.970	,0,NPU:2
2,IDEDD,1788521971993592.820	,0,NPU:2
2,IDEDD,1788521972093590.900	,0,NPU:2
2,IDEDD,1788521972193595.900	,0,NPU:2
2,IDEDD,1788521972293597.240	,0,NPU:2
2,IDEDD,1788521972393636.480	,0,NPU:2
2,IDEDD,1788521972493583.490	,0,NPU:2
2,IDEDD,1788521972593645.590	,0,NPU:2
2,IDEDD,1788521972693633.820	,0,NPU:2
2,IDEDD,1788521972793603.790	,0,NPU:2
2,IDEDD,1788521972893580.480	,0,NPU:2
2,IDEDD,1788521972993578.140	,0,NPU:2
2,IDEDD,1788521973093574.880	,0,NPU:2
2,IDEDD,1788521973193573.610	,0,NPU:2
2,IDEDD,1788521973293574.060	,0,NPU:2
2,IDEDD,1788521973398586.880	,0,NPU:2
2,IDEDD,1788521973493599.570	,0,NPU:2
2,IDEDD,1788521973559819.670	,0,NPU:2
2,IDEDH,1788521953993841.910	,0,NPU:2
2,IDEDH,1788521954093690.790	,0,NPU:2
2,IDEDH,1788521954193665.180	,0,NPU:2
2,IDEDH,1788521954293650.080	,0,NPU:2
2,IDEDH,1788521954393654.040	,0,NPU:2
2,IDEDH,1788521954493648.730	,0,NPU:2
2,IDEDH,1788521954593645.540	,0,NPU:2
2,IDEDH,1788521954693640.150	,0,NPU:2
2,IDEDH,1788521954793649.950	,0,NPU:2
2,IDEDH,1788521954893661.680	,0,NPU:2
2,IDEDH,1788521954993678.410	,0,NPU:2
2,IDEDH,1788521955093652.720	,0,NPU:2
2,IDEDH,1788521955193653.270	,0,NPU:2
2,IDEDH,1788521955293648.860	,0,NPU:2
2,IDEDH,1788521955393649.220	,0,NPU:2
2,IDEDH,1788521955493655.280	,0,NPU:2
2,IDEDH,1788521955593651.590	,0,NPU:2
2,IDEDH,1788521955693640.580	,0,NPU:2
2,IDEDH,1788521955793638.250	,0,NPU:2
2,IDEDH,1788521955893682.250	,0,NPU:2
2,IDEDH,1788521955993682.480	,0,NPU:2
2,IDEDH,1788521956093711.640	,0,NPU:2
2,IDEDH,1788521956193672.410	,0,NPU:2
2,IDEDH,1788521956293669.740	,0,NPU:2
2,IDEDH,1788521956393666.240	,0,NPU:2
2,IDEDH,1788521956493676.590	,0,NPU:2
2,IDEDH,1788521956593710.650	,0,NPU:2
2,IDEDH,1788521956693695.830	,0,NPU:2
2,IDEDH,1788521956793695.140	,0,NPU:2
2,IDEDH,1788521956893673.320	,0,NPU:2
2,IDEDH,1788521956993679.850	,0,NPU:2
2,IDEDH,1788521957093679.860	,0,NPU:2
2,IDEDH,1788521957193708.460	,0,NPU:2
2,IDEDH,1788521957293678.900	,0,NPU:2
2,IDEDH,1788521957393665.400	,0,NPU:2
2,IDEDH,1788521957493670.700	,0,NPU:2
2,IDEDH,1788521957593669.370	,0,NPU:2
2,IDEDH,1788521957693681.180	,0,NPU:2
2,IDEDH,1788521957793669.280	,0,NPU:2
2,IDEDH,1788521957893667.600	,0,NPU:2
2,IDEDH,1788521957993664.330	,0,NPU:2
2,IDEDH,1788521958093664.530	,0,NPU:2
2,IDEDH,1788521958193664.090	,0,NPU:2
2,IDEDH,1788521958293676.530	,0,NPU:2
2,IDEDH,1788521958393683.270	,0,NPU:2
2,IDEDH,1788521958493690.880	,0,NPU:2
2,IDEDH,1788521958593674.040	,0,NPU:2
2,IDEDH,1788521958693683.820	,0,NPU:2
2,IDEDH,1788521958793687.320	,0,NPU:2
2,IDEDH,1788521958893675.330	,0,NPU:2
2,IDEDH,1788521958993662.280	,0,NPU:2
2,IDEDH,1788521959093657.900	,0,NPU:2
2,IDEDH,1788521959193640.610	,0,NPU:2
2,IDEDH,1788521959293669.420	,0,NPU:2
2,IDEDH,1788521959393659.330	,0,NPU:2
2,IDEDH,1788521959493656.680	,0,NPU:2
2,IDEDH,1788521959593664.410	,0,NPU:2
2,IDEDH,1788521959693659.180	,0,NPU:2
2,IDEDH,1788521959793659.090	,0,NPU:2
2,IDEDH,1788521959893653.390	,0,NPU:2
2,IDEDH,1788521959993636.630	,0,NPU:2
2,IDEDH,1788521960093661.640	,0,NPU:2
2,IDEDH,1788521960193659.550	,0,NPU:2
2,IDEDH,1788521960293650.620	,0,NPU:2
2,IDEDH,1788521960393656.970	,0,NPU:2
2,IDEDH,1788521960493672.410	,0,NPU:2
2,IDEDH,1788521960593660.010	,0,NPU:2
2,IDEDH,1788521960693662.400	,0,NPU:2
2,IDEDH,1788521960793664.020	,0,NPU:2
2,IDEDH,1788521960893665.010	,0,NPU:2
2,IDEDH,1788521960993655.530	,0,NPU:2
2,IDEDH,1788521961093650.430	,0,NPU:2
2,IDEDH,1788521961193659.590	,0,NPU:2
2,IDEDH,1788521961293649.550	,0,NPU:2
2,IDEDH,1788521961393660.560	,0,NPU:2
2,IDEDH,1788521961493646.430	,0,NPU:2
2,IDEDH,1788521961593653.540	,0,NPU:2
2,IDEDH,1788521961693653.280	,0,NPU:2
2,IDEDH,1788521961793655.640	,0,NPU:2
2,IDEDH,1788521961893663.700	,0,NPU:2
2,IDEDH,1788521961993679.720	,0,NPU:2
2,IDEDH,1788521962093650.320	,0,NPU:2
2,IDEDH,1788521962193649.320	,0,NPU:2
2,IDEDH,1788521962293681.190	,0,NPU:2
2,IDEDH,1788521962393648.310	,0,NPU:2
2,IDEDH,1788521962493648.610	,0,NPU:2
2,IDEDH,1788521962593658.720	,0,NPU:2
2,IDEDH,1788521962693658.470	,0,NPU:2
2,IDEDH,1788521962793647.510	,0,NPU:2
2,IDEDH,1788521962893648.970	,0,NPU:2
2,IDEDH,1788521962993649.820	,0,NPU:2
2,IDEDH,1788521963093652.370	,0,NPU:2
2,IDEDH,1788521963193660.920	,0,NPU:2
2,IDEDH,1788521963293649.500	,0,NPU:2
2,IDEDH,1788521963393652.840	,0,NPU:2
2,IDEDH,1788521963493633.730	,0,NPU:2
2,IDEDH,1788521963593627.750	,0,NPU:2
2,IDEDH,1788521963693630.860	,0,NPU:2
2,IDEDH,1788521963793626.500	,0,NPU:2
2,IDEDH,1788521963893625.660	,0,NPU:2
2,IDEDH,1788521963993619.870	,0,NPU:2
2,IDEDH,1788521964093623.630	,0,NPU:2
2,IDEDH,1788521964193621.680	,0,NPU:2
2,IDEDH,1788521964293631.730	,0,NPU:2
2,IDEDH,1788521964393624.810	,0,NPU:2
2,IDEDH,1788521964493617.160	,0,NPU:2
2,IDEDH,1788521964593612.810	,0,NPU:2
2,IDEDH,1788521964693630.030	,0,NPU:2
2,IDEDH,1788521964793640.010	,0,NPU:2
2,IDEDH,1788521964893621.970	,0,NPU:2
2,IDEDH,1788521964993624.260	,0,NPU:2
2,IDEDH,1788521965093632.600	,0,NPU:2
2,IDEDH,1788521965193623.140	,0,NPU:2
2,IDEDH,1788521965293738.890	,0,NPU:2
2,IDEDH,1788521965393669.470	,0,NPU:2
2,IDEDH,1788521965493639.540	,0,NPU:2
2,IDEDH,1788521965593628.350	,0,NPU:2
2,IDEDH,1788521965693649.400	,0,NPU:2
2,IDEDH,1788521965793641.400	,0,NPU:2
2,IDEDH,1788521965893687.370	,0,NPU:2
2,IDEDH,1788521965993646.290	,0,NPU:2
2,IDEDH,1788521966093625.790	,0,NPU:2
2,IDEDH,1788521966193628.540	,0,NPU:2
2,IDEDH,1788521966293643.340	,0,NPU:2
2,IDEDH,1788521966393613.490	,0,NPU:2
2,IDEDH,1788521966493642.110	,0,NPU:2
2,IDEDH,1788521966593639.740	,0,NPU:2
2,IDEDH,1788521966693630.120	,0,NPU:2
2,IDEDH,1788521966793623.110	,0,NPU:2
2,IDEDH,1788521966893628.080	,0,NPU:2
2,IDEDH,1788521966993649.050	,0,NPU:2
2,IDEDH,1788521967093643.280	,0,NPU:2
2,IDEDH,1788521967193636.760	,0,NPU:2
2,IDEDH,1788521967293664.510	,0,NPU:2
2,IDEDH,1788521967393646.400	,0,NPU:2
2,IDEDH,1788521967493631.880	,0,NPU:2
2,IDEDH,1788521967593619.300	,0,NPU:2
2,IDEDH,1788521967693635.480	,0,NPU:2
2,IDEDH,1788521967793629.620	,0,NPU:2
2,IDEDH,1788521967893659.030	,0,NPU:2
2,IDEDH,1788521967993639.300	,0,NPU:2
2,IDEDH,1788521968093616.460	,0,NPU:2
2,IDEDH,1788521968193600.750	,0,NPU:2
2,IDEDH,1788521968293604.310	,0,NPU:2
2,IDEDH,1788521968393642.290	,0,NPU:2
2,IDEDH,1788521968493641.350	,0,NPU:2
2,IDEDH,1788521968593635.460	,0,NPU:2
2,IDEDH,1788521968693623.120	,0,NPU:2
2,IDEDH,1788521968793603.210	,0,NPU:2
2,IDEDH,1788521968893622.880	,0,NPU:2
2,IDEDH,1788521968993646.280	,0,NPU:2
2,IDEDH,1788521969093618.190	,0,NPU:2
2,IDEDH,1788521969193625.210	,0,NPU:2
2,IDEDH,1788521969293613.860	,0,NPU:2
2,IDEDH,1788521969393631.150	,0,NPU:2
2,IDEDH,1788521969493645.190	,0,NPU:2
2,IDEDH,1788521969593630.620	,0,NPU:2
2,IDEDH,1788521969693629.060	,0,NPU:2
2,IDEDH,1788521969793629.990	,0,NPU:2
2,IDEDH,1788521969893608.320	,0,NPU:2
2,IDEDH,1788521969993610.590	,0,NPU:2
2,IDEDH,1788521970093630.140	,0,NPU:2
2,IDEDH,1788521970193626.490	,0,NPU:2
2,IDEDH,1788521970293611.210	,0,NPU:2
2,IDEDH,1788521970393601.790	,0,NPU:2
2,IDEDH,1788521970493628.800	,0,NPU:2
2,IDEDH,1788521970593625.850	,0,NPU:2
2,IDEDH,1788521970693643.880	,0,NPU:2
2,IDEDH,1788521970793609.650	,0,NPU:2
2,IDEDH,1788521970893621.640	,0,NPU:2
2,IDEDH,1788521970993613.030	,0,NPU:2
2,IDEDH,1788521971093591.550	,0,NPU:2
2,IDEDH,1788521971193601.230	,0,NPU:2
2,IDEDH,1788521971293601.060	,0,NPU:2
2,IDEDH,1788521971393594.380	,0,NPU:2
2,IDEDH,1788521971493608.280	,0,NPU:2
2,IDEDH,1788521971593612.580	,0,NPU:2
2,IDEDH,1788521971693592.100	,0,NPU:2
2,IDEDH,1788521971793598.990	,0,NPU:2
2,IDEDH,1788521971893595.970	,0,NPU:2
2,IDEDH,1788521971993592.820	,0,NPU:2
2,IDEDH,1788521972093590.900	,0,NPU:2
2,IDEDH,1788521972193595.900	,0,NPU:2
2,IDEDH,1788521972293597.240	,0,NPU:2
2,IDEDH,1788521972393636.480	,0,NPU:2
2,IDEDH,1788521972493583.490	,0,NPU:2
2,IDEDH,1788521972593645.590	,0,NPU:2
2,IDEDH,1788521972693633.820	,0,NPU:2
2,IDEDH,1788521972793603.790	,0,NPU:2
2,IDEDH,1788521972893580.480	,0,NPU:2
2,IDEDH,1788521972993578.140	,0,NPU:2
2,IDEDH,1788521973093574.880	,0,NPU:2
2,IDEDH,1788521973193573.610	,0,NPU:2
2,IDEDH,1788521973293574.060	,0,NPU:2
2,IDEDH,1788521973398586.880	,0,NPU:2
2,IDEDH,1788521973493599.570	,0,NPU:2
2,IDEDH,1788521973559819.670	,0,NPU:2
2,HCCL,1788521953993841.910	,0,NPU:2
2,HCCL,1788521954093690.790	,0,NPU:2
2,HCCL,1788521954193665.180	,0,NPU:2
2,HCCL,1788521954293650.080	,0,NPU:2
2,HCCL,1788521954393654.040	,0,NPU:2
2,HCCL,1788521954493648.730	,0,NPU:2
2,HCCL,1788521954593645.540	,0,NPU:2
2,HCCL,1788521954693640.150	,0,NPU:2
2,HCCL,1788521954793649.950	,0,NPU:2
2,HCCL,1788521954893661.680	,0,NPU:2
2,HCCL,1788521954993678.410	,0,NPU:2
2,HCCL,1788521955093652.720	,0,NPU:2
2,HCCL,1788521955193653.270	,0,NPU:2
2,HCCL,1788521955293648.860	,0,NPU:2
2,HCCL,1788521955393649.220	,0,NPU:2
2,HCCL,1788521955493655.280	,0,NPU:2
2,HCCL,1788521955593651.590	,0,NPU:2
2,HCCL,1788521955693640.580	,0,NPU:2
2,HCCL,1788521955793638.250	,0,NPU:2
2,HCCL,1788521955893682.250	,0,NPU:2
2,HCCL,1788521955993682.480	,0,NPU:2
2,HCCL,1788521956093711.640	,0,NPU:2
2,HCCL,1788521956193672.410	,0,NPU:2
2,HCCL,1788521956293669.740	,0,NPU:2
2,HCCL,1788521956393666.240	,0,NPU:2
2,HCCL,1788521956493676.590	,0,NPU:2
2,HCCL,1788521956593710.650	,0,NPU:2
2,HCCL,1788521956693695.830	,0,NPU:2
2,HCCL,1788521956793695.140	,0,NPU:2
2,HCCL,1788521956893673.320	,0,NPU:2
2,HCCL,1788521956993679.850	,0,NPU:2
2,HCCL,1788521957093679.860	,0,NPU:2
2,HCCL,1788521957193708.460	,0,NPU:2
2,HCCL,1788521957293678.900	,0,NPU:2
2,HCCL,1788521957393665.400	,0,NPU:2
2,HCCL,1788521957493670.700	,0,NPU:2
2,HCCL,1788521957593669.370	,0,NPU:2
2,HCCL,1788521957693681.180	,0,NPU:2
2,HCCL,1788521957793669.280	,0,NPU:2
2,HCCL,1788521957893667.600	,0,NPU:2
2,HCCL,1788521957993664.330	,0,NPU:2
2,HCCL,1788521958093664.530	,0,NPU:2
2,HCCL,1788521958193664.090	,0,NPU:2
2,HCCL,1788521958293676.530	,0,NPU:2
2,HCCL,1788521958393683.270	,0,NPU:2
2,HCCL,1788521958493690.880	,0,NPU:2
2,HCCL,1788521958593674.040	,0,NPU:2
2,HCCL,1788521958693683.820	,0,NPU:2
2,HCCL,1788521958793687.320	,0,NPU:2
2,HCCL,1788521958893675.330	,0,NPU:2
2,HCCL,1788521958993662.280	,0,NPU:2
2,HCCL,1788521959093657.900	,0,NPU:2
2,HCCL,1788521959193640.610	,0,NPU:2
2,HCCL,1788521959293669.420	,0,NPU:2
2,HCCL,1788521959393659.330	,0,NPU:2
2,HCCL,1788521959493656.680	,0,NPU:2
2,HCCL,1788521959593664.410	,0,NPU:2
2,HCCL,1788521959693659.180	,0,NPU:2
2,HCCL,1788521959793659.090	,0,NPU:2
2,HCCL,1788521959893653.390	,0,NPU:2
2,HCCL,1788521959993636.630	,0,NPU:2
2,HCCL,1788521960093661.640	,0,NPU:2
2,HCCL,1788521960193659.550	,0,NPU:2
2,HCCL,1788521960293650.620	,0,NPU:2
2,HCCL,1788521960393656.970	,0,NPU:2
2,HCCL,1788521960493672.410	,0,NPU:2
2,HCCL,1788521960593660.010	,0,NPU:2
2,HCCL,1788521960693662.400	,0,NPU:2
2,HCCL,1788521960793664.020	,0,NPU:2
2,HCCL,1788521960893665.010	,0,NPU:2
2,HCCL,1788521960993655.530	,0,NPU:2
2,HCCL,1788521961093650.430	,0,NPU:2
2,HCCL,1788521961193659.590	,0,NPU:2
2,HCCL,1788521961293649.550	,0,NPU:2
2,HCCL,1788521961393660.560	,0,NPU:2
2,HCCL,1788521961493646.430	,0,NPU:2
2,HCCL,1788521961593653.540	,0,NPU:2
2,HCCL,1788521961693653.280	,0,NPU:2
2,HCCL,1788521961793655.640	,0,NPU:2
2,HCCL,1788521961893663.700	,0,NPU:2
2,HCCL,1788521961993679.720	,0,NPU:2
2,HCCL,1788521962093650.320	,0,NPU:2
2,HCCL,1788521962193649.320	,0,NPU:2
2,HCCL,1788521962293681.190	,0,NPU:2
2,HCCL,1788521962393648.310	,0,NPU:2
2,HCCL,1788521962493648.610	,0,NPU:2
2,HCCL,1788521962593658.720	,0,NPU:2
2,HCCL,1788521962693658.470	,0,NPU:2
2,HCCL,1788521962793647.510	,0,NPU:2
2,HCCL,1788521962893648.970	,0,NPU:2
2,HCCL,1788521962993649.820	,0,NPU:2
2,HCCL,1788521963093652.370	,0,NPU:2
2,HCCL,1788521963193660.920	,0,NPU:2
2,HCCL,1788521963293649.500	,0,NPU:2
2,HCCL,1788521963393652.840	,0,NPU:2
2,HCCL,1788521963493633.730	,0,NPU:2
2,HCCL,1788521963593627.750	,0,NPU:2
2,HCCL,1788521963693630.860	,0,NPU:2
2,HCCL,1788521963793626.500	,0,NPU:2
2,HCCL,1788521963893625.660	,0,NPU:2
2,HCCL,1788521963993619.870	,0,NPU:2
2,HCCL,1788521964093623.630	,0,NPU:2
2,HCCL,1788521964193621.680	,0,NPU:2
2,HCCL,1788521964293631.730	,0,NPU:2
2,HCCL,1788521964393624.810	,0,NPU:2
2,HCCL,1788521964493617.160	,0,NPU:2
2,HCCL,1788521964593612.810	,0,NPU:2
2,HCCL,1788521964693630.030	,0,NPU:2
2,HCCL,1788521964793640.010	,0,NPU:2
2,HCCL,1788521964893621.970	,0,NPU:2
2,HCCL,1788521964993624.260	,0,NPU:2
2,HCCL,1788521965093632.600	,0,NPU:2
2,HCCL,1788521965193623.140	,0,NPU:2
2,HCCL,1788521965293738.890	,0,NPU:2
2,HCCL,1788521965393669.470	,0,NPU:2
2,HCCL,1788521965493639.540	,0,NPU:2
2,HCCL,1788521965593628.350	,0,NPU:2
2,HCCL,1788521965693649.400	,0,NPU:2
2,HCCL,1788521965793641.400	,0,NPU:2
2,HCCL,1788521965893687.370	,0,NPU:2
2,HCCL,1788521965993646.290	,0,NPU:2
2,HCCL,1788521966093625.790	,0,NPU:2
2,HCCL,1788521966193628.540	,0,NPU:2
2,HCCL,1788521966293643.340	,0,NPU:2
2,HCCL,1788521966393613.490	,0,NPU:2
2,HCCL,1788521966493642.110	,0,NPU:2
2,HCCL,1788521966593639.740	,0,NPU:2
2,HCCL,1788521966693630.120	,0,NPU:2
2,HCCL,1788521966793623.110	,0,NPU:2
2,HCCL,1788521966893628.080	,0,NPU:2
2,HCCL,1788521966993649.050	,0,NPU:2
2,HCCL,1788521967093643.280	,0,NPU:2
2,HCCL,1788521967193636.760	,0,NPU:2
2,HCCL,1788521967293664.510	,0,NPU:2
2,HCCL,1788521967393646.400	,0,NPU:2
2,HCCL,1788521967493631.880	,0,NPU:2
2,HCCL,1788521967593619.300	,0,NPU:2
2,HCCL,1788521967693635.480	,0,NPU:2
2,HCCL,1788521967793629.620	,0,NPU:2
2,HCCL,1788521967893659.030	,0,NPU:2
2,HCCL,1788521967993639.300	,0,NPU:2
2,HCCL,1788521968093616.460	,0,NPU:2
2,HCCL,1788521968193600.750	,0,NPU:2
2,HCCL,1788521968293604.310	,0,NPU:2
2,HCCL,1788521968393642.290	,0,NPU:2
2,HCCL,1788521968493641.350	,0,NPU:2
2,HCCL,1788521968593635.460	,0,NPU:2
2,HCCL,1788521968693623.120	,0,NPU:2
2,HCCL,1788521968793603.210	,0,NPU:2
2,HCCL,1788521968893622.880	,0,NPU:2
2,HCCL,1788521968993646.280	,0,NPU:2
2,HCCL,1788521969093618.190	,0,NPU:2
2,HCCL,1788521969193625.210	,0,NPU:2
2,HCCL,1788521969293613.860	,0,NPU:2
2,HCCL,1788521969393631.150	,0,NPU:2
2,HCCL,1788521969493645.190	,0,NPU:2
2,HCCL,1788521969593630.620	,0,NPU:2
2,HCCL,1788521969693629.060	,0,NPU:2
2,HCCL,1788521969793629.990	,0,NPU:2
2,HCCL,1788521969893608.320	,0,NPU:2
2,HCCL,1788521969993610.590	,0,NPU:2
2,HCCL,1788521970093630.140	,0,NPU:2
2,HCCL,1788521970193626.490	,0,NPU:2
2,HCCL,1788521970293611.210	,0,NPU:2
2,HCCL,1788521970393601.790	,0,NPU:2
2,HCCL,1788521970493628.800	,0,NPU:2
2,HCCL,1788521970593625.850	,0,NPU:2
2,HCCL,1788521970693643.880	,0,NPU:2
2,HCCL,1788521970793609.650	,0,NPU:2
2,HCCL,1788521970893621.640	,0,NPU:2
2,HCCL,1788521970993613.030	,0,NPU:2
2,HCCL,1788521971093591.550	,0,NPU:2
2,HCCL,1788521971193601.230	,0,NPU:2
2,HCCL,1788521971293601.060	,0,NPU:2
2,HCCL,1788521971393594.380	,0,NPU:2
2,HCCL,1788521971493608.280	,0,NPU:2
2,HCCL,1788521971593612.580	,0,NPU:2
2,HCCL,1788521971693592.100	,0,NPU:2
2,HCCL,1788521971793598.990	,0,NPU:2
2,HCCL,1788521971893595.970	,0,NPU:2
2,HCCL,1788521971993592.820	,0,NPU:2
2,HCCL,1788521972093590.900	,0,NPU:2
2,HCCL,1788521972193595.900	,0,NPU:2
2,HCCL,1788521972293597.240	,0,NPU:2
2,HCCL,1788521972393636.480	,0,NPU:2
2,HCCL,1788521972493583.490	,0,NPU:2
2,HCCL,1788521972593645.590	,0,NPU:2
2,HCCL,1788521972693633.820	,0,NPU:2
2,HCCL,1788521972793603.790	,0,NPU:2
2,HCCL,1788521972893580.480	,0,NPU:2
2,HCCL,1788521972993578.140	,0,NPU:2
2,HCCL,1788521973093574.880	,0,NPU:2
2,HCCL,1788521973193573.610	,0,NPU:2
2,HCCL,1788521973293574.060	,0,NPU:2
2,HCCL,1788521973398586.880	,0,NPU:2
2,HCCL,1788521973493599.570	,0,NPU:2
2,HCCL,1788521973559819.670	,0,NPU:2
2,FMK,1788521953993841.910	,0,NPU:2
2,FMK,1788521954093690.790	,0,NPU:2
2,FMK,1788521954193665.180	,0,NPU:2
2,FMK,1788521954293650.080	,0,NPU:2
2,FMK,1788521954393654.040	,0,NPU:2
2,FMK,1788521954493648.730	,0,NPU:2
2,FMK,1788521954593645.540	,0,NPU:2
2,FMK,1788521954693640.150	,0,NPU:2
2,FMK,1788521954793649.950	,0,NPU:2
2,FMK,1788521954893661.680	,0,NPU:2
2,FMK,1788521954993678.410	,0,NPU:2
2,FMK,1788521955093652.720	,0,NPU:2
2,FMK,1788521955193653.270	,0,NPU:2
2,FMK,1788521955293648.860	,0,NPU:2
2,FMK,1788521955393649.220	,0,NPU:2
2,FMK,1788521955493655.280	,0,NPU:2
2,FMK,1788521955593651.590	,0,NPU:2
2,FMK,1788521955693640.580	,0,NPU:2
2,FMK,1788521955793638.250	,0,NPU:2
2,FMK,1788521955893682.250	,0,NPU:2
2,FMK,1788521955993682.480	,0,NPU:2
2,FMK,1788521956093711.640	,0,NPU:2
2,FMK,1788521956193672.410	,0,NPU:2
2,FMK,1788521956293669.740	,0,NPU:2
2,FMK,1788521956393666.240	,0,NPU:2
2,FMK,1788521956493676.590	,0,NPU:2
2,FMK,1788521956593710.650	,0,NPU:2
2,FMK,1788521956693695.830	,0,NPU:2
2,FMK,1788521956793695.140	,0,NPU:2
2,FMK,1788521956893673.320	,0,NPU:2
2,FMK,1788521956993679.850	,0,NPU:2
2,FMK,1788521957093679.860	,0,NPU:2
2,FMK,1788521957193708.460	,0,NPU:2
2,FMK,1788521957293678.900	,0,NPU:2
2,FMK,1788521957393665.400	,0,NPU:2
2,FMK,1788521957493670.700	,0,NPU:2
2,FMK,1788521957593669.370	,0,NPU:2
2,FMK,1788521957693681.180	,0,NPU:2
2,FMK,1788521957793669.280	,0,NPU:2
2,FMK,1788521957893667.600	,0,NPU:2
2,FMK,1788521957993664.330	,0,NPU:2
2,FMK,1788521958093664.530	,0,NPU:2
2,FMK,1788521958193664.090	,0,NPU:2
2,FMK,1788521958293676.530	,0,NPU:2
2,FMK,1788521958393683.270	,0,NPU:2
2,FMK,1788521958493690.880	,0,NPU:2
2,FMK,1788521958593674.040	,0,NPU:2
2,FMK,1788521958693683.820	,0,NPU:2
2,FMK,1788521958793687.320	,0,NPU:2
2,FMK,1788521958893675.330	,0,NPU:2
2,FMK,1788521958993662.280	,0,NPU:2
2,FMK,1788521959093657.900	,0,NPU:2
2,FMK,1788521959193640.610	,0,NPU:2
2,FMK,1788521959293669.420	,0,NPU:2
2,FMK,1788521959393659.330	,0,NPU:2
2,FMK,1788521959493656.680	,0,NPU:2
2,FMK,1788521959593664.410	,0,NPU:2
2,FMK,1788521959693659.180	,0,NPU:2
2,FMK,1788521959793659.090	,0,NPU:2
2,FMK,1788521959893653.390	,0,NPU:2
2,FMK,1788521959993636.630	,0,NPU:2
2,FMK,1788521960093661.640	,0,NPU:2
2,FMK,1788521960193659.550	,0,NPU:2
2,FMK,1788521960293650.620	,0,NPU:2
2,FMK,1788521960393656.970	,0,NPU:2
2,FMK,1788521960493672.410	,0,NPU:2
2,FMK,1788521960593660.010	,0,NPU:2
2,FMK,1788521960693662.400	,0,NPU:2
2,FMK,1788521960793664.020	,0,NPU:2
2,FMK,1788521960893665.010	,0,NPU:2
2,FMK,1788521960993655.530	,0,NPU:2
2,FMK,1788521961093650.430	,0,NPU:2
2,FMK,1788521961193659.590	,0,NPU:2
2,FMK,1788521961293649.550	,0,NPU:2
2,FMK,1788521961393660.560	,0,NPU:2
2,FMK,1788521961493646.430	,0,NPU:2
2,FMK,1788521961593653.540	,0,NPU:2
2,FMK,1788521961693653.280	,0,NPU:2
2,FMK,1788521961793655.640	,0,NPU:2
2,FMK,1788521961893663.700	,0,NPU:2
2,FMK,1788521961993679.720	,0,NPU:2
2,FMK,1788521962093650.320	,0,NPU:2
2,FMK,1788521962193649.320	,0,NPU:2
2,FMK,1788521962293681.190	,0,NPU:2
2,FMK,1788521962393648.310	,0,NPU:2
2,FMK,1788521962493648.610	,0,NPU:2
2,FMK,1788521962593658.720	,0,NPU:2
2,FMK,1788521962693658.470	,0,NPU:2
2,FMK,1788521962793647.510	,0,NPU:2
2,FMK,1788521962893648.970	,0,NPU:2
2,FMK,1788521962993649.820	,0,NPU:2
2,FMK,1788521963093652.370	,0,NPU:2
2,FMK,1788521963193660.920	,0,NPU:2
2,FMK,1788521963293649.500	,0,NPU:2
2,FMK,1788521963393652.840	,0,NPU:2
2,FMK,1788521963493633.730	,0,NPU:2
2,FMK,1788521963593627.750	,0,NPU:2
2,FMK,1788521963693630.860	,0,NPU:2
2,FMK,1788521963793626.500	,0,NPU:2
2,FMK,1788521963893625.660	,0,NPU:2
2,FMK,1788521963993619.870	,0,NPU:2
2,FMK,1788521964093623.630	,0,NPU:2
2,FMK,1788521964193621.680	,0,NPU:2
2,FMK,1788521964293631.730	,0,NPU:2
2,FMK,1788521964393624.810	,0,NPU:2
2,FMK,1788521964493617.160	,0,NPU:2
2,FMK,1788521964593612.810	,0,NPU:2
2,FMK,1788521964693630.030	,0,NPU:2
2,FMK,1788521964793640.010	,0,NPU:2
2,FMK,1788521964893621.970	,0,NPU:2
2,FMK,1788521964993624.260	,0,NPU:2
2,FMK,1788521965093632.600	,0,NPU:2
2,FMK,1788521965193623.140	,0,NPU:2
2,FMK,1788521965293738.890	,0,NPU:2
2,FMK,1788521965393669.470	,0,NPU:2
2,FMK,1788521965493639.540	,0,NPU:2
2,FMK,1788521965593628.350	,0,NPU:2
2,FMK,1788521965693649.400	,0,NPU:2
2,FMK,1788521965793641.400	,0,NPU:2
2,FMK,1788521965893687.370	,0,NPU:2
2,FMK,1788521965993646.290	,0,NPU:2
2,FMK,1788521966093625.790	,0,NPU:2
2,FMK,1788521966193628.540	,0,NPU:2
2,FMK,1788521966293643.340	,0,NPU:2
2,FMK,1788521966393613.490	,0,NPU:2
2,FMK,1788521966493642.110	,0,NPU:2
2,FMK,1788521966593639.740	,0,NPU:2
2,FMK,1788521966693630.120	,0,NPU:2
2,FMK,1788521966793623.110	,0,NPU:2
2,FMK,1788521966893628.080	,0,NPU:2
2,FMK,1788521966993649.050	,0,NPU:2
2,FMK,1788521967093643.280	,0,NPU:2
2,FMK,1788521967193636.760	,0,NPU:2
2,FMK,1788521967293664.510	,0,NPU:2
2,FMK,1788521967393646.400	,0,NPU:2
2,FMK,1788521967493631.880	,0,NPU:2
2,FMK,1788521967593619.300	,0,NPU:2
2,FMK,1788521967693635.480	,0,NPU:2
2,FMK,1788521967793629.620	,0,NPU:2
2,FMK,1788521967893659.030	,0,NPU:2
2,FMK,1788521967993639.300	,0,NPU:2
2,FMK,1788521968093616.460	,0,NPU:2
2,FMK,1788521968193600.750	,0,NPU:2
2,FMK,1788521968293604.310	,0,NPU:2
2,FMK,1788521968393642.290	,0,NPU:2
2,FMK,1788521968493641.350	,0,NPU:2
2,FMK,1788521968593635.460	,0,NPU:2
2,FMK,1788521968693623.120	,0,NPU:2
2,FMK,1788521968793603.210	,0,NPU:2
2,FMK,1788521968893622.880	,0,NPU:2
2,FMK,1788521968993646.280	,0,NPU:2
2,FMK,1788521969093618.190	,0,NPU:2
2,FMK,1788521969193625.210	,0,NPU:2
2,FMK,1788521969293613.860	,0,NPU:2
2,FMK,1788521969393631.150	,0,NPU:2
2,FMK,1788521969493645.190	,0,NPU:2
2,FMK,1788521969593630.620	,0,NPU:2
2,FMK,1788521969693629.060	,0,NPU:2
2,FMK,1788521969793629.990	,0,NPU:2
2,FMK,1788521969893608.320	,0,NPU:2
2,FMK,1788521969993610.590	,0,NPU:2
2,FMK,1788521970093630.140	,0,NPU:2
2,FMK,1788521970193626.490	,0,NPU:2
2,FMK,1788521970293611.210	,0,NPU:2
2,FMK,1788521970393601.790	,0,NPU:2
2,FMK,1788521970493628.800	,0,NPU:2
2,FMK,1788521970593625.850	,0,NPU:2
2,FMK,1788521970693643.880	,0,NPU:2
2,FMK,1788521970793609.650	,0,NPU:2
2,FMK,1788521970893621.640	,0,NPU:2
2,FMK,1788521970993613.030	,0,NPU:2
2,FMK,1788521971093591.550	,0,NPU:2
2,FMK,1788521971193601.230	,0,NPU:2
2,FMK,1788521971293601.060	,0,NPU:2
2,FMK,1788521971393594.380	,0,NPU:2
2,FMK,1788521971493608.280	,0,NPU:2
2,FMK,1788521971593612.580	,0,NPU:2
2,FMK,1788521971693592.100	,0,NPU:2
2,FMK,1788521971793598.990	,0,NPU:2
2,FMK,1788521971893595.970	,0,NPU:2
2,FMK,1788521971993592.820	,0,NPU:2
2,FMK,1788521972093590.900	,0,NPU:2
2,FMK,1788521972193595.900	,0,NPU:2
2,FMK,1788521972293597.240	,0,NPU:2
2,FMK,1788521972393636.480	,0,NPU:2
2,FMK,1788521972493583.490	,0,NPU:2
2,FMK,1788521972593645.590	,0,NPU:2
2,FMK,1788521972693633.820	,0,NPU:2
2,FMK,1788521972793603.790	,0,NPU:2
2,FMK,1788521972893580.480	,0,NPU:2
2,FMK,1788521972993578.140	,0,NPU:2
2,FMK,1788521973093574.880	,0,NPU:2
2,FMK,1788521973193573.610	,0,NPU:2
2,FMK,1788521973293574.060	,0,NPU:2
2,FMK,1788521973398586.880	,0,NPU:2
2,FMK,1788521973493599.570	,0,NPU:2
2,FMK,1788521973559819.670	,0,NPU:2
2,HIAIENGINE,1788521953993841.910	,0,NPU:2
2,HIAIENGINE,1788521954093690.790	,0,NPU:2
2,HIAIENGINE,1788521954193665.180	,0,NPU:2
2,HIAIENGINE,1788521954293650.080	,0,NPU:2
2,HIAIENGINE,1788521954393654.040	,0,NPU:2
2,HIAIENGINE,1788521954493648.730	,0,NPU:2
2,HIAIENGINE,1788521954593645.540	,0,NPU:2
2,HIAIENGINE,1788521954693640.150	,0,NPU:2
2,HIAIENGINE,1788521954793649.950	,0,NPU:2
2,HIAIENGINE,1788521954893661.680	,0,NPU:2
2,HIAIENGINE,1788521954993678.410	,0,NPU:2
2,HIAIENGINE,1788521955093652.720	,0,NPU:2
2,HIAIENGINE,1788521955193653.270	,0,NPU:2
2,HIAIENGINE,1788521955293648.860	,0,NPU:2
2,HIAIENGINE,1788521955393649.220	,0,NPU:2
2,HIAIENGINE,1788521955493655.280	,0,NPU:2
2,HIAIENGINE,1788521955593651.590	,0,NPU:2
2,HIAIENGINE,1788521955693640.580	,0,NPU:2
2,HIAIENGINE,1788521955793638.250	,0,NPU:2
2,HIAIENGINE,1788521955893682.250	,0,NPU:2
2,HIAIENGINE,1788521955993682.480	,0,NPU:2
2,HIAIENGINE,1788521956093711.640	,0,NPU:2
2,HIAIENGINE,1788521956193672.410	,0,NPU:2
2,HIAIENGINE,1788521956293669.740	,0,NPU:2
2,HIAIENGINE,1788521956393666.240	,0,NPU:2
2,HIAIENGINE,1788521956493676.590	,0,NPU:2
2,HIAIENGINE,1788521956593710.650	,0,NPU:2
2,HIAIENGINE,1788521956693695.830	,0,NPU:2
2,HIAIENGINE,1788521956793695.140	,0,NPU:2
2,HIAIENGINE,1788521956893673.320	,0,NPU:2
2,HIAIENGINE,1788521956993679.850	,0,NPU:2
2,HIAIENGINE,1788521957093679.860	,0,NPU:2
2,HIAIENGINE,1788521957193708.460	,0,NPU:2
2,HIAIENGINE,1788521957293678.900	,0,NPU:2
2,HIAIENGINE,1788521957393665.400	,0,NPU:2
2,HIAIENGINE,1788521957493670.700	,0,NPU:2
2,HIAIENGINE,1788521957593669.370	,0,NPU:2
2,HIAIENGINE,1788521957693681.180	,0,NPU:2
2,HIAIENGINE,1788521957793669.280	,0,NPU:2
2,HIAIENGINE,1788521957893667.600	,0,NPU:2
2,HIAIENGINE,1788521957993664.330	,0,NPU:2
2,HIAIENGINE,1788521958093664.530	,0,NPU:2
2,HIAIENGINE,1788521958193664.090	,0,NPU:2
2,HIAIENGINE,1788521958293676.530	,0,NPU:2
2,HIAIENGINE,1788521958393683.270	,0,NPU:2
2,HIAIENGINE,1788521958493690.880	,0,NPU:2
2,HIAIENGINE,1788521958593674.040	,0,NPU:2
2,HIAIENGINE,1788521958693683.820	,0,NPU:2
2,HIAIENGINE,1788521958793687.320	,0,NPU:2
2,HIAIENGINE,1788521958893675.330	,0,NPU:2
2,HIAIENGINE,1788521958993662.280	,0,NPU:2
2,HIAIENGINE,1788521959093657.900	,0,NPU:2
2,HIAIENGINE,1788521959193640.610	,0,NPU:2
2,HIAIENGINE,1788521959293669.420	,0,NPU:2
2,HIAIENGINE,1788521959393659.330	,0,NPU:2
2,HIAIENGINE,1788521959493656.680	,0,NPU:2
2,HIAIENGINE,1788521959593664.410	,0,NPU:2
2,HIAIENGINE,1788521959693659.180	,0,NPU:2
2,HIAIENGINE,1788521959793659.090	,0,NPU:2
2,HIAIENGINE,1788521959893653.390	,0,NPU:2
2,HIAIENGINE,1788521959993636.630	,0,NPU:2
2,HIAIENGINE,1788521960093661.640	,0,NPU:2
2,HIAIENGINE,1788521960193659.550	,0,NPU:2
2,HIAIENGINE,1788521960293650.620	,0,NPU:2
2,HIAIENGINE,1788521960393656.970	,0,NPU:2
2,HIAIENGINE,1788521960493672.410	,0,NPU:2
2,HIAIENGINE,1788521960593660.010	,0,NPU:2
2,HIAIENGINE,1788521960693662.400	,0,NPU:2
2,HIAIENGINE,1788521960793664.020	,0,NPU:2
2,HIAIENGINE,1788521960893665.010	,0,NPU:2
2,HIAIENGINE,1788521960993655.530	,0,NPU:2
2,HIAIENGINE,1788521961093650.430	,0,NPU:2
2,HIAIENGINE,1788521961193659.590	,0,NPU:2
2,HIAIENGINE,1788521961293649.550	,0,NPU:2
2,HIAIENGINE,1788521961393660.560	,0,NPU:2
2,HIAIENGINE,1788521961493646.430	,0,NPU:2
2,HIAIENGINE,1788521961593653.540	,0,NPU:2
2,HIAIENGINE,1788521961693653.280	,0,NPU:2
2,HIAIENGINE,1788521961793655.640	,0,NPU:2
2,HIAIENGINE,1788521961893663.700	,0,NPU:2
2,HIAIENGINE,1788521961993679.720	,0,NPU:2
2,HIAIENGINE,1788521962093650.320	,0,NPU:2
2,HIAIENGINE,1788521962193649.320	,0,NPU:2
2,HIAIENGINE,1788521962293681.190	,0,NPU:2
2,HIAIENGINE,1788521962393648.310	,0,NPU:2
2,HIAIENGINE,1788521962493648.610	,0,NPU:2
2,HIAIENGINE,1788521962593658.720	,0,NPU:2
2,HIAIENGINE,1788521962693658.470	,0,NPU:2
2,HIAIENGINE,1788521962793647.510	,0,NPU:2
2,HIAIENGINE,1788521962893648.970	,0,NPU:2
2,HIAIENGINE,1788521962993649.820	,0,NPU:2
2,HIAIENGINE,1788521963093652.370	,0,NPU:2
2,HIAIENGINE,1788521963193660.920	,0,NPU:2
2,HIAIENGINE,1788521963293649.500	,0,NPU:2
2,HIAIENGINE,1788521963393652.840	,0,NPU:2
2,HIAIENGINE,1788521963493633.730	,0,NPU:2
2,HIAIENGINE,1788521963593627.750	,0,NPU:2
2,HIAIENGINE,1788521963693630.860	,0,NPU:2
2,HIAIENGINE,1788521963793626.500	,0,NPU:2
2,HIAIENGINE,1788521963893625.660	,0,NPU:2
2,HIAIENGINE,1788521963993619.870	,0,NPU:2
2,HIAIENGINE,1788521964093623.630	,0,NPU:2
2,HIAIENGINE,1788521964193621.680	,0,NPU:2
2,HIAIENGINE,1788521964293631.730	,0,NPU:2
2,HIAIENGINE,1788521964393624.810	,0,NPU:2
2,HIAIENGINE,1788521964493617.160	,0,NPU:2
2,HIAIENGINE,1788521964593612.810	,0,NPU:2
2,HIAIENGINE,1788521964693630.030	,0,NPU:2
2,HIAIENGINE,1788521964793640.010	,0,NPU:2
2,HIAIENGINE,1788521964893621.970	,0,NPU:2
2,HIAIENGINE,1788521964993624.260	,0,NPU:2
2,HIAIENGINE,1788521965093632.600	,0,NPU:2
2,HIAIENGINE,1788521965193623.140	,0,NPU:2
2,HIAIENGINE,1788521965293738.890	,0,NPU:2
2,HIAIENGINE,1788521965393669.470	,0,NPU:2
2,HIAIENGINE,1788521965493639.540	,0,NPU:2
2,HIAIENGINE,1788521965593628.350	,0,NPU:2
2,HIAIENGINE,1788521965693649.400	,0,NPU:2
2,HIAIENGINE,1788521965793641.400	,0,NPU:2
2,HIAIENGINE,1788521965893687.370	,0,NPU:2
2,HIAIENGINE,1788521965993646.290	,0,NPU:2
2,HIAIENGINE,1788521966093625.790	,0,NPU:2
2,HIAIENGINE,1788521966193628.540	,0,NPU:2
2,HIAIENGINE,1788521966293643.340	,0,NPU:2
2,HIAIENGINE,1788521966393613.490	,0,NPU:2
2,HIAIENGINE,1788521966493642.110	,0,NPU:2
2,HIAIENGINE,1788521966593639.740	,0,NPU:2
2,HIAIENGINE,1788521966693630.120	,0,NPU:2
2,HIAIENGINE,1788521966793623.110	,0,NPU:2
2,HIAIENGINE,1788521966893628.080	,0,NPU:2
2,HIAIENGINE,1788521966993649.050	,0,NPU:2
2,HIAIENGINE,1788521967093643.280	,0,NPU:2
2,HIAIENGINE,1788521967193636.760	,0,NPU:2
2,HIAIENGINE,1788521967293664.510	,0,NPU:2
2,HIAIENGINE,1788521967393646.400	,0,NPU:2
2,HIAIENGINE,1788521967493631.880	,0,NPU:2
2,HIAIENGINE,1788521967593619.300	,0,NPU:2
2,HIAIENGINE,1788521967693635.480	,0,NPU:2
2,HIAIENGINE,1788521967793629.620	,0,NPU:2
2,HIAIENGINE,1788521967893659.030	,0,NPU:2
2,HIAIENGINE,1788521967993639.300	,0,NPU:2
2,HIAIENGINE,1788521968093616.460	,0,NPU:2
2,HIAIENGINE,1788521968193600.750	,0,NPU:2
2,HIAIENGINE,1788521968293604.310	,0,NPU:2
2,HIAIENGINE,1788521968393642.290	,0,NPU:2
2,HIAIENGINE,1788521968493641.350	,0,NPU:2
2,HIAIENGINE,1788521968593635.460	,0,NPU:2
2,HIAIENGINE,1788521968693623.120	,0,NPU:2
2,HIAIENGINE,1788521968793603.210	,0,NPU:2
2,HIAIENGINE,1788521968893622.880	,0,NPU:2
2,HIAIENGINE,1788521968993646.280	,0,NPU:2
2,HIAIENGINE,1788521969093618.190	,0,NPU:2
2,HIAIENGINE,1788521969193625.210	,0,NPU:2
2,HIAIENGINE,1788521969293613.860	,0,NPU:2
2,HIAIENGINE,1788521969393631.150	,0,NPU:2
2,HIAIENGINE,1788521969493645.190	,0,NPU:2
2,HIAIENGINE,1788521969593630.620	,0,NPU:2
2,HIAIENGINE,1788521969693629.060	,0,NPU:2
2,HIAIENGINE,1788521969793629.990	,0,NPU:2
2,HIAIENGINE,1788521969893608.320	,0,NPU:2
2,HIAIENGINE,1788521969993610.590	,0,NPU:2
2,HIAIENGINE,1788521970093630.140	,0,NPU:2
2,HIAIENGINE,1788521970193626.490	,0,NPU:2
2,HIAIENGINE,1788521970293611.210	,0,NPU:2
2,HIAIENGINE,1788521970393601.790	,0,NPU:2
2,HIAIENGINE,1788521970493628.800	,0,NPU:2
2,HIAIENGINE,1788521970593625.850	,0,NPU:2
2,HIAIENGINE,1788521970693643.880	,0,NPU:2
2,HIAIENGINE,1788521970793609.650	,0,NPU:2
2,HIAIENGINE,1788521970893621.640	,0,NPU:2
2,HIAIENGINE,1788521970993613.030	,0,NPU:2
2,HIAIENGINE,1788521971093591.550	,0,NPU:2
2,HIAIENGINE,1788521971193601.230	,0,NPU:2
2,HIAIENGINE,1788521971293601.060	,0,NPU:2
2,HIAIENGINE,1788521971393594.380	,0,NPU:2
2,HIAIENGINE,1788521971493608.280	,0,NPU:2
2,HIAIENGINE,1788521971593612.580	,0,NPU:2
2,HIAIENGINE,1788521971693592.100	,0,NPU:2
2,HIAIENGINE,1788521971793598.990	,0,NPU:2
2,HIAIENGINE,1788521971893595.970	,0,NPU:2
2,HIAIENGINE,1788521971993592.820	,0,NPU:2
2,HIAIENGINE,1788521972093590.900	,0,NPU:2
2,HIAIENGINE,1788521972193595.900	,0,NPU:2
2,HIAIENGINE,1788521972293597.240	,0,NPU:2
2,HIAIENGINE,1788521972393636.480	,0,NPU:2
2,HIAIENGINE,1788521972493583.490	,0,NPU:2
2,HIAIENGINE,1788521972593645.590	,0,NPU:2
2,HIAIENGINE,1788521972693633.820	,0,NPU:2
2,HIAIENGINE,1788521972793603.790	,0,NPU:2
2,HIAIENGINE,1788521972893580.480	,0,NPU:2
2,HIAIENGINE,1788521972993578.140	,0,NPU:2
2,HIAIENGINE,1788521973093574.880	,0,NPU:2
2,HIAIENGINE,1788521973193573.610	,0,NPU:2
2,HIAIENGINE,1788521973293574.060	,0,NPU:2
2,HIAIENGINE,1788521973398586.880	,0,NPU:2
2,HIAIENGINE,1788521973493599.570	,0,NPU:2
2,HIAIENGINE,1788521973559819.670	,0,NPU:2
2,DVPP,1788521953993841.910	,0,NPU:2
2,DVPP,1788521954093690.790	,0,NPU:2
2,DVPP,1788521954193665.180	,0,NPU:2
2,DVPP,1788521954293650.080	,0,NPU:2
2,DVPP,1788521954393654.040	,0,NPU:2
2,DVPP,1788521954493648.730	,0,NPU:2
2,DVPP,1788521954593645.540	,0,NPU:2
2,DVPP,1788521954693640.150	,0,NPU:2
2,DVPP,1788521954793649.950	,0,NPU:2
2,DVPP,1788521954893661.680	,0,NPU:2
2,DVPP,1788521954993678.410	,0,NPU:2
2,DVPP,1788521955093652.720	,0,NPU:2
2,DVPP,1788521955193653.270	,0,NPU:2
2,DVPP,1788521955293648.860	,0,NPU:2
2,DVPP,1788521955393649.220	,0,NPU:2
2,DVPP,1788521955493655.280	,0,NPU:2
2,DVPP,1788521955593651.590	,0,NPU:2
2,DVPP,1788521955693640.580	,0,NPU:2
2,DVPP,1788521955793638.250	,0,NPU:2
2,DVPP,1788521955893682.250	,0,NPU:2
2,DVPP,1788521955993682.480	,0,NPU:2
2,DVPP,1788521956093711.640	,0,NPU:2
2,DVPP,1788521956193672.410	,0,NPU:2
2,DVPP,1788521956293669.740	,0,NPU:2
2,DVPP,1788521956393666.240	,0,NPU:2
2,DVPP,1788521956493676.590	,0,NPU:2
2,DVPP,1788521956593710.650	,0,NPU:2
2,DVPP,1788521956693695.830	,0,NPU:2
2,DVPP,1788521956793695.140	,0,NPU:2
2,DVPP,1788521956893673.320	,0,NPU:2
2,DVPP,1788521956993679.850	,0,NPU:2
2,DVPP,1788521957093679.860	,0,NPU:2
2,DVPP,1788521957193708.460	,0,NPU:2
2,DVPP,1788521957293678.900	,0,NPU:2
2,DVPP,1788521957393665.400	,0,NPU:2
2,DVPP,1788521957493670.700	,0,NPU:2
2,DVPP,1788521957593669.370	,0,NPU:2
2,DVPP,1788521957693681.180	,0,NPU:2
2,DVPP,1788521957793669.280	,0,NPU:2
2,DVPP,1788521957893667.600	,0,NPU:2
2,DVPP,1788521957993664.330	,0,NPU:2
2,DVPP,1788521958093664.530	,0,NPU:2
2,DVPP,1788521958193664.090	,0,NPU:2
2,DVPP,1788521958293676.530	,0,NPU:2
2,DVPP,1788521958393683.270	,0,NPU:2
2,DVPP,1788521958493690.880	,0,NPU:2
2,DVPP,1788521958593674.040	,0,NPU:2
2,DVPP,1788521958693683.820	,0,NPU:2
2,DVPP,1788521958793687.320	,0,NPU:2
2,DVPP,1788521958893675.330	,0,NPU:2
2,DVPP,1788521958993662.280	,0,NPU:2
2,DVPP,1788521959093657.900	,0,NPU:2
2,DVPP,1788521959193640.610	,0,NPU:2
2,DVPP,1788521959293669.420	,0,NPU:2
2,DVPP,1788521959393659.330	,0,NPU:2
2,DVPP,1788521959493656.680	,0,NPU:2
2,DVPP,1788521959593664.410	,0,NPU:2
2,DVPP,1788521959693659.180	,0,NPU:2
2,DVPP,1788521959793659.090	,0,NPU:2
2,DVPP,1788521959893653.390	,0,NPU:2
2,DVPP,1788521959993636.630	,0,NPU:2
2,DVPP,1788521960093661.640	,0,NPU:2
2,DVPP,1788521960193659.550	,0,NPU:2
2,DVPP,1788521960293650.620	,0,NPU:2
2,DVPP,1788521960393656.970	,0,NPU:2
2,DVPP,1788521960493672.410	,0,NPU:2
2,DVPP,1788521960593660.010	,0,NPU:2
2,DVPP,1788521960693662.400	,0,NPU:2
2,DVPP,1788521960793664.020	,0,NPU:2
2,DVPP,1788521960893665.010	,0,NPU:2
2,DVPP,1788521960993655.530	,0,NPU:2
2,DVPP,1788521961093650.430	,0,NPU:2
2,DVPP,1788521961193659.590	,0,NPU:2
2,DVPP,1788521961293649.550	,0,NPU:2
2,DVPP,1788521961393660.560	,0,NPU:2
2,DVPP,1788521961493646.430	,0,NPU:2
2,DVPP,1788521961593653.540	,0,NPU:2
2,DVPP,1788521961693653.280	,0,NPU:2
2,DVPP,1788521961793655.640	,0,NPU:2
2,DVPP,1788521961893663.700	,0,NPU:2
2,DVPP,1788521961993679.720	,0,NPU:2
2,DVPP,1788521962093650.320	,0,NPU:2
2,DVPP,1788521962193649.320	,0,NPU:2
2,DVPP,1788521962293681.190	,0,NPU:2
2,DVPP,1788521962393648.310	,0,NPU:2
2,DVPP,1788521962493648.610	,0,NPU:2
2,DVPP,1788521962593658.720	,0,NPU:2
2,DVPP,1788521962693658.470	,0,NPU:2
2,DVPP,1788521962793647.510	,0,NPU:2
2,DVPP,1788521962893648.970	,0,NPU:2
2,DVPP,1788521962993649.820	,0,NPU:2
2,DVPP,1788521963093652.370	,0,NPU:2
2,DVPP,1788521963193660.920	,0,NPU:2
2,DVPP,1788521963293649.500	,0,NPU:2
2,DVPP,1788521963393652.840	,0,NPU:2
2,DVPP,1788521963493633.730	,0,NPU:2
2,DVPP,1788521963593627.750	,0,NPU:2
2,DVPP,1788521963693630.860	,0,NPU:2
2,DVPP,1788521963793626.500	,0,NPU:2
2,DVPP,1788521963893625.660	,0,NPU:2
2,DVPP,1788521963993619.870	,0,NPU:2
2,DVPP,1788521964093623.630	,0,NPU:2
2,DVPP,1788521964193621.680	,0,NPU:2
2,DVPP,1788521964293631.730	,0,NPU:2
2,DVPP,1788521964393624.810	,0,NPU:2
2,DVPP,1788521964493617.160	,0,NPU:2
2,DVPP,1788521964593612.810	,0,NPU:2
2,DVPP,1788521964693630.030	,0,NPU:2
2,DVPP,1788521964793640.010	,0,NPU:2
2,DVPP,1788521964893621.970	,0,NPU:2
2,DVPP,1788521964993624.260	,0,NPU:2
2,DVPP,1788521965093632.600	,0,NPU:2
2,DVPP,1788521965193623.140	,0,NPU:2
2,DVPP,1788521965293738.890	,0,NPU:2
2,DVPP,1788521965393669.470	,0,NPU:2
2,DVPP,1788521965493639.540	,0,NPU:2
2,DVPP,1788521965593628.350	,0,NPU:2
2,DVPP,1788521965693649.400	,0,NPU:2
2,DVPP,1788521965793641.400	,0,NPU:2
2,DVPP,1788521965893687.370	,0,NPU:2
2,DVPP,1788521965993646.290	,0,NPU:2
2,DVPP,1788521966093625.790	,0,NPU:2
2,DVPP,1788521966193628.540	,0,NPU:2
2,DVPP,1788521966293643.340	,0,NPU:2
2,DVPP,1788521966393613.490	,0,NPU:2
2,DVPP,1788521966493642.110	,0,NPU:2
2,DVPP,1788521966593639.740	,0,NPU:2
2,DVPP,1788521966693630.120	,0,NPU:2
2,DVPP,1788521966793623.110	,0,NPU:2
2,DVPP,1788521966893628.080	,0,NPU:2
2,DVPP,1788521966993649.050	,0,NPU:2
2,DVPP,1788521967093643.280	,0,NPU:2
2,DVPP,1788521967193636.760	,0,NPU:2
2,DVPP,1788521967293664.510	,0,NPU:2
2,DVPP,1788521967393646.400	,0,NPU:2
2,DVPP,1788521967493631.880	,0,NPU:2
2,DVPP,1788521967593619.300	,0,NPU:2
2,DVPP,1788521967693635.480	,0,NPU:2
2,DVPP,1788521967793629.620	,0,NPU:2
2,DVPP,1788521967893659.030	,0,NPU:2
2,DVPP,1788521967993639.300	,0,NPU:2
2,DVPP,1788521968093616.460	,0,NPU:2
2,DVPP,1788521968193600.750	,0,NPU:2
2,DVPP,1788521968293604.310	,0,NPU:2
2,DVPP,1788521968393642.290	,0,NPU:2
2,DVPP,1788521968493641.350	,0,NPU:2
2,DVPP,1788521968593635.460	,0,NPU:2
2,DVPP,1788521968693623.120	,0,NPU:2
2,DVPP,1788521968793603.210	,0,NPU:2
2,DVPP,1788521968893622.880	,0,NPU:2
2,DVPP,1788521968993646.280	,0,NPU:2
2,DVPP,1788521969093618.190	,0,NPU:2
2,DVPP,1788521969193625.210	,0,NPU:2
2,DVPP,1788521969293613.860	,0,NPU:2
2,DVPP,1788521969393631.150	,0,NPU:2
2,DVPP,1788521969493645.190	,0,NPU:2
2,DVPP,1788521969593630.620	,0,NPU:2
2,DVPP,1788521969693629.060	,0,NPU:2
2,DVPP,1788521969793629.990	,0,NPU:2
2,DVPP,1788521969893608.320	,0,NPU:2
2,DVPP,1788521969993610.590	,0,NPU:2
2,DVPP,1788521970093630.140	,0,NPU:2
2,DVPP,1788521970193626.490	,0,NPU:2
2,DVPP,1788521970293611.210	,0,NPU:2
2,DVPP,1788521970393601.790	,0,NPU:2
2,DVPP,1788521970493628.800	,0,NPU:2
2,DVPP,1788521970593625.850	,0,NPU:2
2,DVPP,1788521970693643.880	,0,NPU:2
2,DVPP,1788521970793609.650	,0,NPU:2
2,DVPP,1788521970893621.640	,0,NPU:2
2,DVPP,1788521970993613.030	,0,NPU:2
2,DVPP,1788521971093591.550	,0,NPU:2
2,DVPP,1788521971193601.230	,0,NPU:2
2,DVPP,1788521971293601.060	,0,NPU:2
2,DVPP,1788521971393594.380	,0,NPU:2
2,DVPP,1788521971493608.280	,0,NPU:2
2,DVPP,1788521971593612.580	,0,NPU:2
2,DVPP,1788521971693592.100	,0,NPU:2
2,DVPP,1788521971793598.990	,0,NPU:2
2,DVPP,1788521971893595.970	,0,NPU:2
2,DVPP,1788521971993592.820	,0,NPU:2
2,DVPP,1788521972093590.900	,0,NPU:2
2,DVPP,1788521972193595.900	,0,NPU:2
2,DVPP,1788521972293597.240	,0,NPU:2
2,DVPP,1788521972393636.480	,0,NPU:2
2,DVPP,1788521972493583.490	,0,NPU:2
2,DVPP,1788521972593645.590	,0,NPU:2
2,DVPP,1788521972693633.820	,0,NPU:2
2,DVPP,1788521972793603.790	,0,NPU:2
2,DVPP,1788521972893580.480	,0,NPU:2
2,DVPP,1788521972993578.140	,0,NPU:2
2,DVPP,1788521973093574.880	,0,NPU:2
2,DVPP,1788521973193573.610	,0,NPU:2
2,DVPP,1788521973293574.060	,0,NPU:2
2,DVPP,1788521973398586.880	,0,NPU:2
2,DVPP,1788521973493599.570	,0,NPU:2
2,DVPP,1788521973559819.670	,0,NPU:2
2,RUNTIME,1788521953993841.910	,80916.0,NPU:2
2,RUNTIME,1788521954093690.790	,80916.0,NPU:2
2,RUNTIME,1788521954193665.180	,80916.0,NPU:2
2,RUNTIME,1788521954293650.080	,80916.0,NPU:2
2,RUNTIME,1788521954393654.040	,80916.0,NPU:2
2,RUNTIME,1788521954493648.730	,80916.0,NPU:2
2,RUNTIME,1788521954593645.540	,80916.0,NPU:2
2,RUNTIME,1788521954693640.150	,80916.0,NPU:2
2,RUNTIME,1788521954793649.950	,80916.0,NPU:2
2,RUNTIME,1788521954893661.680	,80916.0,NPU:2
2,RUNTIME,1788521954993678.410	,80916.0,NPU:2
2,RUNTIME,1788521955093652.720	,80916.0,NPU:2
2,RUNTIME,1788521955193653.270	,80916.0,NPU:2
2,RUNTIME,1788521955293648.860	,80916.0,NPU:2
2,RUNTIME,1788521955393649.220	,80916.0,NPU:2
2,RUNTIME,1788521955493655.280	,80916.0,NPU:2
2,RUNTIME,1788521955593651.590	,80916.0,NPU:2
2,RUNTIME,1788521955693640.580	,80916.0,NPU:2
2,RUNTIME,1788521955793638.250	,80916.0,NPU:2
2,RUNTIME,1788521955893682.250	,80916.0,NPU:2
2,RUNTIME,1788521955993682.480	,80916.0,NPU:2
2,RUNTIME,1788521956093711.640	,80916.0,NPU:2
2,RUNTIME,1788521956193672.410	,80916.0,NPU:2
2,RUNTIME,1788521956293669.740	,80916.0,NPU:2
2,RUNTIME,1788521956393666.240	,80916.0,NPU:2
2,RUNTIME,1788521956493676.590	,80916.0,NPU:2
2,RUNTIME,1788521956593710.650	,80916.0,NPU:2
2,RUNTIME,1788521956693695.830	,80916.0,NPU:2
2,RUNTIME,1788521956793695.140	,80916.0,NPU:2
2,RUNTIME,1788521956893673.320	,80916.0,NPU:2
2,RUNTIME,1788521956993679.850	,80916.0,NPU:2
2,RUNTIME,1788521957093679.860	,80916.0,NPU:2
2,RUNTIME,1788521957193708.460	,80916.0,NPU:2
2,RUNTIME,1788521957293678.900	,80916.0,NPU:2
2,RUNTIME,1788521957393665.400	,80916.0,NPU:2
2,RUNTIME,1788521957493670.700	,80916.0,NPU:2
2,RUNTIME,1788521957593669.370	,80916.0,NPU:2
2,RUNTIME,1788521957693681.180	,80916.0,NPU:2
2,RUNTIME,1788521957793669.280	,80916.0,NPU:2
2,RUNTIME,1788521957893667.600	,80916.0,NPU:2
2,RUNTIME,1788521957993664.330	,80916.0,NPU:2
2,RUNTIME,1788521958093664.530	,80916.0,NPU:2
2,RUNTIME,1788521958193664.090	,80916.0,NPU:2
2,RUNTIME,1788521958293676.530	,80916.0,NPU:2
2,RUNTIME,1788521958393683.270	,80916.0,NPU:2
2,RUNTIME,1788521958493690.880	,80916.0,NPU:2
2,RUNTIME,1788521958593674.040	,80916.0,NPU:2
2,RUNTIME,1788521958693683.820	,80916.0,NPU:2
2,RUNTIME,1788521958793687.320	,80916.0,NPU:2
2,RUNTIME,1788521958893675.330	,80916.0,NPU:2
2,RUNTIME,1788521958993662.280	,80916.0,NPU:2
2,RUNTIME,1788521959093657.900	,80916.0,NPU:2
2,RUNTIME,1788521959193640.610	,80916.0,NPU:2
2,RUNTIME,1788521959293669.420	,80916.0,NPU:2
2,RUNTIME,1788521959393659.330	,80916.0,NPU:2
2,RUNTIME,1788521959493656.680	,80916.0,NPU:2
2,RUNTIME,1788521959593664.410	,80916.0,NPU:2
2,RUNTIME,1788521959693659.180	,80916.0,NPU:2
2,RUNTIME,1788521959793659.090	,80916.0,NPU:2
2,RUNTIME,1788521959893653.390	,80916.0,NPU:2
2,RUNTIME,1788521959993636.630	,80916.0,NPU:2
2,RUNTIME,1788521960093661.640	,80916.0,NPU:2
2,RUNTIME,1788521960193659.550	,80916.0,NPU:2
2,RUNTIME,1788521960293650.620	,80916.0,NPU:2
2,RUNTIME,1788521960393656.970	,80916.0,NPU:2
2,RUNTIME,1788521960493672.410	,80916.0,NPU:2
2,RUNTIME,1788521960593660.010	,80916.0,NPU:2
2,RUNTIME,1788521960693662.400	,80916.0,NPU:2
2,RUNTIME,1788521960793664.020	,80916.0,NPU:2
2,RUNTIME,1788521960893665.010	,80916.0,NPU:2
2,RUNTIME,1788521960993655.530	,80916.0,NPU:2
2,RUNTIME,1788521961093650.430	,80916.0,NPU:2
2,RUNTIME,1788521961193659.590	,80916.0,NPU:2
2,RUNTIME,1788521961293649.550	,80916.0,NPU:2
2,RUNTIME,1788521961393660.560	,80916.0,NPU:2
2,RUNTIME,1788521961493646.430	,80916.0,NPU:2
2,RUNTIME,1788521961593653.540	,80916.0,NPU:2
2,RUNTIME,1788521961693653.280	,80916.0,NPU:2
2,RUNTIME,1788521961793655.640	,80916.0,NPU:2
2,RUNTIME,1788521961893663.700	,80916.0,NPU:2
2,RUNTIME,1788521961993679.720	,80916.0,NPU:2
2,RUNTIME,1788521962093650.320	,80916.0,NPU:2
2,RUNTIME,1788521962193649.320	,80916.0,NPU:2
2,RUNTIME,1788521962293681.190	,80916.0,NPU:2
2,RUNTIME,1788521962393648.310	,80916.0,NPU:2
2,RUNTIME,1788521962493648.610	,80916.0,NPU:2
2,RUNTIME,1788521962593658.720	,80916.0,NPU:2
2,RUNTIME,1788521962693658.470	,80916.0,NPU:2
2,RUNTIME,1788521962793647.510	,80916.0,NPU:2
2,RUNTIME,1788521962893648.970	,80916.0,NPU:2
2,RUNTIME,1788521962993649.820	,80916.0,NPU:2
2,RUNTIME,1788521963093652.370	,80916.0,NPU:2
2,RUNTIME,1788521963193660.920	,80916.0,NPU:2
2,RUNTIME,1788521963293649.500	,80916.0,NPU:2
2,RUNTIME,1788521963393652.840	,80916.0,NPU:2
2,RUNTIME,1788521963493633.730	,80916.0,NPU:2
2,RUNTIME,1788521963593627.750	,80916.0,NPU:2
2,RUNTIME,1788521963693630.860	,80916.0,NPU:2
2,RUNTIME,1788521963793626.500	,80916.0,NPU:2
2,RUNTIME,1788521963893625.660	,80916.0,NPU:2
2,RUNTIME,1788521963993619.870	,80916.0,NPU:2
2,RUNTIME,1788521964093623.630	,80916.0,NPU:2
2,RUNTIME,1788521964193621.680	,80916.0,NPU:2
2,RUNTIME,1788521964293631.730	,80916.0,NPU:2
2,RUNTIME,1788521964393624.810	,80916.0,NPU:2
2,RUNTIME,1788521964493617.160	,80916.0,NPU:2
2,RUNTIME,1788521964593612.810	,80916.0,NPU:2
2,RUNTIME,1788521964693630.030	,80916.0,NPU:2
2,RUNTIME,1788521964793640.010	,80916.0,NPU:2
2,RUNTIME,1788521964893621.970	,80916.0,NPU:2
2,RUNTIME,1788521964993624.260	,80916.0,NPU:2
2,RUNTIME,1788521965093632.600	,80916.0,NPU:2
2,RUNTIME,1788521965193623.140	,80916.0,NPU:2
2,RUNTIME,1788521965293738.890	,80916.0,NPU:2
2,RUNTIME,1788521965393669.470	,80916.0,NPU:2
2,RUNTIME,1788521965493639.540	,80916.0,NPU:2
2,RUNTIME,1788521965593628.350	,80916.0,NPU:2
2,RUNTIME,1788521965693649.400	,80916.0,NPU:2
2,RUNTIME,1788521965793641.400	,80916.0,NPU:2
2,RUNTIME,1788521965893687.370	,80916.0,NPU:2
2,RUNTIME,1788521965993646.290	,80916.0,NPU:2
2,RUNTIME,1788521966093625.790	,80916.0,NPU:2
2,RUNTIME,1788521966193628.540	,80916.0,NPU:2
2,RUNTIME,1788521966293643.340	,80916.0,NPU:2
2,RUNTIME,1788521966393613.490	,80916.0,NPU:2
2,RUNTIME,1788521966493642.110	,80916.0,NPU:2
2,RUNTIME,1788521966593639.740	,80916.0,NPU:2
2,RUNTIME,1788521966693630.120	,80916.0,NPU:2
2,RUNTIME,1788521966793623.110	,80916.0,NPU:2
2,RUNTIME,1788521966893628.080	,80916.0,NPU:2
2,RUNTIME,1788521966993649.050	,80916.0,NPU:2
2,RUNTIME,1788521967093643.280	,80916.0,NPU:2
2,RUNTIME,1788521967193636.760	,80916.0,NPU:2
2,RUNTIME,1788521967293664.510	,80916.0,NPU:2
2,RUNTIME,1788521967393646.400	,80916.0,NPU:2
2,RUNTIME,1788521967493631.880	,80916.0,NPU:2
2,RUNTIME,1788521967593619.300	,80916.0,NPU:2
2,RUNTIME,1788521967693635.480	,80916.0,NPU:2
2,RUNTIME,1788521967793629.620	,80916.0,NPU:2
2,RUNTIME,1788521967893659.030	,80916.0,NPU:2
2,RUNTIME,1788521967993639.300	,80916.0,NPU:2
2,RUNTIME,1788521968093616.460	,80916.0,NPU:2
2,RUNTIME,1788521968193600.750	,80916.0,NPU:2
2,RUNTIME,1788521968293604.310	,80916.0,NPU:2
2,RUNTIME,1788521968393642.290	,80916.0,NPU:2
2,RUNTIME,1788521968493641.350	,80916.0,NPU:2
2,RUNTIME,1788521968593635.460	,80916.0,NPU:2
2,RUNTIME,1788521968693623.120	,80916.0,NPU:2
2,RUNTIME,1788521968793603.210	,80916.0,NPU:2
2,RUNTIME,1788521968893622.880	,80916.0,NPU:2
2,RUNTIME,1788521968993646.280	,80916.0,NPU:2
2,RUNTIME,1788521969093618.190	,80916.0,NPU:2
2,RUNTIME,1788521969193625.210	,80916.0,NPU:2
2,RUNTIME,1788521969293613.860	,80916.0,NPU:2
2,RUNTIME,1788521969393631.150	,80916.0,NPU:2
2,RUNTIME,1788521969493645.190	,80916.0,NPU:2
2,RUNTIME,1788521969593630.620	,80916.0,NPU:2
2,RUNTIME,1788521969693629.060	,80916.0,NPU:2
2,RUNTIME,1788521969793629.990	,80916.0,NPU:2
2,RUNTIME,1788521969893608.320	,80916.0,NPU:2
2,RUNTIME,1788521969993610.590	,80916.0,NPU:2
2,RUNTIME,1788521970093630.140	,80916.0,NPU:2
2,RUNTIME,1788521970193626.490	,80916.0,NPU:2
2,RUNTIME,1788521970293611.210	,80916.0,NPU:2
2,RUNTIME,1788521970393601.790	,80916.0,NPU:2
2,RUNTIME,1788521970493628.800	,80916.0,NPU:2
2,RUNTIME,1788521970593625.850	,80916.0,NPU:2
2,RUNTIME,1788521970693643.880	,80916.0,NPU:2
2,RUNTIME,1788521970793609.650	,80916.0,NPU:2
2,RUNTIME,1788521970893621.640	,80916.0,NPU:2
2,RUNTIME,1788521970993613.030	,80916.0,NPU:2
2,RUNTIME,1788521971093591.550	,80916.0,NPU:2
2,RUNTIME,1788521971193601.230	,80916.0,NPU:2
2,RUNTIME,1788521971293601.060	,80916.0,NPU:2
2,RUNTIME,1788521971393594.380	,80916.0,NPU:2
2,RUNTIME,1788521971493608.280	,80916.0,NPU:2
2,RUNTIME,1788521971593612.580	,80916.0,NPU:2
2,RUNTIME,1788521971693592.100	,80916.0,NPU:2
2,RUNTIME,1788521971793598.990	,80916.0,NPU:2
2,RUNTIME,1788521971893595.970	,80916.0,NPU:2
2,RUNTIME,1788521971993592.820	,80916.0,NPU:2
2,RUNTIME,1788521972093590.900	,80916.0,NPU:2
2,RUNTIME,1788521972193595.900	,80916.0,NPU:2
2,RUNTIME,1788521972293597.240	,80916.0,NPU:2
2,RUNTIME,1788521972393636.480	,80916.0,NPU:2
2,RUNTIME,1788521972493583.490	,80916.0,NPU:2
2,RUNTIME,1788521972593645.590	,80916.0,NPU:2
2,RUNTIME,1788521972693633.820	,80916.0,NPU:2
2,RUNTIME,1788521972793603.790	,80916.0,NPU:2
2,RUNTIME,1788521972893580.480	,80916.0,NPU:2
2,RUNTIME,1788521972993578.140	,80916.0,NPU:2
2,RUNTIME,1788521973093574.880	,80916.0,NPU:2
2,RUNTIME,1788521973193573.610	,80916.0,NPU:2
2,RUNTIME,1788521973293574.060	,80916.0,NPU:2
2,RUNTIME,1788521973398586.880	,80916.0,NPU:2
2,RUNTIME,1788521973493599.570	,66564.0,NPU:2
2,RUNTIME,1788521973559819.670	,66564.0,NPU:2
2,CCE,1788521953993841.910	,0,NPU:2
2,CCE,1788521954093690.790	,0,NPU:2
2,CCE,1788521954193665.180	,0,NPU:2
2,CCE,1788521954293650.080	,0,NPU:2
2,CCE,1788521954393654.040	,0,NPU:2
2,CCE,1788521954493648.730	,0,NPU:2
2,CCE,1788521954593645.540	,0,NPU:2
2,CCE,1788521954693640.150	,0,NPU:2
2,CCE,1788521954793649.950	,0,NPU:2
2,CCE,1788521954893661.680	,0,NPU:2
2,CCE,1788521954993678.410	,0,NPU:2
2,CCE,1788521955093652.720	,0,NPU:2
2,CCE,1788521955193653.270	,0,NPU:2
2,CCE,1788521955293648.860	,0,NPU:2
2,CCE,1788521955393649.220	,0,NPU:2
2,CCE,1788521955493655.280	,0,NPU:2
2,CCE,1788521955593651.590	,0,NPU:2
2,CCE,1788521955693640.580	,0,NPU:2
2,CCE,1788521955793638.250	,0,NPU:2
2,CCE,1788521955893682.250	,0,NPU:2
2,CCE,1788521955993682.480	,0,NPU:2
2,CCE,1788521956093711.640	,0,NPU:2
2,CCE,1788521956193672.410	,0,NPU:2
2,CCE,1788521956293669.740	,0,NPU:2
2,CCE,1788521956393666.240	,0,NPU:2
2,CCE,1788521956493676.590	,0,NPU:2
2,CCE,1788521956593710.650	,0,NPU:2
2,CCE,1788521956693695.830	,0,NPU:2
2,CCE,1788521956793695.140	,0,NPU:2
2,CCE,1788521956893673.320	,0,NPU:2
2,CCE,1788521956993679.850	,0,NPU:2
2,CCE,1788521957093679.860	,0,NPU:2
2,CCE,1788521957193708.460	,0,NPU:2
2,CCE,1788521957293678.900	,0,NPU:2
2,CCE,1788521957393665.400	,0,NPU:2
2,CCE,1788521957493670.700	,0,NPU:2
2,CCE,1788521957593669.370	,0,NPU:2
2,CCE,1788521957693681.180	,0,NPU:2
2,CCE,1788521957793669.280	,0,NPU:2
2,CCE,1788521957893667.600	,0,NPU:2
2,CCE,1788521957993664.330	,0,NPU:2
2,CCE,1788521958093664.530	,0,NPU:2
2,CCE,1788521958193664.090	,0,NPU:2
2,CCE,1788521958293676.530	,0,NPU:2
2,CCE,1788521958393683.270	,0,NPU:2
2,CCE,1788521958493690.880	,0,NPU:2
2,CCE,1788521958593674.040	,0,NPU:2
2,CCE,1788521958693683.820	,0,NPU:2
2,CCE,1788521958793687.320	,0,NPU:2
2,CCE,1788521958893675.330	,0,NPU:2
2,CCE,1788521958993662.280	,0,NPU:2
2,CCE,1788521959093657.900	,0,NPU:2
2,CCE,1788521959193640.610	,0,NPU:2
2,CCE,1788521959293669.420	,0,NPU:2
2,CCE,1788521959393659.330	,0,NPU:2
2,CCE,1788521959493656.680	,0,NPU:2
2,CCE,1788521959593664.410	,0,NPU:2
2,CCE,1788521959693659.180	,0,NPU:2
2,CCE,1788521959793659.090	,0,NPU:2
2,CCE,1788521959893653.390	,0,NPU:2
2,CCE,1788521959993636.630	,0,NPU:2
2,CCE,1788521960093661.640	,0,NPU:2
2,CCE,1788521960193659.550	,0,NPU:2
2,CCE,1788521960293650.620	,0,NPU:2
2,CCE,1788521960393656.970	,0,NPU:2
2,CCE,1788521960493672.410	,0,NPU:2
2,CCE,1788521960593660.010	,0,NPU:2
2,CCE,1788521960693662.400	,0,NPU:2
2,CCE,1788521960793664.020	,0,NPU:2
2,CCE,1788521960893665.010	,0,NPU:2
2,CCE,1788521960993655.530	,0,NPU:2
2,CCE,1788521961093650.430	,0,NPU:2
2,CCE,1788521961193659.590	,0,NPU:2
2,CCE,1788521961293649.550	,0,NPU:2
2,CCE,1788521961393660.560	,0,NPU:2
2,CCE,1788521961493646.430	,0,NPU:2
2,CCE,1788521961593653.540	,0,NPU:2
2,CCE,1788521961693653.280	,0,NPU:2
2,CCE,1788521961793655.640	,0,NPU:2
2,CCE,1788521961893663.700	,0,NPU:2
2,CCE,1788521961993679.720	,0,NPU:2
2,CCE,1788521962093650.320	,0,NPU:2
2,CCE,1788521962193649.320	,0,NPU:2
2,CCE,1788521962293681.190	,0,NPU:2
2,CCE,1788521962393648.310	,0,NPU:2
2,CCE,1788521962493648.610	,0,NPU:2
2,CCE,1788521962593658.720	,0,NPU:2
2,CCE,1788521962693658.470	,0,NPU:2
2,CCE,1788521962793647.510	,0,NPU:2
2,CCE,1788521962893648.970	,0,NPU:2
2,CCE,1788521962993649.820	,0,NPU:2
2,CCE,1788521963093652.370	,0,NPU:2
2,CCE,1788521963193660.920	,0,NPU:2
2,CCE,1788521963293649.500	,0,NPU:2
2,CCE,1788521963393652.840	,0,NPU:2
2,CCE,1788521963493633.730	,0,NPU:2
2,CCE,1788521963593627.750	,0,NPU:2
2,CCE,1788521963693630.860	,0,NPU:2
2,CCE,1788521963793626.500	,0,NPU:2
2,CCE,1788521963893625.660	,0,NPU:2
2,CCE,1788521963993619.870	,0,NPU:2
2,CCE,1788521964093623.630	,0,NPU:2
2,CCE,1788521964193621.680	,0,NPU:2
2,CCE,1788521964293631.730	,0,NPU:2
2,CCE,1788521964393624.810	,0,NPU:2
2,CCE,1788521964493617.160	,0,NPU:2
2,CCE,1788521964593612.810	,0,NPU:2
2,CCE,1788521964693630.030	,0,NPU:2
2,CCE,1788521964793640.010	,0,NPU:2
2,CCE,1788521964893621.970	,0,NPU:2
2,CCE,1788521964993624.260	,0,NPU:2
2,CCE,1788521965093632.600	,0,NPU:2
2,CCE,1788521965193623.140	,0,NPU:2
2,CCE,1788521965293738.890	,0,NPU:2
2,CCE,1788521965393669.470	,0,NPU:2
2,CCE,1788521965493639.540	,0,NPU:2
2,CCE,1788521965593628.350	,0,NPU:2
2,CCE,1788521965693649.400	,0,NPU:2
2,CCE,1788521965793641.400	,0,NPU:2
2,CCE,1788521965893687.370	,0,NPU:2
2,CCE,1788521965993646.290	,0,NPU:2
2,CCE,1788521966093625.790	,0,NPU:2
2,CCE,1788521966193628.540	,0,NPU:2
2,CCE,1788521966293643.340	,0,NPU:2
2,CCE,1788521966393613.490	,0,NPU:2
2,CCE,1788521966493642.110	,0,NPU:2
2,CCE,1788521966593639.740	,0,NPU:2
2,CCE,1788521966693630.120	,0,NPU:2
2,CCE,1788521966793623.110	,0,NPU:2
2,CCE,1788521966893628.080	,0,NPU:2
2,CCE,1788521966993649.050	,0,NPU:2
2,CCE,1788521967093643.280	,0,NPU:2
2,CCE,1788521967193636.760	,0,NPU:2
2,CCE,1788521967293664.510	,0,NPU:2
2,CCE,1788521967393646.400	,0,NPU:2
2,CCE,1788521967493631.880	,0,NPU:2
2,CCE,1788521967593619.300	,0,NPU:2
2,CCE,1788521967693635.480	,0,NPU:2
2,CCE,1788521967793629.620	,0,NPU:2
2,CCE,1788521967893659.030	,0,NPU:2
2,CCE,1788521967993639.300	,0,NPU:2
2,CCE,1788521968093616.460	,0,NPU:2
2,CCE,1788521968193600.750	,0,NPU:2
2,CCE,1788521968293604.310	,0,NPU:2
2,CCE,1788521968393642.290	,0,NPU:2
2,CCE,1788521968493641.350	,0,NPU:2
2,CCE,1788521968593635.460	,0,NPU:2
2,CCE,1788521968693623.120	,0,NPU:2
2,CCE,1788521968793603.210	,0,NPU:2
2,CCE,1788521968893622.880	,0,NPU:2
2,CCE,1788521968993646.280	,0,NPU:2
2,CCE,1788521969093618.190	,0,NPU:2
2,CCE,1788521969193625.210	,0,NPU:2
2,CCE,1788521969293613.860	,0,NPU:2
2,CCE,1788521969393631.150	,0,NPU:2
2,CCE,1788521969493645.190	,0,NPU:2
2,CCE,1788521969593630.620	,0,NPU:2
2,CCE,1788521969693629.060	,0,NPU:2
2,CCE,1788521969793629.990	,0,NPU:2
2,CCE,1788521969893608.320	,0,NPU:2
2,CCE,1788521969993610.590	,0,NPU:2
2,CCE,1788521970093630.140	,0,NPU:2
2,CCE,1788521970193626.490	,0,NPU:2
2,CCE,1788521970293611.210	,0,NPU:2
2,CCE,1788521970393601.790	,0,NPU:2
2,CCE,1788521970493628.800	,0,NPU:2
2,CCE,1788521970593625.850	,0,NPU:2
2,CCE,1788521970693643.880	,0,NPU:2
2,CCE,1788521970793609.650	,0,NPU:2
2,CCE,1788521970893621.640	,0,NPU:2
2,CCE,1788521970993613.030	,0,NPU:2
2,CCE,1788521971093591.550	,0,NPU:2
2,CCE,1788521971193601.230	,0,NPU:2
2,CCE,1788521971293601.060	,0,NPU:2
2,CCE,1788521971393594.380	,0,NPU:2
2,CCE,1788521971493608.280	,0,NPU:2
2,CCE,1788521971593612.580	,0,NPU:2
2,CCE,1788521971693592.100	,0,NPU:2
2,CCE,1788521971793598.990	,0,NPU:2
2,CCE,1788521971893595.970	,0,NPU:2
2,CCE,1788521971993592.820	,0,NPU:2
2,CCE,1788521972093590.900	,0,NPU:2
2,CCE,1788521972193595.900	,0,NPU:2
2,CCE,1788521972293597.240	,0,NPU:2
2,CCE,1788521972393636.480	,0,NPU:2
2,CCE,1788521972493583.490	,0,NPU:2
2,CCE,1788521972593645.590	,0,NPU:2
2,CCE,1788521972693633.820	,0,NPU:2
2,CCE,1788521972793603.790	,0,NPU:2
2,CCE,1788521972893580.480	,0,NPU:2
2,CCE,1788521972993578.140	,0,NPU:2
2,CCE,1788521973093574.880	,0,NPU:2
2,CCE,1788521973193573.610	,0,NPU:2
2,CCE,1788521973293574.060	,0,NPU:2
2,CCE,1788521973398586.880	,0,NPU:2
2,CCE,1788521973493599.570	,0,NPU:2
2,CCE,1788521973559819.670	,0,NPU:2
2,HDC,1788521953993841.910	,0,NPU:2
2,HDC,1788521954093690.790	,0,NPU:2
2,HDC,1788521954193665.180	,0,NPU:2
2,HDC,1788521954293650.080	,0,NPU:2
2,HDC,1788521954393654.040	,0,NPU:2
2,HDC,1788521954493648.730	,0,NPU:2
2,HDC,1788521954593645.540	,0,NPU:2
2,HDC,1788521954693640.150	,0,NPU:2
2,HDC,1788521954793649.950	,0,NPU:2
2,HDC,1788521954893661.680	,0,NPU:2
2,HDC,1788521954993678.410	,0,NPU:2
2,HDC,1788521955093652.720	,0,NPU:2
2,HDC,1788521955193653.270	,0,NPU:2
2,HDC,1788521955293648.860	,0,NPU:2
2,HDC,1788521955393649.220	,0,NPU:2
2,HDC,1788521955493655.280	,0,NPU:2
2,HDC,1788521955593651.590	,0,NPU:2
2,HDC,1788521955693640.580	,0,NPU:2
2,HDC,1788521955793638.250	,0,NPU:2
2,HDC,1788521955893682.250	,0,NPU:2
2,HDC,1788521955993682.480	,0,NPU:2
2,HDC,1788521956093711.640	,0,NPU:2
2,HDC,1788521956193672.410	,0,NPU:2
2,HDC,1788521956293669.740	,0,NPU:2
2,HDC,1788521956393666.240	,0,NPU:2
2,HDC,1788521956493676.590	,0,NPU:2
2,HDC,1788521956593710.650	,0,NPU:2
2,HDC,1788521956693695.830	,0,NPU:2
2,HDC,1788521956793695.140	,0,NPU:2
2,HDC,1788521956893673.320	,0,NPU:2
2,HDC,1788521956993679.850	,0,NPU:2
2,HDC,1788521957093679.860	,0,NPU:2
2,HDC,1788521957193708.460	,0,NPU:2
2,HDC,1788521957293678.900	,0,NPU:2
2,HDC,1788521957393665.400	,0,NPU:2
2,HDC,1788521957493670.700	,0,NPU:2
2,HDC,1788521957593669.370	,0,NPU:2
2,HDC,1788521957693681.180	,0,NPU:2
2,HDC,1788521957793669.280	,0,NPU:2
2,HDC,1788521957893667.600	,0,NPU:2
2,HDC,1788521957993664.330	,0,NPU:2
2,HDC,1788521958093664.530	,0,NPU:2
2,HDC,1788521958193664.090	,0,NPU:2
2,HDC,1788521958293676.530	,0,NPU:2
2,HDC,1788521958393683.270	,0,NPU:2
2,HDC,1788521958493690.880	,0,NPU:2
2,HDC,1788521958593674.040	,0,NPU:2
2,HDC,1788521958693683.820	,0,NPU:2
2,HDC,1788521958793687.320	,0,NPU:2
2,HDC,1788521958893675.330	,0,NPU:2
2,HDC,1788521958993662.280	,0,NPU:2
2,HDC,1788521959093657.900	,0,NPU:2
2,HDC,1788521959193640.610	,0,NPU:2
2,HDC,1788521959293669.420	,0,NPU:2
2,HDC,1788521959393659.330	,0,NPU:2
2,HDC,1788521959493656.680	,0,NPU:2
2,HDC,1788521959593664.410	,0,NPU:2
2,HDC,1788521959693659.180	,0,NPU:2
2,HDC,1788521959793659.090	,0,NPU:2
2,HDC,1788521959893653.390	,0,NPU:2
2,HDC,1788521959993636.630	,0,NPU:2
2,HDC,1788521960093661.640	,0,NPU:2
2,HDC,1788521960193659.550	,0,NPU:2
2,HDC,1788521960293650.620	,0,NPU:2
2,HDC,1788521960393656.970	,0,NPU:2
2,HDC,1788521960493672.410	,0,NPU:2
2,HDC,1788521960593660.010	,0,NPU:2
2,HDC,1788521960693662.400	,0,NPU:2
2,HDC,1788521960793664.020	,0,NPU:2
2,HDC,1788521960893665.010	,0,NPU:2
2,HDC,1788521960993655.530	,0,NPU:2
2,HDC,1788521961093650.430	,0,NPU:2
2,HDC,1788521961193659.590	,0,NPU:2
2,HDC,1788521961293649.550	,0,NPU:2
2,HDC,1788521961393660.560	,0,NPU:2
2,HDC,1788521961493646.430	,0,NPU:2
2,HDC,1788521961593653.540	,0,NPU:2
2,HDC,1788521961693653.280	,0,NPU:2
2,HDC,1788521961793655.640	,0,NPU:2
2,HDC,1788521961893663.700	,0,NPU:2
2,HDC,1788521961993679.720	,0,NPU:2
2,HDC,1788521962093650.320	,0,NPU:2
2,HDC,1788521962193649.320	,0,NPU:2
2,HDC,1788521962293681.190	,0,NPU:2
2,HDC,1788521962393648.310	,0,NPU:2
2,HDC,1788521962493648.610	,0,NPU:2
2,HDC,1788521962593658.720	,0,NPU:2
2,HDC,1788521962693658.470	,0,NPU:2
2,HDC,1788521962793647.510	,0,NPU:2
2,HDC,1788521962893648.970	,0,NPU:2
2,HDC,1788521962993649.820	,0,NPU:2
2,HDC,1788521963093652.370	,0,NPU:2
2,HDC,1788521963193660.920	,0,NPU:2
2,HDC,1788521963293649.500	,0,NPU:2
2,HDC,1788521963393652.840	,0,NPU:2
2,HDC,1788521963493633.730	,0,NPU:2
2,HDC,1788521963593627.750	,0,NPU:2
2,HDC,1788521963693630.860	,0,NPU:2
2,HDC,1788521963793626.500	,0,NPU:2
2,HDC,1788521963893625.660	,0,NPU:2
2,HDC,1788521963993619.870	,0,NPU:2
2,HDC,1788521964093623.630	,0,NPU:2
2,HDC,1788521964193621.680	,0,NPU:2
2,HDC,1788521964293631.730	,0,NPU:2
2,HDC,1788521964393624.810	,0,NPU:2
2,HDC,1788521964493617.160	,0,NPU:2
2,HDC,1788521964593612.810	,0,NPU:2
2,HDC,1788521964693630.030	,0,NPU:2
2,HDC,1788521964793640.010	,0,NPU:2
2,HDC,1788521964893621.970	,0,NPU:2
2,HDC,1788521964993624.260	,0,NPU:2
2,HDC,1788521965093632.600	,0,NPU:2
2,HDC,1788521965193623.140	,0,NPU:2
2,HDC,1788521965293738.890	,0,NPU:2
2,HDC,1788521965393669.470	,0,NPU:2
2,HDC,1788521965493639.540	,0,NPU:2
2,HDC,1788521965593628.350	,0,NPU:2
2,HDC,1788521965693649.400	,0,NPU:2
2,HDC,1788521965793641.400	,0,NPU:2
2,HDC,1788521965893687.370	,0,NPU:2
2,HDC,1788521965993646.290	,0,NPU:2
2,HDC,1788521966093625.790	,0,NPU:2
2,HDC,1788521966193628.540	,0,NPU:2
2,HDC,1788521966293643.340	,0,NPU:2
2,HDC,1788521966393613.490	,0,NPU:2
2,HDC,1788521966493642.110	,0,NPU:2
2,HDC,1788521966593639.740	,0,NPU:2
2,HDC,1788521966693630.120	,0,NPU:2
2,HDC,1788521966793623.110	,0,NPU:2
2,HDC,1788521966893628.080	,0,NPU:2
2,HDC,1788521966993649.050	,0,NPU:2
2,HDC,1788521967093643.280	,0,NPU:2
2,HDC,1788521967193636.760	,0,NPU:2
2,HDC,1788521967293664.510	,0,NPU:2
2,HDC,1788521967393646.400	,0,NPU:2
2,HDC,1788521967493631.880	,0,NPU:2
2,HDC,1788521967593619.300	,0,NPU:2
2,HDC,1788521967693635.480	,0,NPU:2
2,HDC,1788521967793629.620	,0,NPU:2
2,HDC,1788521967893659.030	,0,NPU:2
2,HDC,1788521967993639.300	,0,NPU:2
2,HDC,1788521968093616.460	,0,NPU:2
2,HDC,1788521968193600.750	,0,NPU:2
2,HDC,1788521968293604.310	,0,NPU:2
2,HDC,1788521968393642.290	,0,NPU:2
2,HDC,1788521968493641.350	,0,NPU:2
2,HDC,1788521968593635.460	,0,NPU:2
2,HDC,1788521968693623.120	,0,NPU:2
2,HDC,1788521968793603.210	,0,NPU:2
2,HDC,1788521968893622.880	,0,NPU:2
2,HDC,1788521968993646.280	,0,NPU:2
2,HDC,1788521969093618.190	,0,NPU:2
2,HDC,1788521969193625.210	,0,NPU:2
2,HDC,1788521969293613.860	,0,NPU:2
2,HDC,1788521969393631.150	,0,NPU:2
2,HDC,1788521969493645.190	,0,NPU:2
2,HDC,1788521969593630.620	,0,NPU:2
2,HDC,1788521969693629.060	,0,NPU:2
2,HDC,1788521969793629.990	,0,NPU:2
2,HDC,1788521969893608.320	,0,NPU:2
2,HDC,1788521969993610.590	,0,NPU:2
2,HDC,1788521970093630.140	,0,NPU:2
2,HDC,1788521970193626.490	,0,NPU:2
2,HDC,1788521970293611.210	,0,NPU:2
2,HDC,1788521970393601.790	,0,NPU:2
2,HDC,1788521970493628.800	,0,NPU:2
2,HDC,1788521970593625.850	,0,NPU:2
2,HDC,1788521970693643.880	,0,NPU:2
2,HDC,1788521970793609.650	,0,NPU:2
2,HDC,1788521970893621.640	,0,NPU:2
2,HDC,1788521970993613.030	,0,NPU:2
2,HDC,1788521971093591.550	,0,NPU:2
2,HDC,1788521971193601.230	,0,NPU:2
2,HDC,1788521971293601.060	,0,NPU:2
2,HDC,1788521971393594.380	,0,NPU:2
2,HDC,1788521971493608.280	,0,NPU:2
2,HDC,1788521971593612.580	,0,NPU:2
2,HDC,1788521971693592.100	,0,NPU:2
2,HDC,1788521971793598.990	,0,NPU:2
2,HDC,1788521971893595.970	,0,NPU:2
2,HDC,1788521971993592.820	,0,NPU:2
2,HDC,1788521972093590.900	,0,NPU:2
2,HDC,1788521972193595.900	,0,NPU:2
2,HDC,1788521972293597.240	,0,NPU:2
2,HDC,1788521972393636.480	,0,NPU:2
2,HDC,1788521972493583.490	,0,NPU:2
2,HDC,1788521972593645.590	,0,NPU:2
2,HDC,1788521972693633.820	,0,NPU:2
2,HDC,1788521972793603.790	,0,NPU:2
2,HDC,1788521972893580.480	,0,NPU:2
2,HDC,1788521972993578.140	,0,NPU:2
2,HDC,1788521973093574.880	,0,NPU:2
2,HDC,1788521973193573.610	,0,NPU:2
2,HDC,1788521973293574.060	,0,NPU:2
2,HDC,1788521973398586.880	,0,NPU:2
2,HDC,1788521973493599.570	,0,NPU:2
2,HDC,1788521973559819.670	,0,NPU:2
2,DRV,1788521953993841.910	,0,NPU:2
2,DRV,1788521954093690.790	,0,NPU:2
2,DRV,1788521954193665.180	,0,NPU:2
2,DRV,1788521954293650.080	,0,NPU:2
2,DRV,1788521954393654.040	,0,NPU:2
2,DRV,1788521954493648.730	,0,NPU:2
2,DRV,1788521954593645.540	,0,NPU:2
2,DRV,1788521954693640.150	,0,NPU:2
2,DRV,1788521954793649.950	,0,NPU:2
2,DRV,1788521954893661.680	,0,NPU:2
2,DRV,1788521954993678.410	,0,NPU:2
2,DRV,1788521955093652.720	,0,NPU:2
2,DRV,1788521955193653.270	,0,NPU:2
2,DRV,1788521955293648.860	,0,NPU:2
2,DRV,1788521955393649.220	,0,NPU:2
2,DRV,1788521955493655.280	,0,NPU:2
2,DRV,1788521955593651.590	,0,NPU:2
2,DRV,1788521955693640.580	,0,NPU:2
2,DRV,1788521955793638.250	,0,NPU:2
2,DRV,1788521955893682.250	,0,NPU:2
2,DRV,1788521955993682.480	,0,NPU:2
2,DRV,1788521956093711.640	,0,NPU:2
2,DRV,1788521956193672.410	,0,NPU:2
2,DRV,1788521956293669.740	,0,NPU:2
2,DRV,1788521956393666.240	,0,NPU:2
2,DRV,1788521956493676.590	,0,NPU:2
2,DRV,1788521956593710.650	,0,NPU:2
2,DRV,1788521956693695.830	,0,NPU:2
2,DRV,1788521956793695.140	,0,NPU:2
2,DRV,1788521956893673.320	,0,NPU:2
2,DRV,1788521956993679.850	,0,NPU:2
2,DRV,1788521957093679.860	,0,NPU:2
2,DRV,1788521957193708.460	,0,NPU:2
2,DRV,1788521957293678.900	,0,NPU:2
2,DRV,1788521957393665.400	,0,NPU:2
2,DRV,1788521957493670.700	,0,NPU:2
2,DRV,1788521957593669.370	,0,NPU:2
2,DRV,1788521957693681.180	,0,NPU:2
2,DRV,1788521957793669.280	,0,NPU:2
2,DRV,1788521957893667.600	,0,NPU:2
2,DRV,1788521957993664.330	,0,NPU:2
2,DRV,1788521958093664.530	,0,NPU:2
2,DRV,1788521958193664.090	,0,NPU:2
2,DRV,1788521958293676.530	,0,NPU:2
2,DRV,1788521958393683.270	,0,NPU:2
2,DRV,1788521958493690.880	,0,NPU:2
2,DRV,1788521958593674.040	,0,NPU:2
2,DRV,1788521958693683.820	,0,NPU:2
2,DRV,1788521958793687.320	,0,NPU:2
2,DRV,1788521958893675.330	,0,NPU:2
2,DRV,1788521958993662.280	,0,NPU:2
2,DRV,1788521959093657.900	,0,NPU:2
2,DRV,1788521959193640.610	,0,NPU:2
2,DRV,1788521959293669.420	,0,NPU:2
2,DRV,1788521959393659.330	,0,NPU:2
2,DRV,1788521959493656.680	,0,NPU:2
2,DRV,1788521959593664.410	,0,NPU:2
2,DRV,1788521959693659.180	,0,NPU:2
2,DRV,1788521959793659.090	,0,NPU:2
2,DRV,1788521959893653.390	,0,NPU:2
2,DRV,1788521959993636.630	,0,NPU:2
2,DRV,1788521960093661.640	,0,NPU:2
2,DRV,1788521960193659.550	,0,NPU:2
2,DRV,1788521960293650.620	,0,NPU:2
2,DRV,1788521960393656.970	,0,NPU:2
2,DRV,1788521960493672.410	,0,NPU:2
2,DRV,1788521960593660.010	,0,NPU:2
2,DRV,1788521960693662.400	,0,NPU:2
2,DRV,1788521960793664.020	,0,NPU:2
2,DRV,1788521960893665.010	,0,NPU:2
2,DRV,1788521960993655.530	,0,NPU:2
2,DRV,1788521961093650.430	,0,NPU:2
2,DRV,1788521961193659.590	,0,NPU:2
2,DRV,1788521961293649.550	,0,NPU:2
2,DRV,1788521961393660.560	,0,NPU:2
2,DRV,1788521961493646.430	,0,NPU:2
2,DRV,1788521961593653.540	,0,NPU:2
2,DRV,1788521961693653.280	,0,NPU:2
2,DRV,1788521961793655.640	,0,NPU:2
2,DRV,1788521961893663.700	,0,NPU:2
2,DRV,1788521961993679.720	,0,NPU:2
2,DRV,1788521962093650.320	,0,NPU:2
2,DRV,1788521962193649.320	,0,NPU:2
2,DRV,1788521962293681.190	,0,NPU:2
2,DRV,1788521962393648.310	,0,NPU:2
2,DRV,1788521962493648.610	,0,NPU:2
2,DRV,1788521962593658.720	,0,NPU:2
2,DRV,1788521962693658.470	,0,NPU:2
2,DRV,1788521962793647.510	,0,NPU:2
2,DRV,1788521962893648.970	,0,NPU:2
2,DRV,1788521962993649.820	,0,NPU:2
2,DRV,1788521963093652.370	,0,NPU:2
2,DRV,1788521963193660.920	,0,NPU:2
2,DRV,1788521963293649.500	,0,NPU:2
2,DRV,1788521963393652.840	,0,NPU:2
2,DRV,1788521963493633.730	,0,NPU:2
2,DRV,1788521963593627.750	,0,NPU:2
2,DRV,1788521963693630.860	,0,NPU:2
2,DRV,1788521963793626.500	,0,NPU:2
2,DRV,1788521963893625.660	,0,NPU:2
2,DRV,1788521963993619.870	,0,NPU:2
2,DRV,1788521964093623.630	,0,NPU:2
2,DRV,1788521964193621.680	,0,NPU:2
2,DRV,1788521964293631.730	,0,NPU:2
2,DRV,1788521964393624.810	,0,NPU:2
2,DRV,1788521964493617.160	,0,NPU:2
2,DRV,1788521964593612.810	,0,NPU:2
2,DRV,1788521964693630.030	,0,NPU:2
2,DRV,1788521964793640.010	,0,NPU:2
2,DRV,1788521964893621.970	,0,NPU:2
2,DRV,1788521964993624.260	,0,NPU:2
2,DRV,1788521965093632.600	,0,NPU:2
2,DRV,1788521965193623.140	,0,NPU:2
2,DRV,1788521965293738.890	,0,NPU:2
2,DRV,1788521965393669.470	,0,NPU:2
2,DRV,1788521965493639.540	,0,NPU:2
2,DRV,1788521965593628.350	,0,NPU:2
2,DRV,1788521965693649.400	,0,NPU:2
2,DRV,1788521965793641.400	,0,NPU:2
2,DRV,1788521965893687.370	,0,NPU:2
2,DRV,1788521965993646.290	,0,NPU:2
2,DRV,1788521966093625.790	,0,NPU:2
2,DRV,1788521966193628.540	,0,NPU:2
2,DRV,1788521966293643.340	,0,NPU:2
2,DRV,1788521966393613.490	,0,NPU:2
2,DRV,1788521966493642.110	,0,NPU:2
2,DRV,1788521966593639.740	,0,NPU:2
2,DRV,1788521966693630.120	,0,NPU:2
2,DRV,1788521966793623.110	,0,NPU:2
2,DRV,1788521966893628.080	,0,NPU:2
2,DRV,1788521966993649.050	,0,NPU:2
2,DRV,1788521967093643.280	,0,NPU:2
2,DRV,1788521967193636.760	,0,NPU:2
2,DRV,1788521967293664.510	,0,NPU:2
2,DRV,1788521967393646.400	,0,NPU:2
2,DRV,1788521967493631.880	,0,NPU:2
2,DRV,1788521967593619.300	,0,NPU:2
2,DRV,1788521967693635.480	,0,NPU:2
2,DRV,1788521967793629.620	,0,NPU:2
2,DRV,1788521967893659.030	,0,NPU:2
2,DRV,1788521967993639.300	,0,NPU:2
2,DRV,1788521968093616.460	,0,NPU:2
2,DRV,1788521968193600.750	,0,NPU:2
2,DRV,1788521968293604.310	,0,NPU:2
2,DRV,1788521968393642.290	,0,NPU:2
2,DRV,1788521968493641.350	,0,NPU:2
2,DRV,1788521968593635.460	,0,NPU:2
2,DRV,1788521968693623.120	,0,NPU:2
2,DRV,1788521968793603.210	,0,NPU:2
2,DRV,1788521968893622.880	,0,NPU:2
2,DRV,1788521968993646.280	,0,NPU:2
2,DRV,1788521969093618.190	,0,NPU:2
2,DRV,1788521969193625.210	,0,NPU:2
2,DRV,1788521969293613.860	,0,NPU:2
2,DRV,1788521969393631.150	,0,NPU:2
2,DRV,1788521969493645.190	,0,NPU:2
2,DRV,1788521969593630.620	,0,NPU:2
2,DRV,1788521969693629.060	,0,NPU:2
2,DRV,1788521969793629.990	,0,NPU:2
2,DRV,1788521969893608.320	,0,NPU:2
2,DRV,1788521969993610.590	,0,NPU:2
2,DRV,1788521970093630.140	,0,NPU:2
2,DRV,1788521970193626.490	,0,NPU:2
2,DRV,1788521970293611.210	,0,NPU:2
2,DRV,1788521970393601.790	,0,NPU:2
2,DRV,1788521970493628.800	,0,NPU:2
2,DRV,1788521970593625.850	,0,NPU:2
2,DRV,1788521970693643.880	,0,NPU:2
2,DRV,1788521970793609.650	,0,NPU:2
2,DRV,1788521970893621.640	,0,NPU:2
2,DRV,1788521970993613.030	,0,NPU:2
2,DRV,1788521971093591.550	,0,NPU:2
2,DRV,1788521971193601.230	,0,NPU:2
2,DRV,1788521971293601.060	,0,NPU:2
2,DRV,1788521971393594.380	,0,NPU:2
2,DRV,1788521971493608.280	,0,NPU:2
2,DRV,1788521971593612.580	,0,NPU:2
2,DRV,1788521971693592.100	,0,NPU:2
2,DRV,1788521971793598.990	,0,NPU:2
2,DRV,1788521971893595.970	,0,NPU:2
2,DRV,1788521971993592.820	,0,NPU:2
2,DRV,1788521972093590.900	,0,NPU:2
2,DRV,1788521972193595.900	,0,NPU:2
2,DRV,1788521972293597.240	,0,NPU:2
2,DRV,1788521972393636.480	,0,NPU:2
2,DRV,1788521972493583.490	,0,NPU:2
2,DRV,1788521972593645.590	,0,NPU:2
2,DRV,1788521972693633.820	,0,NPU:2
2,DRV,1788521972793603.790	,0,NPU:2
2,DRV,1788521972893580.480	,0,NPU:2
2,DRV,1788521972993578.140	,0,NPU:2
2,DRV,1788521973093574.880	,0,NPU:2
2,DRV,1788521973193573.610	,0,NPU:2
2,DRV,1788521973293574.060	,0,NPU:2
2,DRV,1788521973398586.880	,0,NPU:2
2,DRV,1788521973493599.570	,0,NPU:2
2,DRV,1788521973559819.670	,0,NPU:2
2,MDCFUSION,1788521953993841.910	,0,NPU:2
2,MDCFUSION,1788521954093690.790	,0,NPU:2
2,MDCFUSION,1788521954193665.180	,0,NPU:2
2,MDCFUSION,1788521954293650.080	,0,NPU:2
2,MDCFUSION,1788521954393654.040	,0,NPU:2
2,MDCFUSION,1788521954493648.730	,0,NPU:2
2,MDCFUSION,1788521954593645.540	,0,NPU:2
2,MDCFUSION,1788521954693640.150	,0,NPU:2
2,MDCFUSION,1788521954793649.950	,0,NPU:2
2,MDCFUSION,1788521954893661.680	,0,NPU:2
2,MDCFUSION,1788521954993678.410	,0,NPU:2
2,MDCFUSION,1788521955093652.720	,0,NPU:2
2,MDCFUSION,1788521955193653.270	,0,NPU:2
2,MDCFUSION,1788521955293648.860	,0,NPU:2
2,MDCFUSION,1788521955393649.220	,0,NPU:2
2,MDCFUSION,1788521955493655.280	,0,NPU:2
2,MDCFUSION,1788521955593651.590	,0,NPU:2
2,MDCFUSION,1788521955693640.580	,0,NPU:2
2,MDCFUSION,1788521955793638.250	,0,NPU:2
2,MDCFUSION,1788521955893682.250	,0,NPU:2
2,MDCFUSION,1788521955993682.480	,0,NPU:2
2,MDCFUSION,1788521956093711.640	,0,NPU:2
2,MDCFUSION,1788521956193672.410	,0,NPU:2
2,MDCFUSION,1788521956293669.740	,0,NPU:2
2,MDCFUSION,1788521956393666.240	,0,NPU:2
2,MDCFUSION,1788521956493676.590	,0,NPU:2
2,MDCFUSION,1788521956593710.650	,0,NPU:2
2,MDCFUSION,1788521956693695.830	,0,NPU:2
2,MDCFUSION,1788521956793695.140	,0,NPU:2
2,MDCFUSION,1788521956893673.320	,0,NPU:2
2,MDCFUSION,1788521956993679.850	,0,NPU:2
2,MDCFUSION,1788521957093679.860	,0,NPU:2
2,MDCFUSION,1788521957193708.460	,0,NPU:2
2,MDCFUSION,1788521957293678.900	,0,NPU:2
2,MDCFUSION,1788521957393665.400	,0,NPU:2
2,MDCFUSION,1788521957493670.700	,0,NPU:2
2,MDCFUSION,1788521957593669.370	,0,NPU:2
2,MDCFUSION,1788521957693681.180	,0,NPU:2
2,MDCFUSION,1788521957793669.280	,0,NPU:2
2,MDCFUSION,1788521957893667.600	,0,NPU:2
2,MDCFUSION,1788521957993664.330	,0,NPU:2
2,MDCFUSION,1788521958093664.530	,0,NPU:2
2,MDCFUSION,1788521958193664.090	,0,NPU:2
2,MDCFUSION,1788521958293676.530	,0,NPU:2
2,MDCFUSION,1788521958393683.270	,0,NPU:2
2,MDCFUSION,1788521958493690.880	,0,NPU:2
2,MDCFUSION,1788521958593674.040	,0,NPU:2
2,MDCFUSION,1788521958693683.820	,0,NPU:2
2,MDCFUSION,1788521958793687.320	,0,NPU:2
2,MDCFUSION,1788521958893675.330	,0,NPU:2
2,MDCFUSION,1788521958993662.280	,0,NPU:2
2,MDCFUSION,1788521959093657.900	,0,NPU:2
2,MDCFUSION,1788521959193640.610	,0,NPU:2
2,MDCFUSION,1788521959293669.420	,0,NPU:2
2,MDCFUSION,1788521959393659.330	,0,NPU:2
2,MDCFUSION,1788521959493656.680	,0,NPU:2
2,MDCFUSION,1788521959593664.410	,0,NPU:2
2,MDCFUSION,1788521959693659.180	,0,NPU:2
2,MDCFUSION,1788521959793659.090	,0,NPU:2
2,MDCFUSION,1788521959893653.390	,0,NPU:2
2,MDCFUSION,1788521959993636.630	,0,NPU:2
2,MDCFUSION,1788521960093661.640	,0,NPU:2
2,MDCFUSION,1788521960193659.550	,0,NPU:2
2,MDCFUSION,1788521960293650.620	,0,NPU:2
2,MDCFUSION,1788521960393656.970	,0,NPU:2
2,MDCFUSION,1788521960493672.410	,0,NPU:2
2,MDCFUSION,1788521960593660.010	,0,NPU:2
2,MDCFUSION,1788521960693662.400	,0,NPU:2
2,MDCFUSION,1788521960793664.020	,0,NPU:2
2,MDCFUSION,1788521960893665.010	,0,NPU:2
2,MDCFUSION,1788521960993655.530	,0,NPU:2
2,MDCFUSION,1788521961093650.430	,0,NPU:2
2,MDCFUSION,1788521961193659.590	,0,NPU:2
2,MDCFUSION,1788521961293649.550	,0,NPU:2
2,MDCFUSION,1788521961393660.560	,0,NPU:2
2,MDCFUSION,1788521961493646.430	,0,NPU:2
2,MDCFUSION,1788521961593653.540	,0,NPU:2
2,MDCFUSION,1788521961693653.280	,0,NPU:2
2,MDCFUSION,1788521961793655.640	,0,NPU:2
2,MDCFUSION,1788521961893663.700	,0,NPU:2
2,MDCFUSION,1788521961993679.720	,0,NPU:2
2,MDCFUSION,1788521962093650.320	,0,NPU:2
2,MDCFUSION,1788521962193649.320	,0,NPU:2
2,MDCFUSION,1788521962293681.190	,0,NPU:2
2,MDCFUSION,1788521962393648.310	,0,NPU:2
2,MDCFUSION,1788521962493648.610	,0,NPU:2
2,MDCFUSION,1788521962593658.720	,0,NPU:2
2,MDCFUSION,1788521962693658.470	,0,NPU:2
2,MDCFUSION,1788521962793647.510	,0,NPU:2
2,MDCFUSION,1788521962893648.970	,0,NPU:2
2,MDCFUSION,1788521962993649.820	,0,NPU:2
2,MDCFUSION,1788521963093652.370	,0,NPU:2
2,MDCFUSION,1788521963193660.920	,0,NPU:2
2,MDCFUSION,1788521963293649.500	,0,NPU:2
2,MDCFUSION,1788521963393652.840	,0,NPU:2
2,MDCFUSION,1788521963493633.730	,0,NPU:2
2,MDCFUSION,1788521963593627.750	,0,NPU:2
2,MDCFUSION,1788521963693630.860	,0,NPU:2
2,MDCFUSION,1788521963793626.500	,0,NPU:2
2,MDCFUSION,1788521963893625.660	,0,NPU:2
2,MDCFUSION,1788521963993619.870	,0,NPU:2
2,MDCFUSION,1788521964093623.630	,0,NPU:2
2,MDCFUSION,1788521964193621.680	,0,NPU:2
2,MDCFUSION,1788521964293631.730	,0,NPU:2
2,MDCFUSION,1788521964393624.810	,0,NPU:2
2,MDCFUSION,1788521964493617.160	,0,NPU:2
2,MDCFUSION,1788521964593612.810	,0,NPU:2
2,MDCFUSION,1788521964693630.030	,0,NPU:2
2,MDCFUSION,1788521964793640.010	,0,NPU:2
2,MDCFUSION,1788521964893621.970	,0,NPU:2
2,MDCFUSION,1788521964993624.260	,0,NPU:2
2,MDCFUSION,1788521965093632.600	,0,NPU:2
2,MDCFUSION,1788521965193623.140	,0,NPU:2
2,MDCFUSION,1788521965293738.890	,0,NPU:2
2,MDCFUSION,1788521965393669.470	,0,NPU:2
2,MDCFUSION,1788521965493639.540	,0,NPU:2
2,MDCFUSION,1788521965593628.350	,0,NPU:2
2,MDCFUSION,1788521965693649.400	,0,NPU:2
2,MDCFUSION,1788521965793641.400	,0,NPU:2
2,MDCFUSION,1788521965893687.370	,0,NPU:2
2,MDCFUSION,1788521965993646.290	,0,NPU:2
2,MDCFUSION,1788521966093625.790	,0,NPU:2
2,MDCFUSION,1788521966193628.540	,0,NPU:2
2,MDCFUSION,1788521966293643.340	,0,NPU:2
2,MDCFUSION,1788521966393613.490	,0,NPU:2
2,MDCFUSION,1788521966493642.110	,0,NPU:2
2,MDCFUSION,1788521966593639.740	,0,NPU:2
2,MDCFUSION,1788521966693630.120	,0,NPU:2
2,MDCFUSION,1788521966793623.110	,0,NPU:2
2,MDCFUSION,1788521966893628.080	,0,NPU:2
2,MDCFUSION,1788521966993649.050	,0,NPU:2
2,MDCFUSION,1788521967093643.280	,0,NPU:2
2,MDCFUSION,1788521967193636.760	,0,NPU:2
2,MDCFUSION,1788521967293664.510	,0,NPU:2
2,MDCFUSION,1788521967393646.400	,0,NPU:2
2,MDCFUSION,1788521967493631.880	,0,NPU:2
2,MDCFUSION,1788521967593619.300	,0,NPU:2
2,MDCFUSION,1788521967693635.480	,0,NPU:2
2,MDCFUSION,1788521967793629.620	,0,NPU:2
2,MDCFUSION,1788521967893659.030	,0,NPU:2
2,MDCFUSION,1788521967993639.300	,0,NPU:2
2,MDCFUSION,1788521968093616.460	,0,NPU:2
2,MDCFUSION,1788521968193600.750	,0,NPU:2
2,MDCFUSION,1788521968293604.310	,0,NPU:2
2,MDCFUSION,1788521968393642.290	,0,NPU:2
2,MDCFUSION,1788521968493641.350	,0,NPU:2
2,MDCFUSION,1788521968593635.460	,0,NPU:2
2,MDCFUSION,1788521968693623.120	,0,NPU:2
2,MDCFUSION,1788521968793603.210	,0,NPU:2
2,MDCFUSION,1788521968893622.880	,0,NPU:2
2,MDCFUSION,1788521968993646.280	,0,NPU:2
2,MDCFUSION,1788521969093618.190	,0,NPU:2
2,MDCFUSION,1788521969193625.210	,0,NPU:2
2,MDCFUSION,1788521969293613.860	,0,NPU:2
2,MDCFUSION,1788521969393631.150	,0,NPU:2
2,MDCFUSION,1788521969493645.190	,0,NPU:2
2,MDCFUSION,1788521969593630.620	,0,NPU:2
2,MDCFUSION,1788521969693629.060	,0,NPU:2
2,MDCFUSION,1788521969793629.990	,0,NPU:2
2,MDCFUSION,1788521969893608.320	,0,NPU:2
2,MDCFUSION,1788521969993610.590	,0,NPU:2
2,MDCFUSION,1788521970093630.140	,0,NPU:2
2,MDCFUSION,1788521970193626.490	,0,NPU:2
2,MDCFUSION,1788521970293611.210	,0,NPU:2
2,MDCFUSION,1788521970393601.790	,0,NPU:2
2,MDCFUSION,1788521970493628.800	,0,NPU:2
2,MDCFUSION,1788521970593625.850	,0,NPU:2
2,MDCFUSION,1788521970693643.880	,0,NPU:2
2,MDCFUSION,1788521970793609.650	,0,NPU:2
2,MDCFUSION,1788521970893621.640	,0,NPU:2
2,MDCFUSION,1788521970993613.030	,0,NPU:2
2,MDCFUSION,1788521971093591.550	,0,NPU:2
2,MDCFUSION,1788521971193601.230	,0,NPU:2
2,MDCFUSION,1788521971293601.060	,0,NPU:2
2,MDCFUSION,1788521971393594.380	,0,NPU:2
2,MDCFUSION,1788521971493608.280	,0,NPU:2
2,MDCFUSION,1788521971593612.580	,0,NPU:2
2,MDCFUSION,1788521971693592.100	,0,NPU:2
2,MDCFUSION,1788521971793598.990	,0,NPU:2
2,MDCFUSION,1788521971893595.970	,0,NPU:2
2,MDCFUSION,1788521971993592.820	,0,NPU:2
2,MDCFUSION,1788521972093590.900	,0,NPU:2
2,MDCFUSION,1788521972193595.900	,0,NPU:2
2,MDCFUSION,1788521972293597.240	,0,NPU:2
2,MDCFUSION,1788521972393636.480	,0,NPU:2
2,MDCFUSION,1788521972493583.490	,0,NPU:2
2,MDCFUSION,1788521972593645.590	,0,NPU:2
2,MDCFUSION,1788521972693633.820	,0,NPU:2
2,MDCFUSION,1788521972793603.790	,0,NPU:2
2,MDCFUSION,1788521972893580.480	,0,NPU:2
2,MDCFUSION,1788521972993578.140	,0,NPU:2
2,MDCFUSION,1788521973093574.880	,0,NPU:2
2,MDCFUSION,1788521973193573.610	,0,NPU:2
2,MDCFUSION,1788521973293574.060	,0,NPU:2
2,MDCFUSION,1788521973398586.880	,0,NPU:2
2,MDCFUSION,1788521973493599.570	,0,NPU:2
2,MDCFUSION,1788521973559819.670	,0,NPU:2
2,MDCLOCATION,1788521953993841.910	,0,NPU:2
2,MDCLOCATION,1788521954093690.790	,0,NPU:2
2,MDCLOCATION,1788521954193665.180	,0,NPU:2
2,MDCLOCATION,1788521954293650.080	,0,NPU:2
2,MDCLOCATION,1788521954393654.040	,0,NPU:2
2,MDCLOCATION,1788521954493648.730	,0,NPU:2
2,MDCLOCATION,1788521954593645.540	,0,NPU:2
2,MDCLOCATION,1788521954693640.150	,0,NPU:2
2,MDCLOCATION,1788521954793649.950	,0,NPU:2
2,MDCLOCATION,1788521954893661.680	,0,NPU:2
2,MDCLOCATION,1788521954993678.410	,0,NPU:2
2,MDCLOCATION,1788521955093652.720	,0,NPU:2
2,MDCLOCATION,1788521955193653.270	,0,NPU:2
2,MDCLOCATION,1788521955293648.860	,0,NPU:2
2,MDCLOCATION,1788521955393649.220	,0,NPU:2
2,MDCLOCATION,1788521955493655.280	,0,NPU:2
2,MDCLOCATION,1788521955593651.590	,0,NPU:2
2,MDCLOCATION,1788521955693640.580	,0,NPU:2
2,MDCLOCATION,1788521955793638.250	,0,NPU:2
2,MDCLOCATION,1788521955893682.250	,0,NPU:2
2,MDCLOCATION,1788521955993682.480	,0,NPU:2
2,MDCLOCATION,1788521956093711.640	,0,NPU:2
2,MDCLOCATION,1788521956193672.410	,0,NPU:2
2,MDCLOCATION,1788521956293669.740	,0,NPU:2
2,MDCLOCATION,1788521956393666.240	,0,NPU:2
2,MDCLOCATION,1788521956493676.590	,0,NPU:2
2,MDCLOCATION,1788521956593710.650	,0,NPU:2
2,MDCLOCATION,1788521956693695.830	,0,NPU:2
2,MDCLOCATION,1788521956793695.140	,0,NPU:2
2,MDCLOCATION,1788521956893673.320	,0,NPU:2
2,MDCLOCATION,1788521956993679.850	,0,NPU:2
2,MDCLOCATION,1788521957093679.860	,0,NPU:2
2,MDCLOCATION,1788521957193708.460	,0,NPU:2
2,MDCLOCATION,1788521957293678.900	,0,NPU:2
2,MDCLOCATION,1788521957393665.400	,0,NPU:2
2,MDCLOCATION,1788521957493670.700	,0,NPU:2
2,MDCLOCATION,1788521957593669.370	,0,NPU:2
2,MDCLOCATION,1788521957693681.180	,0,NPU:2
2,MDCLOCATION,1788521957793669.280	,0,NPU:2
2,MDCLOCATION,1788521957893667.600	,0,NPU:2
2,MDCLOCATION,1788521957993664.330	,0,NPU:2
2,MDCLOCATION,1788521958093664.530	,0,NPU:2
2,MDCLOCATION,1788521958193664.090	,0,NPU:2
2,MDCLOCATION,1788521958293676.530	,0,NPU:2
2,MDCLOCATION,1788521958393683.270	,0,NPU:2
2,MDCLOCATION,1788521958493690.880	,0,NPU:2
2,MDCLOCATION,1788521958593674.040	,0,NPU:2
2,MDCLOCATION,1788521958693683.820	,0,NPU:2
2,MDCLOCATION,1788521958793687.320	,0,NPU:2
2,MDCLOCATION,1788521958893675.330	,0,NPU:2
2,MDCLOCATION,1788521958993662.280	,0,NPU:2
2,MDCLOCATION,1788521959093657.900	,0,NPU:2
2,MDCLOCATION,1788521959193640.610	,0,NPU:2
2,MDCLOCATION,1788521959293669.420	,0,NPU:2
2,MDCLOCATION,1788521959393659.330	,0,NPU:2
2,MDCLOCATION,1788521959493656.680	,0,NPU:2
2,MDCLOCATION,1788521959593664.410	,0,NPU:2
2,MDCLOCATION,1788521959693659.180	,0,NPU:2
2,MDCLOCATION,1788521959793659.090	,0,NPU:2
2,MDCLOCATION,1788521959893653.390	,0,NPU:2
2,MDCLOCATION,1788521959993636.630	,0,NPU:2
2,MDCLOCATION,1788521960093661.640	,0,NPU:2
2,MDCLOCATION,1788521960193659.550	,0,NPU:2
2,MDCLOCATION,1788521960293650.620	,0,NPU:2
2,MDCLOCATION,1788521960393656.970	,0,NPU:2
2,MDCLOCATION,1788521960493672.410	,0,NPU:2
2,MDCLOCATION,1788521960593660.010	,0,NPU:2
2,MDCLOCATION,1788521960693662.400	,0,NPU:2
2,MDCLOCATION,1788521960793664.020	,0,NPU:2
2,MDCLOCATION,1788521960893665.010	,0,NPU:2
2,MDCLOCATION,1788521960993655.530	,0,NPU:2
2,MDCLOCATION,1788521961093650.430	,0,NPU:2
2,MDCLOCATION,1788521961193659.590	,0,NPU:2
2,MDCLOCATION,1788521961293649.550	,0,NPU:2
2,MDCLOCATION,1788521961393660.560	,0,NPU:2
2,MDCLOCATION,1788521961493646.430	,0,NPU:2
2,MDCLOCATION,1788521961593653.540	,0,NPU:2
2,MDCLOCATION,1788521961693653.280	,0,NPU:2
2,MDCLOCATION,1788521961793655.640	,0,NPU:2
2,MDCLOCATION,1788521961893663.700	,0,NPU:2
2,MDCLOCATION,1788521961993679.720	,0,NPU:2
2,MDCLOCATION,1788521962093650.320	,0,NPU:2
2,MDCLOCATION,1788521962193649.320	,0,NPU:2
2,MDCLOCATION,1788521962293681.190	,0,NPU:2
2,MDCLOCATION,1788521962393648.310	,0,NPU:2
2,MDCLOCATION,1788521962493648.610	,0,NPU:2
2,MDCLOCATION,1788521962593658.720	,0,NPU:2
2,MDCLOCATION,1788521962693658.470	,0,NPU:2
2,MDCLOCATION,1788521962793647.510	,0,NPU:2
2,MDCLOCATION,1788521962893648.970	,0,NPU:2
2,MDCLOCATION,1788521962993649.820	,0,NPU:2
2,MDCLOCATION,1788521963093652.370	,0,NPU:2
2,MDCLOCATION,1788521963193660.920	,0,NPU:2
2,MDCLOCATION,1788521963293649.500	,0,NPU:2
2,MDCLOCATION,1788521963393652.840	,0,NPU:2
2,MDCLOCATION,1788521963493633.730	,0,NPU:2
2,MDCLOCATION,1788521963593627.750	,0,NPU:2
2,MDCLOCATION,1788521963693630.860	,0,NPU:2
2,MDCLOCATION,1788521963793626.500	,0,NPU:2
2,MDCLOCATION,1788521963893625.660	,0,NPU:2
2,MDCLOCATION,1788521963993619.870	,0,NPU:2
2,MDCLOCATION,1788521964093623.630	,0,NPU:2
2,MDCLOCATION,1788521964193621.680	,0,NPU:2
2,MDCLOCATION,1788521964293631.730	,0,NPU:2
2,MDCLOCATION,1788521964393624.810	,0,NPU:2
2,MDCLOCATION,1788521964493617.160	,0,NPU:2
2,MDCLOCATION,1788521964593612.810	,0,NPU:2
2,MDCLOCATION,1788521964693630.030	,0,NPU:2
2,MDCLOCATION,1788521964793640.010	,0,NPU:2
2,MDCLOCATION,1788521964893621.970	,0,NPU:2
2,MDCLOCATION,1788521964993624.260	,0,NPU:2
2,MDCLOCATION,1788521965093632.600	,0,NPU:2
2,MDCLOCATION,1788521965193623.140	,0,NPU:2
2,MDCLOCATION,1788521965293738.890	,0,NPU:2
2,MDCLOCATION,1788521965393669.470	,0,NPU:2
2,MDCLOCATION,1788521965493639.540	,0,NPU:2
2,MDCLOCATION,1788521965593628.350	,0,NPU:2
2,MDCLOCATION,1788521965693649.400	,0,NPU:2
2,MDCLOCATION,1788521965793641.400	,0,NPU:2
2,MDCLOCATION,1788521965893687.370	,0,NPU:2
2,MDCLOCATION,1788521965993646.290	,0,NPU:2
2,MDCLOCATION,1788521966093625.790	,0,NPU:2
2,MDCLOCATION,1788521966193628.540	,0,NPU:2
2,MDCLOCATION,1788521966293643.340	,0,NPU:2
2,MDCLOCATION,1788521966393613.490	,0,NPU:2
2,MDCLOCATION,1788521966493642.110	,0,NPU:2
2,MDCLOCATION,1788521966593639.740	,0,NPU:2
2,MDCLOCATION,1788521966693630.120	,0,NPU:2
2,MDCLOCATION,1788521966793623.110	,0,NPU:2
2,MDCLOCATION,1788521966893628.080	,0,NPU:2
2,MDCLOCATION,1788521966993649.050	,0,NPU:2
2,MDCLOCATION,1788521967093643.280	,0,NPU:2
2,MDCLOCATION,1788521967193636.760	,0,NPU:2
2,MDCLOCATION,1788521967293664.510	,0,NPU:2
2,MDCLOCATION,1788521967393646.400	,0,NPU:2
2,MDCLOCATION,1788521967493631.880	,0,NPU:2
2,MDCLOCATION,1788521967593619.300	,0,NPU:2
2,MDCLOCATION,1788521967693635.480	,0,NPU:2
2,MDCLOCATION,1788521967793629.620	,0,NPU:2
2,MDCLOCATION,1788521967893659.030	,0,NPU:2
2,MDCLOCATION,1788521967993639.300	,0,NPU:2
2,MDCLOCATION,1788521968093616.460	,0,NPU:2
2,MDCLOCATION,1788521968193600.750	,0,NPU:2
2,MDCLOCATION,1788521968293604.310	,0,NPU:2
2,MDCLOCATION,1788521968393642.290	,0,NPU:2
2,MDCLOCATION,1788521968493641.350	,0,NPU:2
2,MDCLOCATION,1788521968593635.460	,0,NPU:2
2,MDCLOCATION,1788521968693623.120	,0,NPU:2
2,MDCLOCATION,1788521968793603.210	,0,NPU:2
2,MDCLOCATION,1788521968893622.880	,0,NPU:2
2,MDCLOCATION,1788521968993646.280	,0,NPU:2
2,MDCLOCATION,1788521969093618.190	,0,NPU:2
2,MDCLOCATION,1788521969193625.210	,0,NPU:2
2,MDCLOCATION,1788521969293613.860	,0,NPU:2
2,MDCLOCATION,1788521969393631.150	,0,NPU:2
2,MDCLOCATION,1788521969493645.190	,0,NPU:2
2,MDCLOCATION,1788521969593630.620	,0,NPU:2
2,MDCLOCATION,1788521969693629.060	,0,NPU:2
2,MDCLOCATION,1788521969793629.990	,0,NPU:2
2,MDCLOCATION,1788521969893608.320	,0,NPU:2
2,MDCLOCATION,1788521969993610.590	,0,NPU:2
2,MDCLOCATION,1788521970093630.140	,0,NPU:2
2,MDCLOCATION,1788521970193626.490	,0,NPU:2
2,MDCLOCATION,1788521970293611.210	,0,NPU:2
2,MDCLOCATION,1788521970393601.790	,0,NPU:2
2,MDCLOCATION,1788521970493628.800	,0,NPU:2
2,MDCLOCATION,1788521970593625.850	,0,NPU:2
2,MDCLOCATION,1788521970693643.880	,0,NPU:2
2,MDCLOCATION,1788521970793609.650	,0,NPU:2
2,MDCLOCATION,1788521970893621.640	,0,NPU:2
2,MDCLOCATION,1788521970993613.030	,0,NPU:2
2,MDCLOCATION,1788521971093591.550	,0,NPU:2
2,MDCLOCATION,1788521971193601.230	,0,NPU:2
2,MDCLOCATION,1788521971293601.060	,0,NPU:2
2,MDCLOCATION,1788521971393594.380	,0,NPU:2
2,MDCLOCATION,1788521971493608.280	,0,NPU:2
2,MDCLOCATION,1788521971593612.580	,0,NPU:2
2,MDCLOCATION,1788521971693592.100	,0,NPU:2
2,MDCLOCATION,1788521971793598.990	,0,NPU:2
2,MDCLOCATION,1788521971893595.970	,0,NPU:2
2,MDCLOCATION,1788521971993592.820	,0,NPU:2
2,MDCLOCATION,1788521972093590.900	,0,NPU:2
2,MDCLOCATION,1788521972193595.900	,0,NPU:2
2,MDCLOCATION,1788521972293597.240	,0,NPU:2
2,MDCLOCATION,1788521972393636.480	,0,NPU:2
2,MDCLOCATION,1788521972493583.490	,0,NPU:2
2,MDCLOCATION,1788521972593645.590	,0,NPU:2
2,MDCLOCATION,1788521972693633.820	,0,NPU:2
2,MDCLOCATION,1788521972793603.790	,0,NPU:2
2,MDCLOCATION,1788521972893580.480	,0,NPU:2
2,MDCLOCATION,1788521972993578.140	,0,NPU:2
2,MDCLOCATION,1788521973093574.880	,0,NPU:2
2,MDCLOCATION,1788521973193573.610	,0,NPU:2
2,MDCLOCATION,1788521973293574.060	,0,NPU:2
2,MDCLOCATION,1788521973398586.880	,0,NPU:2
2,MDCLOCATION,1788521973493599.570	,0,NPU:2
2,MDCLOCATION,1788521973559819.670	,0,NPU:2
2,MDCPERCEPTION,1788521953993841.910	,0,NPU:2
2,MDCPERCEPTION,1788521954093690.790	,0,NPU:2
2,MDCPERCEPTION,1788521954193665.180	,0,NPU:2
2,MDCPERCEPTION,1788521954293650.080	,0,NPU:2
2,MDCPERCEPTION,1788521954393654.040	,0,NPU:2
2,MDCPERCEPTION,1788521954493648.730	,0,NPU:2
2,MDCPERCEPTION,1788521954593645.540	,0,NPU:2
2,MDCPERCEPTION,1788521954693640.150	,0,NPU:2
2,MDCPERCEPTION,1788521954793649.950	,0,NPU:2
2,MDCPERCEPTION,1788521954893661.680	,0,NPU:2
2,MDCPERCEPTION,1788521954993678.410	,0,NPU:2
2,MDCPERCEPTION,1788521955093652.720	,0,NPU:2
2,MDCPERCEPTION,1788521955193653.270	,0,NPU:2
2,MDCPERCEPTION,1788521955293648.860	,0,NPU:2
2,MDCPERCEPTION,1788521955393649.220	,0,NPU:2
2,MDCPERCEPTION,1788521955493655.280	,0,NPU:2
2,MDCPERCEPTION,1788521955593651.590	,0,NPU:2
2,MDCPERCEPTION,1788521955693640.580	,0,NPU:2
2,MDCPERCEPTION,1788521955793638.250	,0,NPU:2
2,MDCPERCEPTION,1788521955893682.250	,0,NPU:2
2,MDCPERCEPTION,1788521955993682.480	,0,NPU:2
2,MDCPERCEPTION,1788521956093711.640	,0,NPU:2
2,MDCPERCEPTION,1788521956193672.410	,0,NPU:2
2,MDCPERCEPTION,1788521956293669.740	,0,NPU:2
2,MDCPERCEPTION,1788521956393666.240	,0,NPU:2
2,MDCPERCEPTION,1788521956493676.590	,0,NPU:2
2,MDCPERCEPTION,1788521956593710.650	,0,NPU:2
2,MDCPERCEPTION,1788521956693695.830	,0,NPU:2
2,MDCPERCEPTION,1788521956793695.140	,0,NPU:2
2,MDCPERCEPTION,1788521956893673.320	,0,NPU:2
2,MDCPERCEPTION,1788521956993679.850	,0,NPU:2
2,MDCPERCEPTION,1788521957093679.860	,0,NPU:2
2,MDCPERCEPTION,1788521957193708.460	,0,NPU:2
2,MDCPERCEPTION,1788521957293678.900	,0,NPU:2
2,MDCPERCEPTION,1788521957393665.400	,0,NPU:2
2,MDCPERCEPTION,1788521957493670.700	,0,NPU:2
2,MDCPERCEPTION,1788521957593669.370	,0,NPU:2
2,MDCPERCEPTION,1788521957693681.180	,0,NPU:2
2,MDCPERCEPTION,1788521957793669.280	,0,NPU:2
2,MDCPERCEPTION,1788521957893667.600	,0,NPU:2
2,MDCPERCEPTION,1788521957993664.330	,0,NPU:2
2,MDCPERCEPTION,1788521958093664.530	,0,NPU:2
2,MDCPERCEPTION,1788521958193664.090	,0,NPU:2
2,MDCPERCEPTION,1788521958293676.530	,0,NPU:2
2,MDCPERCEPTION,1788521958393683.270	,0,NPU:2
2,MDCPERCEPTION,1788521958493690.880	,0,NPU:2
2,MDCPERCEPTION,1788521958593674.040	,0,NPU:2
2,MDCPERCEPTION,1788521958693683.820	,0,NPU:2
2,MDCPERCEPTION,1788521958793687.320	,0,NPU:2
2,MDCPERCEPTION,1788521958893675.330	,0,NPU:2
2,MDCPERCEPTION,1788521958993662.280	,0,NPU:2
2,MDCPERCEPTION,1788521959093657.900	,0,NPU:2
2,MDCPERCEPTION,1788521959193640.610	,0,NPU:2
2,MDCPERCEPTION,1788521959293669.420	,0,NPU:2
2,MDCPERCEPTION,1788521959393659.330	,0,NPU:2
2,MDCPERCEPTION,1788521959493656.680	,0,NPU:2
2,MDCPERCEPTION,1788521959593664.410	,0,NPU:2
2,MDCPERCEPTION,1788521959693659.180	,0,NPU:2
2,MDCPERCEPTION,1788521959793659.090	,0,NPU:2
2,MDCPERCEPTION,1788521959893653.390	,0,NPU:2
2,MDCPERCEPTION,1788521959993636.630	,0,NPU:2
2,MDCPERCEPTION,1788521960093661.640	,0,NPU:2
2,MDCPERCEPTION,1788521960193659.550	,0,NPU:2
2,MDCPERCEPTION,1788521960293650.620	,0,NPU:2
2,MDCPERCEPTION,1788521960393656.970	,0,NPU:2
2,MDCPERCEPTION,1788521960493672.410	,0,NPU:2
2,MDCPERCEPTION,1788521960593660.010	,0,NPU:2
2,MDCPERCEPTION,1788521960693662.400	,0,NPU:2
2,MDCPERCEPTION,1788521960793664.020	,0,NPU:2
2,MDCPERCEPTION,1788521960893665.010	,0,NPU:2
2,MDCPERCEPTION,1788521960993655.530	,0,NPU:2
2,MDCPERCEPTION,1788521961093650.430	,0,NPU:2
2,MDCPERCEPTION,1788521961193659.590	,0,NPU:2
2,MDCPERCEPTION,1788521961293649.550	,0,NPU:2
2,MDCPERCEPTION,1788521961393660.560	,0,NPU:2
2,MDCPERCEPTION,1788521961493646.430	,0,NPU:2
2,MDCPERCEPTION,1788521961593653.540	,0,NPU:2
2,MDCPERCEPTION,1788521961693653.280	,0,NPU:2
2,MDCPERCEPTION,1788521961793655.640	,0,NPU:2
2,MDCPERCEPTION,1788521961893663.700	,0,NPU:2
2,MDCPERCEPTION,1788521961993679.720	,0,NPU:2
2,MDCPERCEPTION,1788521962093650.320	,0,NPU:2
2,MDCPERCEPTION,1788521962193649.320	,0,NPU:2
2,MDCPERCEPTION,1788521962293681.190	,0,NPU:2
2,MDCPERCEPTION,1788521962393648.310	,0,NPU:2
2,MDCPERCEPTION,1788521962493648.610	,0,NPU:2
2,MDCPERCEPTION,1788521962593658.720	,0,NPU:2
2,MDCPERCEPTION,1788521962693658.470	,0,NPU:2
2,MDCPERCEPTION,1788521962793647.510	,0,NPU:2
2,MDCPERCEPTION,1788521962893648.970	,0,NPU:2
2,MDCPERCEPTION,1788521962993649.820	,0,NPU:2
2,MDCPERCEPTION,1788521963093652.370	,0,NPU:2
2,MDCPERCEPTION,1788521963193660.920	,0,NPU:2
2,MDCPERCEPTION,1788521963293649.500	,0,NPU:2
2,MDCPERCEPTION,1788521963393652.840	,0,NPU:2
2,MDCPERCEPTION,1788521963493633.730	,0,NPU:2
2,MDCPERCEPTION,1788521963593627.750	,0,NPU:2
2,MDCPERCEPTION,1788521963693630.860	,0,NPU:2
2,MDCPERCEPTION,1788521963793626.500	,0,NPU:2
2,MDCPERCEPTION,1788521963893625.660	,0,NPU:2
2,MDCPERCEPTION,1788521963993619.870	,0,NPU:2
2,MDCPERCEPTION,1788521964093623.630	,0,NPU:2
2,MDCPERCEPTION,1788521964193621.680	,0,NPU:2
2,MDCPERCEPTION,1788521964293631.730	,0,NPU:2
2,MDCPERCEPTION,1788521964393624.810	,0,NPU:2
2,MDCPERCEPTION,1788521964493617.160	,0,NPU:2
2,MDCPERCEPTION,1788521964593612.810	,0,NPU:2
2,MDCPERCEPTION,1788521964693630.030	,0,NPU:2
2,MDCPERCEPTION,1788521964793640.010	,0,NPU:2
2,MDCPERCEPTION,1788521964893621.970	,0,NPU:2
2,MDCPERCEPTION,1788521964993624.260	,0,NPU:2
2,MDCPERCEPTION,1788521965093632.600	,0,NPU:2
2,MDCPERCEPTION,1788521965193623.140	,0,NPU:2
2,MDCPERCEPTION,1788521965293738.890	,0,NPU:2
2,MDCPERCEPTION,1788521965393669.470	,0,NPU:2
2,MDCPERCEPTION,1788521965493639.540	,0,NPU:2
2,MDCPERCEPTION,1788521965593628.350	,0,NPU:2
2,MDCPERCEPTION,1788521965693649.400	,0,NPU:2
2,MDCPERCEPTION,1788521965793641.400	,0,NPU:2
2,MDCPERCEPTION,1788521965893687.370	,0,NPU:2
2,MDCPERCEPTION,1788521965993646.290	,0,NPU:2
2,MDCPERCEPTION,1788521966093625.790	,0,NPU:2
2,MDCPERCEPTION,1788521966193628.540	,0,NPU:2
2,MDCPERCEPTION,1788521966293643.340	,0,NPU:2
2,MDCPERCEPTION,1788521966393613.490	,0,NPU:2
2,MDCPERCEPTION,1788521966493642.110	,0,NPU:2
2,MDCPERCEPTION,1788521966593639.740	,0,NPU:2
2,MDCPERCEPTION,1788521966693630.120	,0,NPU:2
2,MDCPERCEPTION,1788521966793623.110	,0,NPU:2
2,MDCPERCEPTION,1788521966893628.080	,0,NPU:2
2,MDCPERCEPTION,1788521966993649.050	,0,NPU:2
2,MDCPERCEPTION,1788521967093643.280	,0,NPU:2
2,MDCPERCEPTION,1788521967193636.760	,0,NPU:2
2,MDCPERCEPTION,1788521967293664.510	,0,NPU:2
2,MDCPERCEPTION,1788521967393646.400	,0,NPU:2
2,MDCPERCEPTION,1788521967493631.880	,0,NPU:2
2,MDCPERCEPTION,1788521967593619.300	,0,NPU:2
2,MDCPERCEPTION,1788521967693635.480	,0,NPU:2
2,MDCPERCEPTION,1788521967793629.620	,0,NPU:2
2,MDCPERCEPTION,1788521967893659.030	,0,NPU:2
2,MDCPERCEPTION,1788521967993639.300	,0,NPU:2
2,MDCPERCEPTION,1788521968093616.460	,0,NPU:2
2,MDCPERCEPTION,1788521968193600.750	,0,NPU:2
2,MDCPERCEPTION,1788521968293604.310	,0,NPU:2
2,MDCPERCEPTION,1788521968393642.290	,0,NPU:2
2,MDCPERCEPTION,1788521968493641.350	,0,NPU:2
2,MDCPERCEPTION,1788521968593635.460	,0,NPU:2
2,MDCPERCEPTION,1788521968693623.120	,0,NPU:2
2,MDCPERCEPTION,1788521968793603.210	,0,NPU:2
2,MDCPERCEPTION,1788521968893622.880	,0,NPU:2
2,MDCPERCEPTION,1788521968993646.280	,0,NPU:2
2,MDCPERCEPTION,1788521969093618.190	,0,NPU:2
2,MDCPERCEPTION,1788521969193625.210	,0,NPU:2
2,MDCPERCEPTION,1788521969293613.860	,0,NPU:2
2,MDCPERCEPTION,1788521969393631.150	,0,NPU:2
2,MDCPERCEPTION,1788521969493645.190	,0,NPU:2
2,MDCPERCEPTION,1788521969593630.620	,0,NPU:2
2,MDCPERCEPTION,1788521969693629.060	,0,NPU:2
2,MDCPERCEPTION,1788521969793629.990	,0,NPU:2
2,MDCPERCEPTION,1788521969893608.320	,0,NPU:2
2,MDCPERCEPTION,1788521969993610.590	,0,NPU:2
2,MDCPERCEPTION,1788521970093630.140	,0,NPU:2
2,MDCPERCEPTION,1788521970193626.490	,0,NPU:2
2,MDCPERCEPTION,1788521970293611.210	,0,NPU:2
2,MDCPERCEPTION,1788521970393601.790	,0,NPU:2
2,MDCPERCEPTION,1788521970493628.800	,0,NPU:2
2,MDCPERCEPTION,1788521970593625.850	,0,NPU:2
2,MDCPERCEPTION,1788521970693643.880	,0,NPU:2
2,MDCPERCEPTION,1788521970793609.650	,0,NPU:2
2,MDCPERCEPTION,1788521970893621.640	,0,NPU:2
2,MDCPERCEPTION,1788521970993613.030	,0,NPU:2
2,MDCPERCEPTION,1788521971093591.550	,0,NPU:2
2,MDCPERCEPTION,1788521971193601.230	,0,NPU:2
2,MDCPERCEPTION,1788521971293601.060	,0,NPU:2
2,MDCPERCEPTION,1788521971393594.380	,0,NPU:2
2,MDCPERCEPTION,1788521971493608.280	,0,NPU:2
2,MDCPERCEPTION,1788521971593612.580	,0,NPU:2
2,MDCPERCEPTION,1788521971693592.100	,0,NPU:2
2,MDCPERCEPTION,1788521971793598.990	,0,NPU:2
2,MDCPERCEPTION,1788521971893595.970	,0,NPU:2
2,MDCPERCEPTION,1788521971993592.820	,0,NPU:2
2,MDCPERCEPTION,1788521972093590.900	,0,NPU:2
2,MDCPERCEPTION,1788521972193595.900	,0,NPU:2
2,MDCPERCEPTION,1788521972293597.240	,0,NPU:2
2,MDCPERCEPTION,1788521972393636.480	,0,NPU:2
2,MDCPERCEPTION,1788521972493583.490	,0,NPU:2
2,MDCPERCEPTION,1788521972593645.590	,0,NPU:2
2,MDCPERCEPTION,1788521972693633.820	,0,NPU:2
2,MDCPERCEPTION,1788521972793603.790	,0,NPU:2
2,MDCPERCEPTION,1788521972893580.480	,0,NPU:2
2,MDCPERCEPTION,1788521972993578.140	,0,NPU:2
2,MDCPERCEPTION,1788521973093574.880	,0,NPU:2
2,MDCPERCEPTION,1788521973193573.610	,0,NPU:2
2,MDCPERCEPTION,1788521973293574.060	,0,NPU:2
2,MDCPERCEPTION,1788521973398586.880	,0,NPU:2
2,MDCPERCEPTION,1788521973493599.570	,0,NPU:2
2,MDCPERCEPTION,1788521973559819.670	,0,NPU:2
2,MDCFSM,1788521953993841.910	,0,NPU:2
2,MDCFSM,1788521954093690.790	,0,NPU:2
2,MDCFSM,1788521954193665.180	,0,NPU:2
2,MDCFSM,1788521954293650.080	,0,NPU:2
2,MDCFSM,1788521954393654.040	,0,NPU:2
2,MDCFSM,1788521954493648.730	,0,NPU:2
2,MDCFSM,1788521954593645.540	,0,NPU:2
2,MDCFSM,1788521954693640.150	,0,NPU:2
2,MDCFSM,1788521954793649.950	,0,NPU:2
2,MDCFSM,1788521954893661.680	,0,NPU:2
2,MDCFSM,1788521954993678.410	,0,NPU:2
2,MDCFSM,1788521955093652.720	,0,NPU:2
2,MDCFSM,1788521955193653.270	,0,NPU:2
2,MDCFSM,1788521955293648.860	,0,NPU:2
2,MDCFSM,1788521955393649.220	,0,NPU:2
2,MDCFSM,1788521955493655.280	,0,NPU:2
2,MDCFSM,1788521955593651.590	,0,NPU:2
2,MDCFSM,1788521955693640.580	,0,NPU:2
2,MDCFSM,1788521955793638.250	,0,NPU:2
2,MDCFSM,1788521955893682.250	,0,NPU:2
2,MDCFSM,1788521955993682.480	,0,NPU:2
2,MDCFSM,1788521956093711.640	,0,NPU:2
2,MDCFSM,1788521956193672.410	,0,NPU:2
2,MDCFSM,1788521956293669.740	,0,NPU:2
2,MDCFSM,1788521956393666.240	,0,NPU:2
2,MDCFSM,1788521956493676.590	,0,NPU:2
2,MDCFSM,1788521956593710.650	,0,NPU:2
2,MDCFSM,1788521956693695.830	,0,NPU:2
2,MDCFSM,1788521956793695.140	,0,NPU:2
2,MDCFSM,1788521956893673.320	,0,NPU:2
2,MDCFSM,1788521956993679.850	,0,NPU:2
2,MDCFSM,1788521957093679.860	,0,NPU:2
2,MDCFSM,1788521957193708.460	,0,NPU:2
2,MDCFSM,1788521957293678.900	,0,NPU:2
2,MDCFSM,1788521957393665.400	,0,NPU:2
2,MDCFSM,1788521957493670.700	,0,NPU:2
2,MDCFSM,1788521957593669.370	,0,NPU:2
2,MDCFSM,1788521957693681.180	,0,NPU:2
2,MDCFSM,1788521957793669.280	,0,NPU:2
2,MDCFSM,1788521957893667.600	,0,NPU:2
2,MDCFSM,1788521957993664.330	,0,NPU:2
2,MDCFSM,1788521958093664.530	,0,NPU:2
2,MDCFSM,1788521958193664.090	,0,NPU:2
2,MDCFSM,1788521958293676.530	,0,NPU:2
2,MDCFSM,1788521958393683.270	,0,NPU:2
2,MDCFSM,1788521958493690.880	,0,NPU:2
2,MDCFSM,1788521958593674.040	,0,NPU:2
2,MDCFSM,1788521958693683.820	,0,NPU:2
2,MDCFSM,1788521958793687.320	,0,NPU:2
2,MDCFSM,1788521958893675.330	,0,NPU:2
2,MDCFSM,1788521958993662.280	,0,NPU:2
2,MDCFSM,1788521959093657.900	,0,NPU:2
2,MDCFSM,1788521959193640.610	,0,NPU:2
2,MDCFSM,1788521959293669.420	,0,NPU:2
2,MDCFSM,1788521959393659.330	,0,NPU:2
2,MDCFSM,1788521959493656.680	,0,NPU:2
2,MDCFSM,1788521959593664.410	,0,NPU:2
2,MDCFSM,1788521959693659.180	,0,NPU:2
2,MDCFSM,1788521959793659.090	,0,NPU:2
2,MDCFSM,1788521959893653.390	,0,NPU:2
2,MDCFSM,1788521959993636.630	,0,NPU:2
2,MDCFSM,1788521960093661.640	,0,NPU:2
2,MDCFSM,1788521960193659.550	,0,NPU:2
2,MDCFSM,1788521960293650.620	,0,NPU:2
2,MDCFSM,1788521960393656.970	,0,NPU:2
2,MDCFSM,1788521960493672.410	,0,NPU:2
2,MDCFSM,1788521960593660.010	,0,NPU:2
2,MDCFSM,1788521960693662.400	,0,NPU:2
2,MDCFSM,1788521960793664.020	,0,NPU:2
2,MDCFSM,1788521960893665.010	,0,NPU:2
2,MDCFSM,1788521960993655.530	,0,NPU:2
2,MDCFSM,1788521961093650.430	,0,NPU:2
2,MDCFSM,1788521961193659.590	,0,NPU:2
2,MDCFSM,1788521961293649.550	,0,NPU:2
2,MDCFSM,1788521961393660.560	,0,NPU:2
2,MDCFSM,1788521961493646.430	,0,NPU:2
2,MDCFSM,1788521961593653.540	,0,NPU:2
2,MDCFSM,1788521961693653.280	,0,NPU:2
2,MDCFSM,1788521961793655.640	,0,NPU:2
2,MDCFSM,1788521961893663.700	,0,NPU:2
2,MDCFSM,1788521961993679.720	,0,NPU:2
2,MDCFSM,1788521962093650.320	,0,NPU:2
2,MDCFSM,1788521962193649.320	,0,NPU:2
2,MDCFSM,1788521962293681.190	,0,NPU:2
2,MDCFSM,1788521962393648.310	,0,NPU:2
2,MDCFSM,1788521962493648.610	,0,NPU:2
2,MDCFSM,1788521962593658.720	,0,NPU:2
2,MDCFSM,1788521962693658.470	,0,NPU:2
2,MDCFSM,1788521962793647.510	,0,NPU:2
2,MDCFSM,1788521962893648.970	,0,NPU:2
2,MDCFSM,1788521962993649.820	,0,NPU:2
2,MDCFSM,1788521963093652.370	,0,NPU:2
2,MDCFSM,1788521963193660.920	,0,NPU:2
2,MDCFSM,1788521963293649.500	,0,NPU:2
2,MDCFSM,1788521963393652.840	,0,NPU:2
2,MDCFSM,1788521963493633.730	,0,NPU:2
2,MDCFSM,1788521963593627.750	,0,NPU:2
2,MDCFSM,1788521963693630.860	,0,NPU:2
2,MDCFSM,1788521963793626.500	,0,NPU:2
2,MDCFSM,1788521963893625.660	,0,NPU:2
2,MDCFSM,1788521963993619.870	,0,NPU:2
2,MDCFSM,1788521964093623.630	,0,NPU:2
2,MDCFSM,1788521964193621.680	,0,NPU:2
2,MDCFSM,1788521964293631.730	,0,NPU:2
2,MDCFSM,1788521964393624.810	,0,NPU:2
2,MDCFSM,1788521964493617.160	,0,NPU:2
2,MDCFSM,1788521964593612.810	,0,NPU:2
2,MDCFSM,1788521964693630.030	,0,NPU:2
2,MDCFSM,1788521964793640.010	,0,NPU:2
2,MDCFSM,1788521964893621.970	,0,NPU:2
2,MDCFSM,1788521964993624.260	,0,NPU:2
2,MDCFSM,1788521965093632.600	,0,NPU:2
2,MDCFSM,1788521965193623.140	,0,NPU:2
2,MDCFSM,1788521965293738.890	,0,NPU:2
2,MDCFSM,1788521965393669.470	,0,NPU:2
2,MDCFSM,1788521965493639.540	,0,NPU:2
2,MDCFSM,1788521965593628.350	,0,NPU:2
2,MDCFSM,1788521965693649.400	,0,NPU:2
2,MDCFSM,1788521965793641.400	,0,NPU:2
2,MDCFSM,1788521965893687.370	,0,NPU:2
2,MDCFSM,1788521965993646.290	,0,NPU:2
2,MDCFSM,1788521966093625.790	,0,NPU:2
2,MDCFSM,1788521966193628.540	,0,NPU:2
2,MDCFSM,1788521966293643.340	,0,NPU:2
2,MDCFSM,1788521966393613.490	,0,NPU:2
2,MDCFSM,1788521966493642.110	,0,NPU:2
2,MDCFSM,1788521966593639.740	,0,NPU:2
2,MDCFSM,1788521966693630.120	,0,NPU:2
2,MDCFSM,1788521966793623.110	,0,NPU:2
2,MDCFSM,1788521966893628.080	,0,NPU:2
2,MDCFSM,1788521966993649.050	,0,NPU:2
2,MDCFSM,1788521967093643.280	,0,NPU:2
2,MDCFSM,1788521967193636.760	,0,NPU:2
2,MDCFSM,1788521967293664.510	,0,NPU:2
2,MDCFSM,1788521967393646.400	,0,NPU:2
2,MDCFSM,1788521967493631.880	,0,NPU:2
2,MDCFSM,1788521967593619.300	,0,NPU:2
2,MDCFSM,1788521967693635.480	,0,NPU:2
2,MDCFSM,1788521967793629.620	,0,NPU:2
2,MDCFSM,1788521967893659.030	,0,NPU:2
2,MDCFSM,1788521967993639.300	,0,NPU:2
2,MDCFSM,1788521968093616.460	,0,NPU:2
2,MDCFSM,1788521968193600.750	,0,NPU:2
2,MDCFSM,1788521968293604.310	,0,NPU:2
2,MDCFSM,1788521968393642.290	,0,NPU:2
2,MDCFSM,1788521968493641.350	,0,NPU:2
2,MDCFSM,1788521968593635.460	,0,NPU:2
2,MDCFSM,1788521968693623.120	,0,NPU:2
2,MDCFSM,1788521968793603.210	,0,NPU:2
2,MDCFSM,1788521968893622.880	,0,NPU:2
2,MDCFSM,1788521968993646.280	,0,NPU:2
2,MDCFSM,1788521969093618.190	,0,NPU:2
2,MDCFSM,1788521969193625.210	,0,NPU:2
2,MDCFSM,1788521969293613.860	,0,NPU:2
2,MDCFSM,1788521969393631.150	,0,NPU:2
2,MDCFSM,1788521969493645.190	,0,NPU:2
2,MDCFSM,1788521969593630.620	,0,NPU:2
2,MDCFSM,1788521969693629.060	,0,NPU:2
2,MDCFSM,1788521969793629.990	,0,NPU:2
2,MDCFSM,1788521969893608.320	,0,NPU:2
2,MDCFSM,1788521969993610.590	,0,NPU:2
2,MDCFSM,1788521970093630.140	,0,NPU:2
2,MDCFSM,1788521970193626.490	,0,NPU:2
2,MDCFSM,1788521970293611.210	,0,NPU:2
2,MDCFSM,1788521970393601.790	,0,NPU:2
2,MDCFSM,1788521970493628.800	,0,NPU:2
2,MDCFSM,1788521970593625.850	,0,NPU:2
2,MDCFSM,1788521970693643.880	,0,NPU:2
2,MDCFSM,1788521970793609.650	,0,NPU:2
2,MDCFSM,1788521970893621.640	,0,NPU:2
2,MDCFSM,1788521970993613.030	,0,NPU:2
2,MDCFSM,1788521971093591.550	,0,NPU:2
2,MDCFSM,1788521971193601.230	,0,NPU:2
2,MDCFSM,1788521971293601.060	,0,NPU:2
2,MDCFSM,1788521971393594.380	,0,NPU:2
2,MDCFSM,1788521971493608.280	,0,NPU:2
2,MDCFSM,1788521971593612.580	,0,NPU:2
2,MDCFSM,1788521971693592.100	,0,NPU:2
2,MDCFSM,1788521971793598.990	,0,NPU:2
2,MDCFSM,1788521971893595.970	,0,NPU:2
2,MDCFSM,1788521971993592.820	,0,NPU:2
2,MDCFSM,1788521972093590.900	,0,NPU:2
2,MDCFSM,1788521972193595.900	,0,NPU:2
2,MDCFSM,1788521972293597.240	,0,NPU:2
2,MDCFSM,1788521972393636.480	,0,NPU:2
2,MDCFSM,1788521972493583.490	,0,NPU:2
2,MDCFSM,1788521972593645.590	,0,NPU:2
2,MDCFSM,1788521972693633.820	,0,NPU:2
2,MDCFSM,1788521972793603.790	,0,NPU:2
2,MDCFSM,1788521972893580.480	,0,NPU:2
2,MDCFSM,1788521972993578.140	,0,NPU:2
2,MDCFSM,1788521973093574.880	,0,NPU:2
2,MDCFSM,1788521973193573.610	,0,NPU:2
2,MDCFSM,1788521973293574.060	,0,NPU:2
2,MDCFSM,1788521973398586.880	,0,NPU:2
2,MDCFSM,1788521973493599.570	,0,NPU:2
2,MDCFSM,1788521973559819.670	,0,NPU:2
2,MDCCOMMON,1788521953993841.910	,0,NPU:2
2,MDCCOMMON,1788521954093690.790	,0,NPU:2
2,MDCCOMMON,1788521954193665.180	,0,NPU:2
2,MDCCOMMON,1788521954293650.080	,0,NPU:2
2,MDCCOMMON,1788521954393654.040	,0,NPU:2
2,MDCCOMMON,1788521954493648.730	,0,NPU:2
2,MDCCOMMON,1788521954593645.540	,0,NPU:2
2,MDCCOMMON,1788521954693640.150	,0,NPU:2
2,MDCCOMMON,1788521954793649.950	,0,NPU:2
2,MDCCOMMON,1788521954893661.680	,0,NPU:2
2,MDCCOMMON,1788521954993678.410	,0,NPU:2
2,MDCCOMMON,1788521955093652.720	,0,NPU:2
2,MDCCOMMON,1788521955193653.270	,0,NPU:2
2,MDCCOMMON,1788521955293648.860	,0,NPU:2
2,MDCCOMMON,1788521955393649.220	,0,NPU:2
2,MDCCOMMON,1788521955493655.280	,0,NPU:2
2,MDCCOMMON,1788521955593651.590	,0,NPU:2
2,MDCCOMMON,1788521955693640.580	,0,NPU:2
2,MDCCOMMON,1788521955793638.250	,0,NPU:2
2,MDCCOMMON,1788521955893682.250	,0,NPU:2
2,MDCCOMMON,1788521955993682.480	,0,NPU:2
2,MDCCOMMON,1788521956093711.640	,0,NPU:2
2,MDCCOMMON,1788521956193672.410	,0,NPU:2
2,MDCCOMMON,1788521956293669.740	,0,NPU:2
2,MDCCOMMON,1788521956393666.240	,0,NPU:2
2,MDCCOMMON,1788521956493676.590	,0,NPU:2
2,MDCCOMMON,1788521956593710.650	,0,NPU:2
2,MDCCOMMON,1788521956693695.830	,0,NPU:2
2,MDCCOMMON,1788521956793695.140	,0,NPU:2
2,MDCCOMMON,1788521956893673.320	,0,NPU:2
2,MDCCOMMON,1788521956993679.850	,0,NPU:2
2,MDCCOMMON,1788521957093679.860	,0,NPU:2
2,MDCCOMMON,1788521957193708.460	,0,NPU:2
2,MDCCOMMON,1788521957293678.900	,0,NPU:2
2,MDCCOMMON,1788521957393665.400	,0,NPU:2
2,MDCCOMMON,1788521957493670.700	,0,NPU:2
2,MDCCOMMON,1788521957593669.370	,0,NPU:2
2,MDCCOMMON,1788521957693681.180	,0,NPU:2
2,MDCCOMMON,1788521957793669.280	,0,NPU:2
2,MDCCOMMON,1788521957893667.600	,0,NPU:2
2,MDCCOMMON,1788521957993664.330	,0,NPU:2
2,MDCCOMMON,1788521958093664.530	,0,NPU:2
2,MDCCOMMON,1788521958193664.090	,0,NPU:2
2,MDCCOMMON,1788521958293676.530	,0,NPU:2
2,MDCCOMMON,1788521958393683.270	,0,NPU:2
2,MDCCOMMON,1788521958493690.880	,0,NPU:2
2,MDCCOMMON,1788521958593674.040	,0,NPU:2
2,MDCCOMMON,1788521958693683.820	,0,NPU:2
2,MDCCOMMON,1788521958793687.320	,0,NPU:2
2,MDCCOMMON,1788521958893675.330	,0,NPU:2
2,MDCCOMMON,1788521958993662.280	,0,NPU:2
2,MDCCOMMON,1788521959093657.900	,0,NPU:2
2,MDCCOMMON,1788521959193640.610	,0,NPU:2
2,MDCCOMMON,1788521959293669.420	,0,NPU:2
2,MDCCOMMON,1788521959393659.330	,0,NPU:2
2,MDCCOMMON,1788521959493656.680	,0,NPU:2
2,MDCCOMMON,1788521959593664.410	,0,NPU:2
2,MDCCOMMON,1788521959693659.180	,0,NPU:2
2,MDCCOMMON,1788521959793659.090	,0,NPU:2
2,MDCCOMMON,1788521959893653.390	,0,NPU:2
2,MDCCOMMON,1788521959993636.630	,0,NPU:2
2,MDCCOMMON,1788521960093661.640	,0,NPU:2
2,MDCCOMMON,1788521960193659.550	,0,NPU:2
2,MDCCOMMON,1788521960293650.620	,0,NPU:2
2,MDCCOMMON,1788521960393656.970	,0,NPU:2
2,MDCCOMMON,1788521960493672.410	,0,NPU:2
2,MDCCOMMON,1788521960593660.010	,0,NPU:2
2,MDCCOMMON,1788521960693662.400	,0,NPU:2
2,MDCCOMMON,1788521960793664.020	,0,NPU:2
2,MDCCOMMON,1788521960893665.010	,0,NPU:2
2,MDCCOMMON,1788521960993655.530	,0,NPU:2
2,MDCCOMMON,1788521961093650.430	,0,NPU:2
2,MDCCOMMON,1788521961193659.590	,0,NPU:2
2,MDCCOMMON,1788521961293649.550	,0,NPU:2
2,MDCCOMMON,1788521961393660.560	,0,NPU:2
2,MDCCOMMON,1788521961493646.430	,0,NPU:2
2,MDCCOMMON,1788521961593653.540	,0,NPU:2
2,MDCCOMMON,1788521961693653.280	,0,NPU:2
2,MDCCOMMON,1788521961793655.640	,0,NPU:2
2,MDCCOMMON,1788521961893663.700	,0,NPU:2
2,MDCCOMMON,1788521961993679.720	,0,NPU:2
2,MDCCOMMON,1788521962093650.320	,0,NPU:2
2,MDCCOMMON,1788521962193649.320	,0,NPU:2
2,MDCCOMMON,1788521962293681.190	,0,NPU:2
2,MDCCOMMON,1788521962393648.310	,0,NPU:2
2,MDCCOMMON,1788521962493648.610	,0,NPU:2
2,MDCCOMMON,1788521962593658.720	,0,NPU:2
2,MDCCOMMON,1788521962693658.470	,0,NPU:2
2,MDCCOMMON,1788521962793647.510	,0,NPU:2
2,MDCCOMMON,1788521962893648.970	,0,NPU:2
2,MDCCOMMON,1788521962993649.820	,0,NPU:2
2,MDCCOMMON,1788521963093652.370	,0,NPU:2
2,MDCCOMMON,1788521963193660.920	,0,NPU:2
2,MDCCOMMON,1788521963293649.500	,0,NPU:2
2,MDCCOMMON,1788521963393652.840	,0,NPU:2
2,MDCCOMMON,1788521963493633.730	,0,NPU:2
2,MDCCOMMON,1788521963593627.750	,0,NPU:2
2,MDCCOMMON,1788521963693630.860	,0,NPU:2
2,MDCCOMMON,1788521963793626.500	,0,NPU:2
2,MDCCOMMON,1788521963893625.660	,0,NPU:2
2,MDCCOMMON,1788521963993619.870	,0,NPU:2
2,MDCCOMMON,1788521964093623.630	,0,NPU:2
2,MDCCOMMON,1788521964193621.680	,0,NPU:2
2,MDCCOMMON,1788521964293631.730	,0,NPU:2
2,MDCCOMMON,1788521964393624.810	,0,NPU:2
2,MDCCOMMON,1788521964493617.160	,0,NPU:2
2,MDCCOMMON,1788521964593612.810	,0,NPU:2
2,MDCCOMMON,1788521964693630.030	,0,NPU:2
2,MDCCOMMON,1788521964793640.010	,0,NPU:2
2,MDCCOMMON,1788521964893621.970	,0,NPU:2
2,MDCCOMMON,1788521964993624.260	,0,NPU:2
2,MDCCOMMON,1788521965093632.600	,0,NPU:2
2,MDCCOMMON,1788521965193623.140	,0,NPU:2
2,MDCCOMMON,1788521965293738.890	,0,NPU:2
2,MDCCOMMON,1788521965393669.470	,0,NPU:2
2,MDCCOMMON,1788521965493639.540	,0,NPU:2
2,MDCCOMMON,1788521965593628.350	,0,NPU:2
2,MDCCOMMON,1788521965693649.400	,0,NPU:2
2,MDCCOMMON,1788521965793641.400	,0,NPU:2
2,MDCCOMMON,1788521965893687.370	,0,NPU:2
2,MDCCOMMON,1788521965993646.290	,0,NPU:2
2,MDCCOMMON,1788521966093625.790	,0,NPU:2
2,MDCCOMMON,1788521966193628.540	,0,NPU:2
2,MDCCOMMON,1788521966293643.340	,0,NPU:2
2,MDCCOMMON,1788521966393613.490	,0,NPU:2
2,MDCCOMMON,1788521966493642.110	,0,NPU:2
2,MDCCOMMON,1788521966593639.740	,0,NPU:2
2,MDCCOMMON,1788521966693630.120	,0,NPU:2
2,MDCCOMMON,1788521966793623.110	,0,NPU:2
2,MDCCOMMON,1788521966893628.080	,0,NPU:2
2,MDCCOMMON,1788521966993649.050	,0,NPU:2
2,MDCCOMMON,1788521967093643.280	,0,NPU:2
2,MDCCOMMON,1788521967193636.760	,0,NPU:2
2,MDCCOMMON,1788521967293664.510	,0,NPU:2
2,MDCCOMMON,1788521967393646.400	,0,NPU:2
2,MDCCOMMON,1788521967493631.880	,0,NPU:2
2,MDCCOMMON,1788521967593619.300	,0,NPU:2
2,MDCCOMMON,1788521967693635.480	,0,NPU:2
2,MDCCOMMON,1788521967793629.620	,0,NPU:2
2,MDCCOMMON,1788521967893659.030	,0,NPU:2
2,MDCCOMMON,1788521967993639.300	,0,NPU:2
2,MDCCOMMON,1788521968093616.460	,0,NPU:2
2,MDCCOMMON,1788521968193600.750	,0,NPU:2
2,MDCCOMMON,1788521968293604.310	,0,NPU:2
2,MDCCOMMON,1788521968393642.290	,0,NPU:2
2,MDCCOMMON,1788521968493641.350	,0,NPU:2
2,MDCCOMMON,1788521968593635.460	,0,NPU:2
2,MDCCOMMON,1788521968693623.120	,0,NPU:2
2,MDCCOMMON,1788521968793603.210	,0,NPU:2
2,MDCCOMMON,1788521968893622.880	,0,NPU:2
2,MDCCOMMON,1788521968993646.280	,0,NPU:2
2,MDCCOMMON,1788521969093618.190	,0,NPU:2
2,MDCCOMMON,1788521969193625.210	,0,NPU:2
2,MDCCOMMON,1788521969293613.860	,0,NPU:2
2,MDCCOMMON,1788521969393631.150	,0,NPU:2
2,MDCCOMMON,1788521969493645.190	,0,NPU:2
2,MDCCOMMON,1788521969593630.620	,0,NPU:2
2,MDCCOMMON,1788521969693629.060	,0,NPU:2
2,MDCCOMMON,1788521969793629.990	,0,NPU:2
2,MDCCOMMON,1788521969893608.320	,0,NPU:2
2,MDCCOMMON,1788521969993610.590	,0,NPU:2
2,MDCCOMMON,1788521970093630.140	,0,NPU:2
2,MDCCOMMON,1788521970193626.490	,0,NPU:2
2,MDCCOMMON,1788521970293611.210	,0,NPU:2
2,MDCCOMMON,1788521970393601.790	,0,NPU:2
2,MDCCOMMON,1788521970493628.800	,0,NPU:2
2,MDCCOMMON,1788521970593625.850	,0,NPU:2
2,MDCCOMMON,1788521970693643.880	,0,NPU:2
2,MDCCOMMON,1788521970793609.650	,0,NPU:2
2,MDCCOMMON,1788521970893621.640	,0,NPU:2
2,MDCCOMMON,1788521970993613.030	,0,NPU:2
2,MDCCOMMON,1788521971093591.550	,0,NPU:2
2,MDCCOMMON,1788521971193601.230	,0,NPU:2
2,MDCCOMMON,1788521971293601.060	,0,NPU:2
2,MDCCOMMON,1788521971393594.380	,0,NPU:2
2,MDCCOMMON,1788521971493608.280	,0,NPU:2
2,MDCCOMMON,1788521971593612.580	,0,NPU:2
2,MDCCOMMON,1788521971693592.100	,0,NPU:2
2,MDCCOMMON,1788521971793598.990	,0,NPU:2
2,MDCCOMMON,1788521971893595.970	,0,NPU:2
2,MDCCOMMON,1788521971993592.820	,0,NPU:2
2,MDCCOMMON,1788521972093590.900	,0,NPU:2
2,MDCCOMMON,1788521972193595.900	,0,NPU:2
2,MDCCOMMON,1788521972293597.240	,0,NPU:2
2,MDCCOMMON,1788521972393636.480	,0,NPU:2
2,MDCCOMMON,1788521972493583.490	,0,NPU:2
2,MDCCOMMON,1788521972593645.590	,0,NPU:2
2,MDCCOMMON,1788521972693633.820	,0,NPU:2
2,MDCCOMMON,1788521972793603.790	,0,NPU:2
2,MDCCOMMON,1788521972893580.480	,0,NPU:2
2,MDCCOMMON,1788521972993578.140	,0,NPU:2
2,MDCCOMMON,1788521973093574.880	,0,NPU:2
2,MDCCOMMON,1788521973193573.610	,0,NPU:2
2,MDCCOMMON,1788521973293574.060	,0,NPU:2
2,MDCCOMMON,1788521973398586.880	,0,NPU:2
2,MDCCOMMON,1788521973493599.570	,0,NPU:2
2,MDCCOMMON,1788521973559819.670	,0,NPU:2
2,MDCMONITOR,1788521953993841.910	,0,NPU:2
2,MDCMONITOR,1788521954093690.790	,0,NPU:2
2,MDCMONITOR,1788521954193665.180	,0,NPU:2
2,MDCMONITOR,1788521954293650.080	,0,NPU:2
2,MDCMONITOR,1788521954393654.040	,0,NPU:2
2,MDCMONITOR,1788521954493648.730	,0,NPU:2
2,MDCMONITOR,1788521954593645.540	,0,NPU:2
2,MDCMONITOR,1788521954693640.150	,0,NPU:2
2,MDCMONITOR,1788521954793649.950	,0,NPU:2
2,MDCMONITOR,1788521954893661.680	,0,NPU:2
2,MDCMONITOR,1788521954993678.410	,0,NPU:2
2,MDCMONITOR,1788521955093652.720	,0,NPU:2
2,MDCMONITOR,1788521955193653.270	,0,NPU:2
2,MDCMONITOR,1788521955293648.860	,0,NPU:2
2,MDCMONITOR,1788521955393649.220	,0,NPU:2
2,MDCMONITOR,1788521955493655.280	,0,NPU:2
2,MDCMONITOR,1788521955593651.590	,0,NPU:2
2,MDCMONITOR,1788521955693640.580	,0,NPU:2
2,MDCMONITOR,1788521955793638.250	,0,NPU:2
2,MDCMONITOR,1788521955893682.250	,0,NPU:2
2,MDCMONITOR,1788521955993682.480	,0,NPU:2
2,MDCMONITOR,1788521956093711.640	,0,NPU:2
2,MDCMONITOR,1788521956193672.410	,0,NPU:2
2,MDCMONITOR,1788521956293669.740	,0,NPU:2
2,MDCMONITOR,1788521956393666.240	,0,NPU:2
2,MDCMONITOR,1788521956493676.590	,0,NPU:2
2,MDCMONITOR,1788521956593710.650	,0,NPU:2
2,MDCMONITOR,1788521956693695.830	,0,NPU:2
2,MDCMONITOR,1788521956793695.140	,0,NPU:2
2,MDCMONITOR,1788521956893673.320	,0,NPU:2
2,MDCMONITOR,1788521956993679.850	,0,NPU:2
2,MDCMONITOR,1788521957093679.860	,0,NPU:2
2,MDCMONITOR,1788521957193708.460	,0,NPU:2
2,MDCMONITOR,1788521957293678.900	,0,NPU:2
2,MDCMONITOR,1788521957393665.400	,0,NPU:2
2,MDCMONITOR,1788521957493670.700	,0,NPU:2
2,MDCMONITOR,1788521957593669.370	,0,NPU:2
2,MDCMONITOR,1788521957693681.180	,0,NPU:2
2,MDCMONITOR,1788521957793669.280	,0,NPU:2
2,MDCMONITOR,1788521957893667.600	,0,NPU:2
2,MDCMONITOR,1788521957993664.330	,0,NPU:2
2,MDCMONITOR,1788521958093664.530	,0,NPU:2
2,MDCMONITOR,1788521958193664.090	,0,NPU:2
2,MDCMONITOR,1788521958293676.530	,0,NPU:2
2,MDCMONITOR,1788521958393683.270	,0,NPU:2
2,MDCMONITOR,1788521958493690.880	,0,NPU:2
2,MDCMONITOR,1788521958593674.040	,0,NPU:2
2,MDCMONITOR,1788521958693683.820	,0,NPU:2
2,MDCMONITOR,1788521958793687.320	,0,NPU:2
2,MDCMONITOR,1788521958893675.330	,0,NPU:2
2,MDCMONITOR,1788521958993662.280	,0,NPU:2
2,MDCMONITOR,1788521959093657.900	,0,NPU:2
2,MDCMONITOR,1788521959193640.610	,0,NPU:2
2,MDCMONITOR,1788521959293669.420	,0,NPU:2
2,MDCMONITOR,1788521959393659.330	,0,NPU:2
2,MDCMONITOR,1788521959493656.680	,0,NPU:2
2,MDCMONITOR,1788521959593664.410	,0,NPU:2
2,MDCMONITOR,1788521959693659.180	,0,NPU:2
2,MDCMONITOR,1788521959793659.090	,0,NPU:2
2,MDCMONITOR,1788521959893653.390	,0,NPU:2
2,MDCMONITOR,1788521959993636.630	,0,NPU:2
2,MDCMONITOR,1788521960093661.640	,0,NPU:2
2,MDCMONITOR,1788521960193659.550	,0,NPU:2
2,MDCMONITOR,1788521960293650.620	,0,NPU:2
2,MDCMONITOR,1788521960393656.970	,0,NPU:2
2,MDCMONITOR,1788521960493672.410	,0,NPU:2
2,MDCMONITOR,1788521960593660.010	,0,NPU:2
2,MDCMONITOR,1788521960693662.400	,0,NPU:2
2,MDCMONITOR,1788521960793664.020	,0,NPU:2
2,MDCMONITOR,1788521960893665.010	,0,NPU:2
2,MDCMONITOR,1788521960993655.530	,0,NPU:2
2,MDCMONITOR,1788521961093650.430	,0,NPU:2
2,MDCMONITOR,1788521961193659.590	,0,NPU:2
2,MDCMONITOR,1788521961293649.550	,0,NPU:2
2,MDCMONITOR,1788521961393660.560	,0,NPU:2
2,MDCMONITOR,1788521961493646.430	,0,NPU:2
2,MDCMONITOR,1788521961593653.540	,0,NPU:2
2,MDCMONITOR,1788521961693653.280	,0,NPU:2
2,MDCMONITOR,1788521961793655.640	,0,NPU:2
2,MDCMONITOR,1788521961893663.700	,0,NPU:2
2,MDCMONITOR,1788521961993679.720	,0,NPU:2
2,MDCMONITOR,1788521962093650.320	,0,NPU:2
2,MDCMONITOR,1788521962193649.320	,0,NPU:2
2,MDCMONITOR,1788521962293681.190	,0,NPU:2
2,MDCMONITOR,1788521962393648.310	,0,NPU:2
2,MDCMONITOR,1788521962493648.610	,0,NPU:2
2,MDCMONITOR,1788521962593658.720	,0,NPU:2
2,MDCMONITOR,1788521962693658.470	,0,NPU:2
2,MDCMONITOR,1788521962793647.510	,0,NPU:2
2,MDCMONITOR,1788521962893648.970	,0,NPU:2
2,MDCMONITOR,1788521962993649.820	,0,NPU:2
2,MDCMONITOR,1788521963093652.370	,0,NPU:2
2,MDCMONITOR,1788521963193660.920	,0,NPU:2
2,MDCMONITOR,1788521963293649.500	,0,NPU:2
2,MDCMONITOR,1788521963393652.840	,0,NPU:2
2,MDCMONITOR,1788521963493633.730	,0,NPU:2
2,MDCMONITOR,1788521963593627.750	,0,NPU:2
2,MDCMONITOR,1788521963693630.860	,0,NPU:2
2,MDCMONITOR,1788521963793626.500	,0,NPU:2
2,MDCMONITOR,1788521963893625.660	,0,NPU:2
2,MDCMONITOR,1788521963993619.870	,0,NPU:2
2,MDCMONITOR,1788521964093623.630	,0,NPU:2
2,MDCMONITOR,1788521964193621.680	,0,NPU:2
2,MDCMONITOR,1788521964293631.730	,0,NPU:2
2,MDCMONITOR,1788521964393624.810	,0,NPU:2
2,MDCMONITOR,1788521964493617.160	,0,NPU:2
2,MDCMONITOR,1788521964593612.810	,0,NPU:2
2,MDCMONITOR,1788521964693630.030	,0,NPU:2
2,MDCMONITOR,1788521964793640.010	,0,NPU:2
2,MDCMONITOR,1788521964893621.970	,0,NPU:2
2,MDCMONITOR,1788521964993624.260	,0,NPU:2
2,MDCMONITOR,1788521965093632.600	,0,NPU:2
2,MDCMONITOR,1788521965193623.140	,0,NPU:2
2,MDCMONITOR,1788521965293738.890	,0,NPU:2
2,MDCMONITOR,1788521965393669.470	,0,NPU:2
2,MDCMONITOR,1788521965493639.540	,0,NPU:2
2,MDCMONITOR,1788521965593628.350	,0,NPU:2
2,MDCMONITOR,1788521965693649.400	,0,NPU:2
2,MDCMONITOR,1788521965793641.400	,0,NPU:2
2,MDCMONITOR,1788521965893687.370	,0,NPU:2
2,MDCMONITOR,1788521965993646.290	,0,NPU:2
2,MDCMONITOR,1788521966093625.790	,0,NPU:2
2,MDCMONITOR,1788521966193628.540	,0,NPU:2
2,MDCMONITOR,1788521966293643.340	,0,NPU:2
2,MDCMONITOR,1788521966393613.490	,0,NPU:2
2,MDCMONITOR,1788521966493642.110	,0,NPU:2
2,MDCMONITOR,1788521966593639.740	,0,NPU:2
2,MDCMONITOR,1788521966693630.120	,0,NPU:2
2,MDCMONITOR,1788521966793623.110	,0,NPU:2
2,MDCMONITOR,1788521966893628.080	,0,NPU:2
2,MDCMONITOR,1788521966993649.050	,0,NPU:2
2,MDCMONITOR,1788521967093643.280	,0,NPU:2
2,MDCMONITOR,1788521967193636.760	,0,NPU:2
2,MDCMONITOR,1788521967293664.510	,0,NPU:2
2,MDCMONITOR,1788521967393646.400	,0,NPU:2
2,MDCMONITOR,1788521967493631.880	,0,NPU:2
2,MDCMONITOR,1788521967593619.300	,0,NPU:2
2,MDCMONITOR,1788521967693635.480	,0,NPU:2
2,MDCMONITOR,1788521967793629.620	,0,NPU:2
2,MDCMONITOR,1788521967893659.030	,0,NPU:2
2,MDCMONITOR,1788521967993639.300	,0,NPU:2
2,MDCMONITOR,1788521968093616.460	,0,NPU:2
2,MDCMONITOR,1788521968193600.750	,0,NPU:2
2,MDCMONITOR,1788521968293604.310	,0,NPU:2
2,MDCMONITOR,1788521968393642.290	,0,NPU:2
2,MDCMONITOR,1788521968493641.350	,0,NPU:2
2,MDCMONITOR,1788521968593635.460	,0,NPU:2
2,MDCMONITOR,1788521968693623.120	,0,NPU:2
2,MDCMONITOR,1788521968793603.210	,0,NPU:2
2,MDCMONITOR,1788521968893622.880	,0,NPU:2
2,MDCMONITOR,1788521968993646.280	,0,NPU:2
2,MDCMONITOR,1788521969093618.190	,0,NPU:2
2,MDCMONITOR,1788521969193625.210	,0,NPU:2
2,MDCMONITOR,1788521969293613.860	,0,NPU:2
2,MDCMONITOR,1788521969393631.150	,0,NPU:2
2,MDCMONITOR,1788521969493645.190	,0,NPU:2
2,MDCMONITOR,1788521969593630.620	,0,NPU:2
2,MDCMONITOR,1788521969693629.060	,0,NPU:2
2,MDCMONITOR,1788521969793629.990	,0,NPU:2
2,MDCMONITOR,1788521969893608.320	,0,NPU:2
2,MDCMONITOR,1788521969993610.590	,0,NPU:2
2,MDCMONITOR,1788521970093630.140	,0,NPU:2
2,MDCMONITOR,1788521970193626.490	,0,NPU:2
2,MDCMONITOR,1788521970293611.210	,0,NPU:2
2,MDCMONITOR,1788521970393601.790	,0,NPU:2
2,MDCMONITOR,1788521970493628.800	,0,NPU:2
2,MDCMONITOR,1788521970593625.850	,0,NPU:2
2,MDCMONITOR,1788521970693643.880	,0,NPU:2
2,MDCMONITOR,1788521970793609.650	,0,NPU:2
2,MDCMONITOR,1788521970893621.640	,0,NPU:2
2,MDCMONITOR,1788521970993613.030	,0,NPU:2
2,MDCMONITOR,1788521971093591.550	,0,NPU:2
2,MDCMONITOR,1788521971193601.230	,0,NPU:2
2,MDCMONITOR,1788521971293601.060	,0,NPU:2
2,MDCMONITOR,1788521971393594.380	,0,NPU:2
2,MDCMONITOR,1788521971493608.280	,0,NPU:2
2,MDCMONITOR,1788521971593612.580	,0,NPU:2
2,MDCMONITOR,1788521971693592.100	,0,NPU:2
2,MDCMONITOR,1788521971793598.990	,0,NPU:2
2,MDCMONITOR,1788521971893595.970	,0,NPU:2
2,MDCMONITOR,1788521971993592.820	,0,NPU:2
2,MDCMONITOR,1788521972093590.900	,0,NPU:2
2,MDCMONITOR,1788521972193595.900	,0,NPU:2
2,MDCMONITOR,1788521972293597.240	,0,NPU:2
2,MDCMONITOR,1788521972393636.480	,0,NPU:2
2,MDCMONITOR,1788521972493583.490	,0,NPU:2
2,MDCMONITOR,1788521972593645.590	,0,NPU:2
2,MDCMONITOR,1788521972693633.820	,0,NPU:2
2,MDCMONITOR,1788521972793603.790	,0,NPU:2
2,MDCMONITOR,1788521972893580.480	,0,NPU:2
2,MDCMONITOR,1788521972993578.140	,0,NPU:2
2,MDCMONITOR,1788521973093574.880	,0,NPU:2
2,MDCMONITOR,1788521973193573.610	,0,NPU:2
2,MDCMONITOR,1788521973293574.060	,0,NPU:2
2,MDCMONITOR,1788521973398586.880	,0,NPU:2
2,MDCMONITOR,1788521973493599.570	,0,NPU:2
2,MDCMONITOR,1788521973559819.670	,0,NPU:2
2,MDCBSWP,1788521953993841.910	,0,NPU:2
2,MDCBSWP,1788521954093690.790	,0,NPU:2
2,MDCBSWP,1788521954193665.180	,0,NPU:2
2,MDCBSWP,1788521954293650.080	,0,NPU:2
2,MDCBSWP,1788521954393654.040	,0,NPU:2
2,MDCBSWP,1788521954493648.730	,0,NPU:2
2,MDCBSWP,1788521954593645.540	,0,NPU:2
2,MDCBSWP,1788521954693640.150	,0,NPU:2
2,MDCBSWP,1788521954793649.950	,0,NPU:2
2,MDCBSWP,1788521954893661.680	,0,NPU:2
2,MDCBSWP,1788521954993678.410	,0,NPU:2
2,MDCBSWP,1788521955093652.720	,0,NPU:2
2,MDCBSWP,1788521955193653.270	,0,NPU:2
2,MDCBSWP,1788521955293648.860	,0,NPU:2
2,MDCBSWP,1788521955393649.220	,0,NPU:2
2,MDCBSWP,1788521955493655.280	,0,NPU:2
2,MDCBSWP,1788521955593651.590	,0,NPU:2
2,MDCBSWP,1788521955693640.580	,0,NPU:2
2,MDCBSWP,1788521955793638.250	,0,NPU:2
2,MDCBSWP,1788521955893682.250	,0,NPU:2
2,MDCBSWP,1788521955993682.480	,0,NPU:2
2,MDCBSWP,1788521956093711.640	,0,NPU:2
2,MDCBSWP,1788521956193672.410	,0,NPU:2
2,MDCBSWP,1788521956293669.740	,0,NPU:2
2,MDCBSWP,1788521956393666.240	,0,NPU:2
2,MDCBSWP,1788521956493676.590	,0,NPU:2
2,MDCBSWP,1788521956593710.650	,0,NPU:2
2,MDCBSWP,1788521956693695.830	,0,NPU:2
2,MDCBSWP,1788521956793695.140	,0,NPU:2
2,MDCBSWP,1788521956893673.320	,0,NPU:2
2,MDCBSWP,1788521956993679.850	,0,NPU:2
2,MDCBSWP,1788521957093679.860	,0,NPU:2
2,MDCBSWP,1788521957193708.460	,0,NPU:2
2,MDCBSWP,1788521957293678.900	,0,NPU:2
2,MDCBSWP,1788521957393665.400	,0,NPU:2
2,MDCBSWP,1788521957493670.700	,0,NPU:2
2,MDCBSWP,1788521957593669.370	,0,NPU:2
2,MDCBSWP,1788521957693681.180	,0,NPU:2
2,MDCBSWP,1788521957793669.280	,0,NPU:2
2,MDCBSWP,1788521957893667.600	,0,NPU:2
2,MDCBSWP,1788521957993664.330	,0,NPU:2
2,MDCBSWP,1788521958093664.530	,0,NPU:2
2,MDCBSWP,1788521958193664.090	,0,NPU:2
2,MDCBSWP,1788521958293676.530	,0,NPU:2
2,MDCBSWP,1788521958393683.270	,0,NPU:2
2,MDCBSWP,1788521958493690.880	,0,NPU:2
2,MDCBSWP,1788521958593674.040	,0,NPU:2
2,MDCBSWP,1788521958693683.820	,0,NPU:2
2,MDCBSWP,1788521958793687.320	,0,NPU:2
2,MDCBSWP,1788521958893675.330	,0,NPU:2
2,MDCBSWP,1788521958993662.280	,0,NPU:2
2,MDCBSWP,1788521959093657.900	,0,NPU:2
2,MDCBSWP,1788521959193640.610	,0,NPU:2
2,MDCBSWP,1788521959293669.420	,0,NPU:2
2,MDCBSWP,1788521959393659.330	,0,NPU:2
2,MDCBSWP,1788521959493656.680	,0,NPU:2
2,MDCBSWP,1788521959593664.410	,0,NPU:2
2,MDCBSWP,1788521959693659.180	,0,NPU:2
2,MDCBSWP,1788521959793659.090	,0,NPU:2
2,MDCBSWP,1788521959893653.390	,0,NPU:2
2,MDCBSWP,1788521959993636.630	,0,NPU:2
2,MDCBSWP,1788521960093661.640	,0,NPU:2
2,MDCBSWP,1788521960193659.550	,0,NPU:2
2,MDCBSWP,1788521960293650.620	,0,NPU:2
2,MDCBSWP,1788521960393656.970	,0,NPU:2
2,MDCBSWP,1788521960493672.410	,0,NPU:2
2,MDCBSWP,1788521960593660.010	,0,NPU:2
2,MDCBSWP,1788521960693662.400	,0,NPU:2
2,MDCBSWP,1788521960793664.020	,0,NPU:2
2,MDCBSWP,1788521960893665.010	,0,NPU:2
2,MDCBSWP,1788521960993655.530	,0,NPU:2
2,MDCBSWP,1788521961093650.430	,0,NPU:2
2,MDCBSWP,1788521961193659.590	,0,NPU:2
2,MDCBSWP,1788521961293649.550	,0,NPU:2
2,MDCBSWP,1788521961393660.560	,0,NPU:2
2,MDCBSWP,1788521961493646.430	,0,NPU:2
2,MDCBSWP,1788521961593653.540	,0,NPU:2
2,MDCBSWP,1788521961693653.280	,0,NPU:2
2,MDCBSWP,1788521961793655.640	,0,NPU:2
2,MDCBSWP,1788521961893663.700	,0,NPU:2
2,MDCBSWP,1788521961993679.720	,0,NPU:2
2,MDCBSWP,1788521962093650.320	,0,NPU:2
2,MDCBSWP,1788521962193649.320	,0,NPU:2
2,MDCBSWP,1788521962293681.190	,0,NPU:2
2,MDCBSWP,1788521962393648.310	,0,NPU:2
2,MDCBSWP,1788521962493648.610	,0,NPU:2
2,MDCBSWP,1788521962593658.720	,0,NPU:2
2,MDCBSWP,1788521962693658.470	,0,NPU:2
2,MDCBSWP,1788521962793647.510	,0,NPU:2
2,MDCBSWP,1788521962893648.970	,0,NPU:2
2,MDCBSWP,1788521962993649.820	,0,NPU:2
2,MDCBSWP,1788521963093652.370	,0,NPU:2
2,MDCBSWP,1788521963193660.920	,0,NPU:2
2,MDCBSWP,1788521963293649.500	,0,NPU:2
2,MDCBSWP,1788521963393652.840	,0,NPU:2
2,MDCBSWP,1788521963493633.730	,0,NPU:2
2,MDCBSWP,1788521963593627.750	,0,NPU:2
2,MDCBSWP,1788521963693630.860	,0,NPU:2
2,MDCBSWP,1788521963793626.500	,0,NPU:2
2,MDCBSWP,1788521963893625.660	,0,NPU:2
2,MDCBSWP,1788521963993619.870	,0,NPU:2
2,MDCBSWP,1788521964093623.630	,0,NPU:2
2,MDCBSWP,1788521964193621.680	,0,NPU:2
2,MDCBSWP,1788521964293631.730	,0,NPU:2
2,MDCBSWP,1788521964393624.810	,0,NPU:2
2,MDCBSWP,1788521964493617.160	,0,NPU:2
2,MDCBSWP,1788521964593612.810	,0,NPU:2
2,MDCBSWP,1788521964693630.030	,0,NPU:2
2,MDCBSWP,1788521964793640.010	,0,NPU:2
2,MDCBSWP,1788521964893621.970	,0,NPU:2
2,MDCBSWP,1788521964993624.260	,0,NPU:2
2,MDCBSWP,1788521965093632.600	,0,NPU:2
2,MDCBSWP,1788521965193623.140	,0,NPU:2
2,MDCBSWP,1788521965293738.890	,0,NPU:2
2,MDCBSWP,1788521965393669.470	,0,NPU:2
2,MDCBSWP,1788521965493639.540	,0,NPU:2
2,MDCBSWP,1788521965593628.350	,0,NPU:2
2,MDCBSWP,1788521965693649.400	,0,NPU:2
2,MDCBSWP,1788521965793641.400	,0,NPU:2
2,MDCBSWP,1788521965893687.370	,0,NPU:2
2,MDCBSWP,1788521965993646.290	,0,NPU:2
2,MDCBSWP,1788521966093625.790	,0,NPU:2
2,MDCBSWP,1788521966193628.540	,0,NPU:2
2,MDCBSWP,1788521966293643.340	,0,NPU:2
2,MDCBSWP,1788521966393613.490	,0,NPU:2
2,MDCBSWP,1788521966493642.110	,0,NPU:2
2,MDCBSWP,1788521966593639.740	,0,NPU:2
2,MDCBSWP,1788521966693630.120	,0,NPU:2
2,MDCBSWP,1788521966793623.110	,0,NPU:2
2,MDCBSWP,1788521966893628.080	,0,NPU:2
2,MDCBSWP,1788521966993649.050	,0,NPU:2
2,MDCBSWP,1788521967093643.280	,0,NPU:2
2,MDCBSWP,1788521967193636.760	,0,NPU:2
2,MDCBSWP,1788521967293664.510	,0,NPU:2
2,MDCBSWP,1788521967393646.400	,0,NPU:2
2,MDCBSWP,1788521967493631.880	,0,NPU:2
2,MDCBSWP,1788521967593619.300	,0,NPU:2
2,MDCBSWP,1788521967693635.480	,0,NPU:2
2,MDCBSWP,1788521967793629.620	,0,NPU:2
2,MDCBSWP,1788521967893659.030	,0,NPU:2
2,MDCBSWP,1788521967993639.300	,0,NPU:2
2,MDCBSWP,1788521968093616.460	,0,NPU:2
2,MDCBSWP,1788521968193600.750	,0,NPU:2
2,MDCBSWP,1788521968293604.310	,0,NPU:2
2,MDCBSWP,1788521968393642.290	,0,NPU:2
2,MDCBSWP,1788521968493641.350	,0,NPU:2
2,MDCBSWP,1788521968593635.460	,0,NPU:2
2,MDCBSWP,1788521968693623.120	,0,NPU:2
2,MDCBSWP,1788521968793603.210	,0,NPU:2
2,MDCBSWP,1788521968893622.880	,0,NPU:2
2,MDCBSWP,1788521968993646.280	,0,NPU:2
2,MDCBSWP,1788521969093618.190	,0,NPU:2
2,MDCBSWP,1788521969193625.210	,0,NPU:2
2,MDCBSWP,1788521969293613.860	,0,NPU:2
2,MDCBSWP,1788521969393631.150	,0,NPU:2
2,MDCBSWP,1788521969493645.190	,0,NPU:2
2,MDCBSWP,1788521969593630.620	,0,NPU:2
2,MDCBSWP,1788521969693629.060	,0,NPU:2
2,MDCBSWP,1788521969793629.990	,0,NPU:2
2,MDCBSWP,1788521969893608.320	,0,NPU:2
2,MDCBSWP,1788521969993610.590	,0,NPU:2
2,MDCBSWP,1788521970093630.140	,0,NPU:2
2,MDCBSWP,1788521970193626.490	,0,NPU:2
2,MDCBSWP,1788521970293611.210	,0,NPU:2
2,MDCBSWP,1788521970393601.790	,0,NPU:2
2,MDCBSWP,1788521970493628.800	,0,NPU:2
2,MDCBSWP,1788521970593625.850	,0,NPU:2
2,MDCBSWP,1788521970693643.880	,0,NPU:2
2,MDCBSWP,1788521970793609.650	,0,NPU:2
2,MDCBSWP,1788521970893621.640	,0,NPU:2
2,MDCBSWP,1788521970993613.030	,0,NPU:2
2,MDCBSWP,1788521971093591.550	,0,NPU:2
2,MDCBSWP,1788521971193601.230	,0,NPU:2
2,MDCBSWP,1788521971293601.060	,0,NPU:2
2,MDCBSWP,1788521971393594.380	,0,NPU:2
2,MDCBSWP,1788521971493608.280	,0,NPU:2
2,MDCBSWP,1788521971593612.580	,0,NPU:2
2,MDCBSWP,1788521971693592.100	,0,NPU:2
2,MDCBSWP,1788521971793598.990	,0,NPU:2
2,MDCBSWP,1788521971893595.970	,0,NPU:2
2,MDCBSWP,1788521971993592.820	,0,NPU:2
2,MDCBSWP,1788521972093590.900	,0,NPU:2
2,MDCBSWP,1788521972193595.900	,0,NPU:2
2,MDCBSWP,1788521972293597.240	,0,NPU:2
2,MDCBSWP,1788521972393636.480	,0,NPU:2
2,MDCBSWP,1788521972493583.490	,0,NPU:2
2,MDCBSWP,1788521972593645.590	,0,NPU:2
2,MDCBSWP,1788521972693633.820	,0,NPU:2
2,MDCBSWP,1788521972793603.790	,0,NPU:2
2,MDCBSWP,1788521972893580.480	,0,NPU:2
2,MDCBSWP,1788521972993578.140	,0,NPU:2
2,MDCBSWP,1788521973093574.880	,0,NPU:2
2,MDCBSWP,1788521973193573.610	,0,NPU:2
2,MDCBSWP,1788521973293574.060	,0,NPU:2
2,MDCBSWP,1788521973398586.880	,0,NPU:2
2,MDCBSWP,1788521973493599.570	,0,NPU:2
2,MDCBSWP,1788521973559819.670	,0,NPU:2
2,MDCDEFAULT,1788521953993841.910	,0,NPU:2
2,MDCDEFAULT,1788521954093690.790	,0,NPU:2
2,MDCDEFAULT,1788521954193665.180	,0,NPU:2
2,MDCDEFAULT,1788521954293650.080	,0,NPU:2
2,MDCDEFAULT,1788521954393654.040	,0,NPU:2
2,MDCDEFAULT,1788521954493648.730	,0,NPU:2
2,MDCDEFAULT,1788521954593645.540	,0,NPU:2
2,MDCDEFAULT,1788521954693640.150	,0,NPU:2
2,MDCDEFAULT,1788521954793649.950	,0,NPU:2
2,MDCDEFAULT,1788521954893661.680	,0,NPU:2
2,MDCDEFAULT,1788521954993678.410	,0,NPU:2
2,MDCDEFAULT,1788521955093652.720	,0,NPU:2
2,MDCDEFAULT,1788521955193653.270	,0,NPU:2
2,MDCDEFAULT,1788521955293648.860	,0,NPU:2
2,MDCDEFAULT,1788521955393649.220	,0,NPU:2
2,MDCDEFAULT,1788521955493655.280	,0,NPU:2
2,MDCDEFAULT,1788521955593651.590	,0,NPU:2
2,MDCDEFAULT,1788521955693640.580	,0,NPU:2
2,MDCDEFAULT,1788521955793638.250	,0,NPU:2
2,MDCDEFAULT,1788521955893682.250	,0,NPU:2
2,MDCDEFAULT,1788521955993682.480	,0,NPU:2
2,MDCDEFAULT,1788521956093711.640	,0,NPU:2
2,MDCDEFAULT,1788521956193672.410	,0,NPU:2
2,MDCDEFAULT,1788521956293669.740	,0,NPU:2
2,MDCDEFAULT,1788521956393666.240	,0,NPU:2
2,MDCDEFAULT,1788521956493676.590	,0,NPU:2
2,MDCDEFAULT,1788521956593710.650	,0,NPU:2
2,MDCDEFAULT,1788521956693695.830	,0,NPU:2
2,MDCDEFAULT,1788521956793695.140	,0,NPU:2
2,MDCDEFAULT,1788521956893673.320	,0,NPU:2
2,MDCDEFAULT,1788521956993679.850	,0,NPU:2
2,MDCDEFAULT,1788521957093679.860	,0,NPU:2
2,MDCDEFAULT,1788521957193708.460	,0,NPU:2
2,MDCDEFAULT,1788521957293678.900	,0,NPU:2
2,MDCDEFAULT,1788521957393665.400	,0,NPU:2
2,MDCDEFAULT,1788521957493670.700	,0,NPU:2
2,MDCDEFAULT,1788521957593669.370	,0,NPU:2
2,MDCDEFAULT,1788521957693681.180	,0,NPU:2
2,MDCDEFAULT,1788521957793669.280	,0,NPU:2
2,MDCDEFAULT,1788521957893667.600	,0,NPU:2
2,MDCDEFAULT,1788521957993664.330	,0,NPU:2
2,MDCDEFAULT,1788521958093664.530	,0,NPU:2
2,MDCDEFAULT,1788521958193664.090	,0,NPU:2
2,MDCDEFAULT,1788521958293676.530	,0,NPU:2
2,MDCDEFAULT,1788521958393683.270	,0,NPU:2
2,MDCDEFAULT,1788521958493690.880	,0,NPU:2
2,MDCDEFAULT,1788521958593674.040	,0,NPU:2
2,MDCDEFAULT,1788521958693683.820	,0,NPU:2
2,MDCDEFAULT,1788521958793687.320	,0,NPU:2
2,MDCDEFAULT,1788521958893675.330	,0,NPU:2
2,MDCDEFAULT,1788521958993662.280	,0,NPU:2
2,MDCDEFAULT,1788521959093657.900	,0,NPU:2
2,MDCDEFAULT,1788521959193640.610	,0,NPU:2
2,MDCDEFAULT,1788521959293669.420	,0,NPU:2
2,MDCDEFAULT,1788521959393659.330	,0,NPU:2
2,MDCDEFAULT,1788521959493656.680	,0,NPU:2
2,MDCDEFAULT,1788521959593664.410	,0,NPU:2
2,MDCDEFAULT,1788521959693659.180	,0,NPU:2
2,MDCDEFAULT,1788521959793659.090	,0,NPU:2
2,MDCDEFAULT,1788521959893653.390	,0,NPU:2
2,MDCDEFAULT,1788521959993636.630	,0,NPU:2
2,MDCDEFAULT,1788521960093661.640	,0,NPU:2
2,MDCDEFAULT,1788521960193659.550	,0,NPU:2
2,MDCDEFAULT,1788521960293650.620	,0,NPU:2
2,MDCDEFAULT,1788521960393656.970	,0,NPU:2
2,MDCDEFAULT,1788521960493672.410	,0,NPU:2
2,MDCDEFAULT,1788521960593660.010	,0,NPU:2
2,MDCDEFAULT,1788521960693662.400	,0,NPU:2
2,MDCDEFAULT,1788521960793664.020	,0,NPU:2
2,MDCDEFAULT,1788521960893665.010	,0,NPU:2
2,MDCDEFAULT,1788521960993655.530	,0,NPU:2
2,MDCDEFAULT,1788521961093650.430	,0,NPU:2
2,MDCDEFAULT,1788521961193659.590	,0,NPU:2
2,MDCDEFAULT,1788521961293649.550	,0,NPU:2
2,MDCDEFAULT,1788521961393660.560	,0,NPU:2
2,MDCDEFAULT,1788521961493646.430	,0,NPU:2
2,MDCDEFAULT,1788521961593653.540	,0,NPU:2
2,MDCDEFAULT,1788521961693653.280	,0,NPU:2
2,MDCDEFAULT,1788521961793655.640	,0,NPU:2
2,MDCDEFAULT,1788521961893663.700	,0,NPU:2
2,MDCDEFAULT,1788521961993679.720	,0,NPU:2
2,MDCDEFAULT,1788521962093650.320	,0,NPU:2
2,MDCDEFAULT,1788521962193649.320	,0,NPU:2
2,MDCDEFAULT,1788521962293681.190	,0,NPU:2
2,MDCDEFAULT,1788521962393648.310	,0,NPU:2
2,MDCDEFAULT,1788521962493648.610	,0,NPU:2
2,MDCDEFAULT,1788521962593658.720	,0,NPU:2
2,MDCDEFAULT,1788521962693658.470	,0,NPU:2
2,MDCDEFAULT,1788521962793647.510	,0,NPU:2
2,MDCDEFAULT,1788521962893648.970	,0,NPU:2
2,MDCDEFAULT,1788521962993649.820	,0,NPU:2
2,MDCDEFAULT,1788521963093652.370	,0,NPU:2
2,MDCDEFAULT,1788521963193660.920	,0,NPU:2
2,MDCDEFAULT,1788521963293649.500	,0,NPU:2
2,MDCDEFAULT,1788521963393652.840	,0,NPU:2
2,MDCDEFAULT,1788521963493633.730	,0,NPU:2
2,MDCDEFAULT,1788521963593627.750	,0,NPU:2
2,MDCDEFAULT,1788521963693630.860	,0,NPU:2
2,MDCDEFAULT,1788521963793626.500	,0,NPU:2
2,MDCDEFAULT,1788521963893625.660	,0,NPU:2
2,MDCDEFAULT,1788521963993619.870	,0,NPU:2
2,MDCDEFAULT,1788521964093623.630	,0,NPU:2
2,MDCDEFAULT,1788521964193621.680	,0,NPU:2
2,MDCDEFAULT,1788521964293631.730	,0,NPU:2
2,MDCDEFAULT,1788521964393624.810	,0,NPU:2
2,MDCDEFAULT,1788521964493617.160	,0,NPU:2
2,MDCDEFAULT,1788521964593612.810	,0,NPU:2
2,MDCDEFAULT,1788521964693630.030	,0,NPU:2
2,MDCDEFAULT,1788521964793640.010	,0,NPU:2
2,MDCDEFAULT,1788521964893621.970	,0,NPU:2
2,MDCDEFAULT,1788521964993624.260	,0,NPU:2
2,MDCDEFAULT,1788521965093632.600	,0,NPU:2
2,MDCDEFAULT,1788521965193623.140	,0,NPU:2
2,MDCDEFAULT,1788521965293738.890	,0,NPU:2
2,MDCDEFAULT,1788521965393669.470	,0,NPU:2
2,MDCDEFAULT,1788521965493639.540	,0,NPU:2
2,MDCDEFAULT,1788521965593628.350	,0,NPU:2
2,MDCDEFAULT,1788521965693649.400	,0,NPU:2
2,MDCDEFAULT,1788521965793641.400	,0,NPU:2
2,MDCDEFAULT,1788521965893687.370	,0,NPU:2
2,MDCDEFAULT,1788521965993646.290	,0,NPU:2
2,MDCDEFAULT,1788521966093625.790	,0,NPU:2
2,MDCDEFAULT,1788521966193628.540	,0,NPU:2
2,MDCDEFAULT,1788521966293643.340	,0,NPU:2
2,MDCDEFAULT,1788521966393613.490	,0,NPU:2
2,MDCDEFAULT,1788521966493642.110	,0,NPU:2
2,MDCDEFAULT,1788521966593639.740	,0,NPU:2
2,MDCDEFAULT,1788521966693630.120	,0,NPU:2
2,MDCDEFAULT,1788521966793623.110	,0,NPU:2
2,MDCDEFAULT,1788521966893628.080	,0,NPU:2
2,MDCDEFAULT,1788521966993649.050	,0,NPU:2
2,MDCDEFAULT,1788521967093643.280	,0,NPU:2
2,MDCDEFAULT,1788521967193636.760	,0,NPU:2
2,MDCDEFAULT,1788521967293664.510	,0,NPU:2
2,MDCDEFAULT,1788521967393646.400	,0,NPU:2
2,MDCDEFAULT,1788521967493631.880	,0,NPU:2
2,MDCDEFAULT,1788521967593619.300	,0,NPU:2
2,MDCDEFAULT,1788521967693635.480	,0,NPU:2
2,MDCDEFAULT,1788521967793629.620	,0,NPU:2
2,MDCDEFAULT,1788521967893659.030	,0,NPU:2
2,MDCDEFAULT,1788521967993639.300	,0,NPU:2
2,MDCDEFAULT,1788521968093616.460	,0,NPU:2
2,MDCDEFAULT,1788521968193600.750	,0,NPU:2
2,MDCDEFAULT,1788521968293604.310	,0,NPU:2
2,MDCDEFAULT,1788521968393642.290	,0,NPU:2
2,MDCDEFAULT,1788521968493641.350	,0,NPU:2
2,MDCDEFAULT,1788521968593635.460	,0,NPU:2
2,MDCDEFAULT,1788521968693623.120	,0,NPU:2
2,MDCDEFAULT,1788521968793603.210	,0,NPU:2
2,MDCDEFAULT,1788521968893622.880	,0,NPU:2
2,MDCDEFAULT,1788521968993646.280	,0,NPU:2
2,MDCDEFAULT,1788521969093618.190	,0,NPU:2
2,MDCDEFAULT,1788521969193625.210	,0,NPU:2
2,MDCDEFAULT,1788521969293613.860	,0,NPU:2
2,MDCDEFAULT,1788521969393631.150	,0,NPU:2
2,MDCDEFAULT,1788521969493645.190	,0,NPU:2
2,MDCDEFAULT,1788521969593630.620	,0,NPU:2
2,MDCDEFAULT,1788521969693629.060	,0,NPU:2
2,MDCDEFAULT,1788521969793629.990	,0,NPU:2
2,MDCDEFAULT,1788521969893608.320	,0,NPU:2
2,MDCDEFAULT,1788521969993610.590	,0,NPU:2
2,MDCDEFAULT,1788521970093630.140	,0,NPU:2
2,MDCDEFAULT,1788521970193626.490	,0,NPU:2
2,MDCDEFAULT,1788521970293611.210	,0,NPU:2
2,MDCDEFAULT,1788521970393601.790	,0,NPU:2
2,MDCDEFAULT,1788521970493628.800	,0,NPU:2
2,MDCDEFAULT,1788521970593625.850	,0,NPU:2
2,MDCDEFAULT,1788521970693643.880	,0,NPU:2
2,MDCDEFAULT,1788521970793609.650	,0,NPU:2
2,MDCDEFAULT,1788521970893621.640	,0,NPU:2
2,MDCDEFAULT,1788521970993613.030	,0,NPU:2
2,MDCDEFAULT,1788521971093591.550	,0,NPU:2
2,MDCDEFAULT,1788521971193601.230	,0,NPU:2
2,MDCDEFAULT,1788521971293601.060	,0,NPU:2
2,MDCDEFAULT,1788521971393594.380	,0,NPU:2
2,MDCDEFAULT,1788521971493608.280	,0,NPU:2
2,MDCDEFAULT,1788521971593612.580	,0,NPU:2
2,MDCDEFAULT,1788521971693592.100	,0,NPU:2
2,MDCDEFAULT,1788521971793598.990	,0,NPU:2
2,MDCDEFAULT,1788521971893595.970	,0,NPU:2
2,MDCDEFAULT,1788521971993592.820	,0,NPU:2
2,MDCDEFAULT,1788521972093590.900	,0,NPU:2
2,MDCDEFAULT,1788521972193595.900	,0,NPU:2
2,MDCDEFAULT,1788521972293597.240	,0,NPU:2
2,MDCDEFAULT,1788521972393636.480	,0,NPU:2
2,MDCDEFAULT,1788521972493583.490	,0,NPU:2
2,MDCDEFAULT,1788521972593645.590	,0,NPU:2
2,MDCDEFAULT,1788521972693633.820	,0,NPU:2
2,MDCDEFAULT,1788521972793603.790	,0,NPU:2
2,MDCDEFAULT,1788521972893580.480	,0,NPU:2
2,MDCDEFAULT,1788521972993578.140	,0,NPU:2
2,MDCDEFAULT,1788521973093574.880	,0,NPU:2
2,MDCDEFAULT,1788521973193573.610	,0,NPU:2
2,MDCDEFAULT,1788521973293574.060	,0,NPU:2
2,MDCDEFAULT,1788521973398586.880	,0,NPU:2
2,MDCDEFAULT,1788521973493599.570	,0,NPU:2
2,MDCDEFAULT,1788521973559819.670	,0,NPU:2
2,MDCSC,1788521953993841.910	,0,NPU:2
2,MDCSC,1788521954093690.790	,0,NPU:2
2,MDCSC,1788521954193665.180	,0,NPU:2
2,MDCSC,1788521954293650.080	,0,NPU:2
2,MDCSC,1788521954393654.040	,0,NPU:2
2,MDCSC,1788521954493648.730	,0,NPU:2
2,MDCSC,1788521954593645.540	,0,NPU:2
2,MDCSC,1788521954693640.150	,0,NPU:2
2,MDCSC,1788521954793649.950	,0,NPU:2
2,MDCSC,1788521954893661.680	,0,NPU:2
2,MDCSC,1788521954993678.410	,0,NPU:2
2,MDCSC,1788521955093652.720	,0,NPU:2
2,MDCSC,1788521955193653.270	,0,NPU:2
2,MDCSC,1788521955293648.860	,0,NPU:2
2,MDCSC,1788521955393649.220	,0,NPU:2
2,MDCSC,1788521955493655.280	,0,NPU:2
2,MDCSC,1788521955593651.590	,0,NPU:2
2,MDCSC,1788521955693640.580	,0,NPU:2
2,MDCSC,1788521955793638.250	,0,NPU:2
2,MDCSC,1788521955893682.250	,0,NPU:2
2,MDCSC,1788521955993682.480	,0,NPU:2
2,MDCSC,1788521956093711.640	,0,NPU:2
2,MDCSC,1788521956193672.410	,0,NPU:2
2,MDCSC,1788521956293669.740	,0,NPU:2
2,MDCSC,1788521956393666.240	,0,NPU:2
2,MDCSC,1788521956493676.590	,0,NPU:2
2,MDCSC,1788521956593710.650	,0,NPU:2
2,MDCSC,1788521956693695.830	,0,NPU:2
2,MDCSC,1788521956793695.140	,0,NPU:2
2,MDCSC,1788521956893673.320	,0,NPU:2
2,MDCSC,1788521956993679.850	,0,NPU:2
2,MDCSC,1788521957093679.860	,0,NPU:2
2,MDCSC,1788521957193708.460	,0,NPU:2
2,MDCSC,1788521957293678.900	,0,NPU:2
2,MDCSC,1788521957393665.400	,0,NPU:2
2,MDCSC,1788521957493670.700	,0,NPU:2
2,MDCSC,1788521957593669.370	,0,NPU:2
2,MDCSC,1788521957693681.180	,0,NPU:2
2,MDCSC,1788521957793669.280	,0,NPU:2
2,MDCSC,1788521957893667.600	,0,NPU:2
2,MDCSC,1788521957993664.330	,0,NPU:2
2,MDCSC,1788521958093664.530	,0,NPU:2
2,MDCSC,1788521958193664.090	,0,NPU:2
2,MDCSC,1788521958293676.530	,0,NPU:2
2,MDCSC,1788521958393683.270	,0,NPU:2
2,MDCSC,1788521958493690.880	,0,NPU:2
2,MDCSC,1788521958593674.040	,0,NPU:2
2,MDCSC,1788521958693683.820	,0,NPU:2
2,MDCSC,1788521958793687.320	,0,NPU:2
2,MDCSC,1788521958893675.330	,0,NPU:2
2,MDCSC,1788521958993662.280	,0,NPU:2
2,MDCSC,1788521959093657.900	,0,NPU:2
2,MDCSC,1788521959193640.610	,0,NPU:2
2,MDCSC,1788521959293669.420	,0,NPU:2
2,MDCSC,1788521959393659.330	,0,NPU:2
2,MDCSC,1788521959493656.680	,0,NPU:2
2,MDCSC,1788521959593664.410	,0,NPU:2
2,MDCSC,1788521959693659.180	,0,NPU:2
2,MDCSC,1788521959793659.090	,0,NPU:2
2,MDCSC,1788521959893653.390	,0,NPU:2
2,MDCSC,1788521959993636.630	,0,NPU:2
2,MDCSC,1788521960093661.640	,0,NPU:2
2,MDCSC,1788521960193659.550	,0,NPU:2
2,MDCSC,1788521960293650.620	,0,NPU:2
2,MDCSC,1788521960393656.970	,0,NPU:2
2,MDCSC,1788521960493672.410	,0,NPU:2
2,MDCSC,1788521960593660.010	,0,NPU:2
2,MDCSC,1788521960693662.400	,0,NPU:2
2,MDCSC,1788521960793664.020	,0,NPU:2
2,MDCSC,1788521960893665.010	,0,NPU:2
2,MDCSC,1788521960993655.530	,0,NPU:2
2,MDCSC,1788521961093650.430	,0,NPU:2
2,MDCSC,1788521961193659.590	,0,NPU:2
2,MDCSC,1788521961293649.550	,0,NPU:2
2,MDCSC,1788521961393660.560	,0,NPU:2
2,MDCSC,1788521961493646.430	,0,NPU:2
2,MDCSC,1788521961593653.540	,0,NPU:2
2,MDCSC,1788521961693653.280	,0,NPU:2
2,MDCSC,1788521961793655.640	,0,NPU:2
2,MDCSC,1788521961893663.700	,0,NPU:2
2,MDCSC,1788521961993679.720	,0,NPU:2
2,MDCSC,1788521962093650.320	,0,NPU:2
2,MDCSC,1788521962193649.320	,0,NPU:2
2,MDCSC,1788521962293681.190	,0,NPU:2
2,MDCSC,1788521962393648.310	,0,NPU:2
2,MDCSC,1788521962493648.610	,0,NPU:2
2,MDCSC,1788521962593658.720	,0,NPU:2
2,MDCSC,1788521962693658.470	,0,NPU:2
2,MDCSC,1788521962793647.510	,0,NPU:2
2,MDCSC,1788521962893648.970	,0,NPU:2
2,MDCSC,1788521962993649.820	,0,NPU:2
2,MDCSC,1788521963093652.370	,0,NPU:2
2,MDCSC,1788521963193660.920	,0,NPU:2
2,MDCSC,1788521963293649.500	,0,NPU:2
2,MDCSC,1788521963393652.840	,0,NPU:2
2,MDCSC,1788521963493633.730	,0,NPU:2
2,MDCSC,1788521963593627.750	,0,NPU:2
2,MDCSC,1788521963693630.860	,0,NPU:2
2,MDCSC,1788521963793626.500	,0,NPU:2
2,MDCSC,1788521963893625.660	,0,NPU:2
2,MDCSC,1788521963993619.870	,0,NPU:2
2,MDCSC,1788521964093623.630	,0,NPU:2
2,MDCSC,1788521964193621.680	,0,NPU:2
2,MDCSC,1788521964293631.730	,0,NPU:2
2,MDCSC,1788521964393624.810	,0,NPU:2
2,MDCSC,1788521964493617.160	,0,NPU:2
2,MDCSC,1788521964593612.810	,0,NPU:2
2,MDCSC,1788521964693630.030	,0,NPU:2
2,MDCSC,1788521964793640.010	,0,NPU:2
2,MDCSC,1788521964893621.970	,0,NPU:2
2,MDCSC,1788521964993624.260	,0,NPU:2
2,MDCSC,1788521965093632.600	,0,NPU:2
2,MDCSC,1788521965193623.140	,0,NPU:2
2,MDCSC,1788521965293738.890	,0,NPU:2
2,MDCSC,1788521965393669.470	,0,NPU:2
2,MDCSC,1788521965493639.540	,0,NPU:2
2,MDCSC,1788521965593628.350	,0,NPU:2
2,MDCSC,1788521965693649.400	,0,NPU:2
2,MDCSC,1788521965793641.400	,0,NPU:2
2,MDCSC,1788521965893687.370	,0,NPU:2
2,MDCSC,1788521965993646.290	,0,NPU:2
2,MDCSC,1788521966093625.790	,0,NPU:2
2,MDCSC,1788521966193628.540	,0,NPU:2
2,MDCSC,1788521966293643.340	,0,NPU:2
2,MDCSC,1788521966393613.490	,0,NPU:2
2,MDCSC,1788521966493642.110	,0,NPU:2
2,MDCSC,1788521966593639.740	,0,NPU:2
2,MDCSC,1788521966693630.120	,0,NPU:2
2,MDCSC,1788521966793623.110	,0,NPU:2
2,MDCSC,1788521966893628.080	,0,NPU:2
2,MDCSC,1788521966993649.050	,0,NPU:2
2,MDCSC,1788521967093643.280	,0,NPU:2
2,MDCSC,1788521967193636.760	,0,NPU:2
2,MDCSC,1788521967293664.510	,0,NPU:2
2,MDCSC,1788521967393646.400	,0,NPU:2
2,MDCSC,1788521967493631.880	,0,NPU:2
2,MDCSC,1788521967593619.300	,0,NPU:2
2,MDCSC,1788521967693635.480	,0,NPU:2
2,MDCSC,1788521967793629.620	,0,NPU:2
2,MDCSC,1788521967893659.030	,0,NPU:2
2,MDCSC,1788521967993639.300	,0,NPU:2
2,MDCSC,1788521968093616.460	,0,NPU:2
2,MDCSC,1788521968193600.750	,0,NPU:2
2,MDCSC,1788521968293604.310	,0,NPU:2
2,MDCSC,1788521968393642.290	,0,NPU:2
2,MDCSC,1788521968493641.350	,0,NPU:2
2,MDCSC,1788521968593635.460	,0,NPU:2
2,MDCSC,1788521968693623.120	,0,NPU:2
2,MDCSC,1788521968793603.210	,0,NPU:2
2,MDCSC,1788521968893622.880	,0,NPU:2
2,MDCSC,1788521968993646.280	,0,NPU:2
2,MDCSC,1788521969093618.190	,0,NPU:2
2,MDCSC,1788521969193625.210	,0,NPU:2
2,MDCSC,1788521969293613.860	,0,NPU:2
2,MDCSC,1788521969393631.150	,0,NPU:2
2,MDCSC,1788521969493645.190	,0,NPU:2
2,MDCSC,1788521969593630.620	,0,NPU:2
2,MDCSC,1788521969693629.060	,0,NPU:2
2,MDCSC,1788521969793629.990	,0,NPU:2
2,MDCSC,1788521969893608.320	,0,NPU:2
2,MDCSC,1788521969993610.590	,0,NPU:2
2,MDCSC,1788521970093630.140	,0,NPU:2
2,MDCSC,1788521970193626.490	,0,NPU:2
2,MDCSC,1788521970293611.210	,0,NPU:2
2,MDCSC,1788521970393601.790	,0,NPU:2
2,MDCSC,1788521970493628.800	,0,NPU:2
2,MDCSC,1788521970593625.850	,0,NPU:2
2,MDCSC,1788521970693643.880	,0,NPU:2
2,MDCSC,1788521970793609.650	,0,NPU:2
2,MDCSC,1788521970893621.640	,0,NPU:2
2,MDCSC,1788521970993613.030	,0,NPU:2
2,MDCSC,1788521971093591.550	,0,NPU:2
2,MDCSC,1788521971193601.230	,0,NPU:2
2,MDCSC,1788521971293601.060	,0,NPU:2
2,MDCSC,1788521971393594.380	,0,NPU:2
2,MDCSC,1788521971493608.280	,0,NPU:2
2,MDCSC,1788521971593612.580	,0,NPU:2
2,MDCSC,1788521971693592.100	,0,NPU:2
2,MDCSC,1788521971793598.990	,0,NPU:2
2,MDCSC,1788521971893595.970	,0,NPU:2
2,MDCSC,1788521971993592.820	,0,NPU:2
2,MDCSC,1788521972093590.900	,0,NPU:2
2,MDCSC,1788521972193595.900	,0,NPU:2
2,MDCSC,1788521972293597.240	,0,NPU:2
2,MDCSC,1788521972393636.480	,0,NPU:2
2,MDCSC,1788521972493583.490	,0,NPU:2
2,MDCSC,1788521972593645.590	,0,NPU:2
2,MDCSC,1788521972693633.820	,0,NPU:2
2,MDCSC,1788521972793603.790	,0,NPU:2
2,MDCSC,1788521972893580.480	,0,NPU:2
2,MDCSC,1788521972993578.140	,0,NPU:2
2,MDCSC,1788521973093574.880	,0,NPU:2
2,MDCSC,1788521973193573.610	,0,NPU:2
2,MDCSC,1788521973293574.060	,0,NPU:2
2,MDCSC,1788521973398586.880	,0,NPU:2
2,MDCSC,1788521973493599.570	,0,NPU:2
2,MDCSC,1788521973559819.670	,0,NPU:2
2,MDCPNC,1788521953993841.910	,0,NPU:2
2,MDCPNC,1788521954093690.790	,0,NPU:2
2,MDCPNC,1788521954193665.180	,0,NPU:2
2,MDCPNC,1788521954293650.080	,0,NPU:2
2,MDCPNC,1788521954393654.040	,0,NPU:2
2,MDCPNC,1788521954493648.730	,0,NPU:2
2,MDCPNC,1788521954593645.540	,0,NPU:2
2,MDCPNC,1788521954693640.150	,0,NPU:2
2,MDCPNC,1788521954793649.950	,0,NPU:2
2,MDCPNC,1788521954893661.680	,0,NPU:2
2,MDCPNC,1788521954993678.410	,0,NPU:2
2,MDCPNC,1788521955093652.720	,0,NPU:2
2,MDCPNC,1788521955193653.270	,0,NPU:2
2,MDCPNC,1788521955293648.860	,0,NPU:2
2,MDCPNC,1788521955393649.220	,0,NPU:2
2,MDCPNC,1788521955493655.280	,0,NPU:2
2,MDCPNC,1788521955593651.590	,0,NPU:2
2,MDCPNC,1788521955693640.580	,0,NPU:2
2,MDCPNC,1788521955793638.250	,0,NPU:2
2,MDCPNC,1788521955893682.250	,0,NPU:2
2,MDCPNC,1788521955993682.480	,0,NPU:2
2,MDCPNC,1788521956093711.640	,0,NPU:2
2,MDCPNC,1788521956193672.410	,0,NPU:2
2,MDCPNC,1788521956293669.740	,0,NPU:2
2,MDCPNC,1788521956393666.240	,0,NPU:2
2,MDCPNC,1788521956493676.590	,0,NPU:2
2,MDCPNC,1788521956593710.650	,0,NPU:2
2,MDCPNC,1788521956693695.830	,0,NPU:2
2,MDCPNC,1788521956793695.140	,0,NPU:2
2,MDCPNC,1788521956893673.320	,0,NPU:2
2,MDCPNC,1788521956993679.850	,0,NPU:2
2,MDCPNC,1788521957093679.860	,0,NPU:2
2,MDCPNC,1788521957193708.460	,0,NPU:2
2,MDCPNC,1788521957293678.900	,0,NPU:2
2,MDCPNC,1788521957393665.400	,0,NPU:2
2,MDCPNC,1788521957493670.700	,0,NPU:2
2,MDCPNC,1788521957593669.370	,0,NPU:2
2,MDCPNC,1788521957693681.180	,0,NPU:2
2,MDCPNC,1788521957793669.280	,0,NPU:2
2,MDCPNC,1788521957893667.600	,0,NPU:2
2,MDCPNC,1788521957993664.330	,0,NPU:2
2,MDCPNC,1788521958093664.530	,0,NPU:2
2,MDCPNC,1788521958193664.090	,0,NPU:2
2,MDCPNC,1788521958293676.530	,0,NPU:2
2,MDCPNC,1788521958393683.270	,0,NPU:2
2,MDCPNC,1788521958493690.880	,0,NPU:2
2,MDCPNC,1788521958593674.040	,0,NPU:2
2,MDCPNC,1788521958693683.820	,0,NPU:2
2,MDCPNC,1788521958793687.320	,0,NPU:2
2,MDCPNC,1788521958893675.330	,0,NPU:2
2,MDCPNC,1788521958993662.280	,0,NPU:2
2,MDCPNC,1788521959093657.900	,0,NPU:2
2,MDCPNC,1788521959193640.610	,0,NPU:2
2,MDCPNC,1788521959293669.420	,0,NPU:2
2,MDCPNC,1788521959393659.330	,0,NPU:2
2,MDCPNC,1788521959493656.680	,0,NPU:2
2,MDCPNC,1788521959593664.410	,0,NPU:2
2,MDCPNC,1788521959693659.180	,0,NPU:2
2,MDCPNC,1788521959793659.090	,0,NPU:2
2,MDCPNC,1788521959893653.390	,0,NPU:2
2,MDCPNC,1788521959993636.630	,0,NPU:2
2,MDCPNC,1788521960093661.640	,0,NPU:2
2,MDCPNC,1788521960193659.550	,0,NPU:2
2,MDCPNC,1788521960293650.620	,0,NPU:2
2,MDCPNC,1788521960393656.970	,0,NPU:2
2,MDCPNC,1788521960493672.410	,0,NPU:2
2,MDCPNC,1788521960593660.010	,0,NPU:2
2,MDCPNC,1788521960693662.400	,0,NPU:2
2,MDCPNC,1788521960793664.020	,0,NPU:2
2,MDCPNC,1788521960893665.010	,0,NPU:2
2,MDCPNC,1788521960993655.530	,0,NPU:2
2,MDCPNC,1788521961093650.430	,0,NPU:2
2,MDCPNC,1788521961193659.590	,0,NPU:2
2,MDCPNC,1788521961293649.550	,0,NPU:2
2,MDCPNC,1788521961393660.560	,0,NPU:2
2,MDCPNC,1788521961493646.430	,0,NPU:2
2,MDCPNC,1788521961593653.540	,0,NPU:2
2,MDCPNC,1788521961693653.280	,0,NPU:2
2,MDCPNC,1788521961793655.640	,0,NPU:2
2,MDCPNC,1788521961893663.700	,0,NPU:2
2,MDCPNC,1788521961993679.720	,0,NPU:2
2,MDCPNC,1788521962093650.320	,0,NPU:2
2,MDCPNC,1788521962193649.320	,0,NPU:2
2,MDCPNC,1788521962293681.190	,0,NPU:2
2,MDCPNC,1788521962393648.310	,0,NPU:2
2,MDCPNC,1788521962493648.610	,0,NPU:2
2,MDCPNC,1788521962593658.720	,0,NPU:2
2,MDCPNC,1788521962693658.470	,0,NPU:2
2,MDCPNC,1788521962793647.510	,0,NPU:2
2,MDCPNC,1788521962893648.970	,0,NPU:2
2,MDCPNC,1788521962993649.820	,0,NPU:2
2,MDCPNC,1788521963093652.370	,0,NPU:2
2,MDCPNC,1788521963193660.920	,0,NPU:2
2,MDCPNC,1788521963293649.500	,0,NPU:2
2,MDCPNC,1788521963393652.840	,0,NPU:2
2,MDCPNC,1788521963493633.730	,0,NPU:2
2,MDCPNC,1788521963593627.750	,0,NPU:2
2,MDCPNC,1788521963693630.860	,0,NPU:2
2,MDCPNC,1788521963793626.500	,0,NPU:2
2,MDCPNC,1788521963893625.660	,0,NPU:2
2,MDCPNC,1788521963993619.870	,0,NPU:2
2,MDCPNC,1788521964093623.630	,0,NPU:2
2,MDCPNC,1788521964193621.680	,0,NPU:2
2,MDCPNC,1788521964293631.730	,0,NPU:2
2,MDCPNC,1788521964393624.810	,0,NPU:2
2,MDCPNC,1788521964493617.160	,0,NPU:2
2,MDCPNC,1788521964593612.810	,0,NPU:2
2,MDCPNC,1788521964693630.030	,0,NPU:2
2,MDCPNC,1788521964793640.010	,0,NPU:2
2,MDCPNC,1788521964893621.970	,0,NPU:2
2,MDCPNC,1788521964993624.260	,0,NPU:2
2,MDCPNC,1788521965093632.600	,0,NPU:2
2,MDCPNC,1788521965193623.140	,0,NPU:2
2,MDCPNC,1788521965293738.890	,0,NPU:2
2,MDCPNC,1788521965393669.470	,0,NPU:2
2,MDCPNC,1788521965493639.540	,0,NPU:2
2,MDCPNC,1788521965593628.350	,0,NPU:2
2,MDCPNC,1788521965693649.400	,0,NPU:2
2,MDCPNC,1788521965793641.400	,0,NPU:2
2,MDCPNC,1788521965893687.370	,0,NPU:2
2,MDCPNC,1788521965993646.290	,0,NPU:2
2,MDCPNC,1788521966093625.790	,0,NPU:2
2,MDCPNC,1788521966193628.540	,0,NPU:2
2,MDCPNC,1788521966293643.340	,0,NPU:2
2,MDCPNC,1788521966393613.490	,0,NPU:2
2,MDCPNC,1788521966493642.110	,0,NPU:2
2,MDCPNC,1788521966593639.740	,0,NPU:2
2,MDCPNC,1788521966693630.120	,0,NPU:2
2,MDCPNC,1788521966793623.110	,0,NPU:2
2,MDCPNC,1788521966893628.080	,0,NPU:2
2,MDCPNC,1788521966993649.050	,0,NPU:2
2,MDCPNC,1788521967093643.280	,0,NPU:2
2,MDCPNC,1788521967193636.760	,0,NPU:2
2,MDCPNC,1788521967293664.510	,0,NPU:2
2,MDCPNC,1788521967393646.400	,0,NPU:2
2,MDCPNC,1788521967493631.880	,0,NPU:2
2,MDCPNC,1788521967593619.300	,0,NPU:2
2,MDCPNC,1788521967693635.480	,0,NPU:2
2,MDCPNC,1788521967793629.620	,0,NPU:2
2,MDCPNC,1788521967893659.030	,0,NPU:2
2,MDCPNC,1788521967993639.300	,0,NPU:2
2,MDCPNC,1788521968093616.460	,0,NPU:2
2,MDCPNC,1788521968193600.750	,0,NPU:2
2,MDCPNC,1788521968293604.310	,0,NPU:2
2,MDCPNC,1788521968393642.290	,0,NPU:2
2,MDCPNC,1788521968493641.350	,0,NPU:2
2,MDCPNC,1788521968593635.460	,0,NPU:2
2,MDCPNC,1788521968693623.120	,0,NPU:2
2,MDCPNC,1788521968793603.210	,0,NPU:2
2,MDCPNC,1788521968893622.880	,0,NPU:2
2,MDCPNC,1788521968993646.280	,0,NPU:2
2,MDCPNC,1788521969093618.190	,0,NPU:2
2,MDCPNC,1788521969193625.210	,0,NPU:2
2,MDCPNC,1788521969293613.860	,0,NPU:2
2,MDCPNC,1788521969393631.150	,0,NPU:2
2,MDCPNC,1788521969493645.190	,0,NPU:2
2,MDCPNC,1788521969593630.620	,0,NPU:2
2,MDCPNC,1788521969693629.060	,0,NPU:2
2,MDCPNC,1788521969793629.990	,0,NPU:2
2,MDCPNC,1788521969893608.320	,0,NPU:2
2,MDCPNC,1788521969993610.590	,0,NPU:2
2,MDCPNC,1788521970093630.140	,0,NPU:2
2,MDCPNC,1788521970193626.490	,0,NPU:2
2,MDCPNC,1788521970293611.210	,0,NPU:2
2,MDCPNC,1788521970393601.790	,0,NPU:2
2,MDCPNC,1788521970493628.800	,0,NPU:2
2,MDCPNC,1788521970593625.850	,0,NPU:2
2,MDCPNC,1788521970693643.880	,0,NPU:2
2,MDCPNC,1788521970793609.650	,0,NPU:2
2,MDCPNC,1788521970893621.640	,0,NPU:2
2,MDCPNC,1788521970993613.030	,0,NPU:2
2,MDCPNC,1788521971093591.550	,0,NPU:2
2,MDCPNC,1788521971193601.230	,0,NPU:2
2,MDCPNC,1788521971293601.060	,0,NPU:2
2,MDCPNC,1788521971393594.380	,0,NPU:2
2,MDCPNC,1788521971493608.280	,0,NPU:2
2,MDCPNC,1788521971593612.580	,0,NPU:2
2,MDCPNC,1788521971693592.100	,0,NPU:2
2,MDCPNC,1788521971793598.990	,0,NPU:2
2,MDCPNC,1788521971893595.970	,0,NPU:2
2,MDCPNC,1788521971993592.820	,0,NPU:2
2,MDCPNC,1788521972093590.900	,0,NPU:2
2,MDCPNC,1788521972193595.900	,0,NPU:2
2,MDCPNC,1788521972293597.240	,0,NPU:2
2,MDCPNC,1788521972393636.480	,0,NPU:2
2,MDCPNC,1788521972493583.490	,0,NPU:2
2,MDCPNC,1788521972593645.590	,0,NPU:2
2,MDCPNC,1788521972693633.820	,0,NPU:2
2,MDCPNC,1788521972793603.790	,0,NPU:2
2,MDCPNC,1788521972893580.480	,0,NPU:2
2,MDCPNC,1788521972993578.140	,0,NPU:2
2,MDCPNC,1788521973093574.880	,0,NPU:2
2,MDCPNC,1788521973193573.610	,0,NPU:2
2,MDCPNC,1788521973293574.060	,0,NPU:2
2,MDCPNC,1788521973398586.880	,0,NPU:2
2,MDCPNC,1788521973493599.570	,0,NPU:2
2,MDCPNC,1788521973559819.670	,0,NPU:2
2,MLL,1788521953993841.910	,0,NPU:2
2,MLL,1788521954093690.790	,0,NPU:2
2,MLL,1788521954193665.180	,0,NPU:2
2,MLL,1788521954293650.080	,0,NPU:2
2,MLL,1788521954393654.040	,0,NPU:2
2,MLL,1788521954493648.730	,0,NPU:2
2,MLL,1788521954593645.540	,0,NPU:2
2,MLL,1788521954693640.150	,0,NPU:2
2,MLL,1788521954793649.950	,0,NPU:2
2,MLL,1788521954893661.680	,0,NPU:2
2,MLL,1788521954993678.410	,0,NPU:2
2,MLL,1788521955093652.720	,0,NPU:2
2,MLL,1788521955193653.270	,0,NPU:2
2,MLL,1788521955293648.860	,0,NPU:2
2,MLL,1788521955393649.220	,0,NPU:2
2,MLL,1788521955493655.280	,0,NPU:2
2,MLL,1788521955593651.590	,0,NPU:2
2,MLL,1788521955693640.580	,0,NPU:2
2,MLL,1788521955793638.250	,0,NPU:2
2,MLL,1788521955893682.250	,0,NPU:2
2,MLL,1788521955993682.480	,0,NPU:2
2,MLL,1788521956093711.640	,0,NPU:2
2,MLL,1788521956193672.410	,0,NPU:2
2,MLL,1788521956293669.740	,0,NPU:2
2,MLL,1788521956393666.240	,0,NPU:2
2,MLL,1788521956493676.590	,0,NPU:2
2,MLL,1788521956593710.650	,0,NPU:2
2,MLL,1788521956693695.830	,0,NPU:2
2,MLL,1788521956793695.140	,0,NPU:2
2,MLL,1788521956893673.320	,0,NPU:2
2,MLL,1788521956993679.850	,0,NPU:2
2,MLL,1788521957093679.860	,0,NPU:2
2,MLL,1788521957193708.460	,0,NPU:2
2,MLL,1788521957293678.900	,0,NPU:2
2,MLL,1788521957393665.400	,0,NPU:2
2,MLL,1788521957493670.700	,0,NPU:2
2,MLL,1788521957593669.370	,0,NPU:2
2,MLL,1788521957693681.180	,0,NPU:2
2,MLL,1788521957793669.280	,0,NPU:2
2,MLL,1788521957893667.600	,0,NPU:2
2,MLL,1788521957993664.330	,0,NPU:2
2,MLL,1788521958093664.530	,0,NPU:2
2,MLL,1788521958193664.090	,0,NPU:2
2,MLL,1788521958293676.530	,0,NPU:2
2,MLL,1788521958393683.270	,0,NPU:2
2,MLL,1788521958493690.880	,0,NPU:2
2,MLL,1788521958593674.040	,0,NPU:2
2,MLL,1788521958693683.820	,0,NPU:2
2,MLL,1788521958793687.320	,0,NPU:2
2,MLL,1788521958893675.330	,0,NPU:2
2,MLL,1788521958993662.280	,0,NPU:2
2,MLL,1788521959093657.900	,0,NPU:2
2,MLL,1788521959193640.610	,0,NPU:2
2,MLL,1788521959293669.420	,0,NPU:2
2,MLL,1788521959393659.330	,0,NPU:2
2,MLL,1788521959493656.680	,0,NPU:2
2,MLL,1788521959593664.410	,0,NPU:2
2,MLL,1788521959693659.180	,0,NPU:2
2,MLL,1788521959793659.090	,0,NPU:2
2,MLL,1788521959893653.390	,0,NPU:2
2,MLL,1788521959993636.630	,0,NPU:2
2,MLL,1788521960093661.640	,0,NPU:2
2,MLL,1788521960193659.550	,0,NPU:2
2,MLL,1788521960293650.620	,0,NPU:2
2,MLL,1788521960393656.970	,0,NPU:2
2,MLL,1788521960493672.410	,0,NPU:2
2,MLL,1788521960593660.010	,0,NPU:2
2,MLL,1788521960693662.400	,0,NPU:2
2,MLL,1788521960793664.020	,0,NPU:2
2,MLL,1788521960893665.010	,0,NPU:2
2,MLL,1788521960993655.530	,0,NPU:2
2,MLL,1788521961093650.430	,0,NPU:2
2,MLL,1788521961193659.590	,0,NPU:2
2,MLL,1788521961293649.550	,0,NPU:2
2,MLL,1788521961393660.560	,0,NPU:2
2,MLL,1788521961493646.430	,0,NPU:2
2,MLL,1788521961593653.540	,0,NPU:2
2,MLL,1788521961693653.280	,0,NPU:2
2,MLL,1788521961793655.640	,0,NPU:2
2,MLL,1788521961893663.700	,0,NPU:2
2,MLL,1788521961993679.720	,0,NPU:2
2,MLL,1788521962093650.320	,0,NPU:2
2,MLL,1788521962193649.320	,0,NPU:2
2,MLL,1788521962293681.190	,0,NPU:2
2,MLL,1788521962393648.310	,0,NPU:2
2,MLL,1788521962493648.610	,0,NPU:2
2,MLL,1788521962593658.720	,0,NPU:2
2,MLL,1788521962693658.470	,0,NPU:2
2,MLL,1788521962793647.510	,0,NPU:2
2,MLL,1788521962893648.970	,0,NPU:2
2,MLL,1788521962993649.820	,0,NPU:2
2,MLL,1788521963093652.370	,0,NPU:2
2,MLL,1788521963193660.920	,0,NPU:2
2,MLL,1788521963293649.500	,0,NPU:2
2,MLL,1788521963393652.840	,0,NPU:2
2,MLL,1788521963493633.730	,0,NPU:2
2,MLL,1788521963593627.750	,0,NPU:2
2,MLL,1788521963693630.860	,0,NPU:2
2,MLL,1788521963793626.500	,0,NPU:2
2,MLL,1788521963893625.660	,0,NPU:2
2,MLL,1788521963993619.870	,0,NPU:2
2,MLL,1788521964093623.630	,0,NPU:2
2,MLL,1788521964193621.680	,0,NPU:2
2,MLL,1788521964293631.730	,0,NPU:2
2,MLL,1788521964393624.810	,0,NPU:2
2,MLL,1788521964493617.160	,0,NPU:2
2,MLL,1788521964593612.810	,0,NPU:2
2,MLL,1788521964693630.030	,0,NPU:2
2,MLL,1788521964793640.010	,0,NPU:2
2,MLL,1788521964893621.970	,0,NPU:2
2,MLL,1788521964993624.260	,0,NPU:2
2,MLL,1788521965093632.600	,0,NPU:2
2,MLL,1788521965193623.140	,0,NPU:2
2,MLL,1788521965293738.890	,0,NPU:2
2,MLL,1788521965393669.470	,0,NPU:2
2,MLL,1788521965493639.540	,0,NPU:2
2,MLL,1788521965593628.350	,0,NPU:2
2,MLL,1788521965693649.400	,0,NPU:2
2,MLL,1788521965793641.400	,0,NPU:2
2,MLL,1788521965893687.370	,0,NPU:2
2,MLL,1788521965993646.290	,0,NPU:2
2,MLL,1788521966093625.790	,0,NPU:2
2,MLL,1788521966193628.540	,0,NPU:2
2,MLL,1788521966293643.340	,0,NPU:2
2,MLL,1788521966393613.490	,0,NPU:2
2,MLL,1788521966493642.110	,0,NPU:2
2,MLL,1788521966593639.740	,0,NPU:2
2,MLL,1788521966693630.120	,0,NPU:2
2,MLL,1788521966793623.110	,0,NPU:2
2,MLL,1788521966893628.080	,0,NPU:2
2,MLL,1788521966993649.050	,0,NPU:2
2,MLL,1788521967093643.280	,0,NPU:2
2,MLL,1788521967193636.760	,0,NPU:2
2,MLL,1788521967293664.510	,0,NPU:2
2,MLL,1788521967393646.400	,0,NPU:2
2,MLL,1788521967493631.880	,0,NPU:2
2,MLL,1788521967593619.300	,0,NPU:2
2,MLL,1788521967693635.480	,0,NPU:2
2,MLL,1788521967793629.620	,0,NPU:2
2,MLL,1788521967893659.030	,0,NPU:2
2,MLL,1788521967993639.300	,0,NPU:2
2,MLL,1788521968093616.460	,0,NPU:2
2,MLL,1788521968193600.750	,0,NPU:2
2,MLL,1788521968293604.310	,0,NPU:2
2,MLL,1788521968393642.290	,0,NPU:2
2,MLL,1788521968493641.350	,0,NPU:2
2,MLL,1788521968593635.460	,0,NPU:2
2,MLL,1788521968693623.120	,0,NPU:2
2,MLL,1788521968793603.210	,0,NPU:2
2,MLL,1788521968893622.880	,0,NPU:2
2,MLL,1788521968993646.280	,0,NPU:2
2,MLL,1788521969093618.190	,0,NPU:2
2,MLL,1788521969193625.210	,0,NPU:2
2,MLL,1788521969293613.860	,0,NPU:2
2,MLL,1788521969393631.150	,0,NPU:2
2,MLL,1788521969493645.190	,0,NPU:2
2,MLL,1788521969593630.620	,0,NPU:2
2,MLL,1788521969693629.060	,0,NPU:2
2,MLL,1788521969793629.990	,0,NPU:2
2,MLL,1788521969893608.320	,0,NPU:2
2,MLL,1788521969993610.590	,0,NPU:2
2,MLL,1788521970093630.140	,0,NPU:2
2,MLL,1788521970193626.490	,0,NPU:2
2,MLL,1788521970293611.210	,0,NPU:2
2,MLL,1788521970393601.790	,0,NPU:2
2,MLL,1788521970493628.800	,0,NPU:2
2,MLL,1788521970593625.850	,0,NPU:2
2,MLL,1788521970693643.880	,0,NPU:2
2,MLL,1788521970793609.650	,0,NPU:2
2,MLL,1788521970893621.640	,0,NPU:2
2,MLL,1788521970993613.030	,0,NPU:2
2,MLL,1788521971093591.550	,0,NPU:2
2,MLL,1788521971193601.230	,0,NPU:2
2,MLL,1788521971293601.060	,0,NPU:2
2,MLL,1788521971393594.380	,0,NPU:2
2,MLL,1788521971493608.280	,0,NPU:2
2,MLL,1788521971593612.580	,0,NPU:2
2,MLL,1788521971693592.100	,0,NPU:2
2,MLL,1788521971793598.990	,0,NPU:2
2,MLL,1788521971893595.970	,0,NPU:2
2,MLL,1788521971993592.820	,0,NPU:2
2,MLL,1788521972093590.900	,0,NPU:2
2,MLL,1788521972193595.900	,0,NPU:2
2,MLL,1788521972293597.240	,0,NPU:2
2,MLL,1788521972393636.480	,0,NPU:2
2,MLL,1788521972493583.490	,0,NPU:2
2,MLL,1788521972593645.590	,0,NPU:2
2,MLL,1788521972693633.820	,0,NPU:2
2,MLL,1788521972793603.790	,0,NPU:2
2,MLL,1788521972893580.480	,0,NPU:2
2,MLL,1788521972993578.140	,0,NPU:2
2,MLL,1788521973093574.880	,0,NPU:2
2,MLL,1788521973193573.610	,0,NPU:2
2,MLL,1788521973293574.060	,0,NPU:2
2,MLL,1788521973398586.880	,0,NPU:2
2,MLL,1788521973493599.570	,0,NPU:2
2,MLL,1788521973559819.670	,0,NPU:2
2,DEVMM,1788521953993841.910	,0,NPU:2
2,DEVMM,1788521954093690.790	,0,NPU:2
2,DEVMM,1788521954193665.180	,0,NPU:2
2,DEVMM,1788521954293650.080	,0,NPU:2
2,DEVMM,1788521954393654.040	,0,NPU:2
2,DEVMM,1788521954493648.730	,0,NPU:2
2,DEVMM,1788521954593645.540	,0,NPU:2
2,DEVMM,1788521954693640.150	,0,NPU:2
2,DEVMM,1788521954793649.950	,0,NPU:2
2,DEVMM,1788521954893661.680	,0,NPU:2
2,DEVMM,1788521954993678.410	,0,NPU:2
2,DEVMM,1788521955093652.720	,0,NPU:2
2,DEVMM,1788521955193653.270	,0,NPU:2
2,DEVMM,1788521955293648.860	,0,NPU:2
2,DEVMM,1788521955393649.220	,0,NPU:2
2,DEVMM,1788521955493655.280	,0,NPU:2
2,DEVMM,1788521955593651.590	,0,NPU:2
2,DEVMM,1788521955693640.580	,0,NPU:2
2,DEVMM,1788521955793638.250	,0,NPU:2
2,DEVMM,1788521955893682.250	,0,NPU:2
2,DEVMM,1788521955993682.480	,0,NPU:2
2,DEVMM,1788521956093711.640	,0,NPU:2
2,DEVMM,1788521956193672.410	,0,NPU:2
2,DEVMM,1788521956293669.740	,0,NPU:2
2,DEVMM,1788521956393666.240	,0,NPU:2
2,DEVMM,1788521956493676.590	,0,NPU:2
2,DEVMM,1788521956593710.650	,0,NPU:2
2,DEVMM,1788521956693695.830	,0,NPU:2
2,DEVMM,1788521956793695.140	,0,NPU:2
2,DEVMM,1788521956893673.320	,0,NPU:2
2,DEVMM,1788521956993679.850	,0,NPU:2
2,DEVMM,1788521957093679.860	,0,NPU:2
2,DEVMM,1788521957193708.460	,0,NPU:2
2,DEVMM,1788521957293678.900	,0,NPU:2
2,DEVMM,1788521957393665.400	,0,NPU:2
2,DEVMM,1788521957493670.700	,0,NPU:2
2,DEVMM,1788521957593669.370	,0,NPU:2
2,DEVMM,1788521957693681.180	,0,NPU:2
2,DEVMM,1788521957793669.280	,0,NPU:2
2,DEVMM,1788521957893667.600	,0,NPU:2
2,DEVMM,1788521957993664.330	,0,NPU:2
2,DEVMM,1788521958093664.530	,0,NPU:2
2,DEVMM,1788521958193664.090	,0,NPU:2
2,DEVMM,1788521958293676.530	,0,NPU:2
2,DEVMM,1788521958393683.270	,0,NPU:2
2,DEVMM,1788521958493690.880	,0,NPU:2
2,DEVMM,1788521958593674.040	,0,NPU:2
2,DEVMM,1788521958693683.820	,0,NPU:2
2,DEVMM,1788521958793687.320	,0,NPU:2
2,DEVMM,1788521958893675.330	,0,NPU:2
2,DEVMM,1788521958993662.280	,0,NPU:2
2,DEVMM,1788521959093657.900	,0,NPU:2
2,DEVMM,1788521959193640.610	,0,NPU:2
2,DEVMM,1788521959293669.420	,0,NPU:2
2,DEVMM,1788521959393659.330	,0,NPU:2
2,DEVMM,1788521959493656.680	,0,NPU:2
2,DEVMM,1788521959593664.410	,0,NPU:2
2,DEVMM,1788521959693659.180	,0,NPU:2
2,DEVMM,1788521959793659.090	,0,NPU:2
2,DEVMM,1788521959893653.390	,0,NPU:2
2,DEVMM,1788521959993636.630	,0,NPU:2
2,DEVMM,1788521960093661.640	,0,NPU:2
2,DEVMM,1788521960193659.550	,0,NPU:2
2,DEVMM,1788521960293650.620	,0,NPU:2
2,DEVMM,1788521960393656.970	,0,NPU:2
2,DEVMM,1788521960493672.410	,0,NPU:2
2,DEVMM,1788521960593660.010	,0,NPU:2
2,DEVMM,1788521960693662.400	,0,NPU:2
2,DEVMM,1788521960793664.020	,0,NPU:2
2,DEVMM,1788521960893665.010	,0,NPU:2
2,DEVMM,1788521960993655.530	,0,NPU:2
2,DEVMM,1788521961093650.430	,0,NPU:2
2,DEVMM,1788521961193659.590	,0,NPU:2
2,DEVMM,1788521961293649.550	,0,NPU:2
2,DEVMM,1788521961393660.560	,0,NPU:2
2,DEVMM,1788521961493646.430	,0,NPU:2
2,DEVMM,1788521961593653.540	,0,NPU:2
2,DEVMM,1788521961693653.280	,0,NPU:2
2,DEVMM,1788521961793655.640	,0,NPU:2
2,DEVMM,1788521961893663.700	,0,NPU:2
2,DEVMM,1788521961993679.720	,0,NPU:2
2,DEVMM,1788521962093650.320	,0,NPU:2
2,DEVMM,1788521962193649.320	,0,NPU:2
2,DEVMM,1788521962293681.190	,0,NPU:2
2,DEVMM,1788521962393648.310	,0,NPU:2
2,DEVMM,1788521962493648.610	,0,NPU:2
2,DEVMM,1788521962593658.720	,0,NPU:2
2,DEVMM,1788521962693658.470	,0,NPU:2
2,DEVMM,1788521962793647.510	,0,NPU:2
2,DEVMM,1788521962893648.970	,0,NPU:2
2,DEVMM,1788521962993649.820	,0,NPU:2
2,DEVMM,1788521963093652.370	,0,NPU:2
2,DEVMM,1788521963193660.920	,0,NPU:2
2,DEVMM,1788521963293649.500	,0,NPU:2
2,DEVMM,1788521963393652.840	,0,NPU:2
2,DEVMM,1788521963493633.730	,0,NPU:2
2,DEVMM,1788521963593627.750	,0,NPU:2
2,DEVMM,1788521963693630.860	,0,NPU:2
2,DEVMM,1788521963793626.500	,0,NPU:2
2,DEVMM,1788521963893625.660	,0,NPU:2
2,DEVMM,1788521963993619.870	,0,NPU:2
2,DEVMM,1788521964093623.630	,0,NPU:2
2,DEVMM,1788521964193621.680	,0,NPU:2
2,DEVMM,1788521964293631.730	,0,NPU:2
2,DEVMM,1788521964393624.810	,0,NPU:2
2,DEVMM,1788521964493617.160	,0,NPU:2
2,DEVMM,1788521964593612.810	,0,NPU:2
2,DEVMM,1788521964693630.030	,0,NPU:2
2,DEVMM,1788521964793640.010	,0,NPU:2
2,DEVMM,1788521964893621.970	,0,NPU:2
2,DEVMM,1788521964993624.260	,0,NPU:2
2,DEVMM,1788521965093632.600	,0,NPU:2
2,DEVMM,1788521965193623.140	,0,NPU:2
2,DEVMM,1788521965293738.890	,0,NPU:2
2,DEVMM,1788521965393669.470	,0,NPU:2
2,DEVMM,1788521965493639.540	,0,NPU:2
2,DEVMM,1788521965593628.350	,0,NPU:2
2,DEVMM,1788521965693649.400	,0,NPU:2
2,DEVMM,1788521965793641.400	,0,NPU:2
2,DEVMM,1788521965893687.370	,0,NPU:2
2,DEVMM,1788521965993646.290	,0,NPU:2
2,DEVMM,1788521966093625.790	,0,NPU:2
2,DEVMM,1788521966193628.540	,0,NPU:2
2,DEVMM,1788521966293643.340	,0,NPU:2
2,DEVMM,1788521966393613.490	,0,NPU:2
2,DEVMM,1788521966493642.110	,0,NPU:2
2,DEVMM,1788521966593639.740	,0,NPU:2
2,DEVMM,1788521966693630.120	,0,NPU:2
2,DEVMM,1788521966793623.110	,0,NPU:2
2,DEVMM,1788521966893628.080	,0,NPU:2
2,DEVMM,1788521966993649.050	,0,NPU:2
2,DEVMM,1788521967093643.280	,0,NPU:2
2,DEVMM,1788521967193636.760	,0,NPU:2
2,DEVMM,1788521967293664.510	,0,NPU:2
2,DEVMM,1788521967393646.400	,0,NPU:2
2,DEVMM,1788521967493631.880	,0,NPU:2
2,DEVMM,1788521967593619.300	,0,NPU:2
2,DEVMM,1788521967693635.480	,0,NPU:2
2,DEVMM,1788521967793629.620	,0,NPU:2
2,DEVMM,1788521967893659.030	,0,NPU:2
2,DEVMM,1788521967993639.300	,0,NPU:2
2,DEVMM,1788521968093616.460	,0,NPU:2
2,DEVMM,1788521968193600.750	,0,NPU:2
2,DEVMM,1788521968293604.310	,0,NPU:2
2,DEVMM,1788521968393642.290	,0,NPU:2
2,DEVMM,1788521968493641.350	,0,NPU:2
2,DEVMM,1788521968593635.460	,0,NPU:2
2,DEVMM,1788521968693623.120	,0,NPU:2
2,DEVMM,1788521968793603.210	,0,NPU:2
2,DEVMM,1788521968893622.880	,0,NPU:2
2,DEVMM,1788521968993646.280	,0,NPU:2
2,DEVMM,1788521969093618.190	,0,NPU:2
2,DEVMM,1788521969193625.210	,0,NPU:2
2,DEVMM,1788521969293613.860	,0,NPU:2
2,DEVMM,1788521969393631.150	,0,NPU:2
2,DEVMM,1788521969493645.190	,0,NPU:2
2,DEVMM,1788521969593630.620	,0,NPU:2
2,DEVMM,1788521969693629.060	,0,NPU:2
2,DEVMM,1788521969793629.990	,0,NPU:2
2,DEVMM,1788521969893608.320	,0,NPU:2
2,DEVMM,1788521969993610.590	,0,NPU:2
2,DEVMM,1788521970093630.140	,0,NPU:2
2,DEVMM,1788521970193626.490	,0,NPU:2
2,DEVMM,1788521970293611.210	,0,NPU:2
2,DEVMM,1788521970393601.790	,0,NPU:2
2,DEVMM,1788521970493628.800	,0,NPU:2
2,DEVMM,1788521970593625.850	,0,NPU:2
2,DEVMM,1788521970693643.880	,0,NPU:2
2,DEVMM,1788521970793609.650	,0,NPU:2
2,DEVMM,1788521970893621.640	,0,NPU:2
2,DEVMM,1788521970993613.030	,0,NPU:2
2,DEVMM,1788521971093591.550	,0,NPU:2
2,DEVMM,1788521971193601.230	,0,NPU:2
2,DEVMM,1788521971293601.060	,0,NPU:2
2,DEVMM,1788521971393594.380	,0,NPU:2
2,DEVMM,1788521971493608.280	,0,NPU:2
2,DEVMM,1788521971593612.580	,0,NPU:2
2,DEVMM,1788521971693592.100	,0,NPU:2
2,DEVMM,1788521971793598.990	,0,NPU:2
2,DEVMM,1788521971893595.970	,0,NPU:2
2,DEVMM,1788521971993592.820	,0,NPU:2
2,DEVMM,1788521972093590.900	,0,NPU:2
2,DEVMM,1788521972193595.900	,0,NPU:2
2,DEVMM,1788521972293597.240	,0,NPU:2
2,DEVMM,1788521972393636.480	,0,NPU:2
2,DEVMM,1788521972493583.490	,0,NPU:2
2,DEVMM,1788521972593645.590	,0,NPU:2
2,DEVMM,1788521972693633.820	,0,NPU:2
2,DEVMM,1788521972793603.790	,0,NPU:2
2,DEVMM,1788521972893580.480	,0,NPU:2
2,DEVMM,1788521972993578.140	,0,NPU:2
2,DEVMM,1788521973093574.880	,0,NPU:2
2,DEVMM,1788521973193573.610	,0,NPU:2
2,DEVMM,1788521973293574.060	,0,NPU:2
2,DEVMM,1788521973398586.880	,0,NPU:2
2,DEVMM,1788521973493599.570	,0,NPU:2
2,DEVMM,1788521973559819.670	,0,NPU:2
2,KERNEL,1788521953993841.910	,0,NPU:2
2,KERNEL,1788521954093690.790	,0,NPU:2
2,KERNEL,1788521954193665.180	,0,NPU:2
2,KERNEL,1788521954293650.080	,0,NPU:2
2,KERNEL,1788521954393654.040	,0,NPU:2
2,KERNEL,1788521954493648.730	,0,NPU:2
2,KERNEL,1788521954593645.540	,0,NPU:2
2,KERNEL,1788521954693640.150	,0,NPU:2
2,KERNEL,1788521954793649.950	,0,NPU:2
2,KERNEL,1788521954893661.680	,0,NPU:2
2,KERNEL,1788521954993678.410	,0,NPU:2
2,KERNEL,1788521955093652.720	,0,NPU:2
2,KERNEL,1788521955193653.270	,0,NPU:2
2,KERNEL,1788521955293648.860	,0,NPU:2
2,KERNEL,1788521955393649.220	,0,NPU:2
2,KERNEL,1788521955493655.280	,0,NPU:2
2,KERNEL,1788521955593651.590	,0,NPU:2
2,KERNEL,1788521955693640.580	,0,NPU:2
2,KERNEL,1788521955793638.250	,0,NPU:2
2,KERNEL,1788521955893682.250	,0,NPU:2
2,KERNEL,1788521955993682.480	,0,NPU:2
2,KERNEL,1788521956093711.640	,0,NPU:2
2,KERNEL,1788521956193672.410	,0,NPU:2
2,KERNEL,1788521956293669.740	,0,NPU:2
2,KERNEL,1788521956393666.240	,0,NPU:2
2,KERNEL,1788521956493676.590	,0,NPU:2
2,KERNEL,1788521956593710.650	,0,NPU:2
2,KERNEL,1788521956693695.830	,0,NPU:2
2,KERNEL,1788521956793695.140	,0,NPU:2
2,KERNEL,1788521956893673.320	,0,NPU:2
2,KERNEL,1788521956993679.850	,0,NPU:2
2,KERNEL,1788521957093679.860	,0,NPU:2
2,KERNEL,1788521957193708.460	,0,NPU:2
2,KERNEL,1788521957293678.900	,0,NPU:2
2,KERNEL,1788521957393665.400	,0,NPU:2
2,KERNEL,1788521957493670.700	,0,NPU:2
2,KERNEL,1788521957593669.370	,0,NPU:2
2,KERNEL,1788521957693681.180	,0,NPU:2
2,KERNEL,1788521957793669.280	,0,NPU:2
2,KERNEL,1788521957893667.600	,0,NPU:2
2,KERNEL,1788521957993664.330	,0,NPU:2
2,KERNEL,1788521958093664.530	,0,NPU:2
2,KERNEL,1788521958193664.090	,0,NPU:2
2,KERNEL,1788521958293676.530	,0,NPU:2
2,KERNEL,1788521958393683.270	,0,NPU:2
2,KERNEL,1788521958493690.880	,0,NPU:2
2,KERNEL,1788521958593674.040	,0,NPU:2
2,KERNEL,1788521958693683.820	,0,NPU:2
2,KERNEL,1788521958793687.320	,0,NPU:2
2,KERNEL,1788521958893675.330	,0,NPU:2
2,KERNEL,1788521958993662.280	,0,NPU:2
2,KERNEL,1788521959093657.900	,0,NPU:2
2,KERNEL,1788521959193640.610	,0,NPU:2
2,KERNEL,1788521959293669.420	,0,NPU:2
2,KERNEL,1788521959393659.330	,0,NPU:2
2,KERNEL,1788521959493656.680	,0,NPU:2
2,KERNEL,1788521959593664.410	,0,NPU:2
2,KERNEL,1788521959693659.180	,0,NPU:2
2,KERNEL,1788521959793659.090	,0,NPU:2
2,KERNEL,1788521959893653.390	,0,NPU:2
2,KERNEL,1788521959993636.630	,0,NPU:2
2,KERNEL,1788521960093661.640	,0,NPU:2
2,KERNEL,1788521960193659.550	,0,NPU:2
2,KERNEL,1788521960293650.620	,0,NPU:2
2,KERNEL,1788521960393656.970	,0,NPU:2
2,KERNEL,1788521960493672.410	,0,NPU:2
2,KERNEL,1788521960593660.010	,0,NPU:2
2,KERNEL,1788521960693662.400	,0,NPU:2
2,KERNEL,1788521960793664.020	,0,NPU:2
2,KERNEL,1788521960893665.010	,0,NPU:2
2,KERNEL,1788521960993655.530	,0,NPU:2
2,KERNEL,1788521961093650.430	,0,NPU:2
2,KERNEL,1788521961193659.590	,0,NPU:2
2,KERNEL,1788521961293649.550	,0,NPU:2
2,KERNEL,1788521961393660.560	,0,NPU:2
2,KERNEL,1788521961493646.430	,0,NPU:2
2,KERNEL,1788521961593653.540	,0,NPU:2
2,KERNEL,1788521961693653.280	,0,NPU:2
2,KERNEL,1788521961793655.640	,0,NPU:2
2,KERNEL,1788521961893663.700	,0,NPU:2
2,KERNEL,1788521961993679.720	,0,NPU:2
2,KERNEL,1788521962093650.320	,0,NPU:2
2,KERNEL,1788521962193649.320	,0,NPU:2
2,KERNEL,1788521962293681.190	,0,NPU:2
2,KERNEL,1788521962393648.310	,0,NPU:2
2,KERNEL,1788521962493648.610	,0,NPU:2
2,KERNEL,1788521962593658.720	,0,NPU:2
2,KERNEL,1788521962693658.470	,0,NPU:2
2,KERNEL,1788521962793647.510	,0,NPU:2
2,KERNEL,1788521962893648.970	,0,NPU:2
2,KERNEL,1788521962993649.820	,0,NPU:2
2,KERNEL,1788521963093652.370	,0,NPU:2
2,KERNEL,1788521963193660.920	,0,NPU:2
2,KERNEL,1788521963293649.500	,0,NPU:2
2,KERNEL,1788521963393652.840	,0,NPU:2
2,KERNEL,1788521963493633.730	,0,NPU:2
2,KERNEL,1788521963593627.750	,0,NPU:2
2,KERNEL,1788521963693630.860	,0,NPU:2
2,KERNEL,1788521963793626.500	,0,NPU:2
2,KERNEL,1788521963893625.660	,0,NPU:2
2,KERNEL,1788521963993619.870	,0,NPU:2
2,KERNEL,1788521964093623.630	,0,NPU:2
2,KERNEL,1788521964193621.680	,0,NPU:2
2,KERNEL,1788521964293631.730	,0,NPU:2
2,KERNEL,1788521964393624.810	,0,NPU:2
2,KERNEL,1788521964493617.160	,0,NPU:2
2,KERNEL,1788521964593612.810	,0,NPU:2
2,KERNEL,1788521964693630.030	,0,NPU:2
2,KERNEL,1788521964793640.010	,0,NPU:2
2,KERNEL,1788521964893621.970	,0,NPU:2
2,KERNEL,1788521964993624.260	,0,NPU:2
2,KERNEL,1788521965093632.600	,0,NPU:2
2,KERNEL,1788521965193623.140	,0,NPU:2
2,KERNEL,1788521965293738.890	,0,NPU:2
2,KERNEL,1788521965393669.470	,0,NPU:2
2,KERNEL,1788521965493639.540	,0,NPU:2
2,KERNEL,1788521965593628.350	,0,NPU:2
2,KERNEL,1788521965693649.400	,0,NPU:2
2,KERNEL,1788521965793641.400	,0,NPU:2
2,KERNEL,1788521965893687.370	,0,NPU:2
2,KERNEL,1788521965993646.290	,0,NPU:2
2,KERNEL,1788521966093625.790	,0,NPU:2
2,KERNEL,1788521966193628.540	,0,NPU:2
2,KERNEL,1788521966293643.340	,0,NPU:2
2,KERNEL,1788521966393613.490	,0,NPU:2
2,KERNEL,1788521966493642.110	,0,NPU:2
2,KERNEL,1788521966593639.740	,0,NPU:2
2,KERNEL,1788521966693630.120	,0,NPU:2
2,KERNEL,1788521966793623.110	,0,NPU:2
2,KERNEL,1788521966893628.080	,0,NPU:2
2,KERNEL,1788521966993649.050	,0,NPU:2
2,KERNEL,1788521967093643.280	,0,NPU:2
2,KERNEL,1788521967193636.760	,0,NPU:2
2,KERNEL,1788521967293664.510	,0,NPU:2
2,KERNEL,1788521967393646.400	,0,NPU:2
2,KERNEL,1788521967493631.880	,0,NPU:2
2,KERNEL,1788521967593619.300	,0,NPU:2
2,KERNEL,1788521967693635.480	,0,NPU:2
2,KERNEL,1788521967793629.620	,0,NPU:2
2,KERNEL,1788521967893659.030	,0,NPU:2
2,KERNEL,1788521967993639.300	,0,NPU:2
2,KERNEL,1788521968093616.460	,0,NPU:2
2,KERNEL,1788521968193600.750	,0,NPU:2
2,KERNEL,1788521968293604.310	,0,NPU:2
2,KERNEL,1788521968393642.290	,0,NPU:2
2,KERNEL,1788521968493641.350	,0,NPU:2
2,KERNEL,1788521968593635.460	,0,NPU:2
2,KERNEL,1788521968693623.120	,0,NPU:2
2,KERNEL,1788521968793603.210	,0,NPU:2
2,KERNEL,1788521968893622.880	,0,NPU:2
2,KERNEL,1788521968993646.280	,0,NPU:2
2,KERNEL,1788521969093618.190	,0,NPU:2
2,KERNEL,1788521969193625.210	,0,NPU:2
2,KERNEL,1788521969293613.860	,0,NPU:2
2,KERNEL,1788521969393631.150	,0,NPU:2
2,KERNEL,1788521969493645.190	,0,NPU:2
2,KERNEL,1788521969593630.620	,0,NPU:2
2,KERNEL,1788521969693629.060	,0,NPU:2
2,KERNEL,1788521969793629.990	,0,NPU:2
2,KERNEL,1788521969893608.320	,0,NPU:2
2,KERNEL,1788521969993610.590	,0,NPU:2
2,KERNEL,1788521970093630.140	,0,NPU:2
2,KERNEL,1788521970193626.490	,0,NPU:2
2,KERNEL,1788521970293611.210	,0,NPU:2
2,KERNEL,1788521970393601.790	,0,NPU:2
2,KERNEL,1788521970493628.800	,0,NPU:2
2,KERNEL,1788521970593625.850	,0,NPU:2
2,KERNEL,1788521970693643.880	,0,NPU:2
2,KERNEL,1788521970793609.650	,0,NPU:2
2,KERNEL,1788521970893621.640	,0,NPU:2
2,KERNEL,1788521970993613.030	,0,NPU:2
2,KERNEL,1788521971093591.550	,0,NPU:2
2,KERNEL,1788521971193601.230	,0,NPU:2
2,KERNEL,1788521971293601.060	,0,NPU:2
2,KERNEL,1788521971393594.380	,0,NPU:2
2,KERNEL,1788521971493608.280	,0,NPU:2
2,KERNEL,1788521971593612.580	,0,NPU:2
2,KERNEL,1788521971693592.100	,0,NPU:2
2,KERNEL,1788521971793598.990	,0,NPU:2
2,KERNEL,1788521971893595.970	,0,NPU:2
2,KERNEL,1788521971993592.820	,0,NPU:2
2,KERNEL,1788521972093590.900	,0,NPU:2
2,KERNEL,1788521972193595.900	,0,NPU:2
2,KERNEL,1788521972293597.240	,0,NPU:2
2,KERNEL,1788521972393636.480	,0,NPU:2
2,KERNEL,1788521972493583.490	,0,NPU:2
2,KERNEL,1788521972593645.590	,0,NPU:2
2,KERNEL,1788521972693633.820	,0,NPU:2
2,KERNEL,1788521972793603.790	,0,NPU:2
2,KERNEL,1788521972893580.480	,0,NPU:2
2,KERNEL,1788521972993578.140	,0,NPU:2
2,KERNEL,1788521973093574.880	,0,NPU:2
2,KERNEL,1788521973193573.610	,0,NPU:2
2,KERNEL,1788521973293574.060	,0,NPU:2
2,KERNEL,1788521973398586.880	,0,NPU:2
2,KERNEL,1788521973493599.570	,0,NPU:2
2,KERNEL,1788521973559819.670	,0,NPU:2
2,LIBMEDIA,1788521953993841.910	,0,NPU:2
2,LIBMEDIA,1788521954093690.790	,0,NPU:2
2,LIBMEDIA,1788521954193665.180	,0,NPU:2
2,LIBMEDIA,1788521954293650.080	,0,NPU:2
2,LIBMEDIA,1788521954393654.040	,0,NPU:2
2,LIBMEDIA,1788521954493648.730	,0,NPU:2
2,LIBMEDIA,1788521954593645.540	,0,NPU:2
2,LIBMEDIA,1788521954693640.150	,0,NPU:2
2,LIBMEDIA,1788521954793649.950	,0,NPU:2
2,LIBMEDIA,1788521954893661.680	,0,NPU:2
2,LIBMEDIA,1788521954993678.410	,0,NPU:2
2,LIBMEDIA,1788521955093652.720	,0,NPU:2
2,LIBMEDIA,1788521955193653.270	,0,NPU:2
2,LIBMEDIA,1788521955293648.860	,0,NPU:2
2,LIBMEDIA,1788521955393649.220	,0,NPU:2
2,LIBMEDIA,1788521955493655.280	,0,NPU:2
2,LIBMEDIA,1788521955593651.590	,0,NPU:2
2,LIBMEDIA,1788521955693640.580	,0,NPU:2
2,LIBMEDIA,1788521955793638.250	,0,NPU:2
2,LIBMEDIA,1788521955893682.250	,0,NPU:2
2,LIBMEDIA,1788521955993682.480	,0,NPU:2
2,LIBMEDIA,1788521956093711.640	,0,NPU:2
2,LIBMEDIA,1788521956193672.410	,0,NPU:2
2,LIBMEDIA,1788521956293669.740	,0,NPU:2
2,LIBMEDIA,1788521956393666.240	,0,NPU:2
2,LIBMEDIA,1788521956493676.590	,0,NPU:2
2,LIBMEDIA,1788521956593710.650	,0,NPU:2
2,LIBMEDIA,1788521956693695.830	,0,NPU:2
2,LIBMEDIA,1788521956793695.140	,0,NPU:2
2,LIBMEDIA,1788521956893673.320	,0,NPU:2
2,LIBMEDIA,1788521956993679.850	,0,NPU:2
2,LIBMEDIA,1788521957093679.860	,0,NPU:2
2,LIBMEDIA,1788521957193708.460	,0,NPU:2
2,LIBMEDIA,1788521957293678.900	,0,NPU:2
2,LIBMEDIA,1788521957393665.400	,0,NPU:2
2,LIBMEDIA,1788521957493670.700	,0,NPU:2
2,LIBMEDIA,1788521957593669.370	,0,NPU:2
2,LIBMEDIA,1788521957693681.180	,0,NPU:2
2,LIBMEDIA,1788521957793669.280	,0,NPU:2
2,LIBMEDIA,1788521957893667.600	,0,NPU:2
2,LIBMEDIA,1788521957993664.330	,0,NPU:2
2,LIBMEDIA,1788521958093664.530	,0,NPU:2
2,LIBMEDIA,1788521958193664.090	,0,NPU:2
2,LIBMEDIA,1788521958293676.530	,0,NPU:2
2,LIBMEDIA,1788521958393683.270	,0,NPU:2
2,LIBMEDIA,1788521958493690.880	,0,NPU:2
2,LIBMEDIA,1788521958593674.040	,0,NPU:2
2,LIBMEDIA,1788521958693683.820	,0,NPU:2
2,LIBMEDIA,1788521958793687.320	,0,NPU:2
2,LIBMEDIA,1788521958893675.330	,0,NPU:2
2,LIBMEDIA,1788521958993662.280	,0,NPU:2
2,LIBMEDIA,1788521959093657.900	,0,NPU:2
2,LIBMEDIA,1788521959193640.610	,0,NPU:2
2,LIBMEDIA,1788521959293669.420	,0,NPU:2
2,LIBMEDIA,1788521959393659.330	,0,NPU:2
2,LIBMEDIA,1788521959493656.680	,0,NPU:2
2,LIBMEDIA,1788521959593664.410	,0,NPU:2
2,LIBMEDIA,1788521959693659.180	,0,NPU:2
2,LIBMEDIA,1788521959793659.090	,0,NPU:2
2,LIBMEDIA,1788521959893653.390	,0,NPU:2
2,LIBMEDIA,1788521959993636.630	,0,NPU:2
2,LIBMEDIA,1788521960093661.640	,0,NPU:2
2,LIBMEDIA,1788521960193659.550	,0,NPU:2
2,LIBMEDIA,1788521960293650.620	,0,NPU:2
2,LIBMEDIA,1788521960393656.970	,0,NPU:2
2,LIBMEDIA,1788521960493672.410	,0,NPU:2
2,LIBMEDIA,1788521960593660.010	,0,NPU:2
2,LIBMEDIA,1788521960693662.400	,0,NPU:2
2,LIBMEDIA,1788521960793664.020	,0,NPU:2
2,LIBMEDIA,1788521960893665.010	,0,NPU:2
2,LIBMEDIA,1788521960993655.530	,0,NPU:2
2,LIBMEDIA,1788521961093650.430	,0,NPU:2
2,LIBMEDIA,1788521961193659.590	,0,NPU:2
2,LIBMEDIA,1788521961293649.550	,0,NPU:2
2,LIBMEDIA,1788521961393660.560	,0,NPU:2
2,LIBMEDIA,1788521961493646.430	,0,NPU:2
2,LIBMEDIA,1788521961593653.540	,0,NPU:2
2,LIBMEDIA,1788521961693653.280	,0,NPU:2
2,LIBMEDIA,1788521961793655.640	,0,NPU:2
2,LIBMEDIA,1788521961893663.700	,0,NPU:2
2,LIBMEDIA,1788521961993679.720	,0,NPU:2
2,LIBMEDIA,1788521962093650.320	,0,NPU:2
2,LIBMEDIA,1788521962193649.320	,0,NPU:2
2,LIBMEDIA,1788521962293681.190	,0,NPU:2
2,LIBMEDIA,1788521962393648.310	,0,NPU:2
2,LIBMEDIA,1788521962493648.610	,0,NPU:2
2,LIBMEDIA,1788521962593658.720	,0,NPU:2
2,LIBMEDIA,1788521962693658.470	,0,NPU:2
2,LIBMEDIA,1788521962793647.510	,0,NPU:2
2,LIBMEDIA,1788521962893648.970	,0,NPU:2
2,LIBMEDIA,1788521962993649.820	,0,NPU:2
2,LIBMEDIA,1788521963093652.370	,0,NPU:2
2,LIBMEDIA,1788521963193660.920	,0,NPU:2
2,LIBMEDIA,1788521963293649.500	,0,NPU:2
2,LIBMEDIA,1788521963393652.840	,0,NPU:2
2,LIBMEDIA,1788521963493633.730	,0,NPU:2
2,LIBMEDIA,1788521963593627.750	,0,NPU:2
2,LIBMEDIA,1788521963693630.860	,0,NPU:2
2,LIBMEDIA,1788521963793626.500	,0,NPU:2
2,LIBMEDIA,1788521963893625.660	,0,NPU:2
2,LIBMEDIA,1788521963993619.870	,0,NPU:2
2,LIBMEDIA,1788521964093623.630	,0,NPU:2
2,LIBMEDIA,1788521964193621.680	,0,NPU:2
2,LIBMEDIA,1788521964293631.730	,0,NPU:2
2,LIBMEDIA,1788521964393624.810	,0,NPU:2
2,LIBMEDIA,1788521964493617.160	,0,NPU:2
2,LIBMEDIA,1788521964593612.810	,0,NPU:2
2,LIBMEDIA,1788521964693630.030	,0,NPU:2
2,LIBMEDIA,1788521964793640.010	,0,NPU:2
2,LIBMEDIA,1788521964893621.970	,0,NPU:2
2,LIBMEDIA,1788521964993624.260	,0,NPU:2
2,LIBMEDIA,1788521965093632.600	,0,NPU:2
2,LIBMEDIA,1788521965193623.140	,0,NPU:2
2,LIBMEDIA,1788521965293738.890	,0,NPU:2
2,LIBMEDIA,1788521965393669.470	,0,NPU:2
2,LIBMEDIA,1788521965493639.540	,0,NPU:2
2,LIBMEDIA,1788521965593628.350	,0,NPU:2
2,LIBMEDIA,1788521965693649.400	,0,NPU:2
2,LIBMEDIA,1788521965793641.400	,0,NPU:2
2,LIBMEDIA,1788521965893687.370	,0,NPU:2
2,LIBMEDIA,1788521965993646.290	,0,NPU:2
2,LIBMEDIA,1788521966093625.790	,0,NPU:2
2,LIBMEDIA,1788521966193628.540	,0,NPU:2
2,LIBMEDIA,1788521966293643.340	,0,NPU:2
2,LIBMEDIA,1788521966393613.490	,0,NPU:2
2,LIBMEDIA,1788521966493642.110	,0,NPU:2
2,LIBMEDIA,1788521966593639.740	,0,NPU:2
2,LIBMEDIA,1788521966693630.120	,0,NPU:2
2,LIBMEDIA,1788521966793623.110	,0,NPU:2
2,LIBMEDIA,1788521966893628.080	,0,NPU:2
2,LIBMEDIA,1788521966993649.050	,0,NPU:2
2,LIBMEDIA,1788521967093643.280	,0,NPU:2
2,LIBMEDIA,1788521967193636.760	,0,NPU:2
2,LIBMEDIA,1788521967293664.510	,0,NPU:2
2,LIBMEDIA,1788521967393646.400	,0,NPU:2
2,LIBMEDIA,1788521967493631.880	,0,NPU:2
2,LIBMEDIA,1788521967593619.300	,0,NPU:2
2,LIBMEDIA,1788521967693635.480	,0,NPU:2
2,LIBMEDIA,1788521967793629.620	,0,NPU:2
2,LIBMEDIA,1788521967893659.030	,0,NPU:2
2,LIBMEDIA,1788521967993639.300	,0,NPU:2
2,LIBMEDIA,1788521968093616.460	,0,NPU:2
2,LIBMEDIA,1788521968193600.750	,0,NPU:2
2,LIBMEDIA,1788521968293604.310	,0,NPU:2
2,LIBMEDIA,1788521968393642.290	,0,NPU:2
2,LIBMEDIA,1788521968493641.350	,0,NPU:2
2,LIBMEDIA,1788521968593635.460	,0,NPU:2
2,LIBMEDIA,1788521968693623.120	,0,NPU:2
2,LIBMEDIA,1788521968793603.210	,0,NPU:2
2,LIBMEDIA,1788521968893622.880	,0,NPU:2
2,LIBMEDIA,1788521968993646.280	,0,NPU:2
2,LIBMEDIA,1788521969093618.190	,0,NPU:2
2,LIBMEDIA,1788521969193625.210	,0,NPU:2
2,LIBMEDIA,1788521969293613.860	,0,NPU:2
2,LIBMEDIA,1788521969393631.150	,0,NPU:2
2,LIBMEDIA,1788521969493645.190	,0,NPU:2
2,LIBMEDIA,1788521969593630.620	,0,NPU:2
2,LIBMEDIA,1788521969693629.060	,0,NPU:2
2,LIBMEDIA,1788521969793629.990	,0,NPU:2
2,LIBMEDIA,1788521969893608.320	,0,NPU:2
2,LIBMEDIA,1788521969993610.590	,0,NPU:2
2,LIBMEDIA,1788521970093630.140	,0,NPU:2
2,LIBMEDIA,1788521970193626.490	,0,NPU:2
2,LIBMEDIA,1788521970293611.210	,0,NPU:2
2,LIBMEDIA,1788521970393601.790	,0,NPU:2
2,LIBMEDIA,1788521970493628.800	,0,NPU:2
2,LIBMEDIA,1788521970593625.850	,0,NPU:2
2,LIBMEDIA,1788521970693643.880	,0,NPU:2
2,LIBMEDIA,1788521970793609.650	,0,NPU:2
2,LIBMEDIA,1788521970893621.640	,0,NPU:2
2,LIBMEDIA,1788521970993613.030	,0,NPU:2
2,LIBMEDIA,1788521971093591.550	,0,NPU:2
2,LIBMEDIA,1788521971193601.230	,0,NPU:2
2,LIBMEDIA,1788521971293601.060	,0,NPU:2
2,LIBMEDIA,1788521971393594.380	,0,NPU:2
2,LIBMEDIA,1788521971493608.280	,0,NPU:2
2,LIBMEDIA,1788521971593612.580	,0,NPU:2
2,LIBMEDIA,1788521971693592.100	,0,NPU:2
2,LIBMEDIA,1788521971793598.990	,0,NPU:2
2,LIBMEDIA,1788521971893595.970	,0,NPU:2
2,LIBMEDIA,1788521971993592.820	,0,NPU:2
2,LIBMEDIA,1788521972093590.900	,0,NPU:2
2,LIBMEDIA,1788521972193595.900	,0,NPU:2
2,LIBMEDIA,1788521972293597.240	,0,NPU:2
2,LIBMEDIA,1788521972393636.480	,0,NPU:2
2,LIBMEDIA,1788521972493583.490	,0,NPU:2
2,LIBMEDIA,1788521972593645.590	,0,NPU:2
2,LIBMEDIA,1788521972693633.820	,0,NPU:2
2,LIBMEDIA,1788521972793603.790	,0,NPU:2
2,LIBMEDIA,1788521972893580.480	,0,NPU:2
2,LIBMEDIA,1788521972993578.140	,0,NPU:2
2,LIBMEDIA,1788521973093574.880	,0,NPU:2
2,LIBMEDIA,1788521973193573.610	,0,NPU:2
2,LIBMEDIA,1788521973293574.060	,0,NPU:2
2,LIBMEDIA,1788521973398586.880	,0,NPU:2
2,LIBMEDIA,1788521973493599.570	,0,NPU:2
2,LIBMEDIA,1788521973559819.670	,0,NPU:2
2,CCECPU,1788521953993841.910	,0,NPU:2
2,CCECPU,1788521954093690.790	,0,NPU:2
2,CCECPU,1788521954193665.180	,0,NPU:2
2,CCECPU,1788521954293650.080	,0,NPU:2
2,CCECPU,1788521954393654.040	,0,NPU:2
2,CCECPU,1788521954493648.730	,0,NPU:2
2,CCECPU,1788521954593645.540	,0,NPU:2
2,CCECPU,1788521954693640.150	,0,NPU:2
2,CCECPU,1788521954793649.950	,0,NPU:2
2,CCECPU,1788521954893661.680	,0,NPU:2
2,CCECPU,1788521954993678.410	,0,NPU:2
2,CCECPU,1788521955093652.720	,0,NPU:2
2,CCECPU,1788521955193653.270	,0,NPU:2
2,CCECPU,1788521955293648.860	,0,NPU:2
2,CCECPU,1788521955393649.220	,0,NPU:2
2,CCECPU,1788521955493655.280	,0,NPU:2
2,CCECPU,1788521955593651.590	,0,NPU:2
2,CCECPU,1788521955693640.580	,0,NPU:2
2,CCECPU,1788521955793638.250	,0,NPU:2
2,CCECPU,1788521955893682.250	,0,NPU:2
2,CCECPU,1788521955993682.480	,0,NPU:2
2,CCECPU,1788521956093711.640	,0,NPU:2
2,CCECPU,1788521956193672.410	,0,NPU:2
2,CCECPU,1788521956293669.740	,0,NPU:2
2,CCECPU,1788521956393666.240	,0,NPU:2
2,CCECPU,1788521956493676.590	,0,NPU:2
2,CCECPU,1788521956593710.650	,0,NPU:2
2,CCECPU,1788521956693695.830	,0,NPU:2
2,CCECPU,1788521956793695.140	,0,NPU:2
2,CCECPU,1788521956893673.320	,0,NPU:2
2,CCECPU,1788521956993679.850	,0,NPU:2
2,CCECPU,1788521957093679.860	,0,NPU:2
2,CCECPU,1788521957193708.460	,0,NPU:2
2,CCECPU,1788521957293678.900	,0,NPU:2
2,CCECPU,1788521957393665.400	,0,NPU:2
2,CCECPU,1788521957493670.700	,0,NPU:2
2,CCECPU,1788521957593669.370	,0,NPU:2
2,CCECPU,1788521957693681.180	,0,NPU:2
2,CCECPU,1788521957793669.280	,0,NPU:2
2,CCECPU,1788521957893667.600	,0,NPU:2
2,CCECPU,1788521957993664.330	,0,NPU:2
2,CCECPU,1788521958093664.530	,0,NPU:2
2,CCECPU,1788521958193664.090	,0,NPU:2
2,CCECPU,1788521958293676.530	,0,NPU:2
2,CCECPU,1788521958393683.270	,0,NPU:2
2,CCECPU,1788521958493690.880	,0,NPU:2
2,CCECPU,1788521958593674.040	,0,NPU:2
2,CCECPU,1788521958693683.820	,0,NPU:2
2,CCECPU,1788521958793687.320	,0,NPU:2
2,CCECPU,1788521958893675.330	,0,NPU:2
2,CCECPU,1788521958993662.280	,0,NPU:2
2,CCECPU,1788521959093657.900	,0,NPU:2
2,CCECPU,1788521959193640.610	,0,NPU:2
2,CCECPU,1788521959293669.420	,0,NPU:2
2,CCECPU,1788521959393659.330	,0,NPU:2
2,CCECPU,1788521959493656.680	,0,NPU:2
2,CCECPU,1788521959593664.410	,0,NPU:2
2,CCECPU,1788521959693659.180	,0,NPU:2
2,CCECPU,1788521959793659.090	,0,NPU:2
2,CCECPU,1788521959893653.390	,0,NPU:2
2,CCECPU,1788521959993636.630	,0,NPU:2
2,CCECPU,1788521960093661.640	,0,NPU:2
2,CCECPU,1788521960193659.550	,0,NPU:2
2,CCECPU,1788521960293650.620	,0,NPU:2
2,CCECPU,1788521960393656.970	,0,NPU:2
2,CCECPU,1788521960493672.410	,0,NPU:2
2,CCECPU,1788521960593660.010	,0,NPU:2
2,CCECPU,1788521960693662.400	,0,NPU:2
2,CCECPU,1788521960793664.020	,0,NPU:2
2,CCECPU,1788521960893665.010	,0,NPU:2
2,CCECPU,1788521960993655.530	,0,NPU:2
2,CCECPU,1788521961093650.430	,0,NPU:2
2,CCECPU,1788521961193659.590	,0,NPU:2
2,CCECPU,1788521961293649.550	,0,NPU:2
2,CCECPU,1788521961393660.560	,0,NPU:2
2,CCECPU,1788521961493646.430	,0,NPU:2
2,CCECPU,1788521961593653.540	,0,NPU:2
2,CCECPU,1788521961693653.280	,0,NPU:2
2,CCECPU,1788521961793655.640	,0,NPU:2
2,CCECPU,1788521961893663.700	,0,NPU:2
2,CCECPU,1788521961993679.720	,0,NPU:2
2,CCECPU,1788521962093650.320	,0,NPU:2
2,CCECPU,1788521962193649.320	,0,NPU:2
2,CCECPU,1788521962293681.190	,0,NPU:2
2,CCECPU,1788521962393648.310	,0,NPU:2
2,CCECPU,1788521962493648.610	,0,NPU:2
2,CCECPU,1788521962593658.720	,0,NPU:2
2,CCECPU,1788521962693658.470	,0,NPU:2
2,CCECPU,1788521962793647.510	,0,NPU:2
2,CCECPU,1788521962893648.970	,0,NPU:2
2,CCECPU,1788521962993649.820	,0,NPU:2
2,CCECPU,1788521963093652.370	,0,NPU:2
2,CCECPU,1788521963193660.920	,0,NPU:2
2,CCECPU,1788521963293649.500	,0,NPU:2
2,CCECPU,1788521963393652.840	,0,NPU:2
2,CCECPU,1788521963493633.730	,0,NPU:2
2,CCECPU,1788521963593627.750	,0,NPU:2
2,CCECPU,1788521963693630.860	,0,NPU:2
2,CCECPU,1788521963793626.500	,0,NPU:2
2,CCECPU,1788521963893625.660	,0,NPU:2
2,CCECPU,1788521963993619.870	,0,NPU:2
2,CCECPU,1788521964093623.630	,0,NPU:2
2,CCECPU,1788521964193621.680	,0,NPU:2
2,CCECPU,1788521964293631.730	,0,NPU:2
2,CCECPU,1788521964393624.810	,0,NPU:2
2,CCECPU,1788521964493617.160	,0,NPU:2
2,CCECPU,1788521964593612.810	,0,NPU:2
2,CCECPU,1788521964693630.030	,0,NPU:2
2,CCECPU,1788521964793640.010	,0,NPU:2
2,CCECPU,1788521964893621.970	,0,NPU:2
2,CCECPU,1788521964993624.260	,0,NPU:2
2,CCECPU,1788521965093632.600	,0,NPU:2
2,CCECPU,1788521965193623.140	,0,NPU:2
2,CCECPU,1788521965293738.890	,0,NPU:2
2,CCECPU,1788521965393669.470	,0,NPU:2
2,CCECPU,1788521965493639.540	,0,NPU:2
2,CCECPU,1788521965593628.350	,0,NPU:2
2,CCECPU,1788521965693649.400	,0,NPU:2
2,CCECPU,1788521965793641.400	,0,NPU:2
2,CCECPU,1788521965893687.370	,0,NPU:2
2,CCECPU,1788521965993646.290	,0,NPU:2
2,CCECPU,1788521966093625.790	,0,NPU:2
2,CCECPU,1788521966193628.540	,0,NPU:2
2,CCECPU,1788521966293643.340	,0,NPU:2
2,CCECPU,1788521966393613.490	,0,NPU:2
2,CCECPU,1788521966493642.110	,0,NPU:2
2,CCECPU,1788521966593639.740	,0,NPU:2
2,CCECPU,1788521966693630.120	,0,NPU:2
2,CCECPU,1788521966793623.110	,0,NPU:2
2,CCECPU,1788521966893628.080	,0,NPU:2
2,CCECPU,1788521966993649.050	,0,NPU:2
2,CCECPU,1788521967093643.280	,0,NPU:2
2,CCECPU,1788521967193636.760	,0,NPU:2
2,CCECPU,1788521967293664.510	,0,NPU:2
2,CCECPU,1788521967393646.400	,0,NPU:2
2,CCECPU,1788521967493631.880	,0,NPU:2
2,CCECPU,1788521967593619.300	,0,NPU:2
2,CCECPU,1788521967693635.480	,0,NPU:2
2,CCECPU,1788521967793629.620	,0,NPU:2
2,CCECPU,1788521967893659.030	,0,NPU:2
2,CCECPU,1788521967993639.300	,0,NPU:2
2,CCECPU,1788521968093616.460	,0,NPU:2
2,CCECPU,1788521968193600.750	,0,NPU:2
2,CCECPU,1788521968293604.310	,0,NPU:2
2,CCECPU,1788521968393642.290	,0,NPU:2
2,CCECPU,1788521968493641.350	,0,NPU:2
2,CCECPU,1788521968593635.460	,0,NPU:2
2,CCECPU,1788521968693623.120	,0,NPU:2
2,CCECPU,1788521968793603.210	,0,NPU:2
2,CCECPU,1788521968893622.880	,0,NPU:2
2,CCECPU,1788521968993646.280	,0,NPU:2
2,CCECPU,1788521969093618.190	,0,NPU:2
2,CCECPU,1788521969193625.210	,0,NPU:2
2,CCECPU,1788521969293613.860	,0,NPU:2
2,CCECPU,1788521969393631.150	,0,NPU:2
2,CCECPU,1788521969493645.190	,0,NPU:2
2,CCECPU,1788521969593630.620	,0,NPU:2
2,CCECPU,1788521969693629.060	,0,NPU:2
2,CCECPU,1788521969793629.990	,0,NPU:2
2,CCECPU,1788521969893608.320	,0,NPU:2
2,CCECPU,1788521969993610.590	,0,NPU:2
2,CCECPU,1788521970093630.140	,0,NPU:2
2,CCECPU,1788521970193626.490	,0,NPU:2
2,CCECPU,1788521970293611.210	,0,NPU:2
2,CCECPU,1788521970393601.790	,0,NPU:2
2,CCECPU,1788521970493628.800	,0,NPU:2
2,CCECPU,1788521970593625.850	,0,NPU:2
2,CCECPU,1788521970693643.880	,0,NPU:2
2,CCECPU,1788521970793609.650	,0,NPU:2
2,CCECPU,1788521970893621.640	,0,NPU:2
2,CCECPU,1788521970993613.030	,0,NPU:2
2,CCECPU,1788521971093591.550	,0,NPU:2
2,CCECPU,1788521971193601.230	,0,NPU:2
2,CCECPU,1788521971293601.060	,0,NPU:2
2,CCECPU,1788521971393594.380	,0,NPU:2
2,CCECPU,1788521971493608.280	,0,NPU:2
2,CCECPU,1788521971593612.580	,0,NPU:2
2,CCECPU,1788521971693592.100	,0,NPU:2
2,CCECPU,1788521971793598.990	,0,NPU:2
2,CCECPU,1788521971893595.970	,0,NPU:2
2,CCECPU,1788521971993592.820	,0,NPU:2
2,CCECPU,1788521972093590.900	,0,NPU:2
2,CCECPU,1788521972193595.900	,0,NPU:2
2,CCECPU,1788521972293597.240	,0,NPU:2
2,CCECPU,1788521972393636.480	,0,NPU:2
2,CCECPU,1788521972493583.490	,0,NPU:2
2,CCECPU,1788521972593645.590	,0,NPU:2
2,CCECPU,1788521972693633.820	,0,NPU:2
2,CCECPU,1788521972793603.790	,0,NPU:2
2,CCECPU,1788521972893580.480	,0,NPU:2
2,CCECPU,1788521972993578.140	,0,NPU:2
2,CCECPU,1788521973093574.880	,0,NPU:2
2,CCECPU,1788521973193573.610	,0,NPU:2
2,CCECPU,1788521973293574.060	,0,NPU:2
2,CCECPU,1788521973398586.880	,0,NPU:2
2,CCECPU,1788521973493599.570	,0,NPU:2
2,CCECPU,1788521973559819.670	,0,NPU:2
2,ASCENDDK,1788521953993841.910	,0,NPU:2
2,ASCENDDK,1788521954093690.790	,0,NPU:2
2,ASCENDDK,1788521954193665.180	,0,NPU:2
2,ASCENDDK,1788521954293650.080	,0,NPU:2
2,ASCENDDK,1788521954393654.040	,0,NPU:2
2,ASCENDDK,1788521954493648.730	,0,NPU:2
2,ASCENDDK,1788521954593645.540	,0,NPU:2
2,ASCENDDK,1788521954693640.150	,0,NPU:2
2,ASCENDDK,1788521954793649.950	,0,NPU:2
2,ASCENDDK,1788521954893661.680	,0,NPU:2
2,ASCENDDK,1788521954993678.410	,0,NPU:2
2,ASCENDDK,1788521955093652.720	,0,NPU:2
2,ASCENDDK,1788521955193653.270	,0,NPU:2
2,ASCENDDK,1788521955293648.860	,0,NPU:2
2,ASCENDDK,1788521955393649.220	,0,NPU:2
2,ASCENDDK,1788521955493655.280	,0,NPU:2
2,ASCENDDK,1788521955593651.590	,0,NPU:2
2,ASCENDDK,1788521955693640.580	,0,NPU:2
2,ASCENDDK,1788521955793638.250	,0,NPU:2
2,ASCENDDK,1788521955893682.250	,0,NPU:2
2,ASCENDDK,1788521955993682.480	,0,NPU:2
2,ASCENDDK,1788521956093711.640	,0,NPU:2
2,ASCENDDK,1788521956193672.410	,0,NPU:2
2,ASCENDDK,1788521956293669.740	,0,NPU:2
2,ASCENDDK,1788521956393666.240	,0,NPU:2
2,ASCENDDK,1788521956493676.590	,0,NPU:2
2,ASCENDDK,1788521956593710.650	,0,NPU:2
2,ASCENDDK,1788521956693695.830	,0,NPU:2
2,ASCENDDK,1788521956793695.140	,0,NPU:2
2,ASCENDDK,1788521956893673.320	,0,NPU:2
2,ASCENDDK,1788521956993679.850	,0,NPU:2
2,ASCENDDK,1788521957093679.860	,0,NPU:2
2,ASCENDDK,1788521957193708.460	,0,NPU:2
2,ASCENDDK,1788521957293678.900	,0,NPU:2
2,ASCENDDK,1788521957393665.400	,0,NPU:2
2,ASCENDDK,1788521957493670.700	,0,NPU:2
2,ASCENDDK,1788521957593669.370	,0,NPU:2
2,ASCENDDK,1788521957693681.180	,0,NPU:2
2,ASCENDDK,1788521957793669.280	,0,NPU:2
2,ASCENDDK,1788521957893667.600	,0,NPU:2
2,ASCENDDK,1788521957993664.330	,0,NPU:2
2,ASCENDDK,1788521958093664.530	,0,NPU:2
2,ASCENDDK,1788521958193664.090	,0,NPU:2
2,ASCENDDK,1788521958293676.530	,0,NPU:2
2,ASCENDDK,1788521958393683.270	,0,NPU:2
2,ASCENDDK,1788521958493690.880	,0,NPU:2
2,ASCENDDK,1788521958593674.040	,0,NPU:2
2,ASCENDDK,1788521958693683.820	,0,NPU:2
2,ASCENDDK,1788521958793687.320	,0,NPU:2
2,ASCENDDK,1788521958893675.330	,0,NPU:2
2,ASCENDDK,1788521958993662.280	,0,NPU:2
2,ASCENDDK,1788521959093657.900	,0,NPU:2
2,ASCENDDK,1788521959193640.610	,0,NPU:2
2,ASCENDDK,1788521959293669.420	,0,NPU:2
2,ASCENDDK,1788521959393659.330	,0,NPU:2
2,ASCENDDK,1788521959493656.680	,0,NPU:2
2,ASCENDDK,1788521959593664.410	,0,NPU:2
2,ASCENDDK,1788521959693659.180	,0,NPU:2
2,ASCENDDK,1788521959793659.090	,0,NPU:2
2,ASCENDDK,1788521959893653.390	,0,NPU:2
2,ASCENDDK,1788521959993636.630	,0,NPU:2
2,ASCENDDK,1788521960093661.640	,0,NPU:2
2,ASCENDDK,1788521960193659.550	,0,NPU:2
2,ASCENDDK,1788521960293650.620	,0,NPU:2
2,ASCENDDK,1788521960393656.970	,0,NPU:2
2,ASCENDDK,1788521960493672.410	,0,NPU:2
2,ASCENDDK,1788521960593660.010	,0,NPU:2
2,ASCENDDK,1788521960693662.400	,0,NPU:2
2,ASCENDDK,1788521960793664.020	,0,NPU:2
2,ASCENDDK,1788521960893665.010	,0,NPU:2
2,ASCENDDK,1788521960993655.530	,0,NPU:2
2,ASCENDDK,1788521961093650.430	,0,NPU:2
2,ASCENDDK,1788521961193659.590	,0,NPU:2
2,ASCENDDK,1788521961293649.550	,0,NPU:2
2,ASCENDDK,1788521961393660.560	,0,NPU:2
2,ASCENDDK,1788521961493646.430	,0,NPU:2
2,ASCENDDK,1788521961593653.540	,0,NPU:2
2,ASCENDDK,1788521961693653.280	,0,NPU:2
2,ASCENDDK,1788521961793655.640	,0,NPU:2
2,ASCENDDK,1788521961893663.700	,0,NPU:2
2,ASCENDDK,1788521961993679.720	,0,NPU:2
2,ASCENDDK,1788521962093650.320	,0,NPU:2
2,ASCENDDK,1788521962193649.320	,0,NPU:2
2,ASCENDDK,1788521962293681.190	,0,NPU:2
2,ASCENDDK,1788521962393648.310	,0,NPU:2
2,ASCENDDK,1788521962493648.610	,0,NPU:2
2,ASCENDDK,1788521962593658.720	,0,NPU:2
2,ASCENDDK,1788521962693658.470	,0,NPU:2
2,ASCENDDK,1788521962793647.510	,0,NPU:2
2,ASCENDDK,1788521962893648.970	,0,NPU:2
2,ASCENDDK,1788521962993649.820	,0,NPU:2
2,ASCENDDK,1788521963093652.370	,0,NPU:2
2,ASCENDDK,1788521963193660.920	,0,NPU:2
2,ASCENDDK,1788521963293649.500	,0,NPU:2
2,ASCENDDK,1788521963393652.840	,0,NPU:2
2,ASCENDDK,1788521963493633.730	,0,NPU:2
2,ASCENDDK,1788521963593627.750	,0,NPU:2
2,ASCENDDK,1788521963693630.860	,0,NPU:2
2,ASCENDDK,1788521963793626.500	,0,NPU:2
2,ASCENDDK,1788521963893625.660	,0,NPU:2
2,ASCENDDK,1788521963993619.870	,0,NPU:2
2,ASCENDDK,1788521964093623.630	,0,NPU:2
2,ASCENDDK,1788521964193621.680	,0,NPU:2
2,ASCENDDK,1788521964293631.730	,0,NPU:2
2,ASCENDDK,1788521964393624.810	,0,NPU:2
2,ASCENDDK,1788521964493617.160	,0,NPU:2
2,ASCENDDK,1788521964593612.810	,0,NPU:2
2,ASCENDDK,1788521964693630.030	,0,NPU:2
2,ASCENDDK,1788521964793640.010	,0,NPU:2
2,ASCENDDK,1788521964893621.970	,0,NPU:2
2,ASCENDDK,1788521964993624.260	,0,NPU:2
2,ASCENDDK,1788521965093632.600	,0,NPU:2
2,ASCENDDK,1788521965193623.140	,0,NPU:2
2,ASCENDDK,1788521965293738.890	,0,NPU:2
2,ASCENDDK,1788521965393669.470	,0,NPU:2
2,ASCENDDK,1788521965493639.540	,0,NPU:2
2,ASCENDDK,1788521965593628.350	,0,NPU:2
2,ASCENDDK,1788521965693649.400	,0,NPU:2
2,ASCENDDK,1788521965793641.400	,0,NPU:2
2,ASCENDDK,1788521965893687.370	,0,NPU:2
2,ASCENDDK,1788521965993646.290	,0,NPU:2
2,ASCENDDK,1788521966093625.790	,0,NPU:2
2,ASCENDDK,1788521966193628.540	,0,NPU:2
2,ASCENDDK,1788521966293643.340	,0,NPU:2
2,ASCENDDK,1788521966393613.490	,0,NPU:2
2,ASCENDDK,1788521966493642.110	,0,NPU:2
2,ASCENDDK,1788521966593639.740	,0,NPU:2
2,ASCENDDK,1788521966693630.120	,0,NPU:2
2,ASCENDDK,1788521966793623.110	,0,NPU:2
2,ASCENDDK,1788521966893628.080	,0,NPU:2
2,ASCENDDK,1788521966993649.050	,0,NPU:2
2,ASCENDDK,1788521967093643.280	,0,NPU:2
2,ASCENDDK,1788521967193636.760	,0,NPU:2
2,ASCENDDK,1788521967293664.510	,0,NPU:2
2,ASCENDDK,1788521967393646.400	,0,NPU:2
2,ASCENDDK,1788521967493631.880	,0,NPU:2
2,ASCENDDK,1788521967593619.300	,0,NPU:2
2,ASCENDDK,1788521967693635.480	,0,NPU:2
2,ASCENDDK,1788521967793629.620	,0,NPU:2
2,ASCENDDK,1788521967893659.030	,0,NPU:2
2,ASCENDDK,1788521967993639.300	,0,NPU:2
2,ASCENDDK,1788521968093616.460	,0,NPU:2
2,ASCENDDK,1788521968193600.750	,0,NPU:2
2,ASCENDDK,1788521968293604.310	,0,NPU:2
2,ASCENDDK,1788521968393642.290	,0,NPU:2
2,ASCENDDK,1788521968493641.350	,0,NPU:2
2,ASCENDDK,1788521968593635.460	,0,NPU:2
2,ASCENDDK,1788521968693623.120	,0,NPU:2
2,ASCENDDK,1788521968793603.210	,0,NPU:2
2,ASCENDDK,1788521968893622.880	,0,NPU:2
2,ASCENDDK,1788521968993646.280	,0,NPU:2
2,ASCENDDK,1788521969093618.190	,0,NPU:2
2,ASCENDDK,1788521969193625.210	,0,NPU:2
2,ASCENDDK,1788521969293613.860	,0,NPU:2
2,ASCENDDK,1788521969393631.150	,0,NPU:2
2,ASCENDDK,1788521969493645.190	,0,NPU:2
2,ASCENDDK,1788521969593630.620	,0,NPU:2
2,ASCENDDK,1788521969693629.060	,0,NPU:2
2,ASCENDDK,1788521969793629.990	,0,NPU:2
2,ASCENDDK,1788521969893608.320	,0,NPU:2
2,ASCENDDK,1788521969993610.590	,0,NPU:2
2,ASCENDDK,1788521970093630.140	,0,NPU:2
2,ASCENDDK,1788521970193626.490	,0,NPU:2
2,ASCENDDK,1788521970293611.210	,0,NPU:2
2,ASCENDDK,1788521970393601.790	,0,NPU:2
2,ASCENDDK,1788521970493628.800	,0,NPU:2
2,ASCENDDK,1788521970593625.850	,0,NPU:2
2,ASCENDDK,1788521970693643.880	,0,NPU:2
2,ASCENDDK,1788521970793609.650	,0,NPU:2
2,ASCENDDK,1788521970893621.640	,0,NPU:2
2,ASCENDDK,1788521970993613.030	,0,NPU:2
2,ASCENDDK,1788521971093591.550	,0,NPU:2
2,ASCENDDK,1788521971193601.230	,0,NPU:2
2,ASCENDDK,1788521971293601.060	,0,NPU:2
2,ASCENDDK,1788521971393594.380	,0,NPU:2
2,ASCENDDK,1788521971493608.280	,0,NPU:2
2,ASCENDDK,1788521971593612.580	,0,NPU:2
2,ASCENDDK,1788521971693592.100	,0,NPU:2
2,ASCENDDK,1788521971793598.990	,0,NPU:2
2,ASCENDDK,1788521971893595.970	,0,NPU:2
2,ASCENDDK,1788521971993592.820	,0,NPU:2
2,ASCENDDK,1788521972093590.900	,0,NPU:2
2,ASCENDDK,1788521972193595.900	,0,NPU:2
2,ASCENDDK,1788521972293597.240	,0,NPU:2
2,ASCENDDK,1788521972393636.480	,0,NPU:2
2,ASCENDDK,1788521972493583.490	,0,NPU:2
2,ASCENDDK,1788521972593645.590	,0,NPU:2
2,ASCENDDK,1788521972693633.820	,0,NPU:2
2,ASCENDDK,1788521972793603.790	,0,NPU:2
2,ASCENDDK,1788521972893580.480	,0,NPU:2
2,ASCENDDK,1788521972993578.140	,0,NPU:2
2,ASCENDDK,1788521973093574.880	,0,NPU:2
2,ASCENDDK,1788521973193573.610	,0,NPU:2
2,ASCENDDK,1788521973293574.060	,0,NPU:2
2,ASCENDDK,1788521973398586.880	,0,NPU:2
2,ASCENDDK,1788521973493599.570	,0,NPU:2
2,ASCENDDK,1788521973559819.670	,0,NPU:2
2,ROS,1788521953993841.910	,0,NPU:2
2,ROS,1788521954093690.790	,0,NPU:2
2,ROS,1788521954193665.180	,0,NPU:2
2,ROS,1788521954293650.080	,0,NPU:2
2,ROS,1788521954393654.040	,0,NPU:2
2,ROS,1788521954493648.730	,0,NPU:2
2,ROS,1788521954593645.540	,0,NPU:2
2,ROS,1788521954693640.150	,0,NPU:2
2,ROS,1788521954793649.950	,0,NPU:2
2,ROS,1788521954893661.680	,0,NPU:2
2,ROS,1788521954993678.410	,0,NPU:2
2,ROS,1788521955093652.720	,0,NPU:2
2,ROS,1788521955193653.270	,0,NPU:2
2,ROS,1788521955293648.860	,0,NPU:2
2,ROS,1788521955393649.220	,0,NPU:2
2,ROS,1788521955493655.280	,0,NPU:2
2,ROS,1788521955593651.590	,0,NPU:2
2,ROS,1788521955693640.580	,0,NPU:2
2,ROS,1788521955793638.250	,0,NPU:2
2,ROS,1788521955893682.250	,0,NPU:2
2,ROS,1788521955993682.480	,0,NPU:2
2,ROS,1788521956093711.640	,0,NPU:2
2,ROS,1788521956193672.410	,0,NPU:2
2,ROS,1788521956293669.740	,0,NPU:2
2,ROS,1788521956393666.240	,0,NPU:2
2,ROS,1788521956493676.590	,0,NPU:2
2,ROS,1788521956593710.650	,0,NPU:2
2,ROS,1788521956693695.830	,0,NPU:2
2,ROS,1788521956793695.140	,0,NPU:2
2,ROS,1788521956893673.320	,0,NPU:2
2,ROS,1788521956993679.850	,0,NPU:2
2,ROS,1788521957093679.860	,0,NPU:2
2,ROS,1788521957193708.460	,0,NPU:2
2,ROS,1788521957293678.900	,0,NPU:2
2,ROS,1788521957393665.400	,0,NPU:2
2,ROS,1788521957493670.700	,0,NPU:2
2,ROS,1788521957593669.370	,0,NPU:2
2,ROS,1788521957693681.180	,0,NPU:2
2,ROS,1788521957793669.280	,0,NPU:2
2,ROS,1788521957893667.600	,0,NPU:2
2,ROS,1788521957993664.330	,0,NPU:2
2,ROS,1788521958093664.530	,0,NPU:2
2,ROS,1788521958193664.090	,0,NPU:2
2,ROS,1788521958293676.530	,0,NPU:2
2,ROS,1788521958393683.270	,0,NPU:2
2,ROS,1788521958493690.880	,0,NPU:2
2,ROS,1788521958593674.040	,0,NPU:2
2,ROS,1788521958693683.820	,0,NPU:2
2,ROS,1788521958793687.320	,0,NPU:2
2,ROS,1788521958893675.330	,0,NPU:2
2,ROS,1788521958993662.280	,0,NPU:2
2,ROS,1788521959093657.900	,0,NPU:2
2,ROS,1788521959193640.610	,0,NPU:2
2,ROS,1788521959293669.420	,0,NPU:2
2,ROS,1788521959393659.330	,0,NPU:2
2,ROS,1788521959493656.680	,0,NPU:2
2,ROS,1788521959593664.410	,0,NPU:2
2,ROS,1788521959693659.180	,0,NPU:2
2,ROS,1788521959793659.090	,0,NPU:2
2,ROS,1788521959893653.390	,0,NPU:2
2,ROS,1788521959993636.630	,0,NPU:2
2,ROS,1788521960093661.640	,0,NPU:2
2,ROS,1788521960193659.550	,0,NPU:2
2,ROS,1788521960293650.620	,0,NPU:2
2,ROS,1788521960393656.970	,0,NPU:2
2,ROS,1788521960493672.410	,0,NPU:2
2,ROS,1788521960593660.010	,0,NPU:2
2,ROS,1788521960693662.400	,0,NPU:2
2,ROS,1788521960793664.020	,0,NPU:2
2,ROS,1788521960893665.010	,0,NPU:2
2,ROS,1788521960993655.530	,0,NPU:2
2,ROS,1788521961093650.430	,0,NPU:2
2,ROS,1788521961193659.590	,0,NPU:2
2,ROS,1788521961293649.550	,0,NPU:2
2,ROS,1788521961393660.560	,0,NPU:2
2,ROS,1788521961493646.430	,0,NPU:2
2,ROS,1788521961593653.540	,0,NPU:2
2,ROS,1788521961693653.280	,0,NPU:2
2,ROS,1788521961793655.640	,0,NPU:2
2,ROS,1788521961893663.700	,0,NPU:2
2,ROS,1788521961993679.720	,0,NPU:2
2,ROS,1788521962093650.320	,0,NPU:2
2,ROS,1788521962193649.320	,0,NPU:2
2,ROS,1788521962293681.190	,0,NPU:2
2,ROS,1788521962393648.310	,0,NPU:2
2,ROS,1788521962493648.610	,0,NPU:2
2,ROS,1788521962593658.720	,0,NPU:2
2,ROS,1788521962693658.470	,0,NPU:2
2,ROS,1788521962793647.510	,0,NPU:2
2,ROS,1788521962893648.970	,0,NPU:2
2,ROS,1788521962993649.820	,0,NPU:2
2,ROS,1788521963093652.370	,0,NPU:2
2,ROS,1788521963193660.920	,0,NPU:2
2,ROS,1788521963293649.500	,0,NPU:2
2,ROS,1788521963393652.840	,0,NPU:2
2,ROS,1788521963493633.730	,0,NPU:2
2,ROS,1788521963593627.750	,0,NPU:2
2,ROS,1788521963693630.860	,0,NPU:2
2,ROS,1788521963793626.500	,0,NPU:2
2,ROS,1788521963893625.660	,0,NPU:2
2,ROS,1788521963993619.870	,0,NPU:2
2,ROS,1788521964093623.630	,0,NPU:2
2,ROS,1788521964193621.680	,0,NPU:2
2,ROS,1788521964293631.730	,0,NPU:2
2,ROS,1788521964393624.810	,0,NPU:2
2,ROS,1788521964493617.160	,0,NPU:2
2,ROS,1788521964593612.810	,0,NPU:2
2,ROS,1788521964693630.030	,0,NPU:2
2,ROS,1788521964793640.010	,0,NPU:2
2,ROS,1788521964893621.970	,0,NPU:2
2,ROS,1788521964993624.260	,0,NPU:2
2,ROS,1788521965093632.600	,0,NPU:2
2,ROS,1788521965193623.140	,0,NPU:2
2,ROS,1788521965293738.890	,0,NPU:2
2,ROS,1788521965393669.470	,0,NPU:2
2,ROS,1788521965493639.540	,0,NPU:2
2,ROS,1788521965593628.350	,0,NPU:2
2,ROS,1788521965693649.400	,0,NPU:2
2,ROS,1788521965793641.400	,0,NPU:2
2,ROS,1788521965893687.370	,0,NPU:2
2,ROS,1788521965993646.290	,0,NPU:2
2,ROS,1788521966093625.790	,0,NPU:2
2,ROS,1788521966193628.540	,0,NPU:2
2,ROS,1788521966293643.340	,0,NPU:2
2,ROS,1788521966393613.490	,0,NPU:2
2,ROS,1788521966493642.110	,0,NPU:2
2,ROS,1788521966593639.740	,0,NPU:2
2,ROS,1788521966693630.120	,0,NPU:2
2,ROS,1788521966793623.110	,0,NPU:2
2,ROS,1788521966893628.080	,0,NPU:2
2,ROS,1788521966993649.050	,0,NPU:2
2,ROS,1788521967093643.280	,0,NPU:2
2,ROS,1788521967193636.760	,0,NPU:2
2,ROS,1788521967293664.510	,0,NPU:2
2,ROS,1788521967393646.400	,0,NPU:2
2,ROS,1788521967493631.880	,0,NPU:2
2,ROS,1788521967593619.300	,0,NPU:2
2,ROS,1788521967693635.480	,0,NPU:2
2,ROS,1788521967793629.620	,0,NPU:2
2,ROS,1788521967893659.030	,0,NPU:2
2,ROS,1788521967993639.300	,0,NPU:2
2,ROS,1788521968093616.460	,0,NPU:2
2,ROS,1788521968193600.750	,0,NPU:2
2,ROS,1788521968293604.310	,0,NPU:2
2,ROS,1788521968393642.290	,0,NPU:2
2,ROS,1788521968493641.350	,0,NPU:2
2,ROS,1788521968593635.460	,0,NPU:2
2,ROS,1788521968693623.120	,0,NPU:2
2,ROS,1788521968793603.210	,0,NPU:2
2,ROS,1788521968893622.880	,0,NPU:2
2,ROS,1788521968993646.280	,0,NPU:2
2,ROS,1788521969093618.190	,0,NPU:2
2,ROS,1788521969193625.210	,0,NPU:2
2,ROS,1788521969293613.860	,0,NPU:2
2,ROS,1788521969393631.150	,0,NPU:2
2,ROS,1788521969493645.190	,0,NPU:2
2,ROS,1788521969593630.620	,0,NPU:2
2,ROS,1788521969693629.060	,0,NPU:2
2,ROS,1788521969793629.990	,0,NPU:2
2,ROS,1788521969893608.320	,0,NPU:2
2,ROS,1788521969993610.590	,0,NPU:2
2,ROS,1788521970093630.140	,0,NPU:2
2,ROS,1788521970193626.490	,0,NPU:2
2,ROS,1788521970293611.210	,0,NPU:2
2,ROS,1788521970393601.790	,0,NPU:2
2,ROS,1788521970493628.800	,0,NPU:2
2,ROS,1788521970593625.850	,0,NPU:2
2,ROS,1788521970693643.880	,0,NPU:2
2,ROS,1788521970793609.650	,0,NPU:2
2,ROS,1788521970893621.640	,0,NPU:2
2,ROS,1788521970993613.030	,0,NPU:2
2,ROS,1788521971093591.550	,0,NPU:2
2,ROS,1788521971193601.230	,0,NPU:2
2,ROS,1788521971293601.060	,0,NPU:2
2,ROS,1788521971393594.380	,0,NPU:2
2,ROS,1788521971493608.280	,0,NPU:2
2,ROS,1788521971593612.580	,0,NPU:2
2,ROS,1788521971693592.100	,0,NPU:2
2,ROS,1788521971793598.990	,0,NPU:2
2,ROS,1788521971893595.970	,0,NPU:2
2,ROS,1788521971993592.820	,0,NPU:2
2,ROS,1788521972093590.900	,0,NPU:2
2,ROS,1788521972193595.900	,0,NPU:2
2,ROS,1788521972293597.240	,0,NPU:2
2,ROS,1788521972393636.480	,0,NPU:2
2,ROS,1788521972493583.490	,0,NPU:2
2,ROS,1788521972593645.590	,0,NPU:2
2,ROS,1788521972693633.820	,0,NPU:2
2,ROS,1788521972793603.790	,0,NPU:2
2,ROS,1788521972893580.480	,0,NPU:2
2,ROS,1788521972993578.140	,0,NPU:2
2,ROS,1788521973093574.880	,0,NPU:2
2,ROS,1788521973193573.610	,0,NPU:2
2,ROS,1788521973293574.060	,0,NPU:2
2,ROS,1788521973398586.880	,0,NPU:2
2,ROS,1788521973493599.570	,0,NPU:2
2,ROS,1788521973559819.670	,0,NPU:2
2,HCCP,1788521953993841.910	,0,NPU:2
2,HCCP,1788521954093690.790	,0,NPU:2
2,HCCP,1788521954193665.180	,0,NPU:2
2,HCCP,1788521954293650.080	,0,NPU:2
2,HCCP,1788521954393654.040	,0,NPU:2
2,HCCP,1788521954493648.730	,0,NPU:2
2,HCCP,1788521954593645.540	,0,NPU:2
2,HCCP,1788521954693640.150	,0,NPU:2
2,HCCP,1788521954793649.950	,0,NPU:2
2,HCCP,1788521954893661.680	,0,NPU:2
2,HCCP,1788521954993678.410	,0,NPU:2
2,HCCP,1788521955093652.720	,0,NPU:2
2,HCCP,1788521955193653.270	,0,NPU:2
2,HCCP,1788521955293648.860	,0,NPU:2
2,HCCP,1788521955393649.220	,0,NPU:2
2,HCCP,1788521955493655.280	,0,NPU:2
2,HCCP,1788521955593651.590	,0,NPU:2
2,HCCP,1788521955693640.580	,0,NPU:2
2,HCCP,1788521955793638.250	,0,NPU:2
2,HCCP,1788521955893682.250	,0,NPU:2
2,HCCP,1788521955993682.480	,0,NPU:2
2,HCCP,1788521956093711.640	,0,NPU:2
2,HCCP,1788521956193672.410	,0,NPU:2
2,HCCP,1788521956293669.740	,0,NPU:2
2,HCCP,1788521956393666.240	,0,NPU:2
2,HCCP,1788521956493676.590	,0,NPU:2
2,HCCP,1788521956593710.650	,0,NPU:2
2,HCCP,1788521956693695.830	,0,NPU:2
2,HCCP,1788521956793695.140	,0,NPU:2
2,HCCP,1788521956893673.320	,0,NPU:2
2,HCCP,1788521956993679.850	,0,NPU:2
2,HCCP,1788521957093679.860	,0,NPU:2
2,HCCP,1788521957193708.460	,0,NPU:2
2,HCCP,1788521957293678.900	,0,NPU:2
2,HCCP,1788521957393665.400	,0,NPU:2
2,HCCP,1788521957493670.700	,0,NPU:2
2,HCCP,1788521957593669.370	,0,NPU:2
2,HCCP,1788521957693681.180	,0,NPU:2
2,HCCP,1788521957793669.280	,0,NPU:2
2,HCCP,1788521957893667.600	,0,NPU:2
2,HCCP,1788521957993664.330	,0,NPU:2
2,HCCP,1788521958093664.530	,0,NPU:2
2,HCCP,1788521958193664.090	,0,NPU:2
2,HCCP,1788521958293676.530	,0,NPU:2
2,HCCP,1788521958393683.270	,0,NPU:2
2,HCCP,1788521958493690.880	,0,NPU:2
2,HCCP,1788521958593674.040	,0,NPU:2
2,HCCP,1788521958693683.820	,0,NPU:2
2,HCCP,1788521958793687.320	,0,NPU:2
2,HCCP,1788521958893675.330	,0,NPU:2
2,HCCP,1788521958993662.280	,0,NPU:2
2,HCCP,1788521959093657.900	,0,NPU:2
2,HCCP,1788521959193640.610	,0,NPU:2
2,HCCP,1788521959293669.420	,0,NPU:2
2,HCCP,1788521959393659.330	,0,NPU:2
2,HCCP,1788521959493656.680	,0,NPU:2
2,HCCP,1788521959593664.410	,0,NPU:2
2,HCCP,1788521959693659.180	,0,NPU:2
2,HCCP,1788521959793659.090	,0,NPU:2
2,HCCP,1788521959893653.390	,0,NPU:2
2,HCCP,1788521959993636.630	,0,NPU:2
2,HCCP,1788521960093661.640	,0,NPU:2
2,HCCP,1788521960193659.550	,0,NPU:2
2,HCCP,1788521960293650.620	,0,NPU:2
2,HCCP,1788521960393656.970	,0,NPU:2
2,HCCP,1788521960493672.410	,0,NPU:2
2,HCCP,1788521960593660.010	,0,NPU:2
2,HCCP,1788521960693662.400	,0,NPU:2
2,HCCP,1788521960793664.020	,0,NPU:2
2,HCCP,1788521960893665.010	,0,NPU:2
2,HCCP,1788521960993655.530	,0,NPU:2
2,HCCP,1788521961093650.430	,0,NPU:2
2,HCCP,1788521961193659.590	,0,NPU:2
2,HCCP,1788521961293649.550	,0,NPU:2
2,HCCP,1788521961393660.560	,0,NPU:2
2,HCCP,1788521961493646.430	,0,NPU:2
2,HCCP,1788521961593653.540	,0,NPU:2
2,HCCP,1788521961693653.280	,0,NPU:2
2,HCCP,1788521961793655.640	,0,NPU:2
2,HCCP,1788521961893663.700	,0,NPU:2
2,HCCP,1788521961993679.720	,0,NPU:2
2,HCCP,1788521962093650.320	,0,NPU:2
2,HCCP,1788521962193649.320	,0,NPU:2
2,HCCP,1788521962293681.190	,0,NPU:2
2,HCCP,1788521962393648.310	,0,NPU:2
2,HCCP,1788521962493648.610	,0,NPU:2
2,HCCP,1788521962593658.720	,0,NPU:2
2,HCCP,1788521962693658.470	,0,NPU:2
2,HCCP,1788521962793647.510	,0,NPU:2
2,HCCP,1788521962893648.970	,0,NPU:2
2,HCCP,1788521962993649.820	,0,NPU:2
2,HCCP,1788521963093652.370	,0,NPU:2
2,HCCP,1788521963193660.920	,0,NPU:2
2,HCCP,1788521963293649.500	,0,NPU:2
2,HCCP,1788521963393652.840	,0,NPU:2
2,HCCP,1788521963493633.730	,0,NPU:2
2,HCCP,1788521963593627.750	,0,NPU:2
2,HCCP,1788521963693630.860	,0,NPU:2
2,HCCP,1788521963793626.500	,0,NPU:2
2,HCCP,1788521963893625.660	,0,NPU:2
2,HCCP,1788521963993619.870	,0,NPU:2
2,HCCP,1788521964093623.630	,0,NPU:2
2,HCCP,1788521964193621.680	,0,NPU:2
2,HCCP,1788521964293631.730	,0,NPU:2
2,HCCP,1788521964393624.810	,0,NPU:2
2,HCCP,1788521964493617.160	,0,NPU:2
2,HCCP,1788521964593612.810	,0,NPU:2
2,HCCP,1788521964693630.030	,0,NPU:2
2,HCCP,1788521964793640.010	,0,NPU:2
2,HCCP,1788521964893621.970	,0,NPU:2
2,HCCP,1788521964993624.260	,0,NPU:2
2,HCCP,1788521965093632.600	,0,NPU:2
2,HCCP,1788521965193623.140	,0,NPU:2
2,HCCP,1788521965293738.890	,0,NPU:2
2,HCCP,1788521965393669.470	,0,NPU:2
2,HCCP,1788521965493639.540	,0,NPU:2
2,HCCP,1788521965593628.350	,0,NPU:2
2,HCCP,1788521965693649.400	,0,NPU:2
2,HCCP,1788521965793641.400	,0,NPU:2
2,HCCP,1788521965893687.370	,0,NPU:2
2,HCCP,1788521965993646.290	,0,NPU:2
2,HCCP,1788521966093625.790	,0,NPU:2
2,HCCP,1788521966193628.540	,0,NPU:2
2,HCCP,1788521966293643.340	,0,NPU:2
2,HCCP,1788521966393613.490	,0,NPU:2
2,HCCP,1788521966493642.110	,0,NPU:2
2,HCCP,1788521966593639.740	,0,NPU:2
2,HCCP,1788521966693630.120	,0,NPU:2
2,HCCP,1788521966793623.110	,0,NPU:2
2,HCCP,1788521966893628.080	,0,NPU:2
2,HCCP,1788521966993649.050	,0,NPU:2
2,HCCP,1788521967093643.280	,0,NPU:2
2,HCCP,1788521967193636.760	,0,NPU:2
2,HCCP,1788521967293664.510	,0,NPU:2
2,HCCP,1788521967393646.400	,0,NPU:2
2,HCCP,1788521967493631.880	,0,NPU:2
2,HCCP,1788521967593619.300	,0,NPU:2
2,HCCP,1788521967693635.480	,0,NPU:2
2,HCCP,1788521967793629.620	,0,NPU:2
2,HCCP,1788521967893659.030	,0,NPU:2
2,HCCP,1788521967993639.300	,0,NPU:2
2,HCCP,1788521968093616.460	,0,NPU:2
2,HCCP,1788521968193600.750	,0,NPU:2
2,HCCP,1788521968293604.310	,0,NPU:2
2,HCCP,1788521968393642.290	,0,NPU:2
2,HCCP,1788521968493641.350	,0,NPU:2
2,HCCP,1788521968593635.460	,0,NPU:2
2,HCCP,1788521968693623.120	,0,NPU:2
2,HCCP,1788521968793603.210	,0,NPU:2
2,HCCP,1788521968893622.880	,0,NPU:2
2,HCCP,1788521968993646.280	,0,NPU:2
2,HCCP,1788521969093618.190	,0,NPU:2
2,HCCP,1788521969193625.210	,0,NPU:2
2,HCCP,1788521969293613.860	,0,NPU:2
2,HCCP,1788521969393631.150	,0,NPU:2
2,HCCP,1788521969493645.190	,0,NPU:2
2,HCCP,1788521969593630.620	,0,NPU:2
2,HCCP,1788521969693629.060	,0,NPU:2
2,HCCP,1788521969793629.990	,0,NPU:2
2,HCCP,1788521969893608.320	,0,NPU:2
2,HCCP,1788521969993610.590	,0,NPU:2
2,HCCP,1788521970093630.140	,0,NPU:2
2,HCCP,1788521970193626.490	,0,NPU:2
2,HCCP,1788521970293611.210	,0,NPU:2
2,HCCP,1788521970393601.790	,0,NPU:2
2,HCCP,1788521970493628.800	,0,NPU:2
2,HCCP,1788521970593625.850	,0,NPU:2
2,HCCP,1788521970693643.880	,0,NPU:2
2,HCCP,1788521970793609.650	,0,NPU:2
2,HCCP,1788521970893621.640	,0,NPU:2
2,HCCP,1788521970993613.030	,0,NPU:2
2,HCCP,1788521971093591.550	,0,NPU:2
2,HCCP,1788521971193601.230	,0,NPU:2
2,HCCP,1788521971293601.060	,0,NPU:2
2,HCCP,1788521971393594.380	,0,NPU:2
2,HCCP,1788521971493608.280	,0,NPU:2
2,HCCP,1788521971593612.580	,0,NPU:2
2,HCCP,1788521971693592.100	,0,NPU:2
2,HCCP,1788521971793598.990	,0,NPU:2
2,HCCP,1788521971893595.970	,0,NPU:2
2,HCCP,1788521971993592.820	,0,NPU:2
2,HCCP,1788521972093590.900	,0,NPU:2
2,HCCP,1788521972193595.900	,0,NPU:2
2,HCCP,1788521972293597.240	,0,NPU:2
2,HCCP,1788521972393636.480	,0,NPU:2
2,HCCP,1788521972493583.490	,0,NPU:2
2,HCCP,1788521972593645.590	,0,NPU:2
2,HCCP,1788521972693633.820	,0,NPU:2
2,HCCP,1788521972793603.790	,0,NPU:2
2,HCCP,1788521972893580.480	,0,NPU:2
2,HCCP,1788521972993578.140	,0,NPU:2
2,HCCP,1788521973093574.880	,0,NPU:2
2,HCCP,1788521973193573.610	,0,NPU:2
2,HCCP,1788521973293574.060	,0,NPU:2
2,HCCP,1788521973398586.880	,0,NPU:2
2,HCCP,1788521973493599.570	,0,NPU:2
2,HCCP,1788521973559819.670	,0,NPU:2
2,ROCE,1788521953993841.910	,0,NPU:2
2,ROCE,1788521954093690.790	,0,NPU:2
2,ROCE,1788521954193665.180	,0,NPU:2
2,ROCE,1788521954293650.080	,0,NPU:2
2,ROCE,1788521954393654.040	,0,NPU:2
2,ROCE,1788521954493648.730	,0,NPU:2
2,ROCE,1788521954593645.540	,0,NPU:2
2,ROCE,1788521954693640.150	,0,NPU:2
2,ROCE,1788521954793649.950	,0,NPU:2
2,ROCE,1788521954893661.680	,0,NPU:2
2,ROCE,1788521954993678.410	,0,NPU:2
2,ROCE,1788521955093652.720	,0,NPU:2
2,ROCE,1788521955193653.270	,0,NPU:2
2,ROCE,1788521955293648.860	,0,NPU:2
2,ROCE,1788521955393649.220	,0,NPU:2
2,ROCE,1788521955493655.280	,0,NPU:2
2,ROCE,1788521955593651.590	,0,NPU:2
2,ROCE,1788521955693640.580	,0,NPU:2
2,ROCE,1788521955793638.250	,0,NPU:2
2,ROCE,1788521955893682.250	,0,NPU:2
2,ROCE,1788521955993682.480	,0,NPU:2
2,ROCE,1788521956093711.640	,0,NPU:2
2,ROCE,1788521956193672.410	,0,NPU:2
2,ROCE,1788521956293669.740	,0,NPU:2
2,ROCE,1788521956393666.240	,0,NPU:2
2,ROCE,1788521956493676.590	,0,NPU:2
2,ROCE,1788521956593710.650	,0,NPU:2
2,ROCE,1788521956693695.830	,0,NPU:2
2,ROCE,1788521956793695.140	,0,NPU:2
2,ROCE,1788521956893673.320	,0,NPU:2
2,ROCE,1788521956993679.850	,0,NPU:2
2,ROCE,1788521957093679.860	,0,NPU:2
2,ROCE,1788521957193708.460	,0,NPU:2
2,ROCE,1788521957293678.900	,0,NPU:2
2,ROCE,1788521957393665.400	,0,NPU:2
2,ROCE,1788521957493670.700	,0,NPU:2
2,ROCE,1788521957593669.370	,0,NPU:2
2,ROCE,1788521957693681.180	,0,NPU:2
2,ROCE,1788521957793669.280	,0,NPU:2
2,ROCE,1788521957893667.600	,0,NPU:2
2,ROCE,1788521957993664.330	,0,NPU:2
2,ROCE,1788521958093664.530	,0,NPU:2
2,ROCE,1788521958193664.090	,0,NPU:2
2,ROCE,1788521958293676.530	,0,NPU:2
2,ROCE,1788521958393683.270	,0,NPU:2
2,ROCE,1788521958493690.880	,0,NPU:2
2,ROCE,1788521958593674.040	,0,NPU:2
2,ROCE,1788521958693683.820	,0,NPU:2
2,ROCE,1788521958793687.320	,0,NPU:2
2,ROCE,1788521958893675.330	,0,NPU:2
2,ROCE,1788521958993662.280	,0,NPU:2
2,ROCE,1788521959093657.900	,0,NPU:2
2,ROCE,1788521959193640.610	,0,NPU:2
2,ROCE,1788521959293669.420	,0,NPU:2
2,ROCE,1788521959393659.330	,0,NPU:2
2,ROCE,1788521959493656.680	,0,NPU:2
2,ROCE,1788521959593664.410	,0,NPU:2
2,ROCE,1788521959693659.180	,0,NPU:2
2,ROCE,1788521959793659.090	,0,NPU:2
2,ROCE,1788521959893653.390	,0,NPU:2
2,ROCE,1788521959993636.630	,0,NPU:2
2,ROCE,1788521960093661.640	,0,NPU:2
2,ROCE,1788521960193659.550	,0,NPU:2
2,ROCE,1788521960293650.620	,0,NPU:2
2,ROCE,1788521960393656.970	,0,NPU:2
2,ROCE,1788521960493672.410	,0,NPU:2
2,ROCE,1788521960593660.010	,0,NPU:2
2,ROCE,1788521960693662.400	,0,NPU:2
2,ROCE,1788521960793664.020	,0,NPU:2
2,ROCE,1788521960893665.010	,0,NPU:2
2,ROCE,1788521960993655.530	,0,NPU:2
2,ROCE,1788521961093650.430	,0,NPU:2
2,ROCE,1788521961193659.590	,0,NPU:2
2,ROCE,1788521961293649.550	,0,NPU:2
2,ROCE,1788521961393660.560	,0,NPU:2
2,ROCE,1788521961493646.430	,0,NPU:2
2,ROCE,1788521961593653.540	,0,NPU:2
2,ROCE,1788521961693653.280	,0,NPU:2
2,ROCE,1788521961793655.640	,0,NPU:2
2,ROCE,1788521961893663.700	,0,NPU:2
2,ROCE,1788521961993679.720	,0,NPU:2
2,ROCE,1788521962093650.320	,0,NPU:2
2,ROCE,1788521962193649.320	,0,NPU:2
2,ROCE,1788521962293681.190	,0,NPU:2
2,ROCE,1788521962393648.310	,0,NPU:2
2,ROCE,1788521962493648.610	,0,NPU:2
2,ROCE,1788521962593658.720	,0,NPU:2
2,ROCE,1788521962693658.470	,0,NPU:2
2,ROCE,1788521962793647.510	,0,NPU:2
2,ROCE,1788521962893648.970	,0,NPU:2
2,ROCE,1788521962993649.820	,0,NPU:2
2,ROCE,1788521963093652.370	,0,NPU:2
2,ROCE,1788521963193660.920	,0,NPU:2
2,ROCE,1788521963293649.500	,0,NPU:2
2,ROCE,1788521963393652.840	,0,NPU:2
2,ROCE,1788521963493633.730	,0,NPU:2
2,ROCE,1788521963593627.750	,0,NPU:2
2,ROCE,1788521963693630.860	,0,NPU:2
2,ROCE,1788521963793626.500	,0,NPU:2
2,ROCE,1788521963893625.660	,0,NPU:2
2,ROCE,1788521963993619.870	,0,NPU:2
2,ROCE,1788521964093623.630	,0,NPU:2
2,ROCE,1788521964193621.680	,0,NPU:2
2,ROCE,1788521964293631.730	,0,NPU:2
2,ROCE,1788521964393624.810	,0,NPU:2
2,ROCE,1788521964493617.160	,0,NPU:2
2,ROCE,1788521964593612.810	,0,NPU:2
2,ROCE,1788521964693630.030	,0,NPU:2
2,ROCE,1788521964793640.010	,0,NPU:2
2,ROCE,1788521964893621.970	,0,NPU:2
2,ROCE,1788521964993624.260	,0,NPU:2
2,ROCE,1788521965093632.600	,0,NPU:2
2,ROCE,1788521965193623.140	,0,NPU:2
2,ROCE,1788521965293738.890	,0,NPU:2
2,ROCE,1788521965393669.470	,0,NPU:2
2,ROCE,1788521965493639.540	,0,NPU:2
2,ROCE,1788521965593628.350	,0,NPU:2
2,ROCE,1788521965693649.400	,0,NPU:2
2,ROCE,1788521965793641.400	,0,NPU:2
2,ROCE,1788521965893687.370	,0,NPU:2
2,ROCE,1788521965993646.290	,0,NPU:2
2,ROCE,1788521966093625.790	,0,NPU:2
2,ROCE,1788521966193628.540	,0,NPU:2
2,ROCE,1788521966293643.340	,0,NPU:2
2,ROCE,1788521966393613.490	,0,NPU:2
2,ROCE,1788521966493642.110	,0,NPU:2
2,ROCE,1788521966593639.740	,0,NPU:2
2,ROCE,1788521966693630.120	,0,NPU:2
2,ROCE,1788521966793623.110	,0,NPU:2
2,ROCE,1788521966893628.080	,0,NPU:2
2,ROCE,1788521966993649.050	,0,NPU:2
2,ROCE,1788521967093643.280	,0,NPU:2
2,ROCE,1788521967193636.760	,0,NPU:2
2,ROCE,1788521967293664.510	,0,NPU:2
2,ROCE,1788521967393646.400	,0,NPU:2
2,ROCE,1788521967493631.880	,0,NPU:2
2,ROCE,1788521967593619.300	,0,NPU:2
2,ROCE,1788521967693635.480	,0,NPU:2
2,ROCE,1788521967793629.620	,0,NPU:2
2,ROCE,1788521967893659.030	,0,NPU:2
2,ROCE,1788521967993639.300	,0,NPU:2
2,ROCE,1788521968093616.460	,0,NPU:2
2,ROCE,1788521968193600.750	,0,NPU:2
2,ROCE,1788521968293604.310	,0,NPU:2
2,ROCE,1788521968393642.290	,0,NPU:2
2,ROCE,1788521968493641.350	,0,NPU:2
2,ROCE,1788521968593635.460	,0,NPU:2
2,ROCE,1788521968693623.120	,0,NPU:2
2,ROCE,1788521968793603.210	,0,NPU:2
2,ROCE,1788521968893622.880	,0,NPU:2
2,ROCE,1788521968993646.280	,0,NPU:2
2,ROCE,1788521969093618.190	,0,NPU:2
2,ROCE,1788521969193625.210	,0,NPU:2
2,ROCE,1788521969293613.860	,0,NPU:2
2,ROCE,1788521969393631.150	,0,NPU:2
2,ROCE,1788521969493645.190	,0,NPU:2
2,ROCE,1788521969593630.620	,0,NPU:2
2,ROCE,1788521969693629.060	,0,NPU:2
2,ROCE,1788521969793629.990	,0,NPU:2
2,ROCE,1788521969893608.320	,0,NPU:2
2,ROCE,1788521969993610.590	,0,NPU:2
2,ROCE,1788521970093630.140	,0,NPU:2
2,ROCE,1788521970193626.490	,0,NPU:2
2,ROCE,1788521970293611.210	,0,NPU:2
2,ROCE,1788521970393601.790	,0,NPU:2
2,ROCE,1788521970493628.800	,0,NPU:2
2,ROCE,1788521970593625.850	,0,NPU:2
2,ROCE,1788521970693643.880	,0,NPU:2
2,ROCE,1788521970793609.650	,0,NPU:2
2,ROCE,1788521970893621.640	,0,NPU:2
2,ROCE,1788521970993613.030	,0,NPU:2
2,ROCE,1788521971093591.550	,0,NPU:2
2,ROCE,1788521971193601.230	,0,NPU:2
2,ROCE,1788521971293601.060	,0,NPU:2
2,ROCE,1788521971393594.380	,0,NPU:2
2,ROCE,1788521971493608.280	,0,NPU:2
2,ROCE,1788521971593612.580	,0,NPU:2
2,ROCE,1788521971693592.100	,0,NPU:2
2,ROCE,1788521971793598.990	,0,NPU:2
2,ROCE,1788521971893595.970	,0,NPU:2
2,ROCE,1788521971993592.820	,0,NPU:2
2,ROCE,1788521972093590.900	,0,NPU:2
2,ROCE,1788521972193595.900	,0,NPU:2
2,ROCE,1788521972293597.240	,0,NPU:2
2,ROCE,1788521972393636.480	,0,NPU:2
2,ROCE,1788521972493583.490	,0,NPU:2
2,ROCE,1788521972593645.590	,0,NPU:2
2,ROCE,1788521972693633.820	,0,NPU:2
2,ROCE,1788521972793603.790	,0,NPU:2
2,ROCE,1788521972893580.480	,0,NPU:2
2,ROCE,1788521972993578.140	,0,NPU:2
2,ROCE,1788521973093574.880	,0,NPU:2
2,ROCE,1788521973193573.610	,0,NPU:2
2,ROCE,1788521973293574.060	,0,NPU:2
2,ROCE,1788521973398586.880	,0,NPU:2
2,ROCE,1788521973493599.570	,0,NPU:2
2,ROCE,1788521973559819.670	,0,NPU:2
2,TEFUSION,1788521953993841.910	,0,NPU:2
2,TEFUSION,1788521954093690.790	,0,NPU:2
2,TEFUSION,1788521954193665.180	,0,NPU:2
2,TEFUSION,1788521954293650.080	,0,NPU:2
2,TEFUSION,1788521954393654.040	,0,NPU:2
2,TEFUSION,1788521954493648.730	,0,NPU:2
2,TEFUSION,1788521954593645.540	,0,NPU:2
2,TEFUSION,1788521954693640.150	,0,NPU:2
2,TEFUSION,1788521954793649.950	,0,NPU:2
2,TEFUSION,1788521954893661.680	,0,NPU:2
2,TEFUSION,1788521954993678.410	,0,NPU:2
2,TEFUSION,1788521955093652.720	,0,NPU:2
2,TEFUSION,1788521955193653.270	,0,NPU:2
2,TEFUSION,1788521955293648.860	,0,NPU:2
2,TEFUSION,1788521955393649.220	,0,NPU:2
2,TEFUSION,1788521955493655.280	,0,NPU:2
2,TEFUSION,1788521955593651.590	,0,NPU:2
2,TEFUSION,1788521955693640.580	,0,NPU:2
2,TEFUSION,1788521955793638.250	,0,NPU:2
2,TEFUSION,1788521955893682.250	,0,NPU:2
2,TEFUSION,1788521955993682.480	,0,NPU:2
2,TEFUSION,1788521956093711.640	,0,NPU:2
2,TEFUSION,1788521956193672.410	,0,NPU:2
2,TEFUSION,1788521956293669.740	,0,NPU:2
2,TEFUSION,1788521956393666.240	,0,NPU:2
2,TEFUSION,1788521956493676.590	,0,NPU:2
2,TEFUSION,1788521956593710.650	,0,NPU:2
2,TEFUSION,1788521956693695.830	,0,NPU:2
2,TEFUSION,1788521956793695.140	,0,NPU:2
2,TEFUSION,1788521956893673.320	,0,NPU:2
2,TEFUSION,1788521956993679.850	,0,NPU:2
2,TEFUSION,1788521957093679.860	,0,NPU:2
2,TEFUSION,1788521957193708.460	,0,NPU:2
2,TEFUSION,1788521957293678.900	,0,NPU:2
2,TEFUSION,1788521957393665.400	,0,NPU:2
2,TEFUSION,1788521957493670.700	,0,NPU:2
2,TEFUSION,1788521957593669.370	,0,NPU:2
2,TEFUSION,1788521957693681.180	,0,NPU:2
2,TEFUSION,1788521957793669.280	,0,NPU:2
2,TEFUSION,1788521957893667.600	,0,NPU:2
2,TEFUSION,1788521957993664.330	,0,NPU:2
2,TEFUSION,1788521958093664.530	,0,NPU:2
2,TEFUSION,1788521958193664.090	,0,NPU:2
2,TEFUSION,1788521958293676.530	,0,NPU:2
2,TEFUSION,1788521958393683.270	,0,NPU:2
2,TEFUSION,1788521958493690.880	,0,NPU:2
2,TEFUSION,1788521958593674.040	,0,NPU:2
2,TEFUSION,1788521958693683.820	,0,NPU:2
2,TEFUSION,1788521958793687.320	,0,NPU:2
2,TEFUSION,1788521958893675.330	,0,NPU:2
2,TEFUSION,1788521958993662.280	,0,NPU:2
2,TEFUSION,1788521959093657.900	,0,NPU:2
2,TEFUSION,1788521959193640.610	,0,NPU:2
2,TEFUSION,1788521959293669.420	,0,NPU:2
2,TEFUSION,1788521959393659.330	,0,NPU:2
2,TEFUSION,1788521959493656.680	,0,NPU:2
2,TEFUSION,1788521959593664.410	,0,NPU:2
2,TEFUSION,1788521959693659.180	,0,NPU:2
2,TEFUSION,1788521959793659.090	,0,NPU:2
2,TEFUSION,1788521959893653.390	,0,NPU:2
2,TEFUSION,1788521959993636.630	,0,NPU:2
2,TEFUSION,1788521960093661.640	,0,NPU:2
2,TEFUSION,1788521960193659.550	,0,NPU:2
2,TEFUSION,1788521960293650.620	,0,NPU:2
2,TEFUSION,1788521960393656.970	,0,NPU:2
2,TEFUSION,1788521960493672.410	,0,NPU:2
2,TEFUSION,1788521960593660.010	,0,NPU:2
2,TEFUSION,1788521960693662.400	,0,NPU:2
2,TEFUSION,1788521960793664.020	,0,NPU:2
2,TEFUSION,1788521960893665.010	,0,NPU:2
2,TEFUSION,1788521960993655.530	,0,NPU:2
2,TEFUSION,1788521961093650.430	,0,NPU:2
2,TEFUSION,1788521961193659.590	,0,NPU:2
2,TEFUSION,1788521961293649.550	,0,NPU:2
2,TEFUSION,1788521961393660.560	,0,NPU:2
2,TEFUSION,1788521961493646.430	,0,NPU:2
2,TEFUSION,1788521961593653.540	,0,NPU:2
2,TEFUSION,1788521961693653.280	,0,NPU:2
2,TEFUSION,1788521961793655.640	,0,NPU:2
2,TEFUSION,1788521961893663.700	,0,NPU:2
2,TEFUSION,1788521961993679.720	,0,NPU:2
2,TEFUSION,1788521962093650.320	,0,NPU:2
2,TEFUSION,1788521962193649.320	,0,NPU:2
2,TEFUSION,1788521962293681.190	,0,NPU:2
2,TEFUSION,1788521962393648.310	,0,NPU:2
2,TEFUSION,1788521962493648.610	,0,NPU:2
2,TEFUSION,1788521962593658.720	,0,NPU:2
2,TEFUSION,1788521962693658.470	,0,NPU:2
2,TEFUSION,1788521962793647.510	,0,NPU:2
2,TEFUSION,1788521962893648.970	,0,NPU:2
2,TEFUSION,1788521962993649.820	,0,NPU:2
2,TEFUSION,1788521963093652.370	,0,NPU:2
2,TEFUSION,1788521963193660.920	,0,NPU:2
2,TEFUSION,1788521963293649.500	,0,NPU:2
2,TEFUSION,1788521963393652.840	,0,NPU:2
2,TEFUSION,1788521963493633.730	,0,NPU:2
2,TEFUSION,1788521963593627.750	,0,NPU:2
2,TEFUSION,1788521963693630.860	,0,NPU:2
2,TEFUSION,1788521963793626.500	,0,NPU:2
2,TEFUSION,1788521963893625.660	,0,NPU:2
2,TEFUSION,1788521963993619.870	,0,NPU:2
2,TEFUSION,1788521964093623.630	,0,NPU:2
2,TEFUSION,1788521964193621.680	,0,NPU:2
2,TEFUSION,1788521964293631.730	,0,NPU:2
2,TEFUSION,1788521964393624.810	,0,NPU:2
2,TEFUSION,1788521964493617.160	,0,NPU:2
2,TEFUSION,1788521964593612.810	,0,NPU:2
2,TEFUSION,1788521964693630.030	,0,NPU:2
2,TEFUSION,1788521964793640.010	,0,NPU:2
2,TEFUSION,1788521964893621.970	,0,NPU:2
2,TEFUSION,1788521964993624.260	,0,NPU:2
2,TEFUSION,1788521965093632.600	,0,NPU:2
2,TEFUSION,1788521965193623.140	,0,NPU:2
2,TEFUSION,1788521965293738.890	,0,NPU:2
2,TEFUSION,1788521965393669.470	,0,NPU:2
2,TEFUSION,1788521965493639.540	,0,NPU:2
2,TEFUSION,1788521965593628.350	,0,NPU:2
2,TEFUSION,1788521965693649.400	,0,NPU:2
2,TEFUSION,1788521965793641.400	,0,NPU:2
2,TEFUSION,1788521965893687.370	,0,NPU:2
2,TEFUSION,1788521965993646.290	,0,NPU:2
2,TEFUSION,1788521966093625.790	,0,NPU:2
2,TEFUSION,1788521966193628.540	,0,NPU:2
2,TEFUSION,1788521966293643.340	,0,NPU:2
2,TEFUSION,1788521966393613.490	,0,NPU:2
2,TEFUSION,1788521966493642.110	,0,NPU:2
2,TEFUSION,1788521966593639.740	,0,NPU:2
2,TEFUSION,1788521966693630.120	,0,NPU:2
2,TEFUSION,1788521966793623.110	,0,NPU:2
2,TEFUSION,1788521966893628.080	,0,NPU:2
2,TEFUSION,1788521966993649.050	,0,NPU:2
2,TEFUSION,1788521967093643.280	,0,NPU:2
2,TEFUSION,1788521967193636.760	,0,NPU:2
2,TEFUSION,1788521967293664.510	,0,NPU:2
2,TEFUSION,1788521967393646.400	,0,NPU:2
2,TEFUSION,1788521967493631.880	,0,NPU:2
2,TEFUSION,1788521967593619.300	,0,NPU:2
2,TEFUSION,1788521967693635.480	,0,NPU:2
2,TEFUSION,1788521967793629.620	,0,NPU:2
2,TEFUSION,1788521967893659.030	,0,NPU:2
2,TEFUSION,1788521967993639.300	,0,NPU:2
2,TEFUSION,1788521968093616.460	,0,NPU:2
2,TEFUSION,1788521968193600.750	,0,NPU:2
2,TEFUSION,1788521968293604.310	,0,NPU:2
2,TEFUSION,1788521968393642.290	,0,NPU:2
2,TEFUSION,1788521968493641.350	,0,NPU:2
2,TEFUSION,1788521968593635.460	,0,NPU:2
2,TEFUSION,1788521968693623.120	,0,NPU:2
2,TEFUSION,1788521968793603.210	,0,NPU:2
2,TEFUSION,1788521968893622.880	,0,NPU:2
2,TEFUSION,1788521968993646.280	,0,NPU:2
2,TEFUSION,1788521969093618.190	,0,NPU:2
2,TEFUSION,1788521969193625.210	,0,NPU:2
2,TEFUSION,1788521969293613.860	,0,NPU:2
2,TEFUSION,1788521969393631.150	,0,NPU:2
2,TEFUSION,1788521969493645.190	,0,NPU:2
2,TEFUSION,1788521969593630.620	,0,NPU:2
2,TEFUSION,1788521969693629.060	,0,NPU:2
2,TEFUSION,1788521969793629.990	,0,NPU:2
2,TEFUSION,1788521969893608.320	,0,NPU:2
2,TEFUSION,1788521969993610.590	,0,NPU:2
2,TEFUSION,1788521970093630.140	,0,NPU:2
2,TEFUSION,1788521970193626.490	,0,NPU:2
2,TEFUSION,1788521970293611.210	,0,NPU:2
2,TEFUSION,1788521970393601.790	,0,NPU:2
2,TEFUSION,1788521970493628.800	,0,NPU:2
2,TEFUSION,1788521970593625.850	,0,NPU:2
2,TEFUSION,1788521970693643.880	,0,NPU:2
2,TEFUSION,1788521970793609.650	,0,NPU:2
2,TEFUSION,1788521970893621.640	,0,NPU:2
2,TEFUSION,1788521970993613.030	,0,NPU:2
2,TEFUSION,1788521971093591.550	,0,NPU:2
2,TEFUSION,1788521971193601.230	,0,NPU:2
2,TEFUSION,1788521971293601.060	,0,NPU:2
2,TEFUSION,1788521971393594.380	,0,NPU:2
2,TEFUSION,1788521971493608.280	,0,NPU:2
2,TEFUSION,1788521971593612.580	,0,NPU:2
2,TEFUSION,1788521971693592.100	,0,NPU:2
2,TEFUSION,1788521971793598.990	,0,NPU:2
2,TEFUSION,1788521971893595.970	,0,NPU:2
2,TEFUSION,1788521971993592.820	,0,NPU:2
2,TEFUSION,1788521972093590.900	,0,NPU:2
2,TEFUSION,1788521972193595.900	,0,NPU:2
2,TEFUSION,1788521972293597.240	,0,NPU:2
2,TEFUSION,1788521972393636.480	,0,NPU:2
2,TEFUSION,1788521972493583.490	,0,NPU:2
2,TEFUSION,1788521972593645.590	,0,NPU:2
2,TEFUSION,1788521972693633.820	,0,NPU:2
2,TEFUSION,1788521972793603.790	,0,NPU:2
2,TEFUSION,1788521972893580.480	,0,NPU:2
2,TEFUSION,1788521972993578.140	,0,NPU:2
2,TEFUSION,1788521973093574.880	,0,NPU:2
2,TEFUSION,1788521973193573.610	,0,NPU:2
2,TEFUSION,1788521973293574.060	,0,NPU:2
2,TEFUSION,1788521973398586.880	,0,NPU:2
2,TEFUSION,1788521973493599.570	,0,NPU:2
2,TEFUSION,1788521973559819.670	,0,NPU:2
2,PROFILING,1788521953993841.910	,0,NPU:2
2,PROFILING,1788521954093690.790	,0,NPU:2
2,PROFILING,1788521954193665.180	,0,NPU:2
2,PROFILING,1788521954293650.080	,0,NPU:2
2,PROFILING,1788521954393654.040	,0,NPU:2
2,PROFILING,1788521954493648.730	,0,NPU:2
2,PROFILING,1788521954593645.540	,0,NPU:2
2,PROFILING,1788521954693640.150	,0,NPU:2
2,PROFILING,1788521954793649.950	,0,NPU:2
2,PROFILING,1788521954893661.680	,0,NPU:2
2,PROFILING,1788521954993678.410	,0,NPU:2
2,PROFILING,1788521955093652.720	,0,NPU:2
2,PROFILING,1788521955193653.270	,0,NPU:2
2,PROFILING,1788521955293648.860	,0,NPU:2
2,PROFILING,1788521955393649.220	,0,NPU:2
2,PROFILING,1788521955493655.280	,0,NPU:2
2,PROFILING,1788521955593651.590	,0,NPU:2
2,PROFILING,1788521955693640.580	,0,NPU:2
2,PROFILING,1788521955793638.250	,0,NPU:2
2,PROFILING,1788521955893682.250	,0,NPU:2
2,PROFILING,1788521955993682.480	,0,NPU:2
2,PROFILING,1788521956093711.640	,0,NPU:2
2,PROFILING,1788521956193672.410	,0,NPU:2
2,PROFILING,1788521956293669.740	,0,NPU:2
2,PROFILING,1788521956393666.240	,0,NPU:2
2,PROFILING,1788521956493676.590	,0,NPU:2
2,PROFILING,1788521956593710.650	,0,NPU:2
2,PROFILING,1788521956693695.830	,0,NPU:2
2,PROFILING,1788521956793695.140	,0,NPU:2
2,PROFILING,1788521956893673.320	,0,NPU:2
2,PROFILING,1788521956993679.850	,0,NPU:2
2,PROFILING,1788521957093679.860	,0,NPU:2
2,PROFILING,1788521957193708.460	,0,NPU:2
2,PROFILING,1788521957293678.900	,0,NPU:2
2,PROFILING,1788521957393665.400	,0,NPU:2
2,PROFILING,1788521957493670.700	,0,NPU:2
2,PROFILING,1788521957593669.370	,0,NPU:2
2,PROFILING,1788521957693681.180	,0,NPU:2
2,PROFILING,1788521957793669.280	,0,NPU:2
2,PROFILING,1788521957893667.600	,0,NPU:2
2,PROFILING,1788521957993664.330	,0,NPU:2
2,PROFILING,1788521958093664.530	,0,NPU:2
2,PROFILING,1788521958193664.090	,0,NPU:2
2,PROFILING,1788521958293676.530	,0,NPU:2
2,PROFILING,1788521958393683.270	,0,NPU:2
2,PROFILING,1788521958493690.880	,0,NPU:2
2,PROFILING,1788521958593674.040	,0,NPU:2
2,PROFILING,1788521958693683.820	,0,NPU:2
2,PROFILING,1788521958793687.320	,0,NPU:2
2,PROFILING,1788521958893675.330	,0,NPU:2
2,PROFILING,1788521958993662.280	,0,NPU:2
2,PROFILING,1788521959093657.900	,0,NPU:2
2,PROFILING,1788521959193640.610	,0,NPU:2
2,PROFILING,1788521959293669.420	,0,NPU:2
2,PROFILING,1788521959393659.330	,0,NPU:2
2,PROFILING,1788521959493656.680	,0,NPU:2
2,PROFILING,1788521959593664.410	,0,NPU:2
2,PROFILING,1788521959693659.180	,0,NPU:2
2,PROFILING,1788521959793659.090	,0,NPU:2
2,PROFILING,1788521959893653.390	,0,NPU:2
2,PROFILING,1788521959993636.630	,0,NPU:2
2,PROFILING,1788521960093661.640	,0,NPU:2
2,PROFILING,1788521960193659.550	,0,NPU:2
2,PROFILING,1788521960293650.620	,0,NPU:2
2,PROFILING,1788521960393656.970	,0,NPU:2
2,PROFILING,1788521960493672.410	,0,NPU:2
2,PROFILING,1788521960593660.010	,0,NPU:2
2,PROFILING,1788521960693662.400	,0,NPU:2
2,PROFILING,1788521960793664.020	,0,NPU:2
2,PROFILING,1788521960893665.010	,0,NPU:2
2,PROFILING,1788521960993655.530	,0,NPU:2
2,PROFILING,1788521961093650.430	,0,NPU:2
2,PROFILING,1788521961193659.590	,0,NPU:2
2,PROFILING,1788521961293649.550	,0,NPU:2
2,PROFILING,1788521961393660.560	,0,NPU:2
2,PROFILING,1788521961493646.430	,0,NPU:2
2,PROFILING,1788521961593653.540	,0,NPU:2
2,PROFILING,1788521961693653.280	,0,NPU:2
2,PROFILING,1788521961793655.640	,0,NPU:2
2,PROFILING,1788521961893663.700	,0,NPU:2
2,PROFILING,1788521961993679.720	,0,NPU:2
2,PROFILING,1788521962093650.320	,0,NPU:2
2,PROFILING,1788521962193649.320	,0,NPU:2
2,PROFILING,1788521962293681.190	,0,NPU:2
2,PROFILING,1788521962393648.310	,0,NPU:2
2,PROFILING,1788521962493648.610	,0,NPU:2
2,PROFILING,1788521962593658.720	,0,NPU:2
2,PROFILING,1788521962693658.470	,0,NPU:2
2,PROFILING,1788521962793647.510	,0,NPU:2
2,PROFILING,1788521962893648.970	,0,NPU:2
2,PROFILING,1788521962993649.820	,0,NPU:2
2,PROFILING,1788521963093652.370	,0,NPU:2
2,PROFILING,1788521963193660.920	,0,NPU:2
2,PROFILING,1788521963293649.500	,0,NPU:2
2,PROFILING,1788521963393652.840	,0,NPU:2
2,PROFILING,1788521963493633.730	,0,NPU:2
2,PROFILING,1788521963593627.750	,0,NPU:2
2,PROFILING,1788521963693630.860	,0,NPU:2
2,PROFILING,1788521963793626.500	,0,NPU:2
2,PROFILING,1788521963893625.660	,0,NPU:2
2,PROFILING,1788521963993619.870	,0,NPU:2
2,PROFILING,1788521964093623.630	,0,NPU:2
2,PROFILING,1788521964193621.680	,0,NPU:2
2,PROFILING,1788521964293631.730	,0,NPU:2
2,PROFILING,1788521964393624.810	,0,NPU:2
2,PROFILING,1788521964493617.160	,0,NPU:2
2,PROFILING,1788521964593612.810	,0,NPU:2
2,PROFILING,1788521964693630.030	,0,NPU:2
2,PROFILING,1788521964793640.010	,0,NPU:2
2,PROFILING,1788521964893621.970	,0,NPU:2
2,PROFILING,1788521964993624.260	,0,NPU:2
2,PROFILING,1788521965093632.600	,0,NPU:2
2,PROFILING,1788521965193623.140	,0,NPU:2
2,PROFILING,1788521965293738.890	,0,NPU:2
2,PROFILING,1788521965393669.470	,0,NPU:2
2,PROFILING,1788521965493639.540	,0,NPU:2
2,PROFILING,1788521965593628.350	,0,NPU:2
2,PROFILING,1788521965693649.400	,0,NPU:2
2,PROFILING,1788521965793641.400	,0,NPU:2
2,PROFILING,1788521965893687.370	,0,NPU:2
2,PROFILING,1788521965993646.290	,0,NPU:2
2,PROFILING,1788521966093625.790	,0,NPU:2
2,PROFILING,1788521966193628.540	,0,NPU:2
2,PROFILING,1788521966293643.340	,0,NPU:2
2,PROFILING,1788521966393613.490	,0,NPU:2
2,PROFILING,1788521966493642.110	,0,NPU:2
2,PROFILING,1788521966593639.740	,0,NPU:2
2,PROFILING,1788521966693630.120	,0,NPU:2
2,PROFILING,1788521966793623.110	,0,NPU:2
2,PROFILING,1788521966893628.080	,0,NPU:2
2,PROFILING,1788521966993649.050	,0,NPU:2
2,PROFILING,1788521967093643.280	,0,NPU:2
2,PROFILING,1788521967193636.760	,0,NPU:2
2,PROFILING,1788521967293664.510	,0,NPU:2
2,PROFILING,1788521967393646.400	,0,NPU:2
2,PROFILING,1788521967493631.880	,0,NPU:2
2,PROFILING,1788521967593619.300	,0,NPU:2
2,PROFILING,1788521967693635.480	,0,NPU:2
2,PROFILING,1788521967793629.620	,0,NPU:2
2,PROFILING,1788521967893659.030	,0,NPU:2
2,PROFILING,1788521967993639.300	,0,NPU:2
2,PROFILING,1788521968093616.460	,0,NPU:2
2,PROFILING,1788521968193600.750	,0,NPU:2
2,PROFILING,1788521968293604.310	,0,NPU:2
2,PROFILING,1788521968393642.290	,0,NPU:2
2,PROFILING,1788521968493641.350	,0,NPU:2
2,PROFILING,1788521968593635.460	,0,NPU:2
2,PROFILING,1788521968693623.120	,0,NPU:2
2,PROFILING,1788521968793603.210	,0,NPU:2
2,PROFILING,1788521968893622.880	,0,NPU:2
2,PROFILING,1788521968993646.280	,0,NPU:2
2,PROFILING,1788521969093618.190	,0,NPU:2
2,PROFILING,1788521969193625.210	,0,NPU:2
2,PROFILING,1788521969293613.860	,0,NPU:2
2,PROFILING,1788521969393631.150	,0,NPU:2
2,PROFILING,1788521969493645.190	,0,NPU:2
2,PROFILING,1788521969593630.620	,0,NPU:2
2,PROFILING,1788521969693629.060	,0,NPU:2
2,PROFILING,1788521969793629.990	,0,NPU:2
2,PROFILING,1788521969893608.320	,0,NPU:2
2,PROFILING,1788521969993610.590	,0,NPU:2
2,PROFILING,1788521970093630.140	,0,NPU:2
2,PROFILING,1788521970193626.490	,0,NPU:2
2,PROFILING,1788521970293611.210	,0,NPU:2
2,PROFILING,1788521970393601.790	,0,NPU:2
2,PROFILING,1788521970493628.800	,0,NPU:2
2,PROFILING,1788521970593625.850	,0,NPU:2
2,PROFILING,1788521970693643.880	,0,NPU:2
2,PROFILING,1788521970793609.650	,0,NPU:2
2,PROFILING,1788521970893621.640	,0,NPU:2
2,PROFILING,1788521970993613.030	,0,NPU:2
2,PROFILING,1788521971093591.550	,0,NPU:2
2,PROFILING,1788521971193601.230	,0,NPU:2
2,PROFILING,1788521971293601.060	,0,NPU:2
2,PROFILING,1788521971393594.380	,0,NPU:2
2,PROFILING,1788521971493608.280	,0,NPU:2
2,PROFILING,1788521971593612.580	,0,NPU:2
2,PROFILING,1788521971693592.100	,0,NPU:2
2,PROFILING,1788521971793598.990	,0,NPU:2
2,PROFILING,1788521971893595.970	,0,NPU:2
2,PROFILING,1788521971993592.820	,0,NPU:2
2,PROFILING,1788521972093590.900	,0,NPU:2
2,PROFILING,1788521972193595.900	,0,NPU:2
2,PROFILING,1788521972293597.240	,0,NPU:2
2,PROFILING,1788521972393636.480	,0,NPU:2
2,PROFILING,1788521972493583.490	,0,NPU:2
2,PROFILING,1788521972593645.590	,0,NPU:2
2,PROFILING,1788521972693633.820	,0,NPU:2
2,PROFILING,1788521972793603.790	,0,NPU:2
2,PROFILING,1788521972893580.480	,0,NPU:2
2,PROFILING,1788521972993578.140	,0,NPU:2
2,PROFILING,1788521973093574.880	,0,NPU:2
2,PROFILING,1788521973193573.610	,0,NPU:2
2,PROFILING,1788521973293574.060	,0,NPU:2
2,PROFILING,1788521973398586.880	,0,NPU:2
2,PROFILING,1788521973493599.570	,0,NPU:2
2,PROFILING,1788521973559819.670	,0,NPU:2
2,DP,1788521953993841.910	,0,NPU:2
2,DP,1788521954093690.790	,0,NPU:2
2,DP,1788521954193665.180	,0,NPU:2
2,DP,1788521954293650.080	,0,NPU:2
2,DP,1788521954393654.040	,0,NPU:2
2,DP,1788521954493648.730	,0,NPU:2
2,DP,1788521954593645.540	,0,NPU:2
2,DP,1788521954693640.150	,0,NPU:2
2,DP,1788521954793649.950	,0,NPU:2
2,DP,1788521954893661.680	,0,NPU:2
2,DP,1788521954993678.410	,0,NPU:2
2,DP,1788521955093652.720	,0,NPU:2
2,DP,1788521955193653.270	,0,NPU:2
2,DP,1788521955293648.860	,0,NPU:2
2,DP,1788521955393649.220	,0,NPU:2
2,DP,1788521955493655.280	,0,NPU:2
2,DP,1788521955593651.590	,0,NPU:2
2,DP,1788521955693640.580	,0,NPU:2
2,DP,1788521955793638.250	,0,NPU:2
2,DP,1788521955893682.250	,0,NPU:2
2,DP,1788521955993682.480	,0,NPU:2
2,DP,1788521956093711.640	,0,NPU:2
2,DP,1788521956193672.410	,0,NPU:2
2,DP,1788521956293669.740	,0,NPU:2
2,DP,1788521956393666.240	,0,NPU:2
2,DP,1788521956493676.590	,0,NPU:2
2,DP,1788521956593710.650	,0,NPU:2
2,DP,1788521956693695.830	,0,NPU:2
2,DP,1788521956793695.140	,0,NPU:2
2,DP,1788521956893673.320	,0,NPU:2
2,DP,1788521956993679.850	,0,NPU:2
2,DP,1788521957093679.860	,0,NPU:2
2,DP,1788521957193708.460	,0,NPU:2
2,DP,1788521957293678.900	,0,NPU:2
2,DP,1788521957393665.400	,0,NPU:2
2,DP,1788521957493670.700	,0,NPU:2
2,DP,1788521957593669.370	,0,NPU:2
2,DP,1788521957693681.180	,0,NPU:2
2,DP,1788521957793669.280	,0,NPU:2
2,DP,1788521957893667.600	,0,NPU:2
2,DP,1788521957993664.330	,0,NPU:2
2,DP,1788521958093664.530	,0,NPU:2
2,DP,1788521958193664.090	,0,NPU:2
2,DP,1788521958293676.530	,0,NPU:2
2,DP,1788521958393683.270	,0,NPU:2
2,DP,1788521958493690.880	,0,NPU:2
2,DP,1788521958593674.040	,0,NPU:2
2,DP,1788521958693683.820	,0,NPU:2
2,DP,1788521958793687.320	,0,NPU:2
2,DP,1788521958893675.330	,0,NPU:2
2,DP,1788521958993662.280	,0,NPU:2
2,DP,1788521959093657.900	,0,NPU:2
2,DP,1788521959193640.610	,0,NPU:2
2,DP,1788521959293669.420	,0,NPU:2
2,DP,1788521959393659.330	,0,NPU:2
2,DP,1788521959493656.680	,0,NPU:2
2,DP,1788521959593664.410	,0,NPU:2
2,DP,1788521959693659.180	,0,NPU:2
2,DP,1788521959793659.090	,0,NPU:2
2,DP,1788521959893653.390	,0,NPU:2
2,DP,1788521959993636.630	,0,NPU:2
2,DP,1788521960093661.640	,0,NPU:2
2,DP,1788521960193659.550	,0,NPU:2
2,DP,1788521960293650.620	,0,NPU:2
2,DP,1788521960393656.970	,0,NPU:2
2,DP,1788521960493672.410	,0,NPU:2
2,DP,1788521960593660.010	,0,NPU:2
2,DP,1788521960693662.400	,0,NPU:2
2,DP,1788521960793664.020	,0,NPU:2
2,DP,1788521960893665.010	,0,NPU:2
2,DP,1788521960993655.530	,0,NPU:2
2,DP,1788521961093650.430	,0,NPU:2
2,DP,1788521961193659.590	,0,NPU:2
2,DP,1788521961293649.550	,0,NPU:2
2,DP,1788521961393660.560	,0,NPU:2
2,DP,1788521961493646.430	,0,NPU:2
2,DP,1788521961593653.540	,0,NPU:2
2,DP,1788521961693653.280	,0,NPU:2
2,DP,1788521961793655.640	,0,NPU:2
2,DP,1788521961893663.700	,0,NPU:2
2,DP,1788521961993679.720	,0,NPU:2
2,DP,1788521962093650.320	,0,NPU:2
2,DP,1788521962193649.320	,0,NPU:2
2,DP,1788521962293681.190	,0,NPU:2
2,DP,1788521962393648.310	,0,NPU:2
2,DP,1788521962493648.610	,0,NPU:2
2,DP,1788521962593658.720	,0,NPU:2
2,DP,1788521962693658.470	,0,NPU:2
2,DP,1788521962793647.510	,0,NPU:2
2,DP,1788521962893648.970	,0,NPU:2
2,DP,1788521962993649.820	,0,NPU:2
2,DP,1788521963093652.370	,0,NPU:2
2,DP,1788521963193660.920	,0,NPU:2
2,DP,1788521963293649.500	,0,NPU:2
2,DP,1788521963393652.840	,0,NPU:2
2,DP,1788521963493633.730	,0,NPU:2
2,DP,1788521963593627.750	,0,NPU:2
2,DP,1788521963693630.860	,0,NPU:2
2,DP,1788521963793626.500	,0,NPU:2
2,DP,1788521963893625.660	,0,NPU:2
2,DP,1788521963993619.870	,0,NPU:2
2,DP,1788521964093623.630	,0,NPU:2
2,DP,1788521964193621.680	,0,NPU:2
2,DP,1788521964293631.730	,0,NPU:2
2,DP,1788521964393624.810	,0,NPU:2
2,DP,1788521964493617.160	,0,NPU:2
2,DP,1788521964593612.810	,0,NPU:2
2,DP,1788521964693630.030	,0,NPU:2
2,DP,1788521964793640.010	,0,NPU:2
2,DP,1788521964893621.970	,0,NPU:2
2,DP,1788521964993624.260	,0,NPU:2
2,DP,1788521965093632.600	,0,NPU:2
2,DP,1788521965193623.140	,0,NPU:2
2,DP,1788521965293738.890	,0,NPU:2
2,DP,1788521965393669.470	,0,NPU:2
2,DP,1788521965493639.540	,0,NPU:2
2,DP,1788521965593628.350	,0,NPU:2
2,DP,1788521965693649.400	,0,NPU:2
2,DP,1788521965793641.400	,0,NPU:2
2,DP,1788521965893687.370	,0,NPU:2
2,DP,1788521965993646.290	,0,NPU:2
2,DP,1788521966093625.790	,0,NPU:2
2,DP,1788521966193628.540	,0,NPU:2
2,DP,1788521966293643.340	,0,NPU:2
2,DP,1788521966393613.490	,0,NPU:2
2,DP,1788521966493642.110	,0,NPU:2
2,DP,1788521966593639.740	,0,NPU:2
2,DP,1788521966693630.120	,0,NPU:2
2,DP,1788521966793623.110	,0,NPU:2
2,DP,1788521966893628.080	,0,NPU:2
2,DP,1788521966993649.050	,0,NPU:2
2,DP,1788521967093643.280	,0,NPU:2
2,DP,1788521967193636.760	,0,NPU:2
2,DP,1788521967293664.510	,0,NPU:2
2,DP,1788521967393646.400	,0,NPU:2
2,DP,1788521967493631.880	,0,NPU:2
2,DP,1788521967593619.300	,0,NPU:2
2,DP,1788521967693635.480	,0,NPU:2
2,DP,1788521967793629.620	,0,NPU:2
2,DP,1788521967893659.030	,0,NPU:2
2,DP,1788521967993639.300	,0,NPU:2
2,DP,1788521968093616.460	,0,NPU:2
2,DP,1788521968193600.750	,0,NPU:2
2,DP,1788521968293604.310	,0,NPU:2
2,DP,1788521968393642.290	,0,NPU:2
2,DP,1788521968493641.350	,0,NPU:2
2,DP,1788521968593635.460	,0,NPU:2
2,DP,1788521968693623.120	,0,NPU:2
2,DP,1788521968793603.210	,0,NPU:2
2,DP,1788521968893622.880	,0,NPU:2
2,DP,1788521968993646.280	,0,NPU:2
2,DP,1788521969093618.190	,0,NPU:2
2,DP,1788521969193625.210	,0,NPU:2
2,DP,1788521969293613.860	,0,NPU:2
2,DP,1788521969393631.150	,0,NPU:2
2,DP,1788521969493645.190	,0,NPU:2
2,DP,1788521969593630.620	,0,NPU:2
2,DP,1788521969693629.060	,0,NPU:2
2,DP,1788521969793629.990	,0,NPU:2
2,DP,1788521969893608.320	,0,NPU:2
2,DP,1788521969993610.590	,0,NPU:2
2,DP,1788521970093630.140	,0,NPU:2
2,DP,1788521970193626.490	,0,NPU:2
2,DP,1788521970293611.210	,0,NPU:2
2,DP,1788521970393601.790	,0,NPU:2
2,DP,1788521970493628.800	,0,NPU:2
2,DP,1788521970593625.850	,0,NPU:2
2,DP,1788521970693643.880	,0,NPU:2
2,DP,1788521970793609.650	,0,NPU:2
2,DP,1788521970893621.640	,0,NPU:2
2,DP,1788521970993613.030	,0,NPU:2
2,DP,1788521971093591.550	,0,NPU:2
2,DP,1788521971193601.230	,0,NPU:2
2,DP,1788521971293601.060	,0,NPU:2
2,DP,1788521971393594.380	,0,NPU:2
2,DP,1788521971493608.280	,0,NPU:2
2,DP,1788521971593612.580	,0,NPU:2
2,DP,1788521971693592.100	,0,NPU:2
2,DP,1788521971793598.990	,0,NPU:2
2,DP,1788521971893595.970	,0,NPU:2
2,DP,1788521971993592.820	,0,NPU:2
2,DP,1788521972093590.900	,0,NPU:2
2,DP,1788521972193595.900	,0,NPU:2
2,DP,1788521972293597.240	,0,NPU:2
2,DP,1788521972393636.480	,0,NPU:2
2,DP,1788521972493583.490	,0,NPU:2
2,DP,1788521972593645.590	,0,NPU:2
2,DP,1788521972693633.820	,0,NPU:2
2,DP,1788521972793603.790	,0,NPU:2
2,DP,1788521972893580.480	,0,NPU:2
2,DP,1788521972993578.140	,0,NPU:2
2,DP,1788521973093574.880	,0,NPU:2
2,DP,1788521973193573.610	,0,NPU:2
2,DP,1788521973293574.060	,0,NPU:2
2,DP,1788521973398586.880	,0,NPU:2
2,DP,1788521973493599.570	,0,NPU:2
2,DP,1788521973559819.670	,0,NPU:2
2,APP,1788521953993841.910	,18679808.0,NPU:2
2,APP,1788521954093690.790	,18679808.0,NPU:2
2,APP,1788521954193665.180	,18679808.0,NPU:2
2,APP,1788521954293650.080	,18679808.0,NPU:2
2,APP,1788521954393654.040	,18679808.0,NPU:2
2,APP,1788521954493648.730	,18679808.0,NPU:2
2,APP,1788521954593645.540	,18679808.0,NPU:2
2,APP,1788521954693640.150	,18679808.0,NPU:2
2,APP,1788521954793649.950	,18679808.0,NPU:2
2,APP,1788521954893661.680	,18679808.0,NPU:2
2,APP,1788521954993678.410	,18679808.0,NPU:2
2,APP,1788521955093652.720	,18679808.0,NPU:2
2,APP,1788521955193653.270	,18679808.0,NPU:2
2,APP,1788521955293648.860	,18679808.0,NPU:2
2,APP,1788521955393649.220	,18679808.0,NPU:2
2,APP,1788521955493655.280	,18679808.0,NPU:2
2,APP,1788521955593651.590	,18679808.0,NPU:2
2,APP,1788521955693640.580	,18679808.0,NPU:2
2,APP,1788521955793638.250	,18679808.0,NPU:2
2,APP,1788521955893682.250	,18679808.0,NPU:2
2,APP,1788521955993682.480	,18679808.0,NPU:2
2,APP,1788521956093711.640	,18679808.0,NPU:2
2,APP,1788521956193672.410	,18679808.0,NPU:2
2,APP,1788521956293669.740	,18679808.0,NPU:2
2,APP,1788521956393666.240	,18679808.0,NPU:2
2,APP,1788521956493676.590	,18679808.0,NPU:2
2,APP,1788521956593710.650	,18679808.0,NPU:2
2,APP,1788521956693695.830	,18679808.0,NPU:2
2,APP,1788521956793695.140	,18679808.0,NPU:2
2,APP,1788521956893673.320	,18679808.0,NPU:2
2,APP,1788521956993679.850	,18679808.0,NPU:2
2,APP,1788521957093679.860	,18679808.0,NPU:2
2,APP,1788521957193708.460	,18679808.0,NPU:2
2,APP,1788521957293678.900	,18679808.0,NPU:2
2,APP,1788521957393665.400	,18679808.0,NPU:2
2,APP,1788521957493670.700	,18679808.0,NPU:2
2,APP,1788521957593669.370	,18679808.0,NPU:2
2,APP,1788521957693681.180	,18679808.0,NPU:2
2,APP,1788521957793669.280	,18679808.0,NPU:2
2,APP,1788521957893667.600	,18679808.0,NPU:2
2,APP,1788521957993664.330	,18679808.0,NPU:2
2,APP,1788521958093664.530	,18679808.0,NPU:2
2,APP,1788521958193664.090	,18679808.0,NPU:2
2,APP,1788521958293676.530	,18679808.0,NPU:2
2,APP,1788521958393683.270	,18679808.0,NPU:2
2,APP,1788521958493690.880	,18679808.0,NPU:2
2,APP,1788521958593674.040	,18679808.0,NPU:2
2,APP,1788521958693683.820	,18679808.0,NPU:2
2,APP,1788521958793687.320	,18679808.0,NPU:2
2,APP,1788521958893675.330	,18679808.0,NPU:2
2,APP,1788521958993662.280	,18679808.0,NPU:2
2,APP,1788521959093657.900	,18679808.0,NPU:2
2,APP,1788521959193640.610	,18679808.0,NPU:2
2,APP,1788521959293669.420	,18679808.0,NPU:2
2,APP,1788521959393659.330	,18679808.0,NPU:2
2,APP,1788521959493656.680	,18679808.0,NPU:2
2,APP,1788521959593664.410	,18679808.0,NPU:2
2,APP,1788521959693659.180	,18679808.0,NPU:2
2,APP,1788521959793659.090	,18679808.0,NPU:2
2,APP,1788521959893653.390	,18679808.0,NPU:2
2,APP,1788521959993636.630	,18679808.0,NPU:2
2,APP,1788521960093661.640	,18679808.0,NPU:2
2,APP,1788521960193659.550	,18679808.0,NPU:2
2,APP,1788521960293650.620	,18679808.0,NPU:2
2,APP,1788521960393656.970	,18679808.0,NPU:2
2,APP,1788521960493672.410	,18679808.0,NPU:2
2,APP,1788521960593660.010	,18679808.0,NPU:2
2,APP,1788521960693662.400	,18679808.0,NPU:2
2,APP,1788521960793664.020	,18679808.0,NPU:2
2,APP,1788521960893665.010	,18679808.0,NPU:2
2,APP,1788521960993655.530	,18679808.0,NPU:2
2,APP,1788521961093650.430	,18679808.0,NPU:2
2,APP,1788521961193659.590	,18679808.0,NPU:2
2,APP,1788521961293649.550	,18679808.0,NPU:2
2,APP,1788521961393660.560	,18679808.0,NPU:2
2,APP,1788521961493646.430	,18679808.0,NPU:2
2,APP,1788521961593653.540	,18679808.0,NPU:2
2,APP,1788521961693653.280	,18679808.0,NPU:2
2,APP,1788521961793655.640	,18679808.0,NPU:2
2,APP,1788521961893663.700	,18679808.0,NPU:2
2,APP,1788521961993679.720	,18679808.0,NPU:2
2,APP,1788521962093650.320	,18679808.0,NPU:2
2,APP,1788521962193649.320	,18679808.0,NPU:2
2,APP,1788521962293681.190	,18679808.0,NPU:2
2,APP,1788521962393648.310	,18679808.0,NPU:2
2,APP,1788521962493648.610	,18679808.0,NPU:2
2,APP,1788521962593658.720	,18679808.0,NPU:2
2,APP,1788521962693658.470	,18679808.0,NPU:2
2,APP,1788521962793647.510	,18679808.0,NPU:2
2,APP,1788521962893648.970	,18679808.0,NPU:2
2,APP,1788521962993649.820	,18679808.0,NPU:2
2,APP,1788521963093652.370	,18679808.0,NPU:2
2,APP,1788521963193660.920	,18679808.0,NPU:2
2,APP,1788521963293649.500	,18679808.0,NPU:2
2,APP,1788521963393652.840	,18679808.0,NPU:2
2,APP,1788521963493633.730	,18679808.0,NPU:2
2,APP,1788521963593627.750	,18679808.0,NPU:2
2,APP,1788521963693630.860	,18679808.0,NPU:2
2,APP,1788521963793626.500	,18679808.0,NPU:2
2,APP,1788521963893625.660	,18679808.0,NPU:2
2,APP,1788521963993619.870	,18679808.0,NPU:2
2,APP,1788521964093623.630	,18679808.0,NPU:2
2,APP,1788521964193621.680	,18679808.0,NPU:2
2,APP,1788521964293631.730	,18679808.0,NPU:2
2,APP,1788521964393624.810	,18679808.0,NPU:2
2,APP,1788521964493617.160	,18679808.0,NPU:2
2,APP,1788521964593612.810	,18679808.0,NPU:2
2,APP,1788521964693630.030	,18679808.0,NPU:2
2,APP,1788521964793640.010	,18679808.0,NPU:2
2,APP,1788521964893621.970	,18679808.0,NPU:2
2,APP,1788521964993624.260	,18679808.0,NPU:2
2,APP,1788521965093632.600	,18679808.0,NPU:2
2,APP,1788521965193623.140	,18679808.0,NPU:2
2,APP,1788521965293738.890	,18679808.0,NPU:2
2,APP,1788521965393669.470	,18679808.0,NPU:2
2,APP,1788521965493639.540	,18679808.0,NPU:2
2,APP,1788521965593628.350	,18679808.0,NPU:2
2,APP,1788521965693649.400	,18679808.0,NPU:2
2,APP,1788521965793641.400	,18679808.0,NPU:2
2,APP,1788521965893687.370	,18679808.0,NPU:2
2,APP,1788521965993646.290	,18679808.0,NPU:2
2,APP,1788521966093625.790	,18679808.0,NPU:2
2,APP,1788521966193628.540	,18679808.0,NPU:2
2,APP,1788521966293643.340	,18679808.0,NPU:2
2,APP,1788521966393613.490	,18679808.0,NPU:2
2,APP,1788521966493642.110	,18679808.0,NPU:2
2,APP,1788521966593639.740	,18679808.0,NPU:2
2,APP,1788521966693630.120	,18679808.0,NPU:2
2,APP,1788521966793623.110	,18679808.0,NPU:2
2,APP,1788521966893628.080	,18679808.0,NPU:2
2,APP,1788521966993649.050	,18679808.0,NPU:2
2,APP,1788521967093643.280	,18679808.0,NPU:2
2,APP,1788521967193636.760	,18679808.0,NPU:2
2,APP,1788521967293664.510	,18679808.0,NPU:2
2,APP,1788521967393646.400	,18679808.0,NPU:2
2,APP,1788521967493631.880	,18679808.0,NPU:2
2,APP,1788521967593619.300	,18679808.0,NPU:2
2,APP,1788521967693635.480	,18679808.0,NPU:2
2,APP,1788521967793629.620	,18679808.0,NPU:2
2,APP,1788521967893659.030	,18679808.0,NPU:2
2,APP,1788521967993639.300	,18679808.0,NPU:2
2,APP,1788521968093616.460	,18679808.0,NPU:2
2,APP,1788521968193600.750	,18679808.0,NPU:2
2,APP,1788521968293604.310	,18679808.0,NPU:2
2,APP,1788521968393642.290	,18679808.0,NPU:2
2,APP,1788521968493641.350	,18679808.0,NPU:2
2,APP,1788521968593635.460	,18679808.0,NPU:2
2,APP,1788521968693623.120	,18679808.0,NPU:2
2,APP,1788521968793603.210	,18679808.0,NPU:2
2,APP,1788521968893622.880	,18679808.0,NPU:2
2,APP,1788521968993646.280	,18679808.0,NPU:2
2,APP,1788521969093618.190	,18679808.0,NPU:2
2,APP,1788521969193625.210	,18679808.0,NPU:2
2,APP,1788521969293613.860	,18679808.0,NPU:2
2,APP,1788521969393631.150	,18679808.0,NPU:2
2,APP,1788521969493645.190	,18679808.0,NPU:2
2,APP,1788521969593630.620	,18679808.0,NPU:2
2,APP,1788521969693629.060	,18679808.0,NPU:2
2,APP,1788521969793629.990	,18679808.0,NPU:2
2,APP,1788521969893608.320	,18679808.0,NPU:2
2,APP,1788521969993610.590	,18679808.0,NPU:2
2,APP,1788521970093630.140	,18679808.0,NPU:2
2,APP,1788521970193626.490	,18679808.0,NPU:2
2,APP,1788521970293611.210	,18679808.0,NPU:2
2,APP,1788521970393601.790	,18679808.0,NPU:2
2,APP,1788521970493628.800	,18679808.0,NPU:2
2,APP,1788521970593625.850	,18679808.0,NPU:2
2,APP,1788521970693643.880	,18679808.0,NPU:2
2,APP,1788521970793609.650	,18679808.0,NPU:2
2,APP,1788521970893621.640	,18679808.0,NPU:2
2,APP,1788521970993613.030	,18679808.0,NPU:2
2,APP,1788521971093591.550	,18679808.0,NPU:2
2,APP,1788521971193601.230	,18679808.0,NPU:2
2,APP,1788521971293601.060	,18679808.0,NPU:2
2,APP,1788521971393594.380	,18679808.0,NPU:2
2,APP,1788521971493608.280	,18679808.0,NPU:2
2,APP,1788521971593612.580	,18679808.0,NPU:2
2,APP,1788521971693592.100	,18679808.0,NPU:2
2,APP,1788521971793598.990	,18679808.0,NPU:2
2,APP,1788521971893595.970	,18679808.0,NPU:2
2,APP,1788521971993592.820	,18679808.0,NPU:2
2,APP,1788521972093590.900	,18679808.0,NPU:2
2,APP,1788521972193595.900	,18679808.0,NPU:2
2,APP,1788521972293597.240	,18679808.0,NPU:2
2,APP,1788521972393636.480	,18679808.0,NPU:2
2,APP,1788521972493583.490	,18679808.0,NPU:2
2,APP,1788521972593645.590	,18679808.0,NPU:2
2,APP,1788521972693633.820	,18679808.0,NPU:2
2,APP,1788521972793603.790	,18679808.0,NPU:2
2,APP,1788521972893580.480	,18679808.0,NPU:2
2,APP,1788521972993578.140	,18679808.0,NPU:2
2,APP,1788521973093574.880	,18679808.0,NPU:2
2,APP,1788521973193573.610	,18679808.0,NPU:2
2,APP,1788521973293574.060	,18679808.0,NPU:2
2,APP,1788521973398586.880	,18679808.0,NPU:2
2,APP,1788521973493599.570	,18679808.0,NPU:2
2,APP,1788521973559819.670	,18679808.0,NPU:2
2,TS,1788521953993841.910	,0,NPU:2
2,TS,1788521954093690.790	,0,NPU:2
2,TS,1788521954193665.180	,0,NPU:2
2,TS,1788521954293650.080	,0,NPU:2
2,TS,1788521954393654.040	,0,NPU:2
2,TS,1788521954493648.730	,0,NPU:2
2,TS,1788521954593645.540	,0,NPU:2
2,TS,1788521954693640.150	,0,NPU:2
2,TS,1788521954793649.950	,0,NPU:2
2,TS,1788521954893661.680	,0,NPU:2
2,TS,1788521954993678.410	,0,NPU:2
2,TS,1788521955093652.720	,0,NPU:2
2,TS,1788521955193653.270	,0,NPU:2
2,TS,1788521955293648.860	,0,NPU:2
2,TS,1788521955393649.220	,0,NPU:2
2,TS,1788521955493655.280	,0,NPU:2
2,TS,1788521955593651.590	,0,NPU:2
2,TS,1788521955693640.580	,0,NPU:2
2,TS,1788521955793638.250	,0,NPU:2
2,TS,1788521955893682.250	,0,NPU:2
2,TS,1788521955993682.480	,0,NPU:2
2,TS,1788521956093711.640	,0,NPU:2
2,TS,1788521956193672.410	,0,NPU:2
2,TS,1788521956293669.740	,0,NPU:2
2,TS,1788521956393666.240	,0,NPU:2
2,TS,1788521956493676.590	,0,NPU:2
2,TS,1788521956593710.650	,0,NPU:2
2,TS,1788521956693695.830	,0,NPU:2
2,TS,1788521956793695.140	,0,NPU:2
2,TS,1788521956893673.320	,0,NPU:2
2,TS,1788521956993679.850	,0,NPU:2
2,TS,1788521957093679.860	,0,NPU:2
2,TS,1788521957193708.460	,0,NPU:2
2,TS,1788521957293678.900	,0,NPU:2
2,TS,1788521957393665.400	,0,NPU:2
2,TS,1788521957493670.700	,0,NPU:2
2,TS,1788521957593669.370	,0,NPU:2
2,TS,1788521957693681.180	,0,NPU:2
2,TS,1788521957793669.280	,0,NPU:2
2,TS,1788521957893667.600	,0,NPU:2
2,TS,1788521957993664.330	,0,NPU:2
2,TS,1788521958093664.530	,0,NPU:2
2,TS,1788521958193664.090	,0,NPU:2
2,TS,1788521958293676.530	,0,NPU:2
2,TS,1788521958393683.270	,0,NPU:2
2,TS,1788521958493690.880	,0,NPU:2
2,TS,1788521958593674.040	,0,NPU:2
2,TS,1788521958693683.820	,0,NPU:2
2,TS,1788521958793687.320	,0,NPU:2
2,TS,1788521958893675.330	,0,NPU:2
2,TS,1788521958993662.280	,0,NPU:2
2,TS,1788521959093657.900	,0,NPU:2
2,TS,1788521959193640.610	,0,NPU:2
2,TS,1788521959293669.420	,0,NPU:2
2,TS,1788521959393659.330	,0,NPU:2
2,TS,1788521959493656.680	,0,NPU:2
2,TS,1788521959593664.410	,0,NPU:2
2,TS,1788521959693659.180	,0,NPU:2
2,TS,1788521959793659.090	,0,NPU:2
2,TS,1788521959893653.390	,0,NPU:2
2,TS,1788521959993636.630	,0,NPU:2
2,TS,1788521960093661.640	,0,NPU:2
2,TS,1788521960193659.550	,0,NPU:2
2,TS,1788521960293650.620	,0,NPU:2
2,TS,1788521960393656.970	,0,NPU:2
2,TS,1788521960493672.410	,0,NPU:2
2,TS,1788521960593660.010	,0,NPU:2
2,TS,1788521960693662.400	,0,NPU:2
2,TS,1788521960793664.020	,0,NPU:2
2,TS,1788521960893665.010	,0,NPU:2
2,TS,1788521960993655.530	,0,NPU:2
2,TS,1788521961093650.430	,0,NPU:2
2,TS,1788521961193659.590	,0,NPU:2
2,TS,1788521961293649.550	,0,NPU:2
2,TS,1788521961393660.560	,0,NPU:2
2,TS,1788521961493646.430	,0,NPU:2
2,TS,1788521961593653.540	,0,NPU:2
2,TS,1788521961693653.280	,0,NPU:2
2,TS,1788521961793655.640	,0,NPU:2
2,TS,1788521961893663.700	,0,NPU:2
2,TS,1788521961993679.720	,0,NPU:2
2,TS,1788521962093650.320	,0,NPU:2
2,TS,1788521962193649.320	,0,NPU:2
2,TS,1788521962293681.190	,0,NPU:2
2,TS,1788521962393648.310	,0,NPU:2
2,TS,1788521962493648.610	,0,NPU:2
2,TS,1788521962593658.720	,0,NPU:2
2,TS,1788521962693658.470	,0,NPU:2
2,TS,1788521962793647.510	,0,NPU:2
2,TS,1788521962893648.970	,0,NPU:2
2,TS,1788521962993649.820	,0,NPU:2
2,TS,1788521963093652.370	,0,NPU:2
2,TS,1788521963193660.920	,0,NPU:2
2,TS,1788521963293649.500	,0,NPU:2
2,TS,1788521963393652.840	,0,NPU:2
2,TS,1788521963493633.730	,0,NPU:2
2,TS,1788521963593627.750	,0,NPU:2
2,TS,1788521963693630.860	,0,NPU:2
2,TS,1788521963793626.500	,0,NPU:2
2,TS,1788521963893625.660	,0,NPU:2
2,TS,1788521963993619.870	,0,NPU:2
2,TS,1788521964093623.630	,0,NPU:2
2,TS,1788521964193621.680	,0,NPU:2
2,TS,1788521964293631.730	,0,NPU:2
2,TS,1788521964393624.810	,0,NPU:2
2,TS,1788521964493617.160	,0,NPU:2
2,TS,1788521964593612.810	,0,NPU:2
2,TS,1788521964693630.030	,0,NPU:2
2,TS,1788521964793640.010	,0,NPU:2
2,TS,1788521964893621.970	,0,NPU:2
2,TS,1788521964993624.260	,0,NPU:2
2,TS,1788521965093632.600	,0,NPU:2
2,TS,1788521965193623.140	,0,NPU:2
2,TS,1788521965293738.890	,0,NPU:2
2,TS,1788521965393669.470	,0,NPU:2
2,TS,1788521965493639.540	,0,NPU:2
2,TS,1788521965593628.350	,0,NPU:2
2,TS,1788521965693649.400	,0,NPU:2
2,TS,1788521965793641.400	,0,NPU:2
2,TS,1788521965893687.370	,0,NPU:2
2,TS,1788521965993646.290	,0,NPU:2
2,TS,1788521966093625.790	,0,NPU:2
2,TS,1788521966193628.540	,0,NPU:2
2,TS,1788521966293643.340	,0,NPU:2
2,TS,1788521966393613.490	,0,NPU:2
2,TS,1788521966493642.110	,0,NPU:2
2,TS,1788521966593639.740	,0,NPU:2
2,TS,1788521966693630.120	,0,NPU:2
2,TS,1788521966793623.110	,0,NPU:2
2,TS,1788521966893628.080	,0,NPU:2
2,TS,1788521966993649.050	,0,NPU:2
2,TS,1788521967093643.280	,0,NPU:2
2,TS,1788521967193636.760	,0,NPU:2
2,TS,1788521967293664.510	,0,NPU:2
2,TS,1788521967393646.400	,0,NPU:2
2,TS,1788521967493631.880	,0,NPU:2
2,TS,1788521967593619.300	,0,NPU:2
2,TS,1788521967693635.480	,0,NPU:2
2,TS,1788521967793629.620	,0,NPU:2
2,TS,1788521967893659.030	,0,NPU:2
2,TS,1788521967993639.300	,0,NPU:2
2,TS,1788521968093616.460	,0,NPU:2
2,TS,1788521968193600.750	,0,NPU:2
2,TS,1788521968293604.310	,0,NPU:2
2,TS,1788521968393642.290	,0,NPU:2
2,TS,1788521968493641.350	,0,NPU:2
2,TS,1788521968593635.460	,0,NPU:2
2,TS,1788521968693623.120	,0,NPU:2
2,TS,1788521968793603.210	,0,NPU:2
2,TS,1788521968893622.880	,0,NPU:2
2,TS,1788521968993646.280	,0,NPU:2
2,TS,1788521969093618.190	,0,NPU:2
2,TS,1788521969193625.210	,0,NPU:2
2,TS,1788521969293613.860	,0,NPU:2
2,TS,1788521969393631.150	,0,NPU:2
2,TS,1788521969493645.190	,0,NPU:2
2,TS,1788521969593630.620	,0,NPU:2
2,TS,1788521969693629.060	,0,NPU:2
2,TS,1788521969793629.990	,0,NPU:2
2,TS,1788521969893608.320	,0,NPU:2
2,TS,1788521969993610.590	,0,NPU:2
2,TS,1788521970093630.140	,0,NPU:2
2,TS,1788521970193626.490	,0,NPU:2
2,TS,1788521970293611.210	,0,NPU:2
2,TS,1788521970393601.790	,0,NPU:2
2,TS,1788521970493628.800	,0,NPU:2
2,TS,1788521970593625.850	,0,NPU:2
2,TS,1788521970693643.880	,0,NPU:2
2,TS,1788521970793609.650	,0,NPU:2
2,TS,1788521970893621.640	,0,NPU:2
2,TS,1788521970993613.030	,0,NPU:2
2,TS,1788521971093591.550	,0,NPU:2
2,TS,1788521971193601.230	,0,NPU:2
2,TS,1788521971293601.060	,0,NPU:2
2,TS,1788521971393594.380	,0,NPU:2
2,TS,1788521971493608.280	,0,NPU:2
2,TS,1788521971593612.580	,0,NPU:2
2,TS,1788521971693592.100	,0,NPU:2
2,TS,1788521971793598.990	,0,NPU:2
2,TS,1788521971893595.970	,0,NPU:2
2,TS,1788521971993592.820	,0,NPU:2
2,TS,1788521972093590.900	,0,NPU:2
2,TS,1788521972193595.900	,0,NPU:2
2,TS,1788521972293597.240	,0,NPU:2
2,TS,1788521972393636.480	,0,NPU:2
2,TS,1788521972493583.490	,0,NPU:2
2,TS,1788521972593645.590	,0,NPU:2
2,TS,1788521972693633.820	,0,NPU:2
2,TS,1788521972793603.790	,0,NPU:2
2,TS,1788521972893580.480	,0,NPU:2
2,TS,1788521972993578.140	,0,NPU:2
2,TS,1788521973093574.880	,0,NPU:2
2,TS,1788521973193573.610	,0,NPU:2
2,TS,1788521973293574.060	,0,NPU:2
2,TS,1788521973398586.880	,0,NPU:2
2,TS,1788521973493599.570	,0,NPU:2
2,TS,1788521973559819.670	,0,NPU:2
2,TSDUMP,1788521953993841.910	,0,NPU:2
2,TSDUMP,1788521954093690.790	,0,NPU:2
2,TSDUMP,1788521954193665.180	,0,NPU:2
2,TSDUMP,1788521954293650.080	,0,NPU:2
2,TSDUMP,1788521954393654.040	,0,NPU:2
2,TSDUMP,1788521954493648.730	,0,NPU:2
2,TSDUMP,1788521954593645.540	,0,NPU:2
2,TSDUMP,1788521954693640.150	,0,NPU:2
2,TSDUMP,1788521954793649.950	,0,NPU:2
2,TSDUMP,1788521954893661.680	,0,NPU:2
2,TSDUMP,1788521954993678.410	,0,NPU:2
2,TSDUMP,1788521955093652.720	,0,NPU:2
2,TSDUMP,1788521955193653.270	,0,NPU:2
2,TSDUMP,1788521955293648.860	,0,NPU:2
2,TSDUMP,1788521955393649.220	,0,NPU:2
2,TSDUMP,1788521955493655.280	,0,NPU:2
2,TSDUMP,1788521955593651.590	,0,NPU:2
2,TSDUMP,1788521955693640.580	,0,NPU:2
2,TSDUMP,1788521955793638.250	,0,NPU:2
2,TSDUMP,1788521955893682.250	,0,NPU:2
2,TSDUMP,1788521955993682.480	,0,NPU:2
2,TSDUMP,1788521956093711.640	,0,NPU:2
2,TSDUMP,1788521956193672.410	,0,NPU:2
2,TSDUMP,1788521956293669.740	,0,NPU:2
2,TSDUMP,1788521956393666.240	,0,NPU:2
2,TSDUMP,1788521956493676.590	,0,NPU:2
2,TSDUMP,1788521956593710.650	,0,NPU:2
2,TSDUMP,1788521956693695.830	,0,NPU:2
2,TSDUMP,1788521956793695.140	,0,NPU:2
2,TSDUMP,1788521956893673.320	,0,NPU:2
2,TSDUMP,1788521956993679.850	,0,NPU:2
2,TSDUMP,1788521957093679.860	,0,NPU:2
2,TSDUMP,1788521957193708.460	,0,NPU:2
2,TSDUMP,1788521957293678.900	,0,NPU:2
2,TSDUMP,1788521957393665.400	,0,NPU:2
2,TSDUMP,1788521957493670.700	,0,NPU:2
2,TSDUMP,1788521957593669.370	,0,NPU:2
2,TSDUMP,1788521957693681.180	,0,NPU:2
2,TSDUMP,1788521957793669.280	,0,NPU:2
2,TSDUMP,1788521957893667.600	,0,NPU:2
2,TSDUMP,1788521957993664.330	,0,NPU:2
2,TSDUMP,1788521958093664.530	,0,NPU:2
2,TSDUMP,1788521958193664.090	,0,NPU:2
2,TSDUMP,1788521958293676.530	,0,NPU:2
2,TSDUMP,1788521958393683.270	,0,NPU:2
2,TSDUMP,1788521958493690.880	,0,NPU:2
2,TSDUMP,1788521958593674.040	,0,NPU:2
2,TSDUMP,1788521958693683.820	,0,NPU:2
2,TSDUMP,1788521958793687.320	,0,NPU:2
2,TSDUMP,1788521958893675.330	,0,NPU:2
2,TSDUMP,1788521958993662.280	,0,NPU:2
2,TSDUMP,1788521959093657.900	,0,NPU:2
2,TSDUMP,1788521959193640.610	,0,NPU:2
2,TSDUMP,1788521959293669.420	,0,NPU:2
2,TSDUMP,1788521959393659.330	,0,NPU:2
2,TSDUMP,1788521959493656.680	,0,NPU:2
2,TSDUMP,1788521959593664.410	,0,NPU:2
2,TSDUMP,1788521959693659.180	,0,NPU:2
2,TSDUMP,1788521959793659.090	,0,NPU:2
2,TSDUMP,1788521959893653.390	,0,NPU:2
2,TSDUMP,1788521959993636.630	,0,NPU:2
2,TSDUMP,1788521960093661.640	,0,NPU:2
2,TSDUMP,1788521960193659.550	,0,NPU:2
2,TSDUMP,1788521960293650.620	,0,NPU:2
2,TSDUMP,1788521960393656.970	,0,NPU:2
2,TSDUMP,1788521960493672.410	,0,NPU:2
2,TSDUMP,1788521960593660.010	,0,NPU:2
2,TSDUMP,1788521960693662.400	,0,NPU:2
2,TSDUMP,1788521960793664.020	,0,NPU:2
2,TSDUMP,1788521960893665.010	,0,NPU:2
2,TSDUMP,1788521960993655.530	,0,NPU:2
2,TSDUMP,1788521961093650.430	,0,NPU:2
2,TSDUMP,1788521961193659.590	,0,NPU:2
2,TSDUMP,1788521961293649.550	,0,NPU:2
2,TSDUMP,1788521961393660.560	,0,NPU:2
2,TSDUMP,1788521961493646.430	,0,NPU:2
2,TSDUMP,1788521961593653.540	,0,NPU:2
2,TSDUMP,1788521961693653.280	,0,NPU:2
2,TSDUMP,1788521961793655.640	,0,NPU:2
2,TSDUMP,1788521961893663.700	,0,NPU:2
2,TSDUMP,1788521961993679.720	,0,NPU:2
2,TSDUMP,1788521962093650.320	,0,NPU:2
2,TSDUMP,1788521962193649.320	,0,NPU:2
2,TSDUMP,1788521962293681.190	,0,NPU:2
2,TSDUMP,1788521962393648.310	,0,NPU:2
2,TSDUMP,1788521962493648.610	,0,NPU:2
2,TSDUMP,1788521962593658.720	,0,NPU:2
2,TSDUMP,1788521962693658.470	,0,NPU:2
2,TSDUMP,1788521962793647.510	,0,NPU:2
2,TSDUMP,1788521962893648.970	,0,NPU:2
2,TSDUMP,1788521962993649.820	,0,NPU:2
2,TSDUMP,1788521963093652.370	,0,NPU:2
2,TSDUMP,1788521963193660.920	,0,NPU:2
2,TSDUMP,1788521963293649.500	,0,NPU:2
2,TSDUMP,1788521963393652.840	,0,NPU:2
2,TSDUMP,1788521963493633.730	,0,NPU:2
2,TSDUMP,1788521963593627.750	,0,NPU:2
2,TSDUMP,1788521963693630.860	,0,NPU:2
2,TSDUMP,1788521963793626.500	,0,NPU:2
2,TSDUMP,1788521963893625.660	,0,NPU:2
2,TSDUMP,1788521963993619.870	,0,NPU:2
2,TSDUMP,1788521964093623.630	,0,NPU:2
2,TSDUMP,1788521964193621.680	,0,NPU:2
2,TSDUMP,1788521964293631.730	,0,NPU:2
2,TSDUMP,1788521964393624.810	,0,NPU:2
2,TSDUMP,1788521964493617.160	,0,NPU:2
2,TSDUMP,1788521964593612.810	,0,NPU:2
2,TSDUMP,1788521964693630.030	,0,NPU:2
2,TSDUMP,1788521964793640.010	,0,NPU:2
2,TSDUMP,1788521964893621.970	,0,NPU:2
2,TSDUMP,1788521964993624.260	,0,NPU:2
2,TSDUMP,1788521965093632.600	,0,NPU:2
2,TSDUMP,1788521965193623.140	,0,NPU:2
2,TSDUMP,1788521965293738.890	,0,NPU:2
2,TSDUMP,1788521965393669.470	,0,NPU:2
2,TSDUMP,1788521965493639.540	,0,NPU:2
2,TSDUMP,1788521965593628.350	,0,NPU:2
2,TSDUMP,1788521965693649.400	,0,NPU:2
2,TSDUMP,1788521965793641.400	,0,NPU:2
2,TSDUMP,1788521965893687.370	,0,NPU:2
2,TSDUMP,1788521965993646.290	,0,NPU:2
2,TSDUMP,1788521966093625.790	,0,NPU:2
2,TSDUMP,1788521966193628.540	,0,NPU:2
2,TSDUMP,1788521966293643.340	,0,NPU:2
2,TSDUMP,1788521966393613.490	,0,NPU:2
2,TSDUMP,1788521966493642.110	,0,NPU:2
2,TSDUMP,1788521966593639.740	,0,NPU:2
2,TSDUMP,1788521966693630.120	,0,NPU:2
2,TSDUMP,1788521966793623.110	,0,NPU:2
2,TSDUMP,1788521966893628.080	,0,NPU:2
2,TSDUMP,1788521966993649.050	,0,NPU:2
2,TSDUMP,1788521967093643.280	,0,NPU:2
2,TSDUMP,1788521967193636.760	,0,NPU:2
2,TSDUMP,1788521967293664.510	,0,NPU:2
2,TSDUMP,1788521967393646.400	,0,NPU:2
2,TSDUMP,1788521967493631.880	,0,NPU:2
2,TSDUMP,1788521967593619.300	,0,NPU:2
2,TSDUMP,1788521967693635.480	,0,NPU:2
2,TSDUMP,1788521967793629.620	,0,NPU:2
2,TSDUMP,1788521967893659.030	,0,NPU:2
2,TSDUMP,1788521967993639.300	,0,NPU:2
2,TSDUMP,1788521968093616.460	,0,NPU:2
2,TSDUMP,1788521968193600.750	,0,NPU:2
2,TSDUMP,1788521968293604.310	,0,NPU:2
2,TSDUMP,1788521968393642.290	,0,NPU:2
2,TSDUMP,1788521968493641.350	,0,NPU:2
2,TSDUMP,1788521968593635.460	,0,NPU:2
2,TSDUMP,1788521968693623.120	,0,NPU:2
2,TSDUMP,1788521968793603.210	,0,NPU:2
2,TSDUMP,1788521968893622.880	,0,NPU:2
2,TSDUMP,1788521968993646.280	,0,NPU:2
2,TSDUMP,1788521969093618.190	,0,NPU:2
2,TSDUMP,1788521969193625.210	,0,NPU:2
2,TSDUMP,1788521969293613.860	,0,NPU:2
2,TSDUMP,1788521969393631.150	,0,NPU:2
2,TSDUMP,1788521969493645.190	,0,NPU:2
2,TSDUMP,1788521969593630.620	,0,NPU:2
2,TSDUMP,1788521969693629.060	,0,NPU:2
2,TSDUMP,1788521969793629.990	,0,NPU:2
2,TSDUMP,1788521969893608.320	,0,NPU:2
2,TSDUMP,1788521969993610.590	,0,NPU:2
2,TSDUMP,1788521970093630.140	,0,NPU:2
2,TSDUMP,1788521970193626.490	,0,NPU:2
2,TSDUMP,1788521970293611.210	,0,NPU:2
2,TSDUMP,1788521970393601.790	,0,NPU:2
2,TSDUMP,1788521970493628.800	,0,NPU:2
2,TSDUMP,1788521970593625.850	,0,NPU:2
2,TSDUMP,1788521970693643.880	,0,NPU:2
2,TSDUMP,1788521970793609.650	,0,NPU:2
2,TSDUMP,1788521970893621.640	,0,NPU:2
2,TSDUMP,1788521970993613.030	,0,NPU:2
2,TSDUMP,1788521971093591.550	,0,NPU:2
2,TSDUMP,1788521971193601.230	,0,NPU:2
2,TSDUMP,1788521971293601.060	,0,NPU:2
2,TSDUMP,1788521971393594.380	,0,NPU:2
2,TSDUMP,1788521971493608.280	,0,NPU:2
2,TSDUMP,1788521971593612.580	,0,NPU:2
2,TSDUMP,1788521971693592.100	,0,NPU:2
2,TSDUMP,1788521971793598.990	,0,NPU:2
2,TSDUMP,1788521971893595.970	,0,NPU:2
2,TSDUMP,1788521971993592.820	,0,NPU:2
2,TSDUMP,1788521972093590.900	,0,NPU:2
2,TSDUMP,1788521972193595.900	,0,NPU:2
2,TSDUMP,1788521972293597.240	,0,NPU:2
2,TSDUMP,1788521972393636.480	,0,NPU:2
2,TSDUMP,1788521972493583.490	,0,NPU:2
2,TSDUMP,1788521972593645.590	,0,NPU:2
2,TSDUMP,1788521972693633.820	,0,NPU:2
2,TSDUMP,1788521972793603.790	,0,NPU:2
2,TSDUMP,1788521972893580.480	,0,NPU:2
2,TSDUMP,1788521972993578.140	,0,NPU:2
2,TSDUMP,1788521973093574.880	,0,NPU:2
2,TSDUMP,1788521973193573.610	,0,NPU:2
2,TSDUMP,1788521973293574.060	,0,NPU:2
2,TSDUMP,1788521973398586.880	,0,NPU:2
2,TSDUMP,1788521973493599.570	,0,NPU:2
2,TSDUMP,1788521973559819.670	,0,NPU:2
2,AICPU,1788521953993841.910	,0,NPU:2
2,AICPU,1788521954093690.790	,0,NPU:2
2,AICPU,1788521954193665.180	,0,NPU:2
2,AICPU,1788521954293650.080	,0,NPU:2
2,AICPU,1788521954393654.040	,0,NPU:2
2,AICPU,1788521954493648.730	,0,NPU:2
2,AICPU,1788521954593645.540	,0,NPU:2
2,AICPU,1788521954693640.150	,0,NPU:2
2,AICPU,1788521954793649.950	,0,NPU:2
2,AICPU,1788521954893661.680	,0,NPU:2
2,AICPU,1788521954993678.410	,0,NPU:2
2,AICPU,1788521955093652.720	,0,NPU:2
2,AICPU,1788521955193653.270	,0,NPU:2
2,AICPU,1788521955293648.860	,0,NPU:2
2,AICPU,1788521955393649.220	,0,NPU:2
2,AICPU,1788521955493655.280	,0,NPU:2
2,AICPU,1788521955593651.590	,0,NPU:2
2,AICPU,1788521955693640.580	,0,NPU:2
2,AICPU,1788521955793638.250	,0,NPU:2
2,AICPU,1788521955893682.250	,0,NPU:2
2,AICPU,1788521955993682.480	,0,NPU:2
2,AICPU,1788521956093711.640	,0,NPU:2
2,AICPU,1788521956193672.410	,0,NPU:2
2,AICPU,1788521956293669.740	,0,NPU:2
2,AICPU,1788521956393666.240	,0,NPU:2
2,AICPU,1788521956493676.590	,0,NPU:2
2,AICPU,1788521956593710.650	,0,NPU:2
2,AICPU,1788521956693695.830	,0,NPU:2
2,AICPU,1788521956793695.140	,0,NPU:2
2,AICPU,1788521956893673.320	,0,NPU:2
2,AICPU,1788521956993679.850	,0,NPU:2
2,AICPU,1788521957093679.860	,0,NPU:2
2,AICPU,1788521957193708.460	,0,NPU:2
2,AICPU,1788521957293678.900	,0,NPU:2
2,AICPU,1788521957393665.400	,0,NPU:2
2,AICPU,1788521957493670.700	,0,NPU:2
2,AICPU,1788521957593669.370	,0,NPU:2
2,AICPU,1788521957693681.180	,0,NPU:2
2,AICPU,1788521957793669.280	,0,NPU:2
2,AICPU,1788521957893667.600	,0,NPU:2
2,AICPU,1788521957993664.330	,0,NPU:2
2,AICPU,1788521958093664.530	,0,NPU:2
2,AICPU,1788521958193664.090	,0,NPU:2
2,AICPU,1788521958293676.530	,0,NPU:2
2,AICPU,1788521958393683.270	,0,NPU:2
2,AICPU,1788521958493690.880	,0,NPU:2
2,AICPU,1788521958593674.040	,0,NPU:2
2,AICPU,1788521958693683.820	,0,NPU:2
2,AICPU,1788521958793687.320	,0,NPU:2
2,AICPU,1788521958893675.330	,0,NPU:2
2,AICPU,1788521958993662.280	,0,NPU:2
2,AICPU,1788521959093657.900	,0,NPU:2
2,AICPU,1788521959193640.610	,0,NPU:2
2,AICPU,1788521959293669.420	,0,NPU:2
2,AICPU,1788521959393659.330	,0,NPU:2
2,AICPU,1788521959493656.680	,0,NPU:2
2,AICPU,1788521959593664.410	,0,NPU:2
2,AICPU,1788521959693659.180	,0,NPU:2
2,AICPU,1788521959793659.090	,0,NPU:2
2,AICPU,1788521959893653.390	,0,NPU:2
2,AICPU,1788521959993636.630	,0,NPU:2
2,AICPU,1788521960093661.640	,0,NPU:2
2,AICPU,1788521960193659.550	,0,NPU:2
2,AICPU,1788521960293650.620	,0,NPU:2
2,AICPU,1788521960393656.970	,0,NPU:2
2,AICPU,1788521960493672.410	,0,NPU:2
2,AICPU,1788521960593660.010	,0,NPU:2
2,AICPU,1788521960693662.400	,0,NPU:2
2,AICPU,1788521960793664.020	,0,NPU:2
2,AICPU,1788521960893665.010	,0,NPU:2
2,AICPU,1788521960993655.530	,0,NPU:2
2,AICPU,1788521961093650.430	,0,NPU:2
2,AICPU,1788521961193659.590	,0,NPU:2
2,AICPU,1788521961293649.550	,0,NPU:2
2,AICPU,1788521961393660.560	,0,NPU:2
2,AICPU,1788521961493646.430	,0,NPU:2
2,AICPU,1788521961593653.540	,0,NPU:2
2,AICPU,1788521961693653.280	,0,NPU:2
2,AICPU,1788521961793655.640	,0,NPU:2
2,AICPU,1788521961893663.700	,0,NPU:2
2,AICPU,1788521961993679.720	,0,NPU:2
2,AICPU,1788521962093650.320	,0,NPU:2
2,AICPU,1788521962193649.320	,0,NPU:2
2,AICPU,1788521962293681.190	,0,NPU:2
2,AICPU,1788521962393648.310	,0,NPU:2
2,AICPU,1788521962493648.610	,0,NPU:2
2,AICPU,1788521962593658.720	,0,NPU:2
2,AICPU,1788521962693658.470	,0,NPU:2
2,AICPU,1788521962793647.510	,0,NPU:2
2,AICPU,1788521962893648.970	,0,NPU:2
2,AICPU,1788521962993649.820	,0,NPU:2
2,AICPU,1788521963093652.370	,0,NPU:2
2,AICPU,1788521963193660.920	,0,NPU:2
2,AICPU,1788521963293649.500	,0,NPU:2
2,AICPU,1788521963393652.840	,0,NPU:2
2,AICPU,1788521963493633.730	,0,NPU:2
2,AICPU,1788521963593627.750	,0,NPU:2
2,AICPU,1788521963693630.860	,0,NPU:2
2,AICPU,1788521963793626.500	,0,NPU:2
2,AICPU,1788521963893625.660	,0,NPU:2
2,AICPU,1788521963993619.870	,0,NPU:2
2,AICPU,1788521964093623.630	,0,NPU:2
2,AICPU,1788521964193621.680	,0,NPU:2
2,AICPU,1788521964293631.730	,0,NPU:2
2,AICPU,1788521964393624.810	,0,NPU:2
2,AICPU,1788521964493617.160	,0,NPU:2
2,AICPU,1788521964593612.810	,0,NPU:2
2,AICPU,1788521964693630.030	,0,NPU:2
2,AICPU,1788521964793640.010	,0,NPU:2
2,AICPU,1788521964893621.970	,0,NPU:2
2,AICPU,1788521964993624.260	,0,NPU:2
2,AICPU,1788521965093632.600	,0,NPU:2
2,AICPU,1788521965193623.140	,0,NPU:2
2,AICPU,1788521965293738.890	,0,NPU:2
2,AICPU,1788521965393669.470	,0,NPU:2
2,AICPU,1788521965493639.540	,0,NPU:2
2,AICPU,1788521965593628.350	,0,NPU:2
2,AICPU,1788521965693649.400	,0,NPU:2
2,AICPU,1788521965793641.400	,0,NPU:2
2,AICPU,1788521965893687.370	,0,NPU:2
2,AICPU,1788521965993646.290	,0,NPU:2
2,AICPU,1788521966093625.790	,0,NPU:2
2,AICPU,1788521966193628.540	,0,NPU:2
2,AICPU,1788521966293643.340	,0,NPU:2
2,AICPU,1788521966393613.490	,0,NPU:2
2,AICPU,1788521966493642.110	,0,NPU:2
2,AICPU,1788521966593639.740	,0,NPU:2
2,AICPU,1788521966693630.120	,0,NPU:2
2,AICPU,1788521966793623.110	,0,NPU:2
2,AICPU,1788521966893628.080	,0,NPU:2
2,AICPU,1788521966993649.050	,0,NPU:2
2,AICPU,1788521967093643.280	,0,NPU:2
2,AICPU,1788521967193636.760	,0,NPU:2
2,AICPU,1788521967293664.510	,0,NPU:2
2,AICPU,1788521967393646.400	,0,NPU:2
2,AICPU,1788521967493631.880	,0,NPU:2
2,AICPU,1788521967593619.300	,0,NPU:2
2,AICPU,1788521967693635.480	,0,NPU:2
2,AICPU,1788521967793629.620	,0,NPU:2
2,AICPU,1788521967893659.030	,0,NPU:2
2,AICPU,1788521967993639.300	,0,NPU:2
2,AICPU,1788521968093616.460	,0,NPU:2
2,AICPU,1788521968193600.750	,0,NPU:2
2,AICPU,1788521968293604.310	,0,NPU:2
2,AICPU,1788521968393642.290	,0,NPU:2
2,AICPU,1788521968493641.350	,0,NPU:2
2,AICPU,1788521968593635.460	,0,NPU:2
2,AICPU,1788521968693623.120	,0,NPU:2
2,AICPU,1788521968793603.210	,0,NPU:2
2,AICPU,1788521968893622.880	,0,NPU:2
2,AICPU,1788521968993646.280	,0,NPU:2
2,AICPU,1788521969093618.190	,0,NPU:2
2,AICPU,1788521969193625.210	,0,NPU:2
2,AICPU,1788521969293613.860	,0,NPU:2
2,AICPU,1788521969393631.150	,0,NPU:2
2,AICPU,1788521969493645.190	,0,NPU:2
2,AICPU,1788521969593630.620	,0,NPU:2
2,AICPU,1788521969693629.060	,0,NPU:2
2,AICPU,1788521969793629.990	,0,NPU:2
2,AICPU,1788521969893608.320	,0,NPU:2
2,AICPU,1788521969993610.590	,0,NPU:2
2,AICPU,1788521970093630.140	,0,NPU:2
2,AICPU,1788521970193626.490	,0,NPU:2
2,AICPU,1788521970293611.210	,0,NPU:2
2,AICPU,1788521970393601.790	,0,NPU:2
2,AICPU,1788521970493628.800	,0,NPU:2
2,AICPU,1788521970593625.850	,0,NPU:2
2,AICPU,1788521970693643.880	,0,NPU:2
2,AICPU,1788521970793609.650	,0,NPU:2
2,AICPU,1788521970893621.640	,0,NPU:2
2,AICPU,1788521970993613.030	,0,NPU:2
2,AICPU,1788521971093591.550	,0,NPU:2
2,AICPU,1788521971193601.230	,0,NPU:2
2,AICPU,1788521971293601.060	,0,NPU:2
2,AICPU,1788521971393594.380	,0,NPU:2
2,AICPU,1788521971493608.280	,0,NPU:2
2,AICPU,1788521971593612.580	,0,NPU:2
2,AICPU,1788521971693592.100	,0,NPU:2
2,AICPU,1788521971793598.990	,0,NPU:2
2,AICPU,1788521971893595.970	,0,NPU:2
2,AICPU,1788521971993592.820	,0,NPU:2
2,AICPU,1788521972093590.900	,0,NPU:2
2,AICPU,1788521972193595.900	,0,NPU:2
2,AICPU,1788521972293597.240	,0,NPU:2
2,AICPU,1788521972393636.480	,0,NPU:2
2,AICPU,1788521972493583.490	,0,NPU:2
2,AICPU,1788521972593645.590	,0,NPU:2
2,AICPU,1788521972693633.820	,0,NPU:2
2,AICPU,1788521972793603.790	,0,NPU:2
2,AICPU,1788521972893580.480	,0,NPU:2
2,AICPU,1788521972993578.140	,0,NPU:2
2,AICPU,1788521973093574.880	,0,NPU:2
2,AICPU,1788521973193573.610	,0,NPU:2
2,AICPU,1788521973293574.060	,0,NPU:2
2,AICPU,1788521973398586.880	,0,NPU:2
2,AICPU,1788521973493599.570	,0,NPU:2
2,AICPU,1788521973559819.670	,0,NPU:2
2,LP,1788521953993841.910	,0,NPU:2
2,LP,1788521954093690.790	,0,NPU:2
2,LP,1788521954193665.180	,0,NPU:2
2,LP,1788521954293650.080	,0,NPU:2
2,LP,1788521954393654.040	,0,NPU:2
2,LP,1788521954493648.730	,0,NPU:2
2,LP,1788521954593645.540	,0,NPU:2
2,LP,1788521954693640.150	,0,NPU:2
2,LP,1788521954793649.950	,0,NPU:2
2,LP,1788521954893661.680	,0,NPU:2
2,LP,1788521954993678.410	,0,NPU:2
2,LP,1788521955093652.720	,0,NPU:2
2,LP,1788521955193653.270	,0,NPU:2
2,LP,1788521955293648.860	,0,NPU:2
2,LP,1788521955393649.220	,0,NPU:2
2,LP,1788521955493655.280	,0,NPU:2
2,LP,1788521955593651.590	,0,NPU:2
2,LP,1788521955693640.580	,0,NPU:2
2,LP,1788521955793638.250	,0,NPU:2
2,LP,1788521955893682.250	,0,NPU:2
2,LP,1788521955993682.480	,0,NPU:2
2,LP,1788521956093711.640	,0,NPU:2
2,LP,1788521956193672.410	,0,NPU:2
2,LP,1788521956293669.740	,0,NPU:2
2,LP,1788521956393666.240	,0,NPU:2
2,LP,1788521956493676.590	,0,NPU:2
2,LP,1788521956593710.650	,0,NPU:2
2,LP,1788521956693695.830	,0,NPU:2
2,LP,1788521956793695.140	,0,NPU:2
2,LP,1788521956893673.320	,0,NPU:2
2,LP,1788521956993679.850	,0,NPU:2
2,LP,1788521957093679.860	,0,NPU:2
2,LP,1788521957193708.460	,0,NPU:2
2,LP,1788521957293678.900	,0,NPU:2
2,LP,1788521957393665.400	,0,NPU:2
2,LP,1788521957493670.700	,0,NPU:2
2,LP,1788521957593669.370	,0,NPU:2
2,LP,1788521957693681.180	,0,NPU:2
2,LP,1788521957793669.280	,0,NPU:2
2,LP,1788521957893667.600	,0,NPU:2
2,LP,1788521957993664.330	,0,NPU:2
2,LP,1788521958093664.530	,0,NPU:2
2,LP,1788521958193664.090	,0,NPU:2
2,LP,1788521958293676.530	,0,NPU:2
2,LP,1788521958393683.270	,0,NPU:2
2,LP,1788521958493690.880	,0,NPU:2
2,LP,1788521958593674.040	,0,NPU:2
2,LP,1788521958693683.820	,0,NPU:2
2,LP,1788521958793687.320	,0,NPU:2
2,LP,1788521958893675.330	,0,NPU:2
2,LP,1788521958993662.280	,0,NPU:2
2,LP,1788521959093657.900	,0,NPU:2
2,LP,1788521959193640.610	,0,NPU:2
2,LP,1788521959293669.420	,0,NPU:2
2,LP,1788521959393659.330	,0,NPU:2
2,LP,1788521959493656.680	,0,NPU:2
2,LP,1788521959593664.410	,0,NPU:2
2,LP,1788521959693659.180	,0,NPU:2
2,LP,1788521959793659.090	,0,NPU:2
2,LP,1788521959893653.390	,0,NPU:2
2,LP,1788521959993636.630	,0,NPU:2
2,LP,1788521960093661.640	,0,NPU:2
2,LP,1788521960193659.550	,0,NPU:2
2,LP,1788521960293650.620	,0,NPU:2
2,LP,1788521960393656.970	,0,NPU:2
2,LP,1788521960493672.410	,0,NPU:2
2,LP,1788521960593660.010	,0,NPU:2
2,LP,1788521960693662.400	,0,NPU:2
2,LP,1788521960793664.020	,0,NPU:2
2,LP,1788521960893665.010	,0,NPU:2
2,LP,1788521960993655.530	,0,NPU:2
2,LP,1788521961093650.430	,0,NPU:2
2,LP,1788521961193659.590	,0,NPU:2
2,LP,1788521961293649.550	,0,NPU:2
2,LP,1788521961393660.560	,0,NPU:2
2,LP,1788521961493646.430	,0,NPU:2
2,LP,1788521961593653.540	,0,NPU:2
2,LP,1788521961693653.280	,0,NPU:2
2,LP,1788521961793655.640	,0,NPU:2
2,LP,1788521961893663.700	,0,NPU:2
2,LP,1788521961993679.720	,0,NPU:2
2,LP,1788521962093650.320	,0,NPU:2
2,LP,1788521962193649.320	,0,NPU:2
2,LP,1788521962293681.190	,0,NPU:2
2,LP,1788521962393648.310	,0,NPU:2
2,LP,1788521962493648.610	,0,NPU:2
2,LP,1788521962593658.720	,0,NPU:2
2,LP,1788521962693658.470	,0,NPU:2
2,LP,1788521962793647.510	,0,NPU:2
2,LP,1788521962893648.970	,0,NPU:2
2,LP,1788521962993649.820	,0,NPU:2
2,LP,1788521963093652.370	,0,NPU:2
2,LP,1788521963193660.920	,0,NPU:2
2,LP,1788521963293649.500	,0,NPU:2
2,LP,1788521963393652.840	,0,NPU:2
2,LP,1788521963493633.730	,0,NPU:2
2,LP,1788521963593627.750	,0,NPU:2
2,LP,1788521963693630.860	,0,NPU:2
2,LP,1788521963793626.500	,0,NPU:2
2,LP,1788521963893625.660	,0,NPU:2
2,LP,1788521963993619.870	,0,NPU:2
2,LP,1788521964093623.630	,0,NPU:2
2,LP,1788521964193621.680	,0,NPU:2
2,LP,1788521964293631.730	,0,NPU:2
2,LP,1788521964393624.810	,0,NPU:2
2,LP,1788521964493617.160	,0,NPU:2
2,LP,1788521964593612.810	,0,NPU:2
2,LP,1788521964693630.030	,0,NPU:2
2,LP,1788521964793640.010	,0,NPU:2
2,LP,1788521964893621.970	,0,NPU:2
2,LP,1788521964993624.260	,0,NPU:2
2,LP,1788521965093632.600	,0,NPU:2
2,LP,1788521965193623.140	,0,NPU:2
2,LP,1788521965293738.890	,0,NPU:2
2,LP,1788521965393669.470	,0,NPU:2
2,LP,1788521965493639.540	,0,NPU:2
2,LP,1788521965593628.350	,0,NPU:2
2,LP,1788521965693649.400	,0,NPU:2
2,LP,1788521965793641.400	,0,NPU:2
2,LP,1788521965893687.370	,0,NPU:2
2,LP,1788521965993646.290	,0,NPU:2
2,LP,1788521966093625.790	,0,NPU:2
2,LP,1788521966193628.540	,0,NPU:2
2,LP,1788521966293643.340	,0,NPU:2
2,LP,1788521966393613.490	,0,NPU:2
2,LP,1788521966493642.110	,0,NPU:2
2,LP,1788521966593639.740	,0,NPU:2
2,LP,1788521966693630.120	,0,NPU:2
2,LP,1788521966793623.110	,0,NPU:2
2,LP,1788521966893628.080	,0,NPU:2
2,LP,1788521966993649.050	,0,NPU:2
2,LP,1788521967093643.280	,0,NPU:2
2,LP,1788521967193636.760	,0,NPU:2
2,LP,1788521967293664.510	,0,NPU:2
2,LP,1788521967393646.400	,0,NPU:2
2,LP,1788521967493631.880	,0,NPU:2
2,LP,1788521967593619.300	,0,NPU:2
2,LP,1788521967693635.480	,0,NPU:2
2,LP,1788521967793629.620	,0,NPU:2
2,LP,1788521967893659.030	,0,NPU:2
2,LP,1788521967993639.300	,0,NPU:2
2,LP,1788521968093616.460	,0,NPU:2
2,LP,1788521968193600.750	,0,NPU:2
2,LP,1788521968293604.310	,0,NPU:2
2,LP,1788521968393642.290	,0,NPU:2
2,LP,1788521968493641.350	,0,NPU:2
2,LP,1788521968593635.460	,0,NPU:2
2,LP,1788521968693623.120	,0,NPU:2
2,LP,1788521968793603.210	,0,NPU:2
2,LP,1788521968893622.880	,0,NPU:2
2,LP,1788521968993646.280	,0,NPU:2
2,LP,1788521969093618.190	,0,NPU:2
2,LP,1788521969193625.210	,0,NPU:2
2,LP,1788521969293613.860	,0,NPU:2
2,LP,1788521969393631.150	,0,NPU:2
2,LP,1788521969493645.190	,0,NPU:2
2,LP,1788521969593630.620	,0,NPU:2
2,LP,1788521969693629.060	,0,NPU:2
2,LP,1788521969793629.990	,0,NPU:2
2,LP,1788521969893608.320	,0,NPU:2
2,LP,1788521969993610.590	,0,NPU:2
2,LP,1788521970093630.140	,0,NPU:2
2,LP,1788521970193626.490	,0,NPU:2
2,LP,1788521970293611.210	,0,NPU:2
2,LP,1788521970393601.790	,0,NPU:2
2,LP,1788521970493628.800	,0,NPU:2
2,LP,1788521970593625.850	,0,NPU:2
2,LP,1788521970693643.880	,0,NPU:2
2,LP,1788521970793609.650	,0,NPU:2
2,LP,1788521970893621.640	,0,NPU:2
2,LP,1788521970993613.030	,0,NPU:2
2,LP,1788521971093591.550	,0,NPU:2
2,LP,1788521971193601.230	,0,NPU:2
2,LP,1788521971293601.060	,0,NPU:2
2,LP,1788521971393594.380	,0,NPU:2
2,LP,1788521971493608.280	,0,NPU:2
2,LP,1788521971593612.580	,0,NPU:2
2,LP,1788521971693592.100	,0,NPU:2
2,LP,1788521971793598.990	,0,NPU:2
2,LP,1788521971893595.970	,0,NPU:2
2,LP,1788521971993592.820	,0,NPU:2
2,LP,1788521972093590.900	,0,NPU:2
2,LP,1788521972193595.900	,0,NPU:2
2,LP,1788521972293597.240	,0,NPU:2
2,LP,1788521972393636.480	,0,NPU:2
2,LP,1788521972493583.490	,0,NPU:2
2,LP,1788521972593645.590	,0,NPU:2
2,LP,1788521972693633.820	,0,NPU:2
2,LP,1788521972793603.790	,0,NPU:2
2,LP,1788521972893580.480	,0,NPU:2
2,LP,1788521972993578.140	,0,NPU:2
2,LP,1788521973093574.880	,0,NPU:2
2,LP,1788521973193573.610	,0,NPU:2
2,LP,1788521973293574.060	,0,NPU:2
2,LP,1788521973398586.880	,0,NPU:2
2,LP,1788521973493599.570	,0,NPU:2
2,LP,1788521973559819.670	,0,NPU:2
2,TDT,1788521953993841.910	,0,NPU:2
2,TDT,1788521954093690.790	,0,NPU:2
2,TDT,1788521954193665.180	,0,NPU:2
2,TDT,1788521954293650.080	,0,NPU:2
2,TDT,1788521954393654.040	,0,NPU:2
2,TDT,1788521954493648.730	,0,NPU:2
2,TDT,1788521954593645.540	,0,NPU:2
2,TDT,1788521954693640.150	,0,NPU:2
2,TDT,1788521954793649.950	,0,NPU:2
2,TDT,1788521954893661.680	,0,NPU:2
2,TDT,1788521954993678.410	,0,NPU:2
2,TDT,1788521955093652.720	,0,NPU:2
2,TDT,1788521955193653.270	,0,NPU:2
2,TDT,1788521955293648.860	,0,NPU:2
2,TDT,1788521955393649.220	,0,NPU:2
2,TDT,1788521955493655.280	,0,NPU:2
2,TDT,1788521955593651.590	,0,NPU:2
2,TDT,1788521955693640.580	,0,NPU:2
2,TDT,1788521955793638.250	,0,NPU:2
2,TDT,1788521955893682.250	,0,NPU:2
2,TDT,1788521955993682.480	,0,NPU:2
2,TDT,1788521956093711.640	,0,NPU:2
2,TDT,1788521956193672.410	,0,NPU:2
2,TDT,1788521956293669.740	,0,NPU:2
2,TDT,1788521956393666.240	,0,NPU:2
2,TDT,1788521956493676.590	,0,NPU:2
2,TDT,1788521956593710.650	,0,NPU:2
2,TDT,1788521956693695.830	,0,NPU:2
2,TDT,1788521956793695.140	,0,NPU:2
2,TDT,1788521956893673.320	,0,NPU:2
2,TDT,1788521956993679.850	,0,NPU:2
2,TDT,1788521957093679.860	,0,NPU:2
2,TDT,1788521957193708.460	,0,NPU:2
2,TDT,1788521957293678.900	,0,NPU:2
2,TDT,1788521957393665.400	,0,NPU:2
2,TDT,1788521957493670.700	,0,NPU:2
2,TDT,1788521957593669.370	,0,NPU:2
2,TDT,1788521957693681.180	,0,NPU:2
2,TDT,1788521957793669.280	,0,NPU:2
2,TDT,1788521957893667.600	,0,NPU:2
2,TDT,1788521957993664.330	,0,NPU:2
2,TDT,1788521958093664.530	,0,NPU:2
2,TDT,1788521958193664.090	,0,NPU:2
2,TDT,1788521958293676.530	,0,NPU:2
2,TDT,1788521958393683.270	,0,NPU:2
2,TDT,1788521958493690.880	,0,NPU:2
2,TDT,1788521958593674.040	,0,NPU:2
2,TDT,1788521958693683.820	,0,NPU:2
2,TDT,1788521958793687.320	,0,NPU:2
2,TDT,1788521958893675.330	,0,NPU:2
2,TDT,1788521958993662.280	,0,NPU:2
2,TDT,1788521959093657.900	,0,NPU:2
2,TDT,1788521959193640.610	,0,NPU:2
2,TDT,1788521959293669.420	,0,NPU:2
2,TDT,1788521959393659.330	,0,NPU:2
2,TDT,1788521959493656.680	,0,NPU:2
2,TDT,1788521959593664.410	,0,NPU:2
2,TDT,1788521959693659.180	,0,NPU:2
2,TDT,1788521959793659.090	,0,NPU:2
2,TDT,1788521959893653.390	,0,NPU:2
2,TDT,1788521959993636.630	,0,NPU:2
2,TDT,1788521960093661.640	,0,NPU:2
2,TDT,1788521960193659.550	,0,NPU:2
2,TDT,1788521960293650.620	,0,NPU:2
2,TDT,1788521960393656.970	,0,NPU:2
2,TDT,1788521960493672.410	,0,NPU:2
2,TDT,1788521960593660.010	,0,NPU:2
2,TDT,1788521960693662.400	,0,NPU:2
2,TDT,1788521960793664.020	,0,NPU:2
2,TDT,1788521960893665.010	,0,NPU:2
2,TDT,1788521960993655.530	,0,NPU:2
2,TDT,1788521961093650.430	,0,NPU:2
2,TDT,1788521961193659.590	,0,NPU:2
2,TDT,1788521961293649.550	,0,NPU:2
2,TDT,1788521961393660.560	,0,NPU:2
2,TDT,1788521961493646.430	,0,NPU:2
2,TDT,1788521961593653.540	,0,NPU:2
2,TDT,1788521961693653.280	,0,NPU:2
2,TDT,1788521961793655.640	,0,NPU:2
2,TDT,1788521961893663.700	,0,NPU:2
2,TDT,1788521961993679.720	,0,NPU:2
2,TDT,1788521962093650.320	,0,NPU:2
2,TDT,1788521962193649.320	,0,NPU:2
2,TDT,1788521962293681.190	,0,NPU:2
2,TDT,1788521962393648.310	,0,NPU:2
2,TDT,1788521962493648.610	,0,NPU:2
2,TDT,1788521962593658.720	,0,NPU:2
2,TDT,1788521962693658.470	,0,NPU:2
2,TDT,1788521962793647.510	,0,NPU:2
2,TDT,1788521962893648.970	,0,NPU:2
2,TDT,1788521962993649.820	,0,NPU:2
2,TDT,1788521963093652.370	,0,NPU:2
2,TDT,1788521963193660.920	,0,NPU:2
2,TDT,1788521963293649.500	,0,NPU:2
2,TDT,1788521963393652.840	,0,NPU:2
2,TDT,1788521963493633.730	,0,NPU:2
2,TDT,1788521963593627.750	,0,NPU:2
2,TDT,1788521963693630.860	,0,NPU:2
2,TDT,1788521963793626.500	,0,NPU:2
2,TDT,1788521963893625.660	,0,NPU:2
2,TDT,1788521963993619.870	,0,NPU:2
2,TDT,1788521964093623.630	,0,NPU:2
2,TDT,1788521964193621.680	,0,NPU:2
2,TDT,1788521964293631.730	,0,NPU:2
2,TDT,1788521964393624.810	,0,NPU:2
2,TDT,1788521964493617.160	,0,NPU:2
2,TDT,1788521964593612.810	,0,NPU:2
2,TDT,1788521964693630.030	,0,NPU:2
2,TDT,1788521964793640.010	,0,NPU:2
2,TDT,1788521964893621.970	,0,NPU:2
2,TDT,1788521964993624.260	,0,NPU:2
2,TDT,1788521965093632.600	,0,NPU:2
2,TDT,1788521965193623.140	,0,NPU:2
2,TDT,1788521965293738.890	,0,NPU:2
2,TDT,1788521965393669.470	,0,NPU:2
2,TDT,1788521965493639.540	,0,NPU:2
2,TDT,1788521965593628.350	,0,NPU:2
2,TDT,1788521965693649.400	,0,NPU:2
2,TDT,1788521965793641.400	,0,NPU:2
2,TDT,1788521965893687.370	,0,NPU:2
2,TDT,1788521965993646.290	,0,NPU:2
2,TDT,1788521966093625.790	,0,NPU:2
2,TDT,1788521966193628.540	,0,NPU:2
2,TDT,1788521966293643.340	,0,NPU:2
2,TDT,1788521966393613.490	,0,NPU:2
2,TDT,1788521966493642.110	,0,NPU:2
2,TDT,1788521966593639.740	,0,NPU:2
2,TDT,1788521966693630.120	,0,NPU:2
2,TDT,1788521966793623.110	,0,NPU:2
2,TDT,1788521966893628.080	,0,NPU:2
2,TDT,1788521966993649.050	,0,NPU:2
2,TDT,1788521967093643.280	,0,NPU:2
2,TDT,1788521967193636.760	,0,NPU:2
2,TDT,1788521967293664.510	,0,NPU:2
2,TDT,1788521967393646.400	,0,NPU:2
2,TDT,1788521967493631.880	,0,NPU:2
2,TDT,1788521967593619.300	,0,NPU:2
2,TDT,1788521967693635.480	,0,NPU:2
2,TDT,1788521967793629.620	,0,NPU:2
2,TDT,1788521967893659.030	,0,NPU:2
2,TDT,1788521967993639.300	,0,NPU:2
2,TDT,1788521968093616.460	,0,NPU:2
2,TDT,1788521968193600.750	,0,NPU:2
2,TDT,1788521968293604.310	,0,NPU:2
2,TDT,1788521968393642.290	,0,NPU:2
2,TDT,1788521968493641.350	,0,NPU:2
2,TDT,1788521968593635.460	,0,NPU:2
2,TDT,1788521968693623.120	,0,NPU:2
2,TDT,1788521968793603.210	,0,NPU:2
2,TDT,1788521968893622.880	,0,NPU:2
2,TDT,1788521968993646.280	,0,NPU:2
2,TDT,1788521969093618.190	,0,NPU:2
2,TDT,1788521969193625.210	,0,NPU:2
2,TDT,1788521969293613.860	,0,NPU:2
2,TDT,1788521969393631.150	,0,NPU:2
2,TDT,1788521969493645.190	,0,NPU:2
2,TDT,1788521969593630.620	,0,NPU:2
2,TDT,1788521969693629.060	,0,NPU:2
2,TDT,1788521969793629.990	,0,NPU:2
2,TDT,1788521969893608.320	,0,NPU:2
2,TDT,1788521969993610.590	,0,NPU:2
2,TDT,1788521970093630.140	,0,NPU:2
2,TDT,1788521970193626.490	,0,NPU:2
2,TDT,1788521970293611.210	,0,NPU:2
2,TDT,1788521970393601.790	,0,NPU:2
2,TDT,1788521970493628.800	,0,NPU:2
2,TDT,1788521970593625.850	,0,NPU:2
2,TDT,1788521970693643.880	,0,NPU:2
2,TDT,1788521970793609.650	,0,NPU:2
2,TDT,1788521970893621.640	,0,NPU:2
2,TDT,1788521970993613.030	,0,NPU:2
2,TDT,1788521971093591.550	,0,NPU:2
2,TDT,1788521971193601.230	,0,NPU:2
2,TDT,1788521971293601.060	,0,NPU:2
2,TDT,1788521971393594.380	,0,NPU:2
2,TDT,1788521971493608.280	,0,NPU:2
2,TDT,1788521971593612.580	,0,NPU:2
2,TDT,1788521971693592.100	,0,NPU:2
2,TDT,1788521971793598.990	,0,NPU:2
2,TDT,1788521971893595.970	,0,NPU:2
2,TDT,1788521971993592.820	,0,NPU:2
2,TDT,1788521972093590.900	,0,NPU:2
2,TDT,1788521972193595.900	,0,NPU:2
2,TDT,1788521972293597.240	,0,NPU:2
2,TDT,1788521972393636.480	,0,NPU:2
2,TDT,1788521972493583.490	,0,NPU:2
2,TDT,1788521972593645.590	,0,NPU:2
2,TDT,1788521972693633.820	,0,NPU:2
2,TDT,1788521972793603.790	,0,NPU:2
2,TDT,1788521972893580.480	,0,NPU:2
2,TDT,1788521972993578.140	,0,NPU:2
2,TDT,1788521973093574.880	,0,NPU:2
2,TDT,1788521973193573.610	,0,NPU:2
2,TDT,1788521973293574.060	,0,NPU:2
2,TDT,1788521973398586.880	,0,NPU:2
2,TDT,1788521973493599.570	,0,NPU:2
2,TDT,1788521973559819.670	,0,NPU:2
2,FE,1788521953993841.910	,0,NPU:2
2,FE,1788521954093690.790	,0,NPU:2
2,FE,1788521954193665.180	,0,NPU:2
2,FE,1788521954293650.080	,0,NPU:2
2,FE,1788521954393654.040	,0,NPU:2
2,FE,1788521954493648.730	,0,NPU:2
2,FE,1788521954593645.540	,0,NPU:2
2,FE,1788521954693640.150	,0,NPU:2
2,FE,1788521954793649.950	,0,NPU:2
2,FE,1788521954893661.680	,0,NPU:2
2,FE,1788521954993678.410	,0,NPU:2
2,FE,1788521955093652.720	,0,NPU:2
2,FE,1788521955193653.270	,0,NPU:2
2,FE,1788521955293648.860	,0,NPU:2
2,FE,1788521955393649.220	,0,NPU:2
2,FE,1788521955493655.280	,0,NPU:2
2,FE,1788521955593651.590	,0,NPU:2
2,FE,1788521955693640.580	,0,NPU:2
2,FE,1788521955793638.250	,0,NPU:2
2,FE,1788521955893682.250	,0,NPU:2
2,FE,1788521955993682.480	,0,NPU:2
2,FE,1788521956093711.640	,0,NPU:2
2,FE,1788521956193672.410	,0,NPU:2
2,FE,1788521956293669.740	,0,NPU:2
2,FE,1788521956393666.240	,0,NPU:2
2,FE,1788521956493676.590	,0,NPU:2
2,FE,1788521956593710.650	,0,NPU:2
2,FE,1788521956693695.830	,0,NPU:2
2,FE,1788521956793695.140	,0,NPU:2
2,FE,1788521956893673.320	,0,NPU:2
2,FE,1788521956993679.850	,0,NPU:2
2,FE,1788521957093679.860	,0,NPU:2
2,FE,1788521957193708.460	,0,NPU:2
2,FE,1788521957293678.900	,0,NPU:2
2,FE,1788521957393665.400	,0,NPU:2
2,FE,1788521957493670.700	,0,NPU:2
2,FE,1788521957593669.370	,0,NPU:2
2,FE,1788521957693681.180	,0,NPU:2
2,FE,1788521957793669.280	,0,NPU:2
2,FE,1788521957893667.600	,0,NPU:2
2,FE,1788521957993664.330	,0,NPU:2
2,FE,1788521958093664.530	,0,NPU:2
2,FE,1788521958193664.090	,0,NPU:2
2,FE,1788521958293676.530	,0,NPU:2
2,FE,1788521958393683.270	,0,NPU:2
2,FE,1788521958493690.880	,0,NPU:2
2,FE,1788521958593674.040	,0,NPU:2
2,FE,1788521958693683.820	,0,NPU:2
2,FE,1788521958793687.320	,0,NPU:2
2,FE,1788521958893675.330	,0,NPU:2
2,FE,1788521958993662.280	,0,NPU:2
2,FE,1788521959093657.900	,0,NPU:2
2,FE,1788521959193640.610	,0,NPU:2
2,FE,1788521959293669.420	,0,NPU:2
2,FE,1788521959393659.330	,0,NPU:2
2,FE,1788521959493656.680	,0,NPU:2
2,FE,1788521959593664.410	,0,NPU:2
2,FE,1788521959693659.180	,0,NPU:2
2,FE,1788521959793659.090	,0,NPU:2
2,FE,1788521959893653.390	,0,NPU:2
2,FE,1788521959993636.630	,0,NPU:2
2,FE,1788521960093661.640	,0,NPU:2
2,FE,1788521960193659.550	,0,NPU:2
2,FE,1788521960293650.620	,0,NPU:2
2,FE,1788521960393656.970	,0,NPU:2
2,FE,1788521960493672.410	,0,NPU:2
2,FE,1788521960593660.010	,0,NPU:2
2,FE,1788521960693662.400	,0,NPU:2
2,FE,1788521960793664.020	,0,NPU:2
2,FE,1788521960893665.010	,0,NPU:2
2,FE,1788521960993655.530	,0,NPU:2
2,FE,1788521961093650.430	,0,NPU:2
2,FE,1788521961193659.590	,0,NPU:2
2,FE,1788521961293649.550	,0,NPU:2
2,FE,1788521961393660.560	,0,NPU:2
2,FE,1788521961493646.430	,0,NPU:2
2,FE,1788521961593653.540	,0,NPU:2
2,FE,1788521961693653.280	,0,NPU:2
2,FE,1788521961793655.640	,0,NPU:2
2,FE,1788521961893663.700	,0,NPU:2
2,FE,1788521961993679.720	,0,NPU:2
2,FE,1788521962093650.320	,0,NPU:2
2,FE,1788521962193649.320	,0,NPU:2
2,FE,1788521962293681.190	,0,NPU:2
2,FE,1788521962393648.310	,0,NPU:2
2,FE,1788521962493648.610	,0,NPU:2
2,FE,1788521962593658.720	,0,NPU:2
2,FE,1788521962693658.470	,0,NPU:2
2,FE,1788521962793647.510	,0,NPU:2
2,FE,1788521962893648.970	,0,NPU:2
2,FE,1788521962993649.820	,0,NPU:2
2,FE,1788521963093652.370	,0,NPU:2
2,FE,1788521963193660.920	,0,NPU:2
2,FE,1788521963293649.500	,0,NPU:2
2,FE,1788521963393652.840	,0,NPU:2
2,FE,1788521963493633.730	,0,NPU:2
2,FE,1788521963593627.750	,0,NPU:2
2,FE,1788521963693630.860	,0,NPU:2
2,FE,1788521963793626.500	,0,NPU:2
2,FE,1788521963893625.660	,0,NPU:2
2,FE,1788521963993619.870	,0,NPU:2
2,FE,1788521964093623.630	,0,NPU:2
2,FE,1788521964193621.680	,0,NPU:2
2,FE,1788521964293631.730	,0,NPU:2
2,FE,1788521964393624.810	,0,NPU:2
2,FE,1788521964493617.160	,0,NPU:2
2,FE,1788521964593612.810	,0,NPU:2
2,FE,1788521964693630.030	,0,NPU:2
2,FE,1788521964793640.010	,0,NPU:2
2,FE,1788521964893621.970	,0,NPU:2
2,FE,1788521964993624.260	,0,NPU:2
2,FE,1788521965093632.600	,0,NPU:2
2,FE,1788521965193623.140	,0,NPU:2
2,FE,1788521965293738.890	,0,NPU:2
2,FE,1788521965393669.470	,0,NPU:2
2,FE,1788521965493639.540	,0,NPU:2
2,FE,1788521965593628.350	,0,NPU:2
2,FE,1788521965693649.400	,0,NPU:2
2,FE,1788521965793641.400	,0,NPU:2
2,FE,1788521965893687.370	,0,NPU:2
2,FE,1788521965993646.290	,0,NPU:2
2,FE,1788521966093625.790	,0,NPU:2
2,FE,1788521966193628.540	,0,NPU:2
2,FE,1788521966293643.340	,0,NPU:2
2,FE,1788521966393613.490	,0,NPU:2
2,FE,1788521966493642.110	,0,NPU:2
2,FE,1788521966593639.740	,0,NPU:2
2,FE,1788521966693630.120	,0,NPU:2
2,FE,1788521966793623.110	,0,NPU:2
2,FE,1788521966893628.080	,0,NPU:2
2,FE,1788521966993649.050	,0,NPU:2
2,FE,1788521967093643.280	,0,NPU:2
2,FE,1788521967193636.760	,0,NPU:2
2,FE,1788521967293664.510	,0,NPU:2
2,FE,1788521967393646.400	,0,NPU:2
2,FE,1788521967493631.880	,0,NPU:2
2,FE,1788521967593619.300	,0,NPU:2
2,FE,1788521967693635.480	,0,NPU:2
2,FE,1788521967793629.620	,0,NPU:2
2,FE,1788521967893659.030	,0,NPU:2
2,FE,1788521967993639.300	,0,NPU:2
2,FE,1788521968093616.460	,0,NPU:2
2,FE,1788521968193600.750	,0,NPU:2
2,FE,1788521968293604.310	,0,NPU:2
2,FE,1788521968393642.290	,0,NPU:2
2,FE,1788521968493641.350	,0,NPU:2
2,FE,1788521968593635.460	,0,NPU:2
2,FE,1788521968693623.120	,0,NPU:2
2,FE,1788521968793603.210	,0,NPU:2
2,FE,1788521968893622.880	,0,NPU:2
2,FE,1788521968993646.280	,0,NPU:2
2,FE,1788521969093618.190	,0,NPU:2
2,FE,1788521969193625.210	,0,NPU:2
2,FE,1788521969293613.860	,0,NPU:2
2,FE,1788521969393631.150	,0,NPU:2
2,FE,1788521969493645.190	,0,NPU:2
2,FE,1788521969593630.620	,0,NPU:2
2,FE,1788521969693629.060	,0,NPU:2
2,FE,1788521969793629.990	,0,NPU:2
2,FE,1788521969893608.320	,0,NPU:2
2,FE,1788521969993610.590	,0,NPU:2
2,FE,1788521970093630.140	,0,NPU:2
2,FE,1788521970193626.490	,0,NPU:2
2,FE,1788521970293611.210	,0,NPU:2
2,FE,1788521970393601.790	,0,NPU:2
2,FE,1788521970493628.800	,0,NPU:2
2,FE,1788521970593625.850	,0,NPU:2
2,FE,1788521970693643.880	,0,NPU:2
2,FE,1788521970793609.650	,0,NPU:2
2,FE,1788521970893621.640	,0,NPU:2
2,FE,1788521970993613.030	,0,NPU:2
2,FE,1788521971093591.550	,0,NPU:2
2,FE,1788521971193601.230	,0,NPU:2
2,FE,1788521971293601.060	,0,NPU:2
2,FE,1788521971393594.380	,0,NPU:2
2,FE,1788521971493608.280	,0,NPU:2
2,FE,1788521971593612.580	,0,NPU:2
2,FE,1788521971693592.100	,0,NPU:2
2,FE,1788521971793598.990	,0,NPU:2
2,FE,1788521971893595.970	,0,NPU:2
2,FE,1788521971993592.820	,0,NPU:2
2,FE,1788521972093590.900	,0,NPU:2
2,FE,1788521972193595.900	,0,NPU:2
2,FE,1788521972293597.240	,0,NPU:2
2,FE,1788521972393636.480	,0,NPU:2
2,FE,1788521972493583.490	,0,NPU:2
2,FE,1788521972593645.590	,0,NPU:2
2,FE,1788521972693633.820	,0,NPU:2
2,FE,1788521972793603.790	,0,NPU:2
2,FE,1788521972893580.480	,0,NPU:2
2,FE,1788521972993578.140	,0,NPU:2
2,FE,1788521973093574.880	,0,NPU:2
2,FE,1788521973193573.610	,0,NPU:2
2,FE,1788521973293574.060	,0,NPU:2
2,FE,1788521973398586.880	,0,NPU:2
2,FE,1788521973493599.570	,0,NPU:2
2,FE,1788521973559819.670	,0,NPU:2
2,MD,1788521953993841.910	,0,NPU:2
2,MD,1788521954093690.790	,0,NPU:2
2,MD,1788521954193665.180	,0,NPU:2
2,MD,1788521954293650.080	,0,NPU:2
2,MD,1788521954393654.040	,0,NPU:2
2,MD,1788521954493648.730	,0,NPU:2
2,MD,1788521954593645.540	,0,NPU:2
2,MD,1788521954693640.150	,0,NPU:2
2,MD,1788521954793649.950	,0,NPU:2
2,MD,1788521954893661.680	,0,NPU:2
2,MD,1788521954993678.410	,0,NPU:2
2,MD,1788521955093652.720	,0,NPU:2
2,MD,1788521955193653.270	,0,NPU:2
2,MD,1788521955293648.860	,0,NPU:2
2,MD,1788521955393649.220	,0,NPU:2
2,MD,1788521955493655.280	,0,NPU:2
2,MD,1788521955593651.590	,0,NPU:2
2,MD,1788521955693640.580	,0,NPU:2
2,MD,1788521955793638.250	,0,NPU:2
2,MD,1788521955893682.250	,0,NPU:2
2,MD,1788521955993682.480	,0,NPU:2
2,MD,1788521956093711.640	,0,NPU:2
2,MD,1788521956193672.410	,0,NPU:2
2,MD,1788521956293669.740	,0,NPU:2
2,MD,1788521956393666.240	,0,NPU:2
2,MD,1788521956493676.590	,0,NPU:2
2,MD,1788521956593710.650	,0,NPU:2
2,MD,1788521956693695.830	,0,NPU:2
2,MD,1788521956793695.140	,0,NPU:2
2,MD,1788521956893673.320	,0,NPU:2
2,MD,1788521956993679.850	,0,NPU:2
2,MD,1788521957093679.860	,0,NPU:2
2,MD,1788521957193708.460	,0,NPU:2
2,MD,1788521957293678.900	,0,NPU:2
2,MD,1788521957393665.400	,0,NPU:2
2,MD,1788521957493670.700	,0,NPU:2
2,MD,1788521957593669.370	,0,NPU:2
2,MD,1788521957693681.180	,0,NPU:2
2,MD,1788521957793669.280	,0,NPU:2
2,MD,1788521957893667.600	,0,NPU:2
2,MD,1788521957993664.330	,0,NPU:2
2,MD,1788521958093664.530	,0,NPU:2
2,MD,1788521958193664.090	,0,NPU:2
2,MD,1788521958293676.530	,0,NPU:2
2,MD,1788521958393683.270	,0,NPU:2
2,MD,1788521958493690.880	,0,NPU:2
2,MD,1788521958593674.040	,0,NPU:2
2,MD,1788521958693683.820	,0,NPU:2
2,MD,1788521958793687.320	,0,NPU:2
2,MD,1788521958893675.330	,0,NPU:2
2,MD,1788521958993662.280	,0,NPU:2
2,MD,1788521959093657.900	,0,NPU:2
2,MD,1788521959193640.610	,0,NPU:2
2,MD,1788521959293669.420	,0,NPU:2
2,MD,1788521959393659.330	,0,NPU:2
2,MD,1788521959493656.680	,0,NPU:2
2,MD,1788521959593664.410	,0,NPU:2
2,MD,1788521959693659.180	,0,NPU:2
2,MD,1788521959793659.090	,0,NPU:2
2,MD,1788521959893653.390	,0,NPU:2
2,MD,1788521959993636.630	,0,NPU:2
2,MD,1788521960093661.640	,0,NPU:2
2,MD,1788521960193659.550	,0,NPU:2
2,MD,1788521960293650.620	,0,NPU:2
2,MD,1788521960393656.970	,0,NPU:2
2,MD,1788521960493672.410	,0,NPU:2
2,MD,1788521960593660.010	,0,NPU:2
2,MD,1788521960693662.400	,0,NPU:2
2,MD,1788521960793664.020	,0,NPU:2
2,MD,1788521960893665.010	,0,NPU:2
2,MD,1788521960993655.530	,0,NPU:2
2,MD,1788521961093650.430	,0,NPU:2
2,MD,1788521961193659.590	,0,NPU:2
2,MD,1788521961293649.550	,0,NPU:2
2,MD,1788521961393660.560	,0,NPU:2
2,MD,1788521961493646.430	,0,NPU:2
2,MD,1788521961593653.540	,0,NPU:2
2,MD,1788521961693653.280	,0,NPU:2
2,MD,1788521961793655.640	,0,NPU:2
2,MD,1788521961893663.700	,0,NPU:2
2,MD,1788521961993679.720	,0,NPU:2
2,MD,1788521962093650.320	,0,NPU:2
2,MD,1788521962193649.320	,0,NPU:2
2,MD,1788521962293681.190	,0,NPU:2
2,MD,1788521962393648.310	,0,NPU:2
2,MD,1788521962493648.610	,0,NPU:2
2,MD,1788521962593658.720	,0,NPU:2
2,MD,1788521962693658.470	,0,NPU:2
2,MD,1788521962793647.510	,0,NPU:2
2,MD,1788521962893648.970	,0,NPU:2
2,MD,1788521962993649.820	,0,NPU:2
2,MD,1788521963093652.370	,0,NPU:2
2,MD,1788521963193660.920	,0,NPU:2
2,MD,1788521963293649.500	,0,NPU:2
2,MD,1788521963393652.840	,0,NPU:2
2,MD,1788521963493633.730	,0,NPU:2
2,MD,1788521963593627.750	,0,NPU:2
2,MD,1788521963693630.860	,0,NPU:2
2,MD,1788521963793626.500	,0,NPU:2
2,MD,1788521963893625.660	,0,NPU:2
2,MD,1788521963993619.870	,0,NPU:2
2,MD,1788521964093623.630	,0,NPU:2
2,MD,1788521964193621.680	,0,NPU:2
2,MD,1788521964293631.730	,0,NPU:2
2,MD,1788521964393624.810	,0,NPU:2
2,MD,1788521964493617.160	,0,NPU:2
2,MD,1788521964593612.810	,0,NPU:2
2,MD,1788521964693630.030	,0,NPU:2
2,MD,1788521964793640.010	,0,NPU:2
2,MD,1788521964893621.970	,0,NPU:2
2,MD,1788521964993624.260	,0,NPU:2
2,MD,1788521965093632.600	,0,NPU:2
2,MD,1788521965193623.140	,0,NPU:2
2,MD,1788521965293738.890	,0,NPU:2
2,MD,1788521965393669.470	,0,NPU:2
2,MD,1788521965493639.540	,0,NPU:2
2,MD,1788521965593628.350	,0,NPU:2
2,MD,1788521965693649.400	,0,NPU:2
2,MD,1788521965793641.400	,0,NPU:2
2,MD,1788521965893687.370	,0,NPU:2
2,MD,1788521965993646.290	,0,NPU:2
2,MD,1788521966093625.790	,0,NPU:2
2,MD,1788521966193628.540	,0,NPU:2
2,MD,1788521966293643.340	,0,NPU:2
2,MD,1788521966393613.490	,0,NPU:2
2,MD,1788521966493642.110	,0,NPU:2
2,MD,1788521966593639.740	,0,NPU:2
2,MD,1788521966693630.120	,0,NPU:2
2,MD,1788521966793623.110	,0,NPU:2
2,MD,1788521966893628.080	,0,NPU:2
2,MD,1788521966993649.050	,0,NPU:2
2,MD,1788521967093643.280	,0,NPU:2
2,MD,1788521967193636.760	,0,NPU:2
2,MD,1788521967293664.510	,0,NPU:2
2,MD,1788521967393646.400	,0,NPU:2
2,MD,1788521967493631.880	,0,NPU:2
2,MD,1788521967593619.300	,0,NPU:2
2,MD,1788521967693635.480	,0,NPU:2
2,MD,1788521967793629.620	,0,NPU:2
2,MD,1788521967893659.030	,0,NPU:2
2,MD,1788521967993639.300	,0,NPU:2
2,MD,1788521968093616.460	,0,NPU:2
2,MD,1788521968193600.750	,0,NPU:2
2,MD,1788521968293604.310	,0,NPU:2
2,MD,1788521968393642.290	,0,NPU:2
2,MD,1788521968493641.350	,0,NPU:2
2,MD,1788521968593635.460	,0,NPU:2
2,MD,1788521968693623.120	,0,NPU:2
2,MD,1788521968793603.210	,0,NPU:2
2,MD,1788521968893622.880	,0,NPU:2
2,MD,1788521968993646.280	,0,NPU:2
2,MD,1788521969093618.190	,0,NPU:2
2,MD,1788521969193625.210	,0,NPU:2
2,MD,1788521969293613.860	,0,NPU:2
2,MD,1788521969393631.150	,0,NPU:2
2,MD,1788521969493645.190	,0,NPU:2
2,MD,1788521969593630.620	,0,NPU:2
2,MD,1788521969693629.060	,0,NPU:2
2,MD,1788521969793629.990	,0,NPU:2
2,MD,1788521969893608.320	,0,NPU:2
2,MD,1788521969993610.590	,0,NPU:2
2,MD,1788521970093630.140	,0,NPU:2
2,MD,1788521970193626.490	,0,NPU:2
2,MD,1788521970293611.210	,0,NPU:2
2,MD,1788521970393601.790	,0,NPU:2
2,MD,1788521970493628.800	,0,NPU:2
2,MD,1788521970593625.850	,0,NPU:2
2,MD,1788521970693643.880	,0,NPU:2
2,MD,1788521970793609.650	,0,NPU:2
2,MD,1788521970893621.640	,0,NPU:2
2,MD,1788521970993613.030	,0,NPU:2
2,MD,1788521971093591.550	,0,NPU:2
2,MD,1788521971193601.230	,0,NPU:2
2,MD,1788521971293601.060	,0,NPU:2
2,MD,1788521971393594.380	,0,NPU:2
2,MD,1788521971493608.280	,0,NPU:2
2,MD,1788521971593612.580	,0,NPU:2
2,MD,1788521971693592.100	,0,NPU:2
2,MD,1788521971793598.990	,0,NPU:2
2,MD,1788521971893595.970	,0,NPU:2
2,MD,1788521971993592.820	,0,NPU:2
2,MD,1788521972093590.900	,0,NPU:2
2,MD,1788521972193595.900	,0,NPU:2
2,MD,1788521972293597.240	,0,NPU:2
2,MD,1788521972393636.480	,0,NPU:2
2,MD,1788521972493583.490	,0,NPU:2
2,MD,1788521972593645.590	,0,NPU:2
2,MD,1788521972693633.820	,0,NPU:2
2,MD,1788521972793603.790	,0,NPU:2
2,MD,1788521972893580.480	,0,NPU:2
2,MD,1788521972993578.140	,0,NPU:2
2,MD,1788521973093574.880	,0,NPU:2
2,MD,1788521973193573.610	,0,NPU:2
2,MD,1788521973293574.060	,0,NPU:2
2,MD,1788521973398586.880	,0,NPU:2
2,MD,1788521973493599.570	,0,NPU:2
2,MD,1788521973559819.670	,0,NPU:2
2,MB,1788521953993841.910	,0,NPU:2
2,MB,1788521954093690.790	,0,NPU:2
2,MB,1788521954193665.180	,0,NPU:2
2,MB,1788521954293650.080	,0,NPU:2
2,MB,1788521954393654.040	,0,NPU:2
2,MB,1788521954493648.730	,0,NPU:2
2,MB,1788521954593645.540	,0,NPU:2
2,MB,1788521954693640.150	,0,NPU:2
2,MB,1788521954793649.950	,0,NPU:2
2,MB,1788521954893661.680	,0,NPU:2
2,MB,1788521954993678.410	,0,NPU:2
2,MB,1788521955093652.720	,0,NPU:2
2,MB,1788521955193653.270	,0,NPU:2
2,MB,1788521955293648.860	,0,NPU:2
2,MB,1788521955393649.220	,0,NPU:2
2,MB,1788521955493655.280	,0,NPU:2
2,MB,1788521955593651.590	,0,NPU:2
2,MB,1788521955693640.580	,0,NPU:2
2,MB,1788521955793638.250	,0,NPU:2
2,MB,1788521955893682.250	,0,NPU:2
2,MB,1788521955993682.480	,0,NPU:2
2,MB,1788521956093711.640	,0,NPU:2
2,MB,1788521956193672.410	,0,NPU:2
2,MB,1788521956293669.740	,0,NPU:2
2,MB,1788521956393666.240	,0,NPU:2
2,MB,1788521956493676.590	,0,NPU:2
2,MB,1788521956593710.650	,0,NPU:2
2,MB,1788521956693695.830	,0,NPU:2
2,MB,1788521956793695.140	,0,NPU:2
2,MB,1788521956893673.320	,0,NPU:2
2,MB,1788521956993679.850	,0,NPU:2
2,MB,1788521957093679.860	,0,NPU:2
2,MB,1788521957193708.460	,0,NPU:2
2,MB,1788521957293678.900	,0,NPU:2
2,MB,1788521957393665.400	,0,NPU:2
2,MB,1788521957493670.700	,0,NPU:2
2,MB,1788521957593669.370	,0,NPU:2
2,MB,1788521957693681.180	,0,NPU:2
2,MB,1788521957793669.280	,0,NPU:2
2,MB,1788521957893667.600	,0,NPU:2
2,MB,1788521957993664.330	,0,NPU:2
2,MB,1788521958093664.530	,0,NPU:2
2,MB,1788521958193664.090	,0,NPU:2
2,MB,1788521958293676.530	,0,NPU:2
2,MB,1788521958393683.270	,0,NPU:2
2,MB,1788521958493690.880	,0,NPU:2
2,MB,1788521958593674.040	,0,NPU:2
2,MB,1788521958693683.820	,0,NPU:2
2,MB,1788521958793687.320	,0,NPU:2
2,MB,1788521958893675.330	,0,NPU:2
2,MB,1788521958993662.280	,0,NPU:2
2,MB,1788521959093657.900	,0,NPU:2
2,MB,1788521959193640.610	,0,NPU:2
2,MB,1788521959293669.420	,0,NPU:2
2,MB,1788521959393659.330	,0,NPU:2
2,MB,1788521959493656.680	,0,NPU:2
2,MB,1788521959593664.410	,0,NPU:2
2,MB,1788521959693659.180	,0,NPU:2
2,MB,1788521959793659.090	,0,NPU:2
2,MB,1788521959893653.390	,0,NPU:2
2,MB,1788521959993636.630	,0,NPU:2
2,MB,1788521960093661.640	,0,NPU:2
2,MB,1788521960193659.550	,0,NPU:2
2,MB,1788521960293650.620	,0,NPU:2
2,MB,1788521960393656.970	,0,NPU:2
2,MB,1788521960493672.410	,0,NPU:2
2,MB,1788521960593660.010	,0,NPU:2
2,MB,1788521960693662.400	,0,NPU:2
2,MB,1788521960793664.020	,0,NPU:2
2,MB,1788521960893665.010	,0,NPU:2
2,MB,1788521960993655.530	,0,NPU:2
2,MB,1788521961093650.430	,0,NPU:2
2,MB,1788521961193659.590	,0,NPU:2
2,MB,1788521961293649.550	,0,NPU:2
2,MB,1788521961393660.560	,0,NPU:2
2,MB,1788521961493646.430	,0,NPU:2
2,MB,1788521961593653.540	,0,NPU:2
2,MB,1788521961693653.280	,0,NPU:2
2,MB,1788521961793655.640	,0,NPU:2
2,MB,1788521961893663.700	,0,NPU:2
2,MB,1788521961993679.720	,0,NPU:2
2,MB,1788521962093650.320	,0,NPU:2
2,MB,1788521962193649.320	,0,NPU:2
2,MB,1788521962293681.190	,0,NPU:2
2,MB,1788521962393648.310	,0,NPU:2
2,MB,1788521962493648.610	,0,NPU:2
2,MB,1788521962593658.720	,0,NPU:2
2,MB,1788521962693658.470	,0,NPU:2
2,MB,1788521962793647.510	,0,NPU:2
2,MB,1788521962893648.970	,0,NPU:2
2,MB,1788521962993649.820	,0,NPU:2
2,MB,1788521963093652.370	,0,NPU:2
2,MB,1788521963193660.920	,0,NPU:2
2,MB,1788521963293649.500	,0,NPU:2
2,MB,1788521963393652.840	,0,NPU:2
2,MB,1788521963493633.730	,0,NPU:2
2,MB,1788521963593627.750	,0,NPU:2
2,MB,1788521963693630.860	,0,NPU:2
2,MB,1788521963793626.500	,0,NPU:2
2,MB,1788521963893625.660	,0,NPU:2
2,MB,1788521963993619.870	,0,NPU:2
2,MB,1788521964093623.630	,0,NPU:2
2,MB,1788521964193621.680	,0,NPU:2
2,MB,1788521964293631.730	,0,NPU:2
2,MB,1788521964393624.810	,0,NPU:2
2,MB,1788521964493617.160	,0,NPU:2
2,MB,1788521964593612.810	,0,NPU:2
2,MB,1788521964693630.030	,0,NPU:2
2,MB,1788521964793640.010	,0,NPU:2
2,MB,1788521964893621.970	,0,NPU:2
2,MB,1788521964993624.260	,0,NPU:2
2,MB,1788521965093632.600	,0,NPU:2
2,MB,1788521965193623.140	,0,NPU:2
2,MB,1788521965293738.890	,0,NPU:2
2,MB,1788521965393669.470	,0,NPU:2
2,MB,1788521965493639.540	,0,NPU:2
2,MB,1788521965593628.350	,0,NPU:2
2,MB,1788521965693649.400	,0,NPU:2
2,MB,1788521965793641.400	,0,NPU:2
2,MB,1788521965893687.370	,0,NPU:2
2,MB,1788521965993646.290	,0,NPU:2
2,MB,1788521966093625.790	,0,NPU:2
2,MB,1788521966193628.540	,0,NPU:2
2,MB,1788521966293643.340	,0,NPU:2
2,MB,1788521966393613.490	,0,NPU:2
2,MB,1788521966493642.110	,0,NPU:2
2,MB,1788521966593639.740	,0,NPU:2
2,MB,1788521966693630.120	,0,NPU:2
2,MB,1788521966793623.110	,0,NPU:2
2,MB,1788521966893628.080	,0,NPU:2
2,MB,1788521966993649.050	,0,NPU:2
2,MB,1788521967093643.280	,0,NPU:2
2,MB,1788521967193636.760	,0,NPU:2
2,MB,1788521967293664.510	,0,NPU:2
2,MB,1788521967393646.400	,0,NPU:2
2,MB,1788521967493631.880	,0,NPU:2
2,MB,1788521967593619.300	,0,NPU:2
2,MB,1788521967693635.480	,0,NPU:2
2,MB,1788521967793629.620	,0,NPU:2
2,MB,1788521967893659.030	,0,NPU:2
2,MB,1788521967993639.300	,0,NPU:2
2,MB,1788521968093616.460	,0,NPU:2
2,MB,1788521968193600.750	,0,NPU:2
2,MB,1788521968293604.310	,0,NPU:2
2,MB,1788521968393642.290	,0,NPU:2
2,MB,1788521968493641.350	,0,NPU:2
2,MB,1788521968593635.460	,0,NPU:2
2,MB,1788521968693623.120	,0,NPU:2
2,MB,1788521968793603.210	,0,NPU:2
2,MB,1788521968893622.880	,0,NPU:2
2,MB,1788521968993646.280	,0,NPU:2
2,MB,1788521969093618.190	,0,NPU:2
2,MB,1788521969193625.210	,0,NPU:2
2,MB,1788521969293613.860	,0,NPU:2
2,MB,1788521969393631.150	,0,NPU:2
2,MB,1788521969493645.190	,0,NPU:2
2,MB,1788521969593630.620	,0,NPU:2
2,MB,1788521969693629.060	,0,NPU:2
2,MB,1788521969793629.990	,0,NPU:2
2,MB,1788521969893608.320	,0,NPU:2
2,MB,1788521969993610.590	,0,NPU:2
2,MB,1788521970093630.140	,0,NPU:2
2,MB,1788521970193626.490	,0,NPU:2
2,MB,1788521970293611.210	,0,NPU:2
2,MB,1788521970393601.790	,0,NPU:2
2,MB,1788521970493628.800	,0,NPU:2
2,MB,1788521970593625.850	,0,NPU:2
2,MB,1788521970693643.880	,0,NPU:2
2,MB,1788521970793609.650	,0,NPU:2
2,MB,1788521970893621.640	,0,NPU:2
2,MB,1788521970993613.030	,0,NPU:2
2,MB,1788521971093591.550	,0,NPU:2
2,MB,1788521971193601.230	,0,NPU:2
2,MB,1788521971293601.060	,0,NPU:2
2,MB,1788521971393594.380	,0,NPU:2
2,MB,1788521971493608.280	,0,NPU:2
2,MB,1788521971593612.580	,0,NPU:2
2,MB,1788521971693592.100	,0,NPU:2
2,MB,1788521971793598.990	,0,NPU:2
2,MB,1788521971893595.970	,0,NPU:2
2,MB,1788521971993592.820	,0,NPU:2
2,MB,1788521972093590.900	,0,NPU:2
2,MB,1788521972193595.900	,0,NPU:2
2,MB,1788521972293597.240	,0,NPU:2
2,MB,1788521972393636.480	,0,NPU:2
2,MB,1788521972493583.490	,0,NPU:2
2,MB,1788521972593645.590	,0,NPU:2
2,MB,1788521972693633.820	,0,NPU:2
2,MB,1788521972793603.790	,0,NPU:2
2,MB,1788521972893580.480	,0,NPU:2
2,MB,1788521972993578.140	,0,NPU:2
2,MB,1788521973093574.880	,0,NPU:2
2,MB,1788521973193573.610	,0,NPU:2
2,MB,1788521973293574.060	,0,NPU:2
2,MB,1788521973398586.880	,0,NPU:2
2,MB,1788521973493599.570	,0,NPU:2
2,MB,1788521973559819.670	,0,NPU:2
2,ME,1788521953993841.910	,0,NPU:2
2,ME,1788521954093690.790	,0,NPU:2
2,ME,1788521954193665.180	,0,NPU:2
2,ME,1788521954293650.080	,0,NPU:2
2,ME,1788521954393654.040	,0,NPU:2
2,ME,1788521954493648.730	,0,NPU:2
2,ME,1788521954593645.540	,0,NPU:2
2,ME,1788521954693640.150	,0,NPU:2
2,ME,1788521954793649.950	,0,NPU:2
2,ME,1788521954893661.680	,0,NPU:2
2,ME,1788521954993678.410	,0,NPU:2
2,ME,1788521955093652.720	,0,NPU:2
2,ME,1788521955193653.270	,0,NPU:2
2,ME,1788521955293648.860	,0,NPU:2
2,ME,1788521955393649.220	,0,NPU:2
2,ME,1788521955493655.280	,0,NPU:2
2,ME,1788521955593651.590	,0,NPU:2
2,ME,1788521955693640.580	,0,NPU:2
2,ME,1788521955793638.250	,0,NPU:2
2,ME,1788521955893682.250	,0,NPU:2
2,ME,1788521955993682.480	,0,NPU:2
2,ME,1788521956093711.640	,0,NPU:2
2,ME,1788521956193672.410	,0,NPU:2
2,ME,1788521956293669.740	,0,NPU:2
2,ME,1788521956393666.240	,0,NPU:2
2,ME,1788521956493676.590	,0,NPU:2
2,ME,1788521956593710.650	,0,NPU:2
2,ME,1788521956693695.830	,0,NPU:2
2,ME,1788521956793695.140	,0,NPU:2
2,ME,1788521956893673.320	,0,NPU:2
2,ME,1788521956993679.850	,0,NPU:2
2,ME,1788521957093679.860	,0,NPU:2
2,ME,1788521957193708.460	,0,NPU:2
2,ME,1788521957293678.900	,0,NPU:2
2,ME,1788521957393665.400	,0,NPU:2
2,ME,1788521957493670.700	,0,NPU:2
2,ME,1788521957593669.370	,0,NPU:2
2,ME,1788521957693681.180	,0,NPU:2
2,ME,1788521957793669.280	,0,NPU:2
2,ME,1788521957893667.600	,0,NPU:2
2,ME,1788521957993664.330	,0,NPU:2
2,ME,1788521958093664.530	,0,NPU:2
2,ME,1788521958193664.090	,0,NPU:2
2,ME,1788521958293676.530	,0,NPU:2
2,ME,1788521958393683.270	,0,NPU:2
2,ME,1788521958493690.880	,0,NPU:2
2,ME,1788521958593674.040	,0,NPU:2
2,ME,1788521958693683.820	,0,NPU:2
2,ME,1788521958793687.320	,0,NPU:2
2,ME,1788521958893675.330	,0,NPU:2
2,ME,1788521958993662.280	,0,NPU:2
2,ME,1788521959093657.900	,0,NPU:2
2,ME,1788521959193640.610	,0,NPU:2
2,ME,1788521959293669.420	,0,NPU:2
2,ME,1788521959393659.330	,0,NPU:2
2,ME,1788521959493656.680	,0,NPU:2
2,ME,1788521959593664.410	,0,NPU:2
2,ME,1788521959693659.180	,0,NPU:2
2,ME,1788521959793659.090	,0,NPU:2
2,ME,1788521959893653.390	,0,NPU:2
2,ME,1788521959993636.630	,0,NPU:2
2,ME,1788521960093661.640	,0,NPU:2
2,ME,1788521960193659.550	,0,NPU:2
2,ME,1788521960293650.620	,0,NPU:2
2,ME,1788521960393656.970	,0,NPU:2
2,ME,1788521960493672.410	,0,NPU:2
2,ME,1788521960593660.010	,0,NPU:2
2,ME,1788521960693662.400	,0,NPU:2
2,ME,1788521960793664.020	,0,NPU:2
2,ME,1788521960893665.010	,0,NPU:2
2,ME,1788521960993655.530	,0,NPU:2
2,ME,1788521961093650.430	,0,NPU:2
2,ME,1788521961193659.590	,0,NPU:2
2,ME,1788521961293649.550	,0,NPU:2
2,ME,1788521961393660.560	,0,NPU:2
2,ME,1788521961493646.430	,0,NPU:2
2,ME,1788521961593653.540	,0,NPU:2
2,ME,1788521961693653.280	,0,NPU:2
2,ME,1788521961793655.640	,0,NPU:2
2,ME,1788521961893663.700	,0,NPU:2
2,ME,1788521961993679.720	,0,NPU:2
2,ME,1788521962093650.320	,0,NPU:2
2,ME,1788521962193649.320	,0,NPU:2
2,ME,1788521962293681.190	,0,NPU:2
2,ME,1788521962393648.310	,0,NPU:2
2,ME,1788521962493648.610	,0,NPU:2
2,ME,1788521962593658.720	,0,NPU:2
2,ME,1788521962693658.470	,0,NPU:2
2,ME,1788521962793647.510	,0,NPU:2
2,ME,1788521962893648.970	,0,NPU:2
2,ME,1788521962993649.820	,0,NPU:2
2,ME,1788521963093652.370	,0,NPU:2
2,ME,1788521963193660.920	,0,NPU:2
2,ME,1788521963293649.500	,0,NPU:2
2,ME,1788521963393652.840	,0,NPU:2
2,ME,1788521963493633.730	,0,NPU:2
2,ME,1788521963593627.750	,0,NPU:2
2,ME,1788521963693630.860	,0,NPU:2
2,ME,1788521963793626.500	,0,NPU:2
2,ME,1788521963893625.660	,0,NPU:2
2,ME,1788521963993619.870	,0,NPU:2
2,ME,1788521964093623.630	,0,NPU:2
2,ME,1788521964193621.680	,0,NPU:2
2,ME,1788521964293631.730	,0,NPU:2
2,ME,1788521964393624.810	,0,NPU:2
2,ME,1788521964493617.160	,0,NPU:2
2,ME,1788521964593612.810	,0,NPU:2
2,ME,1788521964693630.030	,0,NPU:2
2,ME,1788521964793640.010	,0,NPU:2
2,ME,1788521964893621.970	,0,NPU:2
2,ME,1788521964993624.260	,0,NPU:2
2,ME,1788521965093632.600	,0,NPU:2
2,ME,1788521965193623.140	,0,NPU:2
2,ME,1788521965293738.890	,0,NPU:2
2,ME,1788521965393669.470	,0,NPU:2
2,ME,1788521965493639.540	,0,NPU:2
2,ME,1788521965593628.350	,0,NPU:2
2,ME,1788521965693649.400	,0,NPU:2
2,ME,1788521965793641.400	,0,NPU:2
2,ME,1788521965893687.370	,0,NPU:2
2,ME,1788521965993646.290	,0,NPU:2
2,ME,1788521966093625.790	,0,NPU:2
2,ME,1788521966193628.540	,0,NPU:2
2,ME,1788521966293643.340	,0,NPU:2
2,ME,1788521966393613.490	,0,NPU:2
2,ME,1788521966493642.110	,0,NPU:2
2,ME,1788521966593639.740	,0,NPU:2
2,ME,1788521966693630.120	,0,NPU:2
2,ME,1788521966793623.110	,0,NPU:2
2,ME,1788521966893628.080	,0,NPU:2
2,ME,1788521966993649.050	,0,NPU:2
2,ME,1788521967093643.280	,0,NPU:2
2,ME,1788521967193636.760	,0,NPU:2
2,ME,1788521967293664.510	,0,NPU:2
2,ME,1788521967393646.400	,0,NPU:2
2,ME,1788521967493631.880	,0,NPU:2
2,ME,1788521967593619.300	,0,NPU:2
2,ME,1788521967693635.480	,0,NPU:2
2,ME,1788521967793629.620	,0,NPU:2
2,ME,1788521967893659.030	,0,NPU:2
2,ME,1788521967993639.300	,0,NPU:2
2,ME,1788521968093616.460	,0,NPU:2
2,ME,1788521968193600.750	,0,NPU:2
2,ME,1788521968293604.310	,0,NPU:2
2,ME,1788521968393642.290	,0,NPU:2
2,ME,1788521968493641.350	,0,NPU:2
2,ME,1788521968593635.460	,0,NPU:2
2,ME,1788521968693623.120	,0,NPU:2
2,ME,1788521968793603.210	,0,NPU:2
2,ME,1788521968893622.880	,0,NPU:2
2,ME,1788521968993646.280	,0,NPU:2
2,ME,1788521969093618.190	,0,NPU:2
2,ME,1788521969193625.210	,0,NPU:2
2,ME,1788521969293613.860	,0,NPU:2
2,ME,1788521969393631.150	,0,NPU:2
2,ME,1788521969493645.190	,0,NPU:2
2,ME,1788521969593630.620	,0,NPU:2
2,ME,1788521969693629.060	,0,NPU:2
2,ME,1788521969793629.990	,0,NPU:2
2,ME,1788521969893608.320	,0,NPU:2
2,ME,1788521969993610.590	,0,NPU:2
2,ME,1788521970093630.140	,0,NPU:2
2,ME,1788521970193626.490	,0,NPU:2
2,ME,1788521970293611.210	,0,NPU:2
2,ME,1788521970393601.790	,0,NPU:2
2,ME,1788521970493628.800	,0,NPU:2
2,ME,1788521970593625.850	,0,NPU:2
2,ME,1788521970693643.880	,0,NPU:2
2,ME,1788521970793609.650	,0,NPU:2
2,ME,1788521970893621.640	,0,NPU:2
2,ME,1788521970993613.030	,0,NPU:2
2,ME,1788521971093591.550	,0,NPU:2
2,ME,1788521971193601.230	,0,NPU:2
2,ME,1788521971293601.060	,0,NPU:2
2,ME,1788521971393594.380	,0,NPU:2
2,ME,1788521971493608.280	,0,NPU:2
2,ME,1788521971593612.580	,0,NPU:2
2,ME,1788521971693592.100	,0,NPU:2
2,ME,1788521971793598.990	,0,NPU:2
2,ME,1788521971893595.970	,0,NPU:2
2,ME,1788521971993592.820	,0,NPU:2
2,ME,1788521972093590.900	,0,NPU:2
2,ME,1788521972193595.900	,0,NPU:2
2,ME,1788521972293597.240	,0,NPU:2
2,ME,1788521972393636.480	,0,NPU:2
2,ME,1788521972493583.490	,0,NPU:2
2,ME,1788521972593645.590	,0,NPU:2
2,ME,1788521972693633.820	,0,NPU:2
2,ME,1788521972793603.790	,0,NPU:2
2,ME,1788521972893580.480	,0,NPU:2
2,ME,1788521972993578.140	,0,NPU:2
2,ME,1788521973093574.880	,0,NPU:2
2,ME,1788521973193573.610	,0,NPU:2
2,ME,1788521973293574.060	,0,NPU:2
2,ME,1788521973398586.880	,0,NPU:2
2,ME,1788521973493599.570	,0,NPU:2
2,ME,1788521973559819.670	,0,NPU:2
2,IMU,1788521953993841.910	,0,NPU:2
2,IMU,1788521954093690.790	,0,NPU:2
2,IMU,1788521954193665.180	,0,NPU:2
2,IMU,1788521954293650.080	,0,NPU:2
2,IMU,1788521954393654.040	,0,NPU:2
2,IMU,1788521954493648.730	,0,NPU:2
2,IMU,1788521954593645.540	,0,NPU:2
2,IMU,1788521954693640.150	,0,NPU:2
2,IMU,1788521954793649.950	,0,NPU:2
2,IMU,1788521954893661.680	,0,NPU:2
2,IMU,1788521954993678.410	,0,NPU:2
2,IMU,1788521955093652.720	,0,NPU:2
2,IMU,1788521955193653.270	,0,NPU:2
2,IMU,1788521955293648.860	,0,NPU:2
2,IMU,1788521955393649.220	,0,NPU:2
2,IMU,1788521955493655.280	,0,NPU:2
2,IMU,1788521955593651.590	,0,NPU:2
2,IMU,1788521955693640.580	,0,NPU:2
2,IMU,1788521955793638.250	,0,NPU:2
2,IMU,1788521955893682.250	,0,NPU:2
2,IMU,1788521955993682.480	,0,NPU:2
2,IMU,1788521956093711.640	,0,NPU:2
2,IMU,1788521956193672.410	,0,NPU:2
2,IMU,1788521956293669.740	,0,NPU:2
2,IMU,1788521956393666.240	,0,NPU:2
2,IMU,1788521956493676.590	,0,NPU:2
2,IMU,1788521956593710.650	,0,NPU:2
2,IMU,1788521956693695.830	,0,NPU:2
2,IMU,1788521956793695.140	,0,NPU:2
2,IMU,1788521956893673.320	,0,NPU:2
2,IMU,1788521956993679.850	,0,NPU:2
2,IMU,1788521957093679.860	,0,NPU:2
2,IMU,1788521957193708.460	,0,NPU:2
2,IMU,1788521957293678.900	,0,NPU:2
2,IMU,1788521957393665.400	,0,NPU:2
2,IMU,1788521957493670.700	,0,NPU:2
2,IMU,1788521957593669.370	,0,NPU:2
2,IMU,1788521957693681.180	,0,NPU:2
2,IMU,1788521957793669.280	,0,NPU:2
2,IMU,1788521957893667.600	,0,NPU:2
2,IMU,1788521957993664.330	,0,NPU:2
2,IMU,1788521958093664.530	,0,NPU:2
2,IMU,1788521958193664.090	,0,NPU:2
2,IMU,1788521958293676.530	,0,NPU:2
2,IMU,1788521958393683.270	,0,NPU:2
2,IMU,1788521958493690.880	,0,NPU:2
2,IMU,1788521958593674.040	,0,NPU:2
2,IMU,1788521958693683.820	,0,NPU:2
2,IMU,1788521958793687.320	,0,NPU:2
2,IMU,1788521958893675.330	,0,NPU:2
2,IMU,1788521958993662.280	,0,NPU:2
2,IMU,1788521959093657.900	,0,NPU:2
2,IMU,1788521959193640.610	,0,NPU:2
2,IMU,1788521959293669.420	,0,NPU:2
2,IMU,1788521959393659.330	,0,NPU:2
2,IMU,1788521959493656.680	,0,NPU:2
2,IMU,1788521959593664.410	,0,NPU:2
2,IMU,1788521959693659.180	,0,NPU:2
2,IMU,1788521959793659.090	,0,NPU:2
2,IMU,1788521959893653.390	,0,NPU:2
2,IMU,1788521959993636.630	,0,NPU:2
2,IMU,1788521960093661.640	,0,NPU:2
2,IMU,1788521960193659.550	,0,NPU:2
2,IMU,1788521960293650.620	,0,NPU:2
2,IMU,1788521960393656.970	,0,NPU:2
2,IMU,1788521960493672.410	,0,NPU:2
2,IMU,1788521960593660.010	,0,NPU:2
2,IMU,1788521960693662.400	,0,NPU:2
2,IMU,1788521960793664.020	,0,NPU:2
2,IMU,1788521960893665.010	,0,NPU:2
2,IMU,1788521960993655.530	,0,NPU:2
2,IMU,1788521961093650.430	,0,NPU:2
2,IMU,1788521961193659.590	,0,NPU:2
2,IMU,1788521961293649.550	,0,NPU:2
2,IMU,1788521961393660.560	,0,NPU:2
2,IMU,1788521961493646.430	,0,NPU:2
2,IMU,1788521961593653.540	,0,NPU:2
2,IMU,1788521961693653.280	,0,NPU:2
2,IMU,1788521961793655.640	,0,NPU:2
2,IMU,1788521961893663.700	,0,NPU:2
2,IMU,1788521961993679.720	,0,NPU:2
2,IMU,1788521962093650.320	,0,NPU:2
2,IMU,1788521962193649.320	,0,NPU:2
2,IMU,1788521962293681.190	,0,NPU:2
2,IMU,1788521962393648.310	,0,NPU:2
2,IMU,1788521962493648.610	,0,NPU:2
2,IMU,1788521962593658.720	,0,NPU:2
2,IMU,1788521962693658.470	,0,NPU:2
2,IMU,1788521962793647.510	,0,NPU:2
2,IMU,1788521962893648.970	,0,NPU:2
2,IMU,1788521962993649.820	,0,NPU:2
2,IMU,1788521963093652.370	,0,NPU:2
2,IMU,1788521963193660.920	,0,NPU:2
2,IMU,1788521963293649.500	,0,NPU:2
2,IMU,1788521963393652.840	,0,NPU:2
2,IMU,1788521963493633.730	,0,NPU:2
2,IMU,1788521963593627.750	,0,NPU:2
2,IMU,1788521963693630.860	,0,NPU:2
2,IMU,1788521963793626.500	,0,NPU:2
2,IMU,1788521963893625.660	,0,NPU:2
2,IMU,1788521963993619.870	,0,NPU:2
2,IMU,1788521964093623.630	,0,NPU:2
2,IMU,1788521964193621.680	,0,NPU:2
2,IMU,1788521964293631.730	,0,NPU:2
2,IMU,1788521964393624.810	,0,NPU:2
2,IMU,1788521964493617.160	,0,NPU:2
2,IMU,1788521964593612.810	,0,NPU:2
2,IMU,1788521964693630.030	,0,NPU:2
2,IMU,1788521964793640.010	,0,NPU:2
2,IMU,1788521964893621.970	,0,NPU:2
2,IMU,1788521964993624.260	,0,NPU:2
2,IMU,1788521965093632.600	,0,NPU:2
2,IMU,1788521965193623.140	,0,NPU:2
2,IMU,1788521965293738.890	,0,NPU:2
2,IMU,1788521965393669.470	,0,NPU:2
2,IMU,1788521965493639.540	,0,NPU:2
2,IMU,1788521965593628.350	,0,NPU:2
2,IMU,1788521965693649.400	,0,NPU:2
2,IMU,1788521965793641.400	,0,NPU:2
2,IMU,1788521965893687.370	,0,NPU:2
2,IMU,1788521965993646.290	,0,NPU:2
2,IMU,1788521966093625.790	,0,NPU:2
2,IMU,1788521966193628.540	,0,NPU:2
2,IMU,1788521966293643.340	,0,NPU:2
2,IMU,1788521966393613.490	,0,NPU:2
2,IMU,1788521966493642.110	,0,NPU:2
2,IMU,1788521966593639.740	,0,NPU:2
2,IMU,1788521966693630.120	,0,NPU:2
2,IMU,1788521966793623.110	,0,NPU:2
2,IMU,1788521966893628.080	,0,NPU:2
2,IMU,1788521966993649.050	,0,NPU:2
2,IMU,1788521967093643.280	,0,NPU:2
2,IMU,1788521967193636.760	,0,NPU:2
2,IMU,1788521967293664.510	,0,NPU:2
2,IMU,1788521967393646.400	,0,NPU:2
2,IMU,1788521967493631.880	,0,NPU:2
2,IMU,1788521967593619.300	,0,NPU:2
2,IMU,1788521967693635.480	,0,NPU:2
2,IMU,1788521967793629.620	,0,NPU:2
2,IMU,1788521967893659.030	,0,NPU:2
2,IMU,1788521967993639.300	,0,NPU:2
2,IMU,1788521968093616.460	,0,NPU:2
2,IMU,1788521968193600.750	,0,NPU:2
2,IMU,1788521968293604.310	,0,NPU:2
2,IMU,1788521968393642.290	,0,NPU:2
2,IMU,1788521968493641.350	,0,NPU:2
2,IMU,1788521968593635.460	,0,NPU:2
2,IMU,1788521968693623.120	,0,NPU:2
2,IMU,1788521968793603.210	,0,NPU:2
2,IMU,1788521968893622.880	,0,NPU:2
2,IMU,1788521968993646.280	,0,NPU:2
2,IMU,1788521969093618.190	,0,NPU:2
2,IMU,1788521969193625.210	,0,NPU:2
2,IMU,1788521969293613.860	,0,NPU:2
2,IMU,1788521969393631.150	,0,NPU:2
2,IMU,1788521969493645.190	,0,NPU:2
2,IMU,1788521969593630.620	,0,NPU:2
2,IMU,1788521969693629.060	,0,NPU:2
2,IMU,1788521969793629.990	,0,NPU:2
2,IMU,1788521969893608.320	,0,NPU:2
2,IMU,1788521969993610.590	,0,NPU:2
2,IMU,1788521970093630.140	,0,NPU:2
2,IMU,1788521970193626.490	,0,NPU:2
2,IMU,1788521970293611.210	,0,NPU:2
2,IMU,1788521970393601.790	,0,NPU:2
2,IMU,1788521970493628.800	,0,NPU:2
2,IMU,1788521970593625.850	,0,NPU:2
2,IMU,1788521970693643.880	,0,NPU:2
2,IMU,1788521970793609.650	,0,NPU:2
2,IMU,1788521970893621.640	,0,NPU:2
2,IMU,1788521970993613.030	,0,NPU:2
2,IMU,1788521971093591.550	,0,NPU:2
2,IMU,1788521971193601.230	,0,NPU:2
2,IMU,1788521971293601.060	,0,NPU:2
2,IMU,1788521971393594.380	,0,NPU:2
2,IMU,1788521971493608.280	,0,NPU:2
2,IMU,1788521971593612.580	,0,NPU:2
2,IMU,1788521971693592.100	,0,NPU:2
2,IMU,1788521971793598.990	,0,NPU:2
2,IMU,1788521971893595.970	,0,NPU:2
2,IMU,1788521971993592.820	,0,NPU:2
2,IMU,1788521972093590.900	,0,NPU:2
2,IMU,1788521972193595.900	,0,NPU:2
2,IMU,1788521972293597.240	,0,NPU:2
2,IMU,1788521972393636.480	,0,NPU:2
2,IMU,1788521972493583.490	,0,NPU:2
2,IMU,1788521972593645.590	,0,NPU:2
2,IMU,1788521972693633.820	,0,NPU:2
2,IMU,1788521972793603.790	,0,NPU:2
2,IMU,1788521972893580.480	,0,NPU:2
2,IMU,1788521972993578.140	,0,NPU:2
2,IMU,1788521973093574.880	,0,NPU:2
2,IMU,1788521973193573.610	,0,NPU:2
2,IMU,1788521973293574.060	,0,NPU:2
2,IMU,1788521973398586.880	,0,NPU:2
2,IMU,1788521973493599.570	,0,NPU:2
2,IMU,1788521973559819.670	,0,NPU:2
2,IMP,1788521953993841.910	,0,NPU:2
2,IMP,1788521954093690.790	,0,NPU:2
2,IMP,1788521954193665.180	,0,NPU:2
2,IMP,1788521954293650.080	,0,NPU:2
2,IMP,1788521954393654.040	,0,NPU:2
2,IMP,1788521954493648.730	,0,NPU:2
2,IMP,1788521954593645.540	,0,NPU:2
2,IMP,1788521954693640.150	,0,NPU:2
2,IMP,1788521954793649.950	,0,NPU:2
2,IMP,1788521954893661.680	,0,NPU:2
2,IMP,1788521954993678.410	,0,NPU:2
2,IMP,1788521955093652.720	,0,NPU:2
2,IMP,1788521955193653.270	,0,NPU:2
2,IMP,1788521955293648.860	,0,NPU:2
2,IMP,1788521955393649.220	,0,NPU:2
2,IMP,1788521955493655.280	,0,NPU:2
2,IMP,1788521955593651.590	,0,NPU:2
2,IMP,1788521955693640.580	,0,NPU:2
2,IMP,1788521955793638.250	,0,NPU:2
2,IMP,1788521955893682.250	,0,NPU:2
2,IMP,1788521955993682.480	,0,NPU:2
2,IMP,1788521956093711.640	,0,NPU:2
2,IMP,1788521956193672.410	,0,NPU:2
2,IMP,1788521956293669.740	,0,NPU:2
2,IMP,1788521956393666.240	,0,NPU:2
2,IMP,1788521956493676.590	,0,NPU:2
2,IMP,1788521956593710.650	,0,NPU:2
2,IMP,1788521956693695.830	,0,NPU:2
2,IMP,1788521956793695.140	,0,NPU:2
2,IMP,1788521956893673.320	,0,NPU:2
2,IMP,1788521956993679.850	,0,NPU:2
2,IMP,1788521957093679.860	,0,NPU:2
2,IMP,1788521957193708.460	,0,NPU:2
2,IMP,1788521957293678.900	,0,NPU:2
2,IMP,1788521957393665.400	,0,NPU:2
2,IMP,1788521957493670.700	,0,NPU:2
2,IMP,1788521957593669.370	,0,NPU:2
2,IMP,1788521957693681.180	,0,NPU:2
2,IMP,1788521957793669.280	,0,NPU:2
2,IMP,1788521957893667.600	,0,NPU:2
2,IMP,1788521957993664.330	,0,NPU:2
2,IMP,1788521958093664.530	,0,NPU:2
2,IMP,1788521958193664.090	,0,NPU:2
2,IMP,1788521958293676.530	,0,NPU:2
2,IMP,1788521958393683.270	,0,NPU:2
2,IMP,1788521958493690.880	,0,NPU:2
2,IMP,1788521958593674.040	,0,NPU:2
2,IMP,1788521958693683.820	,0,NPU:2
2,IMP,1788521958793687.320	,0,NPU:2
2,IMP,1788521958893675.330	,0,NPU:2
2,IMP,1788521958993662.280	,0,NPU:2
2,IMP,1788521959093657.900	,0,NPU:2
2,IMP,1788521959193640.610	,0,NPU:2
2,IMP,1788521959293669.420	,0,NPU:2
2,IMP,1788521959393659.330	,0,NPU:2
2,IMP,1788521959493656.680	,0,NPU:2
2,IMP,1788521959593664.410	,0,NPU:2
2,IMP,1788521959693659.180	,0,NPU:2
2,IMP,1788521959793659.090	,0,NPU:2
2,IMP,1788521959893653.390	,0,NPU:2
2,IMP,1788521959993636.630	,0,NPU:2
2,IMP,1788521960093661.640	,0,NPU:2
2,IMP,1788521960193659.550	,0,NPU:2
2,IMP,1788521960293650.620	,0,NPU:2
2,IMP,1788521960393656.970	,0,NPU:2
2,IMP,1788521960493672.410	,0,NPU:2
2,IMP,1788521960593660.010	,0,NPU:2
2,IMP,1788521960693662.400	,0,NPU:2
2,IMP,1788521960793664.020	,0,NPU:2
2,IMP,1788521960893665.010	,0,NPU:2
2,IMP,1788521960993655.530	,0,NPU:2
2,IMP,1788521961093650.430	,0,NPU:2
2,IMP,1788521961193659.590	,0,NPU:2
2,IMP,1788521961293649.550	,0,NPU:2
2,IMP,1788521961393660.560	,0,NPU:2
2,IMP,1788521961493646.430	,0,NPU:2
2,IMP,1788521961593653.540	,0,NPU:2
2,IMP,1788521961693653.280	,0,NPU:2
2,IMP,1788521961793655.640	,0,NPU:2
2,IMP,1788521961893663.700	,0,NPU:2
2,IMP,1788521961993679.720	,0,NPU:2
2,IMP,1788521962093650.320	,0,NPU:2
2,IMP,1788521962193649.320	,0,NPU:2
2,IMP,1788521962293681.190	,0,NPU:2
2,IMP,1788521962393648.310	,0,NPU:2
2,IMP,1788521962493648.610	,0,NPU:2
2,IMP,1788521962593658.720	,0,NPU:2
2,IMP,1788521962693658.470	,0,NPU:2
2,IMP,1788521962793647.510	,0,NPU:2
2,IMP,1788521962893648.970	,0,NPU:2
2,IMP,1788521962993649.820	,0,NPU:2
2,IMP,1788521963093652.370	,0,NPU:2
2,IMP,1788521963193660.920	,0,NPU:2
2,IMP,1788521963293649.500	,0,NPU:2
2,IMP,1788521963393652.840	,0,NPU:2
2,IMP,1788521963493633.730	,0,NPU:2
2,IMP,1788521963593627.750	,0,NPU:2
2,IMP,1788521963693630.860	,0,NPU:2
2,IMP,1788521963793626.500	,0,NPU:2
2,IMP,1788521963893625.660	,0,NPU:2
2,IMP,1788521963993619.870	,0,NPU:2
2,IMP,1788521964093623.630	,0,NPU:2
2,IMP,1788521964193621.680	,0,NPU:2
2,IMP,1788521964293631.730	,0,NPU:2
2,IMP,1788521964393624.810	,0,NPU:2
2,IMP,1788521964493617.160	,0,NPU:2
2,IMP,1788521964593612.810	,0,NPU:2
2,IMP,1788521964693630.030	,0,NPU:2
2,IMP,1788521964793640.010	,0,NPU:2
2,IMP,1788521964893621.970	,0,NPU:2
2,IMP,1788521964993624.260	,0,NPU:2
2,IMP,1788521965093632.600	,0,NPU:2
2,IMP,1788521965193623.140	,0,NPU:2
2,IMP,1788521965293738.890	,0,NPU:2
2,IMP,1788521965393669.470	,0,NPU:2
2,IMP,1788521965493639.540	,0,NPU:2
2,IMP,1788521965593628.350	,0,NPU:2
2,IMP,1788521965693649.400	,0,NPU:2
2,IMP,1788521965793641.400	,0,NPU:2
2,IMP,1788521965893687.370	,0,NPU:2
2,IMP,1788521965993646.290	,0,NPU:2
2,IMP,1788521966093625.790	,0,NPU:2
2,IMP,1788521966193628.540	,0,NPU:2
2,IMP,1788521966293643.340	,0,NPU:2
2,IMP,1788521966393613.490	,0,NPU:2
2,IMP,1788521966493642.110	,0,NPU:2
2,IMP,1788521966593639.740	,0,NPU:2
2,IMP,1788521966693630.120	,0,NPU:2
2,IMP,1788521966793623.110	,0,NPU:2
2,IMP,1788521966893628.080	,0,NPU:2
2,IMP,1788521966993649.050	,0,NPU:2
2,IMP,1788521967093643.280	,0,NPU:2
2,IMP,1788521967193636.760	,0,NPU:2
2,IMP,1788521967293664.510	,0,NPU:2
2,IMP,1788521967393646.400	,0,NPU:2
2,IMP,1788521967493631.880	,0,NPU:2
2,IMP,1788521967593619.300	,0,NPU:2
2,IMP,1788521967693635.480	,0,NPU:2
2,IMP,1788521967793629.620	,0,NPU:2
2,IMP,1788521967893659.030	,0,NPU:2
2,IMP,1788521967993639.300	,0,NPU:2
2,IMP,1788521968093616.460	,0,NPU:2
2,IMP,1788521968193600.750	,0,NPU:2
2,IMP,1788521968293604.310	,0,NPU:2
2,IMP,1788521968393642.290	,0,NPU:2
2,IMP,1788521968493641.350	,0,NPU:2
2,IMP,1788521968593635.460	,0,NPU:2
2,IMP,1788521968693623.120	,0,NPU:2
2,IMP,1788521968793603.210	,0,NPU:2
2,IMP,1788521968893622.880	,0,NPU:2
2,IMP,1788521968993646.280	,0,NPU:2
2,IMP,1788521969093618.190	,0,NPU:2
2,IMP,1788521969193625.210	,0,NPU:2
2,IMP,1788521969293613.860	,0,NPU:2
2,IMP,1788521969393631.150	,0,NPU:2
2,IMP,1788521969493645.190	,0,NPU:2
2,IMP,1788521969593630.620	,0,NPU:2
2,IMP,1788521969693629.060	,0,NPU:2
2,IMP,1788521969793629.990	,0,NPU:2
2,IMP,1788521969893608.320	,0,NPU:2
2,IMP,1788521969993610.590	,0,NPU:2
2,IMP,1788521970093630.140	,0,NPU:2
2,IMP,1788521970193626.490	,0,NPU:2
2,IMP,1788521970293611.210	,0,NPU:2
2,IMP,1788521970393601.790	,0,NPU:2
2,IMP,1788521970493628.800	,0,NPU:2
2,IMP,1788521970593625.850	,0,NPU:2
2,IMP,1788521970693643.880	,0,NPU:2
2,IMP,1788521970793609.650	,0,NPU:2
2,IMP,1788521970893621.640	,0,NPU:2
2,IMP,1788521970993613.030	,0,NPU:2
2,IMP,1788521971093591.550	,0,NPU:2
2,IMP,1788521971193601.230	,0,NPU:2
2,IMP,1788521971293601.060	,0,NPU:2
2,IMP,1788521971393594.380	,0,NPU:2
2,IMP,1788521971493608.280	,0,NPU:2
2,IMP,1788521971593612.580	,0,NPU:2
2,IMP,1788521971693592.100	,0,NPU:2
2,IMP,1788521971793598.990	,0,NPU:2
2,IMP,1788521971893595.970	,0,NPU:2
2,IMP,1788521971993592.820	,0,NPU:2
2,IMP,1788521972093590.900	,0,NPU:2
2,IMP,1788521972193595.900	,0,NPU:2
2,IMP,1788521972293597.240	,0,NPU:2
2,IMP,1788521972393636.480	,0,NPU:2
2,IMP,1788521972493583.490	,0,NPU:2
2,IMP,1788521972593645.590	,0,NPU:2
2,IMP,1788521972693633.820	,0,NPU:2
2,IMP,1788521972793603.790	,0,NPU:2
2,IMP,1788521972893580.480	,0,NPU:2
2,IMP,1788521972993578.140	,0,NPU:2
2,IMP,1788521973093574.880	,0,NPU:2
2,IMP,1788521973193573.610	,0,NPU:2
2,IMP,1788521973293574.060	,0,NPU:2
2,IMP,1788521973398586.880	,0,NPU:2
2,IMP,1788521973493599.570	,0,NPU:2
2,IMP,1788521973559819.670	,0,NPU:2
2,GE,1788521953993841.910	,2184.0,NPU:2
2,GE,1788521954093690.790	,2184.0,NPU:2
2,GE,1788521954193665.180	,2184.0,NPU:2
2,GE,1788521954293650.080	,2184.0,NPU:2
2,GE,1788521954393654.040	,2184.0,NPU:2
2,GE,1788521954493648.730	,2184.0,NPU:2
2,GE,1788521954593645.540	,2184.0,NPU:2
2,GE,1788521954693640.150	,2184.0,NPU:2
2,GE,1788521954793649.950	,2184.0,NPU:2
2,GE,1788521954893661.680	,2184.0,NPU:2
2,GE,1788521954993678.410	,2184.0,NPU:2
2,GE,1788521955093652.720	,2184.0,NPU:2
2,GE,1788521955193653.270	,2184.0,NPU:2
2,GE,1788521955293648.860	,2184.0,NPU:2
2,GE,1788521955393649.220	,2184.0,NPU:2
2,GE,1788521955493655.280	,2184.0,NPU:2
2,GE,1788521955593651.590	,2184.0,NPU:2
2,GE,1788521955693640.580	,2184.0,NPU:2
2,GE,1788521955793638.250	,2184.0,NPU:2
2,GE,1788521955893682.250	,2184.0,NPU:2
2,GE,1788521955993682.480	,2184.0,NPU:2
2,GE,1788521956093711.640	,2184.0,NPU:2
2,GE,1788521956193672.410	,2184.0,NPU:2
2,GE,1788521956293669.740	,2184.0,NPU:2
2,GE,1788521956393666.240	,2184.0,NPU:2
2,GE,1788521956493676.590	,2184.0,NPU:2
2,GE,1788521956593710.650	,2184.0,NPU:2
2,GE,1788521956693695.830	,2184.0,NPU:2
2,GE,1788521956793695.140	,2184.0,NPU:2
2,GE,1788521956893673.320	,2184.0,NPU:2
2,GE,1788521956993679.850	,2184.0,NPU:2
2,GE,1788521957093679.860	,2184.0,NPU:2
2,GE,1788521957193708.460	,2184.0,NPU:2
2,GE,1788521957293678.900	,2184.0,NPU:2
2,GE,1788521957393665.400	,2184.0,NPU:2
2,GE,1788521957493670.700	,2184.0,NPU:2
2,GE,1788521957593669.370	,2184.0,NPU:2
2,GE,1788521957693681.180	,2184.0,NPU:2
2,GE,1788521957793669.280	,2184.0,NPU:2
2,GE,1788521957893667.600	,2184.0,NPU:2
2,GE,1788521957993664.330	,2184.0,NPU:2
2,GE,1788521958093664.530	,2184.0,NPU:2
2,GE,1788521958193664.090	,2184.0,NPU:2
2,GE,1788521958293676.530	,2184.0,NPU:2
2,GE,1788521958393683.270	,2184.0,NPU:2
2,GE,1788521958493690.880	,2184.0,NPU:2
2,GE,1788521958593674.040	,2184.0,NPU:2
2,GE,1788521958693683.820	,2184.0,NPU:2
2,GE,1788521958793687.320	,2184.0,NPU:2
2,GE,1788521958893675.330	,2184.0,NPU:2
2,GE,1788521958993662.280	,2184.0,NPU:2
2,GE,1788521959093657.900	,2184.0,NPU:2
2,GE,1788521959193640.610	,2184.0,NPU:2
2,GE,1788521959293669.420	,2184.0,NPU:2
2,GE,1788521959393659.330	,2184.0,NPU:2
2,GE,1788521959493656.680	,2184.0,NPU:2
2,GE,1788521959593664.410	,2184.0,NPU:2
2,GE,1788521959693659.180	,2184.0,NPU:2
2,GE,1788521959793659.090	,2184.0,NPU:2
2,GE,1788521959893653.390	,2184.0,NPU:2
2,GE,1788521959993636.630	,2184.0,NPU:2
2,GE,1788521960093661.640	,2184.0,NPU:2
2,GE,1788521960193659.550	,2184.0,NPU:2
2,GE,1788521960293650.620	,2184.0,NPU:2
2,GE,1788521960393656.970	,2184.0,NPU:2
2,GE,1788521960493672.410	,2184.0,NPU:2
2,GE,1788521960593660.010	,2184.0,NPU:2
2,GE,1788521960693662.400	,2184.0,NPU:2
2,GE,1788521960793664.020	,2184.0,NPU:2
2,GE,1788521960893665.010	,2184.0,NPU:2
2,GE,1788521960993655.530	,2184.0,NPU:2
2,GE,1788521961093650.430	,2184.0,NPU:2
2,GE,1788521961193659.590	,2184.0,NPU:2
2,GE,1788521961293649.550	,2184.0,NPU:2
2,GE,1788521961393660.560	,2184.0,NPU:2
2,GE,1788521961493646.430	,2184.0,NPU:2
2,GE,1788521961593653.540	,2184.0,NPU:2
2,GE,1788521961693653.280	,2184.0,NPU:2
2,GE,1788521961793655.640	,2184.0,NPU:2
2,GE,1788521961893663.700	,2184.0,NPU:2
2,GE,1788521961993679.720	,2184.0,NPU:2
2,GE,1788521962093650.320	,2184.0,NPU:2
2,GE,1788521962193649.320	,2184.0,NPU:2
2,GE,1788521962293681.190	,2184.0,NPU:2
2,GE,1788521962393648.310	,2184.0,NPU:2
2,GE,1788521962493648.610	,2184.0,NPU:2
2,GE,1788521962593658.720	,2184.0,NPU:2
2,GE,1788521962693658.470	,2184.0,NPU:2
2,GE,1788521962793647.510	,2184.0,NPU:2
2,GE,1788521962893648.970	,2184.0,NPU:2
2,GE,1788521962993649.820	,2184.0,NPU:2
2,GE,1788521963093652.370	,2184.0,NPU:2
2,GE,1788521963193660.920	,2184.0,NPU:2
2,GE,1788521963293649.500	,2184.0,NPU:2
2,GE,1788521963393652.840	,2184.0,NPU:2
2,GE,1788521963493633.730	,2184.0,NPU:2
2,GE,1788521963593627.750	,2184.0,NPU:2
2,GE,1788521963693630.860	,2184.0,NPU:2
2,GE,1788521963793626.500	,2184.0,NPU:2
2,GE,1788521963893625.660	,2184.0,NPU:2
2,GE,1788521963993619.870	,2184.0,NPU:2
2,GE,1788521964093623.630	,2184.0,NPU:2
2,GE,1788521964193621.680	,2184.0,NPU:2
2,GE,1788521964293631.730	,2184.0,NPU:2
2,GE,1788521964393624.810	,2184.0,NPU:2
2,GE,1788521964493617.160	,2184.0,NPU:2
2,GE,1788521964593612.810	,2184.0,NPU:2
2,GE,1788521964693630.030	,2184.0,NPU:2
2,GE,1788521964793640.010	,2184.0,NPU:2
2,GE,1788521964893621.970	,2184.0,NPU:2
2,GE,1788521964993624.260	,2184.0,NPU:2
2,GE,1788521965093632.600	,2184.0,NPU:2
2,GE,1788521965193623.140	,2184.0,NPU:2
2,GE,1788521965293738.890	,2184.0,NPU:2
2,GE,1788521965393669.470	,2184.0,NPU:2
2,GE,1788521965493639.540	,2184.0,NPU:2
2,GE,1788521965593628.350	,2184.0,NPU:2
2,GE,1788521965693649.400	,2184.0,NPU:2
2,GE,1788521965793641.400	,2184.0,NPU:2
2,GE,1788521965893687.370	,2184.0,NPU:2
2,GE,1788521965993646.290	,2184.0,NPU:2
2,GE,1788521966093625.790	,2184.0,NPU:2
2,GE,1788521966193628.540	,2184.0,NPU:2
2,GE,1788521966293643.340	,2184.0,NPU:2
2,GE,1788521966393613.490	,2184.0,NPU:2
2,GE,1788521966493642.110	,2184.0,NPU:2
2,GE,1788521966593639.740	,2184.0,NPU:2
2,GE,1788521966693630.120	,2184.0,NPU:2
2,GE,1788521966793623.110	,2184.0,NPU:2
2,GE,1788521966893628.080	,2184.0,NPU:2
2,GE,1788521966993649.050	,2184.0,NPU:2
2,GE,1788521967093643.280	,2184.0,NPU:2
2,GE,1788521967193636.760	,2184.0,NPU:2
2,GE,1788521967293664.510	,2184.0,NPU:2
2,GE,1788521967393646.400	,2184.0,NPU:2
2,GE,1788521967493631.880	,2184.0,NPU:2
2,GE,1788521967593619.300	,2184.0,NPU:2
2,GE,1788521967693635.480	,2184.0,NPU:2
2,GE,1788521967793629.620	,2184.0,NPU:2
2,GE,1788521967893659.030	,2184.0,NPU:2
2,GE,1788521967993639.300	,2184.0,NPU:2
2,GE,1788521968093616.460	,2184.0,NPU:2
2,GE,1788521968193600.750	,2184.0,NPU:2
2,GE,1788521968293604.310	,2184.0,NPU:2
2,GE,1788521968393642.290	,2184.0,NPU:2
2,GE,1788521968493641.350	,2184.0,NPU:2
2,GE,1788521968593635.460	,2184.0,NPU:2
2,GE,1788521968693623.120	,2184.0,NPU:2
2,GE,1788521968793603.210	,2184.0,NPU:2
2,GE,1788521968893622.880	,2184.0,NPU:2
2,GE,1788521968993646.280	,2184.0,NPU:2
2,GE,1788521969093618.190	,2184.0,NPU:2
2,GE,1788521969193625.210	,2184.0,NPU:2
2,GE,1788521969293613.860	,2184.0,NPU:2
2,GE,1788521969393631.150	,2184.0,NPU:2
2,GE,1788521969493645.190	,2184.0,NPU:2
2,GE,1788521969593630.620	,2184.0,NPU:2
2,GE,1788521969693629.060	,2184.0,NPU:2
2,GE,1788521969793629.990	,2184.0,NPU:2
2,GE,1788521969893608.320	,2184.0,NPU:2
2,GE,1788521969993610.590	,2184.0,NPU:2
2,GE,1788521970093630.140	,2184.0,NPU:2
2,GE,1788521970193626.490	,2184.0,NPU:2
2,GE,1788521970293611.210	,2184.0,NPU:2
2,GE,1788521970393601.790	,2184.0,NPU:2
2,GE,1788521970493628.800	,2184.0,NPU:2
2,GE,1788521970593625.850	,2184.0,NPU:2
2,GE,1788521970693643.880	,2184.0,NPU:2
2,GE,1788521970793609.650	,2184.0,NPU:2
2,GE,1788521970893621.640	,2184.0,NPU:2
2,GE,1788521970993613.030	,2184.0,NPU:2
2,GE,1788521971093591.550	,2184.0,NPU:2
2,GE,1788521971193601.230	,2184.0,NPU:2
2,GE,1788521971293601.060	,2184.0,NPU:2
2,GE,1788521971393594.380	,2184.0,NPU:2
2,GE,1788521971493608.280	,2184.0,NPU:2
2,GE,1788521971593612.580	,2184.0,NPU:2
2,GE,1788521971693592.100	,2184.0,NPU:2
2,GE,1788521971793598.990	,2184.0,NPU:2
2,GE,1788521971893595.970	,2184.0,NPU:2
2,GE,1788521971993592.820	,2184.0,NPU:2
2,GE,1788521972093590.900	,2184.0,NPU:2
2,GE,1788521972193595.900	,2184.0,NPU:2
2,GE,1788521972293597.240	,2184.0,NPU:2
2,GE,1788521972393636.480	,2184.0,NPU:2
2,GE,1788521972493583.490	,2184.0,NPU:2
2,GE,1788521972593645.590	,2184.0,NPU:2
2,GE,1788521972693633.820	,2184.0,NPU:2
2,GE,1788521972793603.790	,2184.0,NPU:2
2,GE,1788521972893580.480	,2184.0,NPU:2
2,GE,1788521972993578.140	,2184.0,NPU:2
2,GE,1788521973093574.880	,2184.0,NPU:2
2,GE,1788521973193573.610	,2184.0,NPU:2
2,GE,1788521973293574.060	,2184.0,NPU:2
2,GE,1788521973398586.880	,580.0,NPU:2
2,GE,1788521973493599.570	,580.0,NPU:2
2,GE,1788521973559819.670	,580.0,NPU:2
2,MDCFUSA,1788521953993841.910	,0,NPU:2
2,MDCFUSA,1788521954093690.790	,0,NPU:2
2,MDCFUSA,1788521954193665.180	,0,NPU:2
2,MDCFUSA,1788521954293650.080	,0,NPU:2
2,MDCFUSA,1788521954393654.040	,0,NPU:2
2,MDCFUSA,1788521954493648.730	,0,NPU:2
2,MDCFUSA,1788521954593645.540	,0,NPU:2
2,MDCFUSA,1788521954693640.150	,0,NPU:2
2,MDCFUSA,1788521954793649.950	,0,NPU:2
2,MDCFUSA,1788521954893661.680	,0,NPU:2
2,MDCFUSA,1788521954993678.410	,0,NPU:2
2,MDCFUSA,1788521955093652.720	,0,NPU:2
2,MDCFUSA,1788521955193653.270	,0,NPU:2
2,MDCFUSA,1788521955293648.860	,0,NPU:2
2,MDCFUSA,1788521955393649.220	,0,NPU:2
2,MDCFUSA,1788521955493655.280	,0,NPU:2
2,MDCFUSA,1788521955593651.590	,0,NPU:2
2,MDCFUSA,1788521955693640.580	,0,NPU:2
2,MDCFUSA,1788521955793638.250	,0,NPU:2
2,MDCFUSA,1788521955893682.250	,0,NPU:2
2,MDCFUSA,1788521955993682.480	,0,NPU:2
2,MDCFUSA,1788521956093711.640	,0,NPU:2
2,MDCFUSA,1788521956193672.410	,0,NPU:2
2,MDCFUSA,1788521956293669.740	,0,NPU:2
2,MDCFUSA,1788521956393666.240	,0,NPU:2
2,MDCFUSA,1788521956493676.590	,0,NPU:2
2,MDCFUSA,1788521956593710.650	,0,NPU:2
2,MDCFUSA,1788521956693695.830	,0,NPU:2
2,MDCFUSA,1788521956793695.140	,0,NPU:2
2,MDCFUSA,1788521956893673.320	,0,NPU:2
2,MDCFUSA,1788521956993679.850	,0,NPU:2
2,MDCFUSA,1788521957093679.860	,0,NPU:2
2,MDCFUSA,1788521957193708.460	,0,NPU:2
2,MDCFUSA,1788521957293678.900	,0,NPU:2
2,MDCFUSA,1788521957393665.400	,0,NPU:2
2,MDCFUSA,1788521957493670.700	,0,NPU:2
2,MDCFUSA,1788521957593669.370	,0,NPU:2
2,MDCFUSA,1788521957693681.180	,0,NPU:2
2,MDCFUSA,1788521957793669.280	,0,NPU:2
2,MDCFUSA,1788521957893667.600	,0,NPU:2
2,MDCFUSA,1788521957993664.330	,0,NPU:2
2,MDCFUSA,1788521958093664.530	,0,NPU:2
2,MDCFUSA,1788521958193664.090	,0,NPU:2
2,MDCFUSA,1788521958293676.530	,0,NPU:2
2,MDCFUSA,1788521958393683.270	,0,NPU:2
2,MDCFUSA,1788521958493690.880	,0,NPU:2
2,MDCFUSA,1788521958593674.040	,0,NPU:2
2,MDCFUSA,1788521958693683.820	,0,NPU:2
2,MDCFUSA,1788521958793687.320	,0,NPU:2
2,MDCFUSA,1788521958893675.330	,0,NPU:2
2,MDCFUSA,1788521958993662.280	,0,NPU:2
2,MDCFUSA,1788521959093657.900	,0,NPU:2
2,MDCFUSA,1788521959193640.610	,0,NPU:2
2,MDCFUSA,1788521959293669.420	,0,NPU:2
2,MDCFUSA,1788521959393659.330	,0,NPU:2
2,MDCFUSA,1788521959493656.680	,0,NPU:2
2,MDCFUSA,1788521959593664.410	,0,NPU:2
2,MDCFUSA,1788521959693659.180	,0,NPU:2
2,MDCFUSA,1788521959793659.090	,0,NPU:2
2,MDCFUSA,1788521959893653.390	,0,NPU:2
2,MDCFUSA,1788521959993636.630	,0,NPU:2
2,MDCFUSA,1788521960093661.640	,0,NPU:2
2,MDCFUSA,1788521960193659.550	,0,NPU:2
2,MDCFUSA,1788521960293650.620	,0,NPU:2
2,MDCFUSA,1788521960393656.970	,0,NPU:2
2,MDCFUSA,1788521960493672.410	,0,NPU:2
2,MDCFUSA,1788521960593660.010	,0,NPU:2
2,MDCFUSA,1788521960693662.400	,0,NPU:2
2,MDCFUSA,1788521960793664.020	,0,NPU:2
2,MDCFUSA,1788521960893665.010	,0,NPU:2
2,MDCFUSA,1788521960993655.530	,0,NPU:2
2,MDCFUSA,1788521961093650.430	,0,NPU:2
2,MDCFUSA,1788521961193659.590	,0,NPU:2
2,MDCFUSA,1788521961293649.550	,0,NPU:2
2,MDCFUSA,1788521961393660.560	,0,NPU:2
2,MDCFUSA,1788521961493646.430	,0,NPU:2
2,MDCFUSA,1788521961593653.540	,0,NPU:2
2,MDCFUSA,1788521961693653.280	,0,NPU:2
2,MDCFUSA,1788521961793655.640	,0,NPU:2
2,MDCFUSA,1788521961893663.700	,0,NPU:2
2,MDCFUSA,1788521961993679.720	,0,NPU:2
2,MDCFUSA,1788521962093650.320	,0,NPU:2
2,MDCFUSA,1788521962193649.320	,0,NPU:2
2,MDCFUSA,1788521962293681.190	,0,NPU:2
2,MDCFUSA,1788521962393648.310	,0,NPU:2
2,MDCFUSA,1788521962493648.610	,0,NPU:2
2,MDCFUSA,1788521962593658.720	,0,NPU:2
2,MDCFUSA,1788521962693658.470	,0,NPU:2
2,MDCFUSA,1788521962793647.510	,0,NPU:2
2,MDCFUSA,1788521962893648.970	,0,NPU:2
2,MDCFUSA,1788521962993649.820	,0,NPU:2
2,MDCFUSA,1788521963093652.370	,0,NPU:2
2,MDCFUSA,1788521963193660.920	,0,NPU:2
2,MDCFUSA,1788521963293649.500	,0,NPU:2
2,MDCFUSA,1788521963393652.840	,0,NPU:2
2,MDCFUSA,1788521963493633.730	,0,NPU:2
2,MDCFUSA,1788521963593627.750	,0,NPU:2
2,MDCFUSA,1788521963693630.860	,0,NPU:2
2,MDCFUSA,1788521963793626.500	,0,NPU:2
2,MDCFUSA,1788521963893625.660	,0,NPU:2
2,MDCFUSA,1788521963993619.870	,0,NPU:2
2,MDCFUSA,1788521964093623.630	,0,NPU:2
2,MDCFUSA,1788521964193621.680	,0,NPU:2
2,MDCFUSA,1788521964293631.730	,0,NPU:2
2,MDCFUSA,1788521964393624.810	,0,NPU:2
2,MDCFUSA,1788521964493617.160	,0,NPU:2
2,MDCFUSA,1788521964593612.810	,0,NPU:2
2,MDCFUSA,1788521964693630.030	,0,NPU:2
2,MDCFUSA,1788521964793640.010	,0,NPU:2
2,MDCFUSA,1788521964893621.970	,0,NPU:2
2,MDCFUSA,1788521964993624.260	,0,NPU:2
2,MDCFUSA,1788521965093632.600	,0,NPU:2
2,MDCFUSA,1788521965193623.140	,0,NPU:2
2,MDCFUSA,1788521965293738.890	,0,NPU:2
2,MDCFUSA,1788521965393669.470	,0,NPU:2
2,MDCFUSA,1788521965493639.540	,0,NPU:2
2,MDCFUSA,1788521965593628.350	,0,NPU:2
2,MDCFUSA,1788521965693649.400	,0,NPU:2
2,MDCFUSA,1788521965793641.400	,0,NPU:2
2,MDCFUSA,1788521965893687.370	,0,NPU:2
2,MDCFUSA,1788521965993646.290	,0,NPU:2
2,MDCFUSA,1788521966093625.790	,0,NPU:2
2,MDCFUSA,1788521966193628.540	,0,NPU:2
2,MDCFUSA,1788521966293643.340	,0,NPU:2
2,MDCFUSA,1788521966393613.490	,0,NPU:2
2,MDCFUSA,1788521966493642.110	,0,NPU:2
2,MDCFUSA,1788521966593639.740	,0,NPU:2
2,MDCFUSA,1788521966693630.120	,0,NPU:2
2,MDCFUSA,1788521966793623.110	,0,NPU:2
2,MDCFUSA,1788521966893628.080	,0,NPU:2
2,MDCFUSA,1788521966993649.050	,0,NPU:2
2,MDCFUSA,1788521967093643.280	,0,NPU:2
2,MDCFUSA,1788521967193636.760	,0,NPU:2
2,MDCFUSA,1788521967293664.510	,0,NPU:2
2,MDCFUSA,1788521967393646.400	,0,NPU:2
2,MDCFUSA,1788521967493631.880	,0,NPU:2
2,MDCFUSA,1788521967593619.300	,0,NPU:2
2,MDCFUSA,1788521967693635.480	,0,NPU:2
2,MDCFUSA,1788521967793629.620	,0,NPU:2
2,MDCFUSA,1788521967893659.030	,0,NPU:2
2,MDCFUSA,1788521967993639.300	,0,NPU:2
2,MDCFUSA,1788521968093616.460	,0,NPU:2
2,MDCFUSA,1788521968193600.750	,0,NPU:2
2,MDCFUSA,1788521968293604.310	,0,NPU:2
2,MDCFUSA,1788521968393642.290	,0,NPU:2
2,MDCFUSA,1788521968493641.350	,0,NPU:2
2,MDCFUSA,1788521968593635.460	,0,NPU:2
2,MDCFUSA,1788521968693623.120	,0,NPU:2
2,MDCFUSA,1788521968793603.210	,0,NPU:2
2,MDCFUSA,1788521968893622.880	,0,NPU:2
2,MDCFUSA,1788521968993646.280	,0,NPU:2
2,MDCFUSA,1788521969093618.190	,0,NPU:2
2,MDCFUSA,1788521969193625.210	,0,NPU:2
2,MDCFUSA,1788521969293613.860	,0,NPU:2
2,MDCFUSA,1788521969393631.150	,0,NPU:2
2,MDCFUSA,1788521969493645.190	,0,NPU:2
2,MDCFUSA,1788521969593630.620	,0,NPU:2
2,MDCFUSA,1788521969693629.060	,0,NPU:2
2,MDCFUSA,1788521969793629.990	,0,NPU:2
2,MDCFUSA,1788521969893608.320	,0,NPU:2
2,MDCFUSA,1788521969993610.590	,0,NPU:2
2,MDCFUSA,1788521970093630.140	,0,NPU:2
2,MDCFUSA,1788521970193626.490	,0,NPU:2
2,MDCFUSA,1788521970293611.210	,0,NPU:2
2,MDCFUSA,1788521970393601.790	,0,NPU:2
2,MDCFUSA,1788521970493628.800	,0,NPU:2
2,MDCFUSA,1788521970593625.850	,0,NPU:2
2,MDCFUSA,1788521970693643.880	,0,NPU:2
2,MDCFUSA,1788521970793609.650	,0,NPU:2
2,MDCFUSA,1788521970893621.640	,0,NPU:2
2,MDCFUSA,1788521970993613.030	,0,NPU:2
2,MDCFUSA,1788521971093591.550	,0,NPU:2
2,MDCFUSA,1788521971193601.230	,0,NPU:2
2,MDCFUSA,1788521971293601.060	,0,NPU:2
2,MDCFUSA,1788521971393594.380	,0,NPU:2
2,MDCFUSA,1788521971493608.280	,0,NPU:2
2,MDCFUSA,1788521971593612.580	,0,NPU:2
2,MDCFUSA,1788521971693592.100	,0,NPU:2
2,MDCFUSA,1788521971793598.990	,0,NPU:2
2,MDCFUSA,1788521971893595.970	,0,NPU:2
2,MDCFUSA,1788521971993592.820	,0,NPU:2
2,MDCFUSA,1788521972093590.900	,0,NPU:2
2,MDCFUSA,1788521972193595.900	,0,NPU:2
2,MDCFUSA,1788521972293597.240	,0,NPU:2
2,MDCFUSA,1788521972393636.480	,0,NPU:2
2,MDCFUSA,1788521972493583.490	,0,NPU:2
2,MDCFUSA,1788521972593645.590	,0,NPU:2
2,MDCFUSA,1788521972693633.820	,0,NPU:2
2,MDCFUSA,1788521972793603.790	,0,NPU:2
2,MDCFUSA,1788521972893580.480	,0,NPU:2
2,MDCFUSA,1788521972993578.140	,0,NPU:2
2,MDCFUSA,1788521973093574.880	,0,NPU:2
2,MDCFUSA,1788521973193573.610	,0,NPU:2
2,MDCFUSA,1788521973293574.060	,0,NPU:2
2,MDCFUSA,1788521973398586.880	,0,NPU:2
2,MDCFUSA,1788521973493599.570	,0,NPU:2
2,MDCFUSA,1788521973559819.670	,0,NPU:2
2,CAMERA,1788521953993841.910	,0,NPU:2
2,CAMERA,1788521954093690.790	,0,NPU:2
2,CAMERA,1788521954193665.180	,0,NPU:2
2,CAMERA,1788521954293650.080	,0,NPU:2
2,CAMERA,1788521954393654.040	,0,NPU:2
2,CAMERA,1788521954493648.730	,0,NPU:2
2,CAMERA,1788521954593645.540	,0,NPU:2
2,CAMERA,1788521954693640.150	,0,NPU:2
2,CAMERA,1788521954793649.950	,0,NPU:2
2,CAMERA,1788521954893661.680	,0,NPU:2
2,CAMERA,1788521954993678.410	,0,NPU:2
2,CAMERA,1788521955093652.720	,0,NPU:2
2,CAMERA,1788521955193653.270	,0,NPU:2
2,CAMERA,1788521955293648.860	,0,NPU:2
2,CAMERA,1788521955393649.220	,0,NPU:2
2,CAMERA,1788521955493655.280	,0,NPU:2
2,CAMERA,1788521955593651.590	,0,NPU:2
2,CAMERA,1788521955693640.580	,0,NPU:2
2,CAMERA,1788521955793638.250	,0,NPU:2
2,CAMERA,1788521955893682.250	,0,NPU:2
2,CAMERA,1788521955993682.480	,0,NPU:2
2,CAMERA,1788521956093711.640	,0,NPU:2
2,CAMERA,1788521956193672.410	,0,NPU:2
2,CAMERA,1788521956293669.740	,0,NPU:2
2,CAMERA,1788521956393666.240	,0,NPU:2
2,CAMERA,1788521956493676.590	,0,NPU:2
2,CAMERA,1788521956593710.650	,0,NPU:2
2,CAMERA,1788521956693695.830	,0,NPU:2
2,CAMERA,1788521956793695.140	,0,NPU:2
2,CAMERA,1788521956893673.320	,0,NPU:2
2,CAMERA,1788521956993679.850	,0,NPU:2
2,CAMERA,1788521957093679.860	,0,NPU:2
2,CAMERA,1788521957193708.460	,0,NPU:2
2,CAMERA,1788521957293678.900	,0,NPU:2
2,CAMERA,1788521957393665.400	,0,NPU:2
2,CAMERA,1788521957493670.700	,0,NPU:2
2,CAMERA,1788521957593669.370	,0,NPU:2
2,CAMERA,1788521957693681.180	,0,NPU:2
2,CAMERA,1788521957793669.280	,0,NPU:2
2,CAMERA,1788521957893667.600	,0,NPU:2
2,CAMERA,1788521957993664.330	,0,NPU:2
2,CAMERA,1788521958093664.530	,0,NPU:2
2,CAMERA,1788521958193664.090	,0,NPU:2
2,CAMERA,1788521958293676.530	,0,NPU:2
2,CAMERA,1788521958393683.270	,0,NPU:2
2,CAMERA,1788521958493690.880	,0,NPU:2
2,CAMERA,1788521958593674.040	,0,NPU:2
2,CAMERA,1788521958693683.820	,0,NPU:2
2,CAMERA,1788521958793687.320	,0,NPU:2
2,CAMERA,1788521958893675.330	,0,NPU:2
2,CAMERA,1788521958993662.280	,0,NPU:2
2,CAMERA,1788521959093657.900	,0,NPU:2
2,CAMERA,1788521959193640.610	,0,NPU:2
2,CAMERA,1788521959293669.420	,0,NPU:2
2,CAMERA,1788521959393659.330	,0,NPU:2
2,CAMERA,1788521959493656.680	,0,NPU:2
2,CAMERA,1788521959593664.410	,0,NPU:2
2,CAMERA,1788521959693659.180	,0,NPU:2
2,CAMERA,1788521959793659.090	,0,NPU:2
2,CAMERA,1788521959893653.390	,0,NPU:2
2,CAMERA,1788521959993636.630	,0,NPU:2
2,CAMERA,1788521960093661.640	,0,NPU:2
2,CAMERA,1788521960193659.550	,0,NPU:2
2,CAMERA,1788521960293650.620	,0,NPU:2
2,CAMERA,1788521960393656.970	,0,NPU:2
2,CAMERA,1788521960493672.410	,0,NPU:2
2,CAMERA,1788521960593660.010	,0,NPU:2
2,CAMERA,1788521960693662.400	,0,NPU:2
2,CAMERA,1788521960793664.020	,0,NPU:2
2,CAMERA,1788521960893665.010	,0,NPU:2
2,CAMERA,1788521960993655.530	,0,NPU:2
2,CAMERA,1788521961093650.430	,0,NPU:2
2,CAMERA,1788521961193659.590	,0,NPU:2
2,CAMERA,1788521961293649.550	,0,NPU:2
2,CAMERA,1788521961393660.560	,0,NPU:2
2,CAMERA,1788521961493646.430	,0,NPU:2
2,CAMERA,1788521961593653.540	,0,NPU:2
2,CAMERA,1788521961693653.280	,0,NPU:2
2,CAMERA,1788521961793655.640	,0,NPU:2
2,CAMERA,1788521961893663.700	,0,NPU:2
2,CAMERA,1788521961993679.720	,0,NPU:2
2,CAMERA,1788521962093650.320	,0,NPU:2
2,CAMERA,1788521962193649.320	,0,NPU:2
2,CAMERA,1788521962293681.190	,0,NPU:2
2,CAMERA,1788521962393648.310	,0,NPU:2
2,CAMERA,1788521962493648.610	,0,NPU:2
2,CAMERA,1788521962593658.720	,0,NPU:2
2,CAMERA,1788521962693658.470	,0,NPU:2
2,CAMERA,1788521962793647.510	,0,NPU:2
2,CAMERA,1788521962893648.970	,0,NPU:2
2,CAMERA,1788521962993649.820	,0,NPU:2
2,CAMERA,1788521963093652.370	,0,NPU:2
2,CAMERA,1788521963193660.920	,0,NPU:2
2,CAMERA,1788521963293649.500	,0,NPU:2
2,CAMERA,1788521963393652.840	,0,NPU:2
2,CAMERA,1788521963493633.730	,0,NPU:2
2,CAMERA,1788521963593627.750	,0,NPU:2
2,CAMERA,1788521963693630.860	,0,NPU:2
2,CAMERA,1788521963793626.500	,0,NPU:2
2,CAMERA,1788521963893625.660	,0,NPU:2
2,CAMERA,1788521963993619.870	,0,NPU:2
2,CAMERA,1788521964093623.630	,0,NPU:2
2,CAMERA,1788521964193621.680	,0,NPU:2
2,CAMERA,1788521964293631.730	,0,NPU:2
2,CAMERA,1788521964393624.810	,0,NPU:2
2,CAMERA,1788521964493617.160	,0,NPU:2
2,CAMERA,1788521964593612.810	,0,NPU:2
2,CAMERA,1788521964693630.030	,0,NPU:2
2,CAMERA,1788521964793640.010	,0,NPU:2
2,CAMERA,1788521964893621.970	,0,NPU:2
2,CAMERA,1788521964993624.260	,0,NPU:2
2,CAMERA,1788521965093632.600	,0,NPU:2
2,CAMERA,1788521965193623.140	,0,NPU:2
2,CAMERA,1788521965293738.890	,0,NPU:2
2,CAMERA,1788521965393669.470	,0,NPU:2
2,CAMERA,1788521965493639.540	,0,NPU:2
2,CAMERA,1788521965593628.350	,0,NPU:2
2,CAMERA,1788521965693649.400	,0,NPU:2
2,CAMERA,1788521965793641.400	,0,NPU:2
2,CAMERA,1788521965893687.370	,0,NPU:2
2,CAMERA,1788521965993646.290	,0,NPU:2
2,CAMERA,1788521966093625.790	,0,NPU:2
2,CAMERA,1788521966193628.540	,0,NPU:2
2,CAMERA,1788521966293643.340	,0,NPU:2
2,CAMERA,1788521966393613.490	,0,NPU:2
2,CAMERA,1788521966493642.110	,0,NPU:2
2,CAMERA,1788521966593639.740	,0,NPU:2
2,CAMERA,1788521966693630.120	,0,NPU:2
2,CAMERA,1788521966793623.110	,0,NPU:2
2,CAMERA,1788521966893628.080	,0,NPU:2
2,CAMERA,1788521966993649.050	,0,NPU:2
2,CAMERA,1788521967093643.280	,0,NPU:2
2,CAMERA,1788521967193636.760	,0,NPU:2
2,CAMERA,1788521967293664.510	,0,NPU:2
2,CAMERA,1788521967393646.400	,0,NPU:2
2,CAMERA,1788521967493631.880	,0,NPU:2
2,CAMERA,1788521967593619.300	,0,NPU:2
2,CAMERA,1788521967693635.480	,0,NPU:2
2,CAMERA,1788521967793629.620	,0,NPU:2
2,CAMERA,1788521967893659.030	,0,NPU:2
2,CAMERA,1788521967993639.300	,0,NPU:2
2,CAMERA,1788521968093616.460	,0,NPU:2
2,CAMERA,1788521968193600.750	,0,NPU:2
2,CAMERA,1788521968293604.310	,0,NPU:2
2,CAMERA,1788521968393642.290	,0,NPU:2
2,CAMERA,1788521968493641.350	,0,NPU:2
2,CAMERA,1788521968593635.460	,0,NPU:2
2,CAMERA,1788521968693623.120	,0,NPU:2
2,CAMERA,1788521968793603.210	,0,NPU:2
2,CAMERA,1788521968893622.880	,0,NPU:2
2,CAMERA,1788521968993646.280	,0,NPU:2
2,CAMERA,1788521969093618.190	,0,NPU:2
2,CAMERA,1788521969193625.210	,0,NPU:2
2,CAMERA,1788521969293613.860	,0,NPU:2
2,CAMERA,1788521969393631.150	,0,NPU:2
2,CAMERA,1788521969493645.190	,0,NPU:2
2,CAMERA,1788521969593630.620	,0,NPU:2
2,CAMERA,1788521969693629.060	,0,NPU:2
2,CAMERA,1788521969793629.990	,0,NPU:2
2,CAMERA,1788521969893608.320	,0,NPU:2
2,CAMERA,1788521969993610.590	,0,NPU:2
2,CAMERA,1788521970093630.140	,0,NPU:2
2,CAMERA,1788521970193626.490	,0,NPU:2
2,CAMERA,1788521970293611.210	,0,NPU:2
2,CAMERA,1788521970393601.790	,0,NPU:2
2,CAMERA,1788521970493628.800	,0,NPU:2
2,CAMERA,1788521970593625.850	,0,NPU:2
2,CAMERA,1788521970693643.880	,0,NPU:2
2,CAMERA,1788521970793609.650	,0,NPU:2
2,CAMERA,1788521970893621.640	,0,NPU:2
2,CAMERA,1788521970993613.030	,0,NPU:2
2,CAMERA,1788521971093591.550	,0,NPU:2
2,CAMERA,1788521971193601.230	,0,NPU:2
2,CAMERA,1788521971293601.060	,0,NPU:2
2,CAMERA,1788521971393594.380	,0,NPU:2
2,CAMERA,1788521971493608.280	,0,NPU:2
2,CAMERA,1788521971593612.580	,0,NPU:2
2,CAMERA,1788521971693592.100	,0,NPU:2
2,CAMERA,1788521971793598.990	,0,NPU:2
2,CAMERA,1788521971893595.970	,0,NPU:2
2,CAMERA,1788521971993592.820	,0,NPU:2
2,CAMERA,1788521972093590.900	,0,NPU:2
2,CAMERA,1788521972193595.900	,0,NPU:2
2,CAMERA,1788521972293597.240	,0,NPU:2
2,CAMERA,1788521972393636.480	,0,NPU:2
2,CAMERA,1788521972493583.490	,0,NPU:2
2,CAMERA,1788521972593645.590	,0,NPU:2
2,CAMERA,1788521972693633.820	,0,NPU:2
2,CAMERA,1788521972793603.790	,0,NPU:2
2,CAMERA,1788521972893580.480	,0,NPU:2
2,CAMERA,1788521972993578.140	,0,NPU:2
2,CAMERA,1788521973093574.880	,0,NPU:2
2,CAMERA,1788521973193573.610	,0,NPU:2
2,CAMERA,1788521973293574.060	,0,NPU:2
2,CAMERA,1788521973398586.880	,0,NPU:2
2,CAMERA,1788521973493599.570	,0,NPU:2
2,CAMERA,1788521973559819.670	,0,NPU:2
2,ASCENDCL,1788521953993841.910	,0,NPU:2
2,ASCENDCL,1788521954093690.790	,0,NPU:2
2,ASCENDCL,1788521954193665.180	,0,NPU:2
2,ASCENDCL,1788521954293650.080	,0,NPU:2
2,ASCENDCL,1788521954393654.040	,0,NPU:2
2,ASCENDCL,1788521954493648.730	,0,NPU:2
2,ASCENDCL,1788521954593645.540	,0,NPU:2
2,ASCENDCL,1788521954693640.150	,0,NPU:2
2,ASCENDCL,1788521954793649.950	,0,NPU:2
2,ASCENDCL,1788521954893661.680	,0,NPU:2
2,ASCENDCL,1788521954993678.410	,0,NPU:2
2,ASCENDCL,1788521955093652.720	,0,NPU:2
2,ASCENDCL,1788521955193653.270	,0,NPU:2
2,ASCENDCL,1788521955293648.860	,0,NPU:2
2,ASCENDCL,1788521955393649.220	,0,NPU:2
2,ASCENDCL,1788521955493655.280	,0,NPU:2
2,ASCENDCL,1788521955593651.590	,0,NPU:2
2,ASCENDCL,1788521955693640.580	,0,NPU:2
2,ASCENDCL,1788521955793638.250	,0,NPU:2
2,ASCENDCL,1788521955893682.250	,0,NPU:2
2,ASCENDCL,1788521955993682.480	,0,NPU:2
2,ASCENDCL,1788521956093711.640	,0,NPU:2
2,ASCENDCL,1788521956193672.410	,0,NPU:2
2,ASCENDCL,1788521956293669.740	,0,NPU:2
2,ASCENDCL,1788521956393666.240	,0,NPU:2
2,ASCENDCL,1788521956493676.590	,0,NPU:2
2,ASCENDCL,1788521956593710.650	,0,NPU:2
2,ASCENDCL,1788521956693695.830	,0,NPU:2
2,ASCENDCL,1788521956793695.140	,0,NPU:2
2,ASCENDCL,1788521956893673.320	,0,NPU:2
2,ASCENDCL,1788521956993679.850	,0,NPU:2
2,ASCENDCL,1788521957093679.860	,0,NPU:2
2,ASCENDCL,1788521957193708.460	,0,NPU:2
2,ASCENDCL,1788521957293678.900	,0,NPU:2
2,ASCENDCL,1788521957393665.400	,0,NPU:2
2,ASCENDCL,1788521957493670.700	,0,NPU:2
2,ASCENDCL,1788521957593669.370	,0,NPU:2
2,ASCENDCL,1788521957693681.180	,0,NPU:2
2,ASCENDCL,1788521957793669.280	,0,NPU:2
2,ASCENDCL,1788521957893667.600	,0,NPU:2
2,ASCENDCL,1788521957993664.330	,0,NPU:2
2,ASCENDCL,1788521958093664.530	,0,NPU:2
2,ASCENDCL,1788521958193664.090	,0,NPU:2
2,ASCENDCL,1788521958293676.530	,0,NPU:2
2,ASCENDCL,1788521958393683.270	,0,NPU:2
2,ASCENDCL,1788521958493690.880	,0,NPU:2
2,ASCENDCL,1788521958593674.040	,0,NPU:2
2,ASCENDCL,1788521958693683.820	,0,NPU:2
2,ASCENDCL,1788521958793687.320	,0,NPU:2
2,ASCENDCL,1788521958893675.330	,0,NPU:2
2,ASCENDCL,1788521958993662.280	,0,NPU:2
2,ASCENDCL,1788521959093657.900	,0,NPU:2
2,ASCENDCL,1788521959193640.610	,0,NPU:2
2,ASCENDCL,1788521959293669.420	,0,NPU:2
2,ASCENDCL,1788521959393659.330	,0,NPU:2
2,ASCENDCL,1788521959493656.680	,0,NPU:2
2,ASCENDCL,1788521959593664.410	,0,NPU:2
2,ASCENDCL,1788521959693659.180	,0,NPU:2
2,ASCENDCL,1788521959793659.090	,0,NPU:2
2,ASCENDCL,1788521959893653.390	,0,NPU:2
2,ASCENDCL,1788521959993636.630	,0,NPU:2
2,ASCENDCL,1788521960093661.640	,0,NPU:2
2,ASCENDCL,1788521960193659.550	,0,NPU:2
2,ASCENDCL,1788521960293650.620	,0,NPU:2
2,ASCENDCL,1788521960393656.970	,0,NPU:2
2,ASCENDCL,1788521960493672.410	,0,NPU:2
2,ASCENDCL,1788521960593660.010	,0,NPU:2
2,ASCENDCL,1788521960693662.400	,0,NPU:2
2,ASCENDCL,1788521960793664.020	,0,NPU:2
2,ASCENDCL,1788521960893665.010	,0,NPU:2
2,ASCENDCL,1788521960993655.530	,0,NPU:2
2,ASCENDCL,1788521961093650.430	,0,NPU:2
2,ASCENDCL,1788521961193659.590	,0,NPU:2
2,ASCENDCL,1788521961293649.550	,0,NPU:2
2,ASCENDCL,1788521961393660.560	,0,NPU:2
2,ASCENDCL,1788521961493646.430	,0,NPU:2
2,ASCENDCL,1788521961593653.540	,0,NPU:2
2,ASCENDCL,1788521961693653.280	,0,NPU:2
2,ASCENDCL,1788521961793655.640	,0,NPU:2
2,ASCENDCL,1788521961893663.700	,0,NPU:2
2,ASCENDCL,1788521961993679.720	,0,NPU:2
2,ASCENDCL,1788521962093650.320	,0,NPU:2
2,ASCENDCL,1788521962193649.320	,0,NPU:2
2,ASCENDCL,1788521962293681.190	,0,NPU:2
2,ASCENDCL,1788521962393648.310	,0,NPU:2
2,ASCENDCL,1788521962493648.610	,0,NPU:2
2,ASCENDCL,1788521962593658.720	,0,NPU:2
2,ASCENDCL,1788521962693658.470	,0,NPU:2
2,ASCENDCL,1788521962793647.510	,0,NPU:2
2,ASCENDCL,1788521962893648.970	,0,NPU:2
2,ASCENDCL,1788521962993649.820	,0,NPU:2
2,ASCENDCL,1788521963093652.370	,0,NPU:2
2,ASCENDCL,1788521963193660.920	,0,NPU:2
2,ASCENDCL,1788521963293649.500	,0,NPU:2
2,ASCENDCL,1788521963393652.840	,0,NPU:2
2,ASCENDCL,1788521963493633.730	,0,NPU:2
2,ASCENDCL,1788521963593627.750	,0,NPU:2
2,ASCENDCL,1788521963693630.860	,0,NPU:2
2,ASCENDCL,1788521963793626.500	,0,NPU:2
2,ASCENDCL,1788521963893625.660	,0,NPU:2
2,ASCENDCL,1788521963993619.870	,0,NPU:2
2,ASCENDCL,1788521964093623.630	,0,NPU:2
2,ASCENDCL,1788521964193621.680	,0,NPU:2
2,ASCENDCL,1788521964293631.730	,0,NPU:2
2,ASCENDCL,1788521964393624.810	,0,NPU:2
2,ASCENDCL,1788521964493617.160	,0,NPU:2
2,ASCENDCL,1788521964593612.810	,0,NPU:2
2,ASCENDCL,1788521964693630.030	,0,NPU:2
2,ASCENDCL,1788521964793640.010	,0,NPU:2
2,ASCENDCL,1788521964893621.970	,0,NPU:2
2,ASCENDCL,1788521964993624.260	,0,NPU:2
2,ASCENDCL,1788521965093632.600	,0,NPU:2
2,ASCENDCL,1788521965193623.140	,0,NPU:2
2,ASCENDCL,1788521965293738.890	,0,NPU:2
2,ASCENDCL,1788521965393669.470	,0,NPU:2
2,ASCENDCL,1788521965493639.540	,0,NPU:2
2,ASCENDCL,1788521965593628.350	,0,NPU:2
2,ASCENDCL,1788521965693649.400	,0,NPU:2
2,ASCENDCL,1788521965793641.400	,0,NPU:2
2,ASCENDCL,1788521965893687.370	,0,NPU:2
2,ASCENDCL,1788521965993646.290	,0,NPU:2
2,ASCENDCL,1788521966093625.790	,0,NPU:2
2,ASCENDCL,1788521966193628.540	,0,NPU:2
2,ASCENDCL,1788521966293643.340	,0,NPU:2
2,ASCENDCL,1788521966393613.490	,0,NPU:2
2,ASCENDCL,1788521966493642.110	,0,NPU:2
2,ASCENDCL,1788521966593639.740	,0,NPU:2
2,ASCENDCL,1788521966693630.120	,0,NPU:2
2,ASCENDCL,1788521966793623.110	,0,NPU:2
2,ASCENDCL,1788521966893628.080	,0,NPU:2
2,ASCENDCL,1788521966993649.050	,0,NPU:2
2,ASCENDCL,1788521967093643.280	,0,NPU:2
2,ASCENDCL,1788521967193636.760	,0,NPU:2
2,ASCENDCL,1788521967293664.510	,0,NPU:2
2,ASCENDCL,1788521967393646.400	,0,NPU:2
2,ASCENDCL,1788521967493631.880	,0,NPU:2
2,ASCENDCL,1788521967593619.300	,0,NPU:2
2,ASCENDCL,1788521967693635.480	,0,NPU:2
2,ASCENDCL,1788521967793629.620	,0,NPU:2
2,ASCENDCL,1788521967893659.030	,0,NPU:2
2,ASCENDCL,1788521967993639.300	,0,NPU:2
2,ASCENDCL,1788521968093616.460	,0,NPU:2
2,ASCENDCL,1788521968193600.750	,0,NPU:2
2,ASCENDCL,1788521968293604.310	,0,NPU:2
2,ASCENDCL,1788521968393642.290	,0,NPU:2
2,ASCENDCL,1788521968493641.350	,0,NPU:2
2,ASCENDCL,1788521968593635.460	,0,NPU:2
2,ASCENDCL,1788521968693623.120	,0,NPU:2
2,ASCENDCL,1788521968793603.210	,0,NPU:2
2,ASCENDCL,1788521968893622.880	,0,NPU:2
2,ASCENDCL,1788521968993646.280	,0,NPU:2
2,ASCENDCL,1788521969093618.190	,0,NPU:2
2,ASCENDCL,1788521969193625.210	,0,NPU:2
2,ASCENDCL,1788521969293613.860	,0,NPU:2
2,ASCENDCL,1788521969393631.150	,0,NPU:2
2,ASCENDCL,1788521969493645.190	,0,NPU:2
2,ASCENDCL,1788521969593630.620	,0,NPU:2
2,ASCENDCL,1788521969693629.060	,0,NPU:2
2,ASCENDCL,1788521969793629.990	,0,NPU:2
2,ASCENDCL,1788521969893608.320	,0,NPU:2
2,ASCENDCL,1788521969993610.590	,0,NPU:2
2,ASCENDCL,1788521970093630.140	,0,NPU:2
2,ASCENDCL,1788521970193626.490	,0,NPU:2
2,ASCENDCL,1788521970293611.210	,0,NPU:2
2,ASCENDCL,1788521970393601.790	,0,NPU:2
2,ASCENDCL,1788521970493628.800	,0,NPU:2
2,ASCENDCL,1788521970593625.850	,0,NPU:2
2,ASCENDCL,1788521970693643.880	,0,NPU:2
2,ASCENDCL,1788521970793609.650	,0,NPU:2
2,ASCENDCL,1788521970893621.640	,0,NPU:2
2,ASCENDCL,1788521970993613.030	,0,NPU:2
2,ASCENDCL,1788521971093591.550	,0,NPU:2
2,ASCENDCL,1788521971193601.230	,0,NPU:2
2,ASCENDCL,1788521971293601.060	,0,NPU:2
2,ASCENDCL,1788521971393594.380	,0,NPU:2
2,ASCENDCL,1788521971493608.280	,0,NPU:2
2,ASCENDCL,1788521971593612.580	,0,NPU:2
2,ASCENDCL,1788521971693592.100	,0,NPU:2
2,ASCENDCL,1788521971793598.990	,0,NPU:2
2,ASCENDCL,1788521971893595.970	,0,NPU:2
2,ASCENDCL,1788521971993592.820	,0,NPU:2
2,ASCENDCL,1788521972093590.900	,0,NPU:2
2,ASCENDCL,1788521972193595.900	,0,NPU:2
2,ASCENDCL,1788521972293597.240	,0,NPU:2
2,ASCENDCL,1788521972393636.480	,0,NPU:2
2,ASCENDCL,1788521972493583.490	,0,NPU:2
2,ASCENDCL,1788521972593645.590	,0,NPU:2
2,ASCENDCL,1788521972693633.820	,0,NPU:2
2,ASCENDCL,1788521972793603.790	,0,NPU:2
2,ASCENDCL,1788521972893580.480	,0,NPU:2
2,ASCENDCL,1788521972993578.140	,0,NPU:2
2,ASCENDCL,1788521973093574.880	,0,NPU:2
2,ASCENDCL,1788521973193573.610	,0,NPU:2
2,ASCENDCL,1788521973293574.060	,0,NPU:2
2,ASCENDCL,1788521973398586.880	,0,NPU:2
2,ASCENDCL,1788521973493599.570	,0,NPU:2
2,ASCENDCL,1788521973559819.670	,0,NPU:2
2,TEEOS,1788521953993841.910	,0,NPU:2
2,TEEOS,1788521954093690.790	,0,NPU:2
2,TEEOS,1788521954193665.180	,0,NPU:2
2,TEEOS,1788521954293650.080	,0,NPU:2
2,TEEOS,1788521954393654.040	,0,NPU:2
2,TEEOS,1788521954493648.730	,0,NPU:2
2,TEEOS,1788521954593645.540	,0,NPU:2
2,TEEOS,1788521954693640.150	,0,NPU:2
2,TEEOS,1788521954793649.950	,0,NPU:2
2,TEEOS,1788521954893661.680	,0,NPU:2
2,TEEOS,1788521954993678.410	,0,NPU:2
2,TEEOS,1788521955093652.720	,0,NPU:2
2,TEEOS,1788521955193653.270	,0,NPU:2
2,TEEOS,1788521955293648.860	,0,NPU:2
2,TEEOS,1788521955393649.220	,0,NPU:2
2,TEEOS,1788521955493655.280	,0,NPU:2
2,TEEOS,1788521955593651.590	,0,NPU:2
2,TEEOS,1788521955693640.580	,0,NPU:2
2,TEEOS,1788521955793638.250	,0,NPU:2
2,TEEOS,1788521955893682.250	,0,NPU:2
2,TEEOS,1788521955993682.480	,0,NPU:2
2,TEEOS,1788521956093711.640	,0,NPU:2
2,TEEOS,1788521956193672.410	,0,NPU:2
2,TEEOS,1788521956293669.740	,0,NPU:2
2,TEEOS,1788521956393666.240	,0,NPU:2
2,TEEOS,1788521956493676.590	,0,NPU:2
2,TEEOS,1788521956593710.650	,0,NPU:2
2,TEEOS,1788521956693695.830	,0,NPU:2
2,TEEOS,1788521956793695.140	,0,NPU:2
2,TEEOS,1788521956893673.320	,0,NPU:2
2,TEEOS,1788521956993679.850	,0,NPU:2
2,TEEOS,1788521957093679.860	,0,NPU:2
2,TEEOS,1788521957193708.460	,0,NPU:2
2,TEEOS,1788521957293678.900	,0,NPU:2
2,TEEOS,1788521957393665.400	,0,NPU:2
2,TEEOS,1788521957493670.700	,0,NPU:2
2,TEEOS,1788521957593669.370	,0,NPU:2
2,TEEOS,1788521957693681.180	,0,NPU:2
2,TEEOS,1788521957793669.280	,0,NPU:2
2,TEEOS,1788521957893667.600	,0,NPU:2
2,TEEOS,1788521957993664.330	,0,NPU:2
2,TEEOS,1788521958093664.530	,0,NPU:2
2,TEEOS,1788521958193664.090	,0,NPU:2
2,TEEOS,1788521958293676.530	,0,NPU:2
2,TEEOS,1788521958393683.270	,0,NPU:2
2,TEEOS,1788521958493690.880	,0,NPU:2
2,TEEOS,1788521958593674.040	,0,NPU:2
2,TEEOS,1788521958693683.820	,0,NPU:2
2,TEEOS,1788521958793687.320	,0,NPU:2
2,TEEOS,1788521958893675.330	,0,NPU:2
2,TEEOS,1788521958993662.280	,0,NPU:2
2,TEEOS,1788521959093657.900	,0,NPU:2
2,TEEOS,1788521959193640.610	,0,NPU:2
2,TEEOS,1788521959293669.420	,0,NPU:2
2,TEEOS,1788521959393659.330	,0,NPU:2
2,TEEOS,1788521959493656.680	,0,NPU:2
2,TEEOS,1788521959593664.410	,0,NPU:2
2,TEEOS,1788521959693659.180	,0,NPU:2
2,TEEOS,1788521959793659.090	,0,NPU:2
2,TEEOS,1788521959893653.390	,0,NPU:2
2,TEEOS,1788521959993636.630	,0,NPU:2
2,TEEOS,1788521960093661.640	,0,NPU:2
2,TEEOS,1788521960193659.550	,0,NPU:2
2,TEEOS,1788521960293650.620	,0,NPU:2
2,TEEOS,1788521960393656.970	,0,NPU:2
2,TEEOS,1788521960493672.410	,0,NPU:2
2,TEEOS,1788521960593660.010	,0,NPU:2
2,TEEOS,1788521960693662.400	,0,NPU:2
2,TEEOS,1788521960793664.020	,0,NPU:2
2,TEEOS,1788521960893665.010	,0,NPU:2
2,TEEOS,1788521960993655.530	,0,NPU:2
2,TEEOS,1788521961093650.430	,0,NPU:2
2,TEEOS,1788521961193659.590	,0,NPU:2
2,TEEOS,1788521961293649.550	,0,NPU:2
2,TEEOS,1788521961393660.560	,0,NPU:2
2,TEEOS,1788521961493646.430	,0,NPU:2
2,TEEOS,1788521961593653.540	,0,NPU:2
2,TEEOS,1788521961693653.280	,0,NPU:2
2,TEEOS,1788521961793655.640	,0,NPU:2
2,TEEOS,1788521961893663.700	,0,NPU:2
2,TEEOS,1788521961993679.720	,0,NPU:2
2,TEEOS,1788521962093650.320	,0,NPU:2
2,TEEOS,1788521962193649.320	,0,NPU:2
2,TEEOS,1788521962293681.190	,0,NPU:2
2,TEEOS,1788521962393648.310	,0,NPU:2
2,TEEOS,1788521962493648.610	,0,NPU:2
2,TEEOS,1788521962593658.720	,0,NPU:2
2,TEEOS,1788521962693658.470	,0,NPU:2
2,TEEOS,1788521962793647.510	,0,NPU:2
2,TEEOS,1788521962893648.970	,0,NPU:2
2,TEEOS,1788521962993649.820	,0,NPU:2
2,TEEOS,1788521963093652.370	,0,NPU:2
2,TEEOS,1788521963193660.920	,0,NPU:2
2,TEEOS,1788521963293649.500	,0,NPU:2
2,TEEOS,1788521963393652.840	,0,NPU:2
2,TEEOS,1788521963493633.730	,0,NPU:2
2,TEEOS,1788521963593627.750	,0,NPU:2
2,TEEOS,1788521963693630.860	,0,NPU:2
2,TEEOS,1788521963793626.500	,0,NPU:2
2,TEEOS,1788521963893625.660	,0,NPU:2
2,TEEOS,1788521963993619.870	,0,NPU:2
2,TEEOS,1788521964093623.630	,0,NPU:2
2,TEEOS,1788521964193621.680	,0,NPU:2
2,TEEOS,1788521964293631.730	,0,NPU:2
2,TEEOS,1788521964393624.810	,0,NPU:2
2,TEEOS,1788521964493617.160	,0,NPU:2
2,TEEOS,1788521964593612.810	,0,NPU:2
2,TEEOS,1788521964693630.030	,0,NPU:2
2,TEEOS,1788521964793640.010	,0,NPU:2
2,TEEOS,1788521964893621.970	,0,NPU:2
2,TEEOS,1788521964993624.260	,0,NPU:2
2,TEEOS,1788521965093632.600	,0,NPU:2
2,TEEOS,1788521965193623.140	,0,NPU:2
2,TEEOS,1788521965293738.890	,0,NPU:2
2,TEEOS,1788521965393669.470	,0,NPU:2
2,TEEOS,1788521965493639.540	,0,NPU:2
2,TEEOS,1788521965593628.350	,0,NPU:2
2,TEEOS,1788521965693649.400	,0,NPU:2
2,TEEOS,1788521965793641.400	,0,NPU:2
2,TEEOS,1788521965893687.370	,0,NPU:2
2,TEEOS,1788521965993646.290	,0,NPU:2
2,TEEOS,1788521966093625.790	,0,NPU:2
2,TEEOS,1788521966193628.540	,0,NPU:2
2,TEEOS,1788521966293643.340	,0,NPU:2
2,TEEOS,1788521966393613.490	,0,NPU:2
2,TEEOS,1788521966493642.110	,0,NPU:2
2,TEEOS,1788521966593639.740	,0,NPU:2
2,TEEOS,1788521966693630.120	,0,NPU:2
2,TEEOS,1788521966793623.110	,0,NPU:2
2,TEEOS,1788521966893628.080	,0,NPU:2
2,TEEOS,1788521966993649.050	,0,NPU:2
2,TEEOS,1788521967093643.280	,0,NPU:2
2,TEEOS,1788521967193636.760	,0,NPU:2
2,TEEOS,1788521967293664.510	,0,NPU:2
2,TEEOS,1788521967393646.400	,0,NPU:2
2,TEEOS,1788521967493631.880	,0,NPU:2
2,TEEOS,1788521967593619.300	,0,NPU:2
2,TEEOS,1788521967693635.480	,0,NPU:2
2,TEEOS,1788521967793629.620	,0,NPU:2
2,TEEOS,1788521967893659.030	,0,NPU:2
2,TEEOS,1788521967993639.300	,0,NPU:2
2,TEEOS,1788521968093616.460	,0,NPU:2
2,TEEOS,1788521968193600.750	,0,NPU:2
2,TEEOS,1788521968293604.310	,0,NPU:2
2,TEEOS,1788521968393642.290	,0,NPU:2
2,TEEOS,1788521968493641.350	,0,NPU:2
2,TEEOS,1788521968593635.460	,0,NPU:2
2,TEEOS,1788521968693623.120	,0,NPU:2
2,TEEOS,1788521968793603.210	,0,NPU:2
2,TEEOS,1788521968893622.880	,0,NPU:2
2,TEEOS,1788521968993646.280	,0,NPU:2
2,TEEOS,1788521969093618.190	,0,NPU:2
2,TEEOS,1788521969193625.210	,0,NPU:2
2,TEEOS,1788521969293613.860	,0,NPU:2
2,TEEOS,1788521969393631.150	,0,NPU:2
2,TEEOS,1788521969493645.190	,0,NPU:2
2,TEEOS,1788521969593630.620	,0,NPU:2
2,TEEOS,1788521969693629.060	,0,NPU:2
2,TEEOS,1788521969793629.990	,0,NPU:2
2,TEEOS,1788521969893608.320	,0,NPU:2
2,TEEOS,1788521969993610.590	,0,NPU:2
2,TEEOS,1788521970093630.140	,0,NPU:2
2,TEEOS,1788521970193626.490	,0,NPU:2
2,TEEOS,1788521970293611.210	,0,NPU:2
2,TEEOS,1788521970393601.790	,0,NPU:2
2,TEEOS,1788521970493628.800	,0,NPU:2
2,TEEOS,1788521970593625.850	,0,NPU:2
2,TEEOS,1788521970693643.880	,0,NPU:2
2,TEEOS,1788521970793609.650	,0,NPU:2
2,TEEOS,1788521970893621.640	,0,NPU:2
2,TEEOS,1788521970993613.030	,0,NPU:2
2,TEEOS,1788521971093591.550	,0,NPU:2
2,TEEOS,1788521971193601.230	,0,NPU:2
2,TEEOS,1788521971293601.060	,0,NPU:2
2,TEEOS,1788521971393594.380	,0,NPU:2
2,TEEOS,1788521971493608.280	,0,NPU:2
2,TEEOS,1788521971593612.580	,0,NPU:2
2,TEEOS,1788521971693592.100	,0,NPU:2
2,TEEOS,1788521971793598.990	,0,NPU:2
2,TEEOS,1788521971893595.970	,0,NPU:2
2,TEEOS,1788521971993592.820	,0,NPU:2
2,TEEOS,1788521972093590.900	,0,NPU:2
2,TEEOS,1788521972193595.900	,0,NPU:2
2,TEEOS,1788521972293597.240	,0,NPU:2
2,TEEOS,1788521972393636.480	,0,NPU:2
2,TEEOS,1788521972493583.490	,0,NPU:2
2,TEEOS,1788521972593645.590	,0,NPU:2
2,TEEOS,1788521972693633.820	,0,NPU:2
2,TEEOS,1788521972793603.790	,0,NPU:2
2,TEEOS,1788521972893580.480	,0,NPU:2
2,TEEOS,1788521972993578.140	,0,NPU:2
2,TEEOS,1788521973093574.880	,0,NPU:2
2,TEEOS,1788521973193573.610	,0,NPU:2
2,TEEOS,1788521973293574.060	,0,NPU:2
2,TEEOS,1788521973398586.880	,0,NPU:2
2,TEEOS,1788521973493599.570	,0,NPU:2
2,TEEOS,1788521973559819.670	,0,NPU:2
2,ISP,1788521953993841.910	,0,NPU:2
2,ISP,1788521954093690.790	,0,NPU:2
2,ISP,1788521954193665.180	,0,NPU:2
2,ISP,1788521954293650.080	,0,NPU:2
2,ISP,1788521954393654.040	,0,NPU:2
2,ISP,1788521954493648.730	,0,NPU:2
2,ISP,1788521954593645.540	,0,NPU:2
2,ISP,1788521954693640.150	,0,NPU:2
2,ISP,1788521954793649.950	,0,NPU:2
2,ISP,1788521954893661.680	,0,NPU:2
2,ISP,1788521954993678.410	,0,NPU:2
2,ISP,1788521955093652.720	,0,NPU:2
2,ISP,1788521955193653.270	,0,NPU:2
2,ISP,1788521955293648.860	,0,NPU:2
2,ISP,1788521955393649.220	,0,NPU:2
2,ISP,1788521955493655.280	,0,NPU:2
2,ISP,1788521955593651.590	,0,NPU:2
2,ISP,1788521955693640.580	,0,NPU:2
2,ISP,1788521955793638.250	,0,NPU:2
2,ISP,1788521955893682.250	,0,NPU:2
2,ISP,1788521955993682.480	,0,NPU:2
2,ISP,1788521956093711.640	,0,NPU:2
2,ISP,1788521956193672.410	,0,NPU:2
2,ISP,1788521956293669.740	,0,NPU:2
2,ISP,1788521956393666.240	,0,NPU:2
2,ISP,1788521956493676.590	,0,NPU:2
2,ISP,1788521956593710.650	,0,NPU:2
2,ISP,1788521956693695.830	,0,NPU:2
2,ISP,1788521956793695.140	,0,NPU:2
2,ISP,1788521956893673.320	,0,NPU:2
2,ISP,1788521956993679.850	,0,NPU:2
2,ISP,1788521957093679.860	,0,NPU:2
2,ISP,1788521957193708.460	,0,NPU:2
2,ISP,1788521957293678.900	,0,NPU:2
2,ISP,1788521957393665.400	,0,NPU:2
2,ISP,1788521957493670.700	,0,NPU:2
2,ISP,1788521957593669.370	,0,NPU:2
2,ISP,1788521957693681.180	,0,NPU:2
2,ISP,1788521957793669.280	,0,NPU:2
2,ISP,1788521957893667.600	,0,NPU:2
2,ISP,1788521957993664.330	,0,NPU:2
2,ISP,1788521958093664.530	,0,NPU:2
2,ISP,1788521958193664.090	,0,NPU:2
2,ISP,1788521958293676.530	,0,NPU:2
2,ISP,1788521958393683.270	,0,NPU:2
2,ISP,1788521958493690.880	,0,NPU:2
2,ISP,1788521958593674.040	,0,NPU:2
2,ISP,1788521958693683.820	,0,NPU:2
2,ISP,1788521958793687.320	,0,NPU:2
2,ISP,1788521958893675.330	,0,NPU:2
2,ISP,1788521958993662.280	,0,NPU:2
2,ISP,1788521959093657.900	,0,NPU:2
2,ISP,1788521959193640.610	,0,NPU:2
2,ISP,1788521959293669.420	,0,NPU:2
2,ISP,1788521959393659.330	,0,NPU:2
2,ISP,1788521959493656.680	,0,NPU:2
2,ISP,1788521959593664.410	,0,NPU:2
2,ISP,1788521959693659.180	,0,NPU:2
2,ISP,1788521959793659.090	,0,NPU:2
2,ISP,1788521959893653.390	,0,NPU:2
2,ISP,1788521959993636.630	,0,NPU:2
2,ISP,1788521960093661.640	,0,NPU:2
2,ISP,1788521960193659.550	,0,NPU:2
2,ISP,1788521960293650.620	,0,NPU:2
2,ISP,1788521960393656.970	,0,NPU:2
2,ISP,1788521960493672.410	,0,NPU:2
2,ISP,1788521960593660.010	,0,NPU:2
2,ISP,1788521960693662.400	,0,NPU:2
2,ISP,1788521960793664.020	,0,NPU:2
2,ISP,1788521960893665.010	,0,NPU:2
2,ISP,1788521960993655.530	,0,NPU:2
2,ISP,1788521961093650.430	,0,NPU:2
2,ISP,1788521961193659.590	,0,NPU:2
2,ISP,1788521961293649.550	,0,NPU:2
2,ISP,1788521961393660.560	,0,NPU:2
2,ISP,1788521961493646.430	,0,NPU:2
2,ISP,1788521961593653.540	,0,NPU:2
2,ISP,1788521961693653.280	,0,NPU:2
2,ISP,1788521961793655.640	,0,NPU:2
2,ISP,1788521961893663.700	,0,NPU:2
2,ISP,1788521961993679.720	,0,NPU:2
2,ISP,1788521962093650.320	,0,NPU:2
2,ISP,1788521962193649.320	,0,NPU:2
2,ISP,1788521962293681.190	,0,NPU:2
2,ISP,1788521962393648.310	,0,NPU:2
2,ISP,1788521962493648.610	,0,NPU:2
2,ISP,1788521962593658.720	,0,NPU:2
2,ISP,1788521962693658.470	,0,NPU:2
2,ISP,1788521962793647.510	,0,NPU:2
2,ISP,1788521962893648.970	,0,NPU:2
2,ISP,1788521962993649.820	,0,NPU:2
2,ISP,1788521963093652.370	,0,NPU:2
2,ISP,1788521963193660.920	,0,NPU:2
2,ISP,1788521963293649.500	,0,NPU:2
2,ISP,1788521963393652.840	,0,NPU:2
2,ISP,1788521963493633.730	,0,NPU:2
2,ISP,1788521963593627.750	,0,NPU:2
2,ISP,1788521963693630.860	,0,NPU:2
2,ISP,1788521963793626.500	,0,NPU:2
2,ISP,1788521963893625.660	,0,NPU:2
2,ISP,1788521963993619.870	,0,NPU:2
2,ISP,1788521964093623.630	,0,NPU:2
2,ISP,1788521964193621.680	,0,NPU:2
2,ISP,1788521964293631.730	,0,NPU:2
2,ISP,1788521964393624.810	,0,NPU:2
2,ISP,1788521964493617.160	,0,NPU:2
2,ISP,1788521964593612.810	,0,NPU:2
2,ISP,1788521964693630.030	,0,NPU:2
2,ISP,1788521964793640.010	,0,NPU:2
2,ISP,1788521964893621.970	,0,NPU:2
2,ISP,1788521964993624.260	,0,NPU:2
2,ISP,1788521965093632.600	,0,NPU:2
2,ISP,1788521965193623.140	,0,NPU:2
2,ISP,1788521965293738.890	,0,NPU:2
2,ISP,1788521965393669.470	,0,NPU:2
2,ISP,1788521965493639.540	,0,NPU:2
2,ISP,1788521965593628.350	,0,NPU:2
2,ISP,1788521965693649.400	,0,NPU:2
2,ISP,1788521965793641.400	,0,NPU:2
2,ISP,1788521965893687.370	,0,NPU:2
2,ISP,1788521965993646.290	,0,NPU:2
2,ISP,1788521966093625.790	,0,NPU:2
2,ISP,1788521966193628.540	,0,NPU:2
2,ISP,1788521966293643.340	,0,NPU:2
2,ISP,1788521966393613.490	,0,NPU:2
2,ISP,1788521966493642.110	,0,NPU:2
2,ISP,1788521966593639.740	,0,NPU:2
2,ISP,1788521966693630.120	,0,NPU:2
2,ISP,1788521966793623.110	,0,NPU:2
2,ISP,1788521966893628.080	,0,NPU:2
2,ISP,1788521966993649.050	,0,NPU:2
2,ISP,1788521967093643.280	,0,NPU:2
2,ISP,1788521967193636.760	,0,NPU:2
2,ISP,1788521967293664.510	,0,NPU:2
2,ISP,1788521967393646.400	,0,NPU:2
2,ISP,1788521967493631.880	,0,NPU:2
2,ISP,1788521967593619.300	,0,NPU:2
2,ISP,1788521967693635.480	,0,NPU:2
2,ISP,1788521967793629.620	,0,NPU:2
2,ISP,1788521967893659.030	,0,NPU:2
2,ISP,1788521967993639.300	,0,NPU:2
2,ISP,1788521968093616.460	,0,NPU:2
2,ISP,1788521968193600.750	,0,NPU:2
2,ISP,1788521968293604.310	,0,NPU:2
2,ISP,1788521968393642.290	,0,NPU:2
2,ISP,1788521968493641.350	,0,NPU:2
2,ISP,1788521968593635.460	,0,NPU:2
2,ISP,1788521968693623.120	,0,NPU:2
2,ISP,1788521968793603.210	,0,NPU:2
2,ISP,1788521968893622.880	,0,NPU:2
2,ISP,1788521968993646.280	,0,NPU:2
2,ISP,1788521969093618.190	,0,NPU:2
2,ISP,1788521969193625.210	,0,NPU:2
2,ISP,1788521969293613.860	,0,NPU:2
2,ISP,1788521969393631.150	,0,NPU:2
2,ISP,1788521969493645.190	,0,NPU:2
2,ISP,1788521969593630.620	,0,NPU:2
2,ISP,1788521969693629.060	,0,NPU:2
2,ISP,1788521969793629.990	,0,NPU:2
2,ISP,1788521969893608.320	,0,NPU:2
2,ISP,1788521969993610.590	,0,NPU:2
2,ISP,1788521970093630.140	,0,NPU:2
2,ISP,1788521970193626.490	,0,NPU:2
2,ISP,1788521970293611.210	,0,NPU:2
2,ISP,1788521970393601.790	,0,NPU:2
2,ISP,1788521970493628.800	,0,NPU:2
2,ISP,1788521970593625.850	,0,NPU:2
2,ISP,1788521970693643.880	,0,NPU:2
2,ISP,1788521970793609.650	,0,NPU:2
2,ISP,1788521970893621.640	,0,NPU:2
2,ISP,1788521970993613.030	,0,NPU:2
2,ISP,1788521971093591.550	,0,NPU:2
2,ISP,1788521971193601.230	,0,NPU:2
2,ISP,1788521971293601.060	,0,NPU:2
2,ISP,1788521971393594.380	,0,NPU:2
2,ISP,1788521971493608.280	,0,NPU:2
2,ISP,1788521971593612.580	,0,NPU:2
2,ISP,1788521971693592.100	,0,NPU:2
2,ISP,1788521971793598.990	,0,NPU:2
2,ISP,1788521971893595.970	,0,NPU:2
2,ISP,1788521971993592.820	,0,NPU:2
2,ISP,1788521972093590.900	,0,NPU:2
2,ISP,1788521972193595.900	,0,NPU:2
2,ISP,1788521972293597.240	,0,NPU:2
2,ISP,1788521972393636.480	,0,NPU:2
2,ISP,1788521972493583.490	,0,NPU:2
2,ISP,1788521972593645.590	,0,NPU:2
2,ISP,1788521972693633.820	,0,NPU:2
2,ISP,1788521972793603.790	,0,NPU:2
2,ISP,1788521972893580.480	,0,NPU:2
2,ISP,1788521972993578.140	,0,NPU:2
2,ISP,1788521973093574.880	,0,NPU:2
2,ISP,1788521973193573.610	,0,NPU:2
2,ISP,1788521973293574.060	,0,NPU:2
2,ISP,1788521973398586.880	,0,NPU:2
2,ISP,1788521973493599.570	,0,NPU:2
2,ISP,1788521973559819.670	,0,NPU:2
2,SIS,1788521953993841.910	,0,NPU:2
2,SIS,1788521954093690.790	,0,NPU:2
2,SIS,1788521954193665.180	,0,NPU:2
2,SIS,1788521954293650.080	,0,NPU:2
2,SIS,1788521954393654.040	,0,NPU:2
2,SIS,1788521954493648.730	,0,NPU:2
2,SIS,1788521954593645.540	,0,NPU:2
2,SIS,1788521954693640.150	,0,NPU:2
2,SIS,1788521954793649.950	,0,NPU:2
2,SIS,1788521954893661.680	,0,NPU:2
2,SIS,1788521954993678.410	,0,NPU:2
2,SIS,1788521955093652.720	,0,NPU:2
2,SIS,1788521955193653.270	,0,NPU:2
2,SIS,1788521955293648.860	,0,NPU:2
2,SIS,1788521955393649.220	,0,NPU:2
2,SIS,1788521955493655.280	,0,NPU:2
2,SIS,1788521955593651.590	,0,NPU:2
2,SIS,1788521955693640.580	,0,NPU:2
2,SIS,1788521955793638.250	,0,NPU:2
2,SIS,1788521955893682.250	,0,NPU:2
2,SIS,1788521955993682.480	,0,NPU:2
2,SIS,1788521956093711.640	,0,NPU:2
2,SIS,1788521956193672.410	,0,NPU:2
2,SIS,1788521956293669.740	,0,NPU:2
2,SIS,1788521956393666.240	,0,NPU:2
2,SIS,1788521956493676.590	,0,NPU:2
2,SIS,1788521956593710.650	,0,NPU:2
2,SIS,1788521956693695.830	,0,NPU:2
2,SIS,1788521956793695.140	,0,NPU:2
2,SIS,1788521956893673.320	,0,NPU:2
2,SIS,1788521956993679.850	,0,NPU:2
2,SIS,1788521957093679.860	,0,NPU:2
2,SIS,1788521957193708.460	,0,NPU:2
2,SIS,1788521957293678.900	,0,NPU:2
2,SIS,1788521957393665.400	,0,NPU:2
2,SIS,1788521957493670.700	,0,NPU:2
2,SIS,1788521957593669.370	,0,NPU:2
2,SIS,1788521957693681.180	,0,NPU:2
2,SIS,1788521957793669.280	,0,NPU:2
2,SIS,1788521957893667.600	,0,NPU:2
2,SIS,1788521957993664.330	,0,NPU:2
2,SIS,1788521958093664.530	,0,NPU:2
2,SIS,1788521958193664.090	,0,NPU:2
2,SIS,1788521958293676.530	,0,NPU:2
2,SIS,1788521958393683.270	,0,NPU:2
2,SIS,1788521958493690.880	,0,NPU:2
2,SIS,1788521958593674.040	,0,NPU:2
2,SIS,1788521958693683.820	,0,NPU:2
2,SIS,1788521958793687.320	,0,NPU:2
2,SIS,1788521958893675.330	,0,NPU:2
2,SIS,1788521958993662.280	,0,NPU:2
2,SIS,1788521959093657.900	,0,NPU:2
2,SIS,1788521959193640.610	,0,NPU:2
2,SIS,1788521959293669.420	,0,NPU:2
2,SIS,1788521959393659.330	,0,NPU:2
2,SIS,1788521959493656.680	,0,NPU:2
2,SIS,1788521959593664.410	,0,NPU:2
2,SIS,1788521959693659.180	,0,NPU:2
2,SIS,1788521959793659.090	,0,NPU:2
2,SIS,1788521959893653.390	,0,NPU:2
2,SIS,1788521959993636.630	,0,NPU:2
2,SIS,1788521960093661.640	,0,NPU:2
2,SIS,1788521960193659.550	,0,NPU:2
2,SIS,1788521960293650.620	,0,NPU:2
2,SIS,1788521960393656.970	,0,NPU:2
2,SIS,1788521960493672.410	,0,NPU:2
2,SIS,1788521960593660.010	,0,NPU:2
2,SIS,1788521960693662.400	,0,NPU:2
2,SIS,1788521960793664.020	,0,NPU:2
2,SIS,1788521960893665.010	,0,NPU:2
2,SIS,1788521960993655.530	,0,NPU:2
2,SIS,1788521961093650.430	,0,NPU:2
2,SIS,1788521961193659.590	,0,NPU:2
2,SIS,1788521961293649.550	,0,NPU:2
2,SIS,1788521961393660.560	,0,NPU:2
2,SIS,1788521961493646.430	,0,NPU:2
2,SIS,1788521961593653.540	,0,NPU:2
2,SIS,1788521961693653.280	,0,NPU:2
2,SIS,1788521961793655.640	,0,NPU:2
2,SIS,1788521961893663.700	,0,NPU:2
2,SIS,1788521961993679.720	,0,NPU:2
2,SIS,1788521962093650.320	,0,NPU:2
2,SIS,1788521962193649.320	,0,NPU:2
2,SIS,1788521962293681.190	,0,NPU:2
2,SIS,1788521962393648.310	,0,NPU:2
2,SIS,1788521962493648.610	,0,NPU:2
2,SIS,1788521962593658.720	,0,NPU:2
2,SIS,1788521962693658.470	,0,NPU:2
2,SIS,1788521962793647.510	,0,NPU:2
2,SIS,1788521962893648.970	,0,NPU:2
2,SIS,1788521962993649.820	,0,NPU:2
2,SIS,1788521963093652.370	,0,NPU:2
2,SIS,1788521963193660.920	,0,NPU:2
2,SIS,1788521963293649.500	,0,NPU:2
2,SIS,1788521963393652.840	,0,NPU:2
2,SIS,1788521963493633.730	,0,NPU:2
2,SIS,1788521963593627.750	,0,NPU:2
2,SIS,1788521963693630.860	,0,NPU:2
2,SIS,1788521963793626.500	,0,NPU:2
2,SIS,1788521963893625.660	,0,NPU:2
2,SIS,1788521963993619.870	,0,NPU:2
2,SIS,1788521964093623.630	,0,NPU:2
2,SIS,1788521964193621.680	,0,NPU:2
2,SIS,1788521964293631.730	,0,NPU:2
2,SIS,1788521964393624.810	,0,NPU:2
2,SIS,1788521964493617.160	,0,NPU:2
2,SIS,1788521964593612.810	,0,NPU:2
2,SIS,1788521964693630.030	,0,NPU:2
2,SIS,1788521964793640.010	,0,NPU:2
2,SIS,1788521964893621.970	,0,NPU:2
2,SIS,1788521964993624.260	,0,NPU:2
2,SIS,1788521965093632.600	,0,NPU:2
2,SIS,1788521965193623.140	,0,NPU:2
2,SIS,1788521965293738.890	,0,NPU:2
2,SIS,1788521965393669.470	,0,NPU:2
2,SIS,1788521965493639.540	,0,NPU:2
2,SIS,1788521965593628.350	,0,NPU:2
2,SIS,1788521965693649.400	,0,NPU:2
2,SIS,1788521965793641.400	,0,NPU:2
2,SIS,1788521965893687.370	,0,NPU:2
2,SIS,1788521965993646.290	,0,NPU:2
2,SIS,1788521966093625.790	,0,NPU:2
2,SIS,1788521966193628.540	,0,NPU:2
2,SIS,1788521966293643.340	,0,NPU:2
2,SIS,1788521966393613.490	,0,NPU:2
2,SIS,1788521966493642.110	,0,NPU:2
2,SIS,1788521966593639.740	,0,NPU:2
2,SIS,1788521966693630.120	,0,NPU:2
2,SIS,1788521966793623.110	,0,NPU:2
2,SIS,1788521966893628.080	,0,NPU:2
2,SIS,1788521966993649.050	,0,NPU:2
2,SIS,1788521967093643.280	,0,NPU:2
2,SIS,1788521967193636.760	,0,NPU:2
2,SIS,1788521967293664.510	,0,NPU:2
2,SIS,1788521967393646.400	,0,NPU:2
2,SIS,1788521967493631.880	,0,NPU:2
2,SIS,1788521967593619.300	,0,NPU:2
2,SIS,1788521967693635.480	,0,NPU:2
2,SIS,1788521967793629.620	,0,NPU:2
2,SIS,1788521967893659.030	,0,NPU:2
2,SIS,1788521967993639.300	,0,NPU:2
2,SIS,1788521968093616.460	,0,NPU:2
2,SIS,1788521968193600.750	,0,NPU:2
2,SIS,1788521968293604.310	,0,NPU:2
2,SIS,1788521968393642.290	,0,NPU:2
2,SIS,1788521968493641.350	,0,NPU:2
2,SIS,1788521968593635.460	,0,NPU:2
2,SIS,1788521968693623.120	,0,NPU:2
2,SIS,1788521968793603.210	,0,NPU:2
2,SIS,1788521968893622.880	,0,NPU:2
2,SIS,1788521968993646.280	,0,NPU:2
2,SIS,1788521969093618.190	,0,NPU:2
2,SIS,1788521969193625.210	,0,NPU:2
2,SIS,1788521969293613.860	,0,NPU:2
2,SIS,1788521969393631.150	,0,NPU:2
2,SIS,1788521969493645.190	,0,NPU:2
2,SIS,1788521969593630.620	,0,NPU:2
2,SIS,1788521969693629.060	,0,NPU:2
2,SIS,1788521969793629.990	,0,NPU:2
2,SIS,1788521969893608.320	,0,NPU:2
2,SIS,1788521969993610.590	,0,NPU:2
2,SIS,1788521970093630.140	,0,NPU:2
2,SIS,1788521970193626.490	,0,NPU:2
2,SIS,1788521970293611.210	,0,NPU:2
2,SIS,1788521970393601.790	,0,NPU:2
2,SIS,1788521970493628.800	,0,NPU:2
2,SIS,1788521970593625.850	,0,NPU:2
2,SIS,1788521970693643.880	,0,NPU:2
2,SIS,1788521970793609.650	,0,NPU:2
2,SIS,1788521970893621.640	,0,NPU:2
2,SIS,1788521970993613.030	,0,NPU:2
2,SIS,1788521971093591.550	,0,NPU:2
2,SIS,1788521971193601.230	,0,NPU:2
2,SIS,1788521971293601.060	,0,NPU:2
2,SIS,1788521971393594.380	,0,NPU:2
2,SIS,1788521971493608.280	,0,NPU:2
2,SIS,1788521971593612.580	,0,NPU:2
2,SIS,1788521971693592.100	,0,NPU:2
2,SIS,1788521971793598.990	,0,NPU:2
2,SIS,1788521971893595.970	,0,NPU:2
2,SIS,1788521971993592.820	,0,NPU:2
2,SIS,1788521972093590.900	,0,NPU:2
2,SIS,1788521972193595.900	,0,NPU:2
2,SIS,1788521972293597.240	,0,NPU:2
2,SIS,1788521972393636.480	,0,NPU:2
2,SIS,1788521972493583.490	,0,NPU:2
2,SIS,1788521972593645.590	,0,NPU:2
2,SIS,1788521972693633.820	,0,NPU:2
2,SIS,1788521972793603.790	,0,NPU:2
2,SIS,1788521972893580.480	,0,NPU:2
2,SIS,1788521972993578.140	,0,NPU:2
2,SIS,1788521973093574.880	,0,NPU:2
2,SIS,1788521973193573.610	,0,NPU:2
2,SIS,1788521973293574.060	,0,NPU:2
2,SIS,1788521973398586.880	,0,NPU:2
2,SIS,1788521973493599.570	,0,NPU:2
2,SIS,1788521973559819.670	,0,NPU:2
2,HSM,1788521953993841.910	,0,NPU:2
2,HSM,1788521954093690.790	,0,NPU:2
2,HSM,1788521954193665.180	,0,NPU:2
2,HSM,1788521954293650.080	,0,NPU:2
2,HSM,1788521954393654.040	,0,NPU:2
2,HSM,1788521954493648.730	,0,NPU:2
2,HSM,1788521954593645.540	,0,NPU:2
2,HSM,1788521954693640.150	,0,NPU:2
2,HSM,1788521954793649.950	,0,NPU:2
2,HSM,1788521954893661.680	,0,NPU:2
2,HSM,1788521954993678.410	,0,NPU:2
2,HSM,1788521955093652.720	,0,NPU:2
2,HSM,1788521955193653.270	,0,NPU:2
2,HSM,1788521955293648.860	,0,NPU:2
2,HSM,1788521955393649.220	,0,NPU:2
2,HSM,1788521955493655.280	,0,NPU:2
2,HSM,1788521955593651.590	,0,NPU:2
2,HSM,1788521955693640.580	,0,NPU:2
2,HSM,1788521955793638.250	,0,NPU:2
2,HSM,1788521955893682.250	,0,NPU:2
2,HSM,1788521955993682.480	,0,NPU:2
2,HSM,1788521956093711.640	,0,NPU:2
2,HSM,1788521956193672.410	,0,NPU:2
2,HSM,1788521956293669.740	,0,NPU:2
2,HSM,1788521956393666.240	,0,NPU:2
2,HSM,1788521956493676.590	,0,NPU:2
2,HSM,1788521956593710.650	,0,NPU:2
2,HSM,1788521956693695.830	,0,NPU:2
2,HSM,1788521956793695.140	,0,NPU:2
2,HSM,1788521956893673.320	,0,NPU:2
2,HSM,1788521956993679.850	,0,NPU:2
2,HSM,1788521957093679.860	,0,NPU:2
2,HSM,1788521957193708.460	,0,NPU:2
2,HSM,1788521957293678.900	,0,NPU:2
2,HSM,1788521957393665.400	,0,NPU:2
2,HSM,1788521957493670.700	,0,NPU:2
2,HSM,1788521957593669.370	,0,NPU:2
2,HSM,1788521957693681.180	,0,NPU:2
2,HSM,1788521957793669.280	,0,NPU:2
2,HSM,1788521957893667.600	,0,NPU:2
2,HSM,1788521957993664.330	,0,NPU:2
2,HSM,1788521958093664.530	,0,NPU:2
2,HSM,1788521958193664.090	,0,NPU:2
2,HSM,1788521958293676.530	,0,NPU:2
2,HSM,1788521958393683.270	,0,NPU:2
2,HSM,1788521958493690.880	,0,NPU:2
2,HSM,1788521958593674.040	,0,NPU:2
2,HSM,1788521958693683.820	,0,NPU:2
2,HSM,1788521958793687.320	,0,NPU:2
2,HSM,1788521958893675.330	,0,NPU:2
2,HSM,1788521958993662.280	,0,NPU:2
2,HSM,1788521959093657.900	,0,NPU:2
2,HSM,1788521959193640.610	,0,NPU:2
2,HSM,1788521959293669.420	,0,NPU:2
2,HSM,1788521959393659.330	,0,NPU:2
2,HSM,1788521959493656.680	,0,NPU:2
2,HSM,1788521959593664.410	,0,NPU:2
2,HSM,1788521959693659.180	,0,NPU:2
2,HSM,1788521959793659.090	,0,NPU:2
2,HSM,1788521959893653.390	,0,NPU:2
2,HSM,1788521959993636.630	,0,NPU:2
2,HSM,1788521960093661.640	,0,NPU:2
2,HSM,1788521960193659.550	,0,NPU:2
2,HSM,1788521960293650.620	,0,NPU:2
2,HSM,1788521960393656.970	,0,NPU:2
2,HSM,1788521960493672.410	,0,NPU:2
2,HSM,1788521960593660.010	,0,NPU:2
2,HSM,1788521960693662.400	,0,NPU:2
2,HSM,1788521960793664.020	,0,NPU:2
2,HSM,1788521960893665.010	,0,NPU:2
2,HSM,1788521960993655.530	,0,NPU:2
2,HSM,1788521961093650.430	,0,NPU:2
2,HSM,1788521961193659.590	,0,NPU:2
2,HSM,1788521961293649.550	,0,NPU:2
2,HSM,1788521961393660.560	,0,NPU:2
2,HSM,1788521961493646.430	,0,NPU:2
2,HSM,1788521961593653.540	,0,NPU:2
2,HSM,1788521961693653.280	,0,NPU:2
2,HSM,1788521961793655.640	,0,NPU:2
2,HSM,1788521961893663.700	,0,NPU:2
2,HSM,1788521961993679.720	,0,NPU:2
2,HSM,1788521962093650.320	,0,NPU:2
2,HSM,1788521962193649.320	,0,NPU:2
2,HSM,1788521962293681.190	,0,NPU:2
2,HSM,1788521962393648.310	,0,NPU:2
2,HSM,1788521962493648.610	,0,NPU:2
2,HSM,1788521962593658.720	,0,NPU:2
2,HSM,1788521962693658.470	,0,NPU:2
2,HSM,1788521962793647.510	,0,NPU:2
2,HSM,1788521962893648.970	,0,NPU:2
2,HSM,1788521962993649.820	,0,NPU:2
2,HSM,1788521963093652.370	,0,NPU:2
2,HSM,1788521963193660.920	,0,NPU:2
2,HSM,1788521963293649.500	,0,NPU:2
2,HSM,1788521963393652.840	,0,NPU:2
2,HSM,1788521963493633.730	,0,NPU:2
2,HSM,1788521963593627.750	,0,NPU:2
2,HSM,1788521963693630.860	,0,NPU:2
2,HSM,1788521963793626.500	,0,NPU:2
2,HSM,1788521963893625.660	,0,NPU:2
2,HSM,1788521963993619.870	,0,NPU:2
2,HSM,1788521964093623.630	,0,NPU:2
2,HSM,1788521964193621.680	,0,NPU:2
2,HSM,1788521964293631.730	,0,NPU:2
2,HSM,1788521964393624.810	,0,NPU:2
2,HSM,1788521964493617.160	,0,NPU:2
2,HSM,1788521964593612.810	,0,NPU:2
2,HSM,1788521964693630.030	,0,NPU:2
2,HSM,1788521964793640.010	,0,NPU:2
2,HSM,1788521964893621.970	,0,NPU:2
2,HSM,1788521964993624.260	,0,NPU:2
2,HSM,1788521965093632.600	,0,NPU:2
2,HSM,1788521965193623.140	,0,NPU:2
2,HSM,1788521965293738.890	,0,NPU:2
2,HSM,1788521965393669.470	,0,NPU:2
2,HSM,1788521965493639.540	,0,NPU:2
2,HSM,1788521965593628.350	,0,NPU:2
2,HSM,1788521965693649.400	,0,NPU:2
2,HSM,1788521965793641.400	,0,NPU:2
2,HSM,1788521965893687.370	,0,NPU:2
2,HSM,1788521965993646.290	,0,NPU:2
2,HSM,1788521966093625.790	,0,NPU:2
2,HSM,1788521966193628.540	,0,NPU:2
2,HSM,1788521966293643.340	,0,NPU:2
2,HSM,1788521966393613.490	,0,NPU:2
2,HSM,1788521966493642.110	,0,NPU:2
2,HSM,1788521966593639.740	,0,NPU:2
2,HSM,1788521966693630.120	,0,NPU:2
2,HSM,1788521966793623.110	,0,NPU:2
2,HSM,1788521966893628.080	,0,NPU:2
2,HSM,1788521966993649.050	,0,NPU:2
2,HSM,1788521967093643.280	,0,NPU:2
2,HSM,1788521967193636.760	,0,NPU:2
2,HSM,1788521967293664.510	,0,NPU:2
2,HSM,1788521967393646.400	,0,NPU:2
2,HSM,1788521967493631.880	,0,NPU:2
2,HSM,1788521967593619.300	,0,NPU:2
2,HSM,1788521967693635.480	,0,NPU:2
2,HSM,1788521967793629.620	,0,NPU:2
2,HSM,1788521967893659.030	,0,NPU:2
2,HSM,1788521967993639.300	,0,NPU:2
2,HSM,1788521968093616.460	,0,NPU:2
2,HSM,1788521968193600.750	,0,NPU:2
2,HSM,1788521968293604.310	,0,NPU:2
2,HSM,1788521968393642.290	,0,NPU:2
2,HSM,1788521968493641.350	,0,NPU:2
2,HSM,1788521968593635.460	,0,NPU:2
2,HSM,1788521968693623.120	,0,NPU:2
2,HSM,1788521968793603.210	,0,NPU:2
2,HSM,1788521968893622.880	,0,NPU:2
2,HSM,1788521968993646.280	,0,NPU:2
2,HSM,1788521969093618.190	,0,NPU:2
2,HSM,1788521969193625.210	,0,NPU:2
2,HSM,1788521969293613.860	,0,NPU:2
2,HSM,1788521969393631.150	,0,NPU:2
2,HSM,1788521969493645.190	,0,NPU:2
2,HSM,1788521969593630.620	,0,NPU:2
2,HSM,1788521969693629.060	,0,NPU:2
2,HSM,1788521969793629.990	,0,NPU:2
2,HSM,1788521969893608.320	,0,NPU:2
2,HSM,1788521969993610.590	,0,NPU:2
2,HSM,1788521970093630.140	,0,NPU:2
2,HSM,1788521970193626.490	,0,NPU:2
2,HSM,1788521970293611.210	,0,NPU:2
2,HSM,1788521970393601.790	,0,NPU:2
2,HSM,1788521970493628.800	,0,NPU:2
2,HSM,1788521970593625.850	,0,NPU:2
2,HSM,1788521970693643.880	,0,NPU:2
2,HSM,1788521970793609.650	,0,NPU:2
2,HSM,1788521970893621.640	,0,NPU:2
2,HSM,1788521970993613.030	,0,NPU:2
2,HSM,1788521971093591.550	,0,NPU:2
2,HSM,1788521971193601.230	,0,NPU:2
2,HSM,1788521971293601.060	,0,NPU:2
2,HSM,1788521971393594.380	,0,NPU:2
2,HSM,1788521971493608.280	,0,NPU:2
2,HSM,1788521971593612.580	,0,NPU:2
2,HSM,1788521971693592.100	,0,NPU:2
2,HSM,1788521971793598.990	,0,NPU:2
2,HSM,1788521971893595.970	,0,NPU:2
2,HSM,1788521971993592.820	,0,NPU:2
2,HSM,1788521972093590.900	,0,NPU:2
2,HSM,1788521972193595.900	,0,NPU:2
2,HSM,1788521972293597.240	,0,NPU:2
2,HSM,1788521972393636.480	,0,NPU:2
2,HSM,1788521972493583.490	,0,NPU:2
2,HSM,1788521972593645.590	,0,NPU:2
2,HSM,1788521972693633.820	,0,NPU:2
2,HSM,1788521972793603.790	,0,NPU:2
2,HSM,1788521972893580.480	,0,NPU:2
2,HSM,1788521972993578.140	,0,NPU:2
2,HSM,1788521973093574.880	,0,NPU:2
2,HSM,1788521973193573.610	,0,NPU:2
2,HSM,1788521973293574.060	,0,NPU:2
2,HSM,1788521973398586.880	,0,NPU:2
2,HSM,1788521973493599.570	,0,NPU:2
2,HSM,1788521973559819.670	,0,NPU:2
2,DSS,1788521953993841.910	,0,NPU:2
2,DSS,1788521954093690.790	,0,NPU:2
2,DSS,1788521954193665.180	,0,NPU:2
2,DSS,1788521954293650.080	,0,NPU:2
2,DSS,1788521954393654.040	,0,NPU:2
2,DSS,1788521954493648.730	,0,NPU:2
2,DSS,1788521954593645.540	,0,NPU:2
2,DSS,1788521954693640.150	,0,NPU:2
2,DSS,1788521954793649.950	,0,NPU:2
2,DSS,1788521954893661.680	,0,NPU:2
2,DSS,1788521954993678.410	,0,NPU:2
2,DSS,1788521955093652.720	,0,NPU:2
2,DSS,1788521955193653.270	,0,NPU:2
2,DSS,1788521955293648.860	,0,NPU:2
2,DSS,1788521955393649.220	,0,NPU:2
2,DSS,1788521955493655.280	,0,NPU:2
2,DSS,1788521955593651.590	,0,NPU:2
2,DSS,1788521955693640.580	,0,NPU:2
2,DSS,1788521955793638.250	,0,NPU:2
2,DSS,1788521955893682.250	,0,NPU:2
2,DSS,1788521955993682.480	,0,NPU:2
2,DSS,1788521956093711.640	,0,NPU:2
2,DSS,1788521956193672.410	,0,NPU:2
2,DSS,1788521956293669.740	,0,NPU:2
2,DSS,1788521956393666.240	,0,NPU:2
2,DSS,1788521956493676.590	,0,NPU:2
2,DSS,1788521956593710.650	,0,NPU:2
2,DSS,1788521956693695.830	,0,NPU:2
2,DSS,1788521956793695.140	,0,NPU:2
2,DSS,1788521956893673.320	,0,NPU:2
2,DSS,1788521956993679.850	,0,NPU:2
2,DSS,1788521957093679.860	,0,NPU:2
2,DSS,1788521957193708.460	,0,NPU:2
2,DSS,1788521957293678.900	,0,NPU:2
2,DSS,1788521957393665.400	,0,NPU:2
2,DSS,1788521957493670.700	,0,NPU:2
2,DSS,1788521957593669.370	,0,NPU:2
2,DSS,1788521957693681.180	,0,NPU:2
2,DSS,1788521957793669.280	,0,NPU:2
2,DSS,1788521957893667.600	,0,NPU:2
2,DSS,1788521957993664.330	,0,NPU:2
2,DSS,1788521958093664.530	,0,NPU:2
2,DSS,1788521958193664.090	,0,NPU:2
2,DSS,1788521958293676.530	,0,NPU:2
2,DSS,1788521958393683.270	,0,NPU:2
2,DSS,1788521958493690.880	,0,NPU:2
2,DSS,1788521958593674.040	,0,NPU:2
2,DSS,1788521958693683.820	,0,NPU:2
2,DSS,1788521958793687.320	,0,NPU:2
2,DSS,1788521958893675.330	,0,NPU:2
2,DSS,1788521958993662.280	,0,NPU:2
2,DSS,1788521959093657.900	,0,NPU:2
2,DSS,1788521959193640.610	,0,NPU:2
2,DSS,1788521959293669.420	,0,NPU:2
2,DSS,1788521959393659.330	,0,NPU:2
2,DSS,1788521959493656.680	,0,NPU:2
2,DSS,1788521959593664.410	,0,NPU:2
2,DSS,1788521959693659.180	,0,NPU:2
2,DSS,1788521959793659.090	,0,NPU:2
2,DSS,1788521959893653.390	,0,NPU:2
2,DSS,1788521959993636.630	,0,NPU:2
2,DSS,1788521960093661.640	,0,NPU:2
2,DSS,1788521960193659.550	,0,NPU:2
2,DSS,1788521960293650.620	,0,NPU:2
2,DSS,1788521960393656.970	,0,NPU:2
2,DSS,1788521960493672.410	,0,NPU:2
2,DSS,1788521960593660.010	,0,NPU:2
2,DSS,1788521960693662.400	,0,NPU:2
2,DSS,1788521960793664.020	,0,NPU:2
2,DSS,1788521960893665.010	,0,NPU:2
2,DSS,1788521960993655.530	,0,NPU:2
2,DSS,1788521961093650.430	,0,NPU:2
2,DSS,1788521961193659.590	,0,NPU:2
2,DSS,1788521961293649.550	,0,NPU:2
2,DSS,1788521961393660.560	,0,NPU:2
2,DSS,1788521961493646.430	,0,NPU:2
2,DSS,1788521961593653.540	,0,NPU:2
2,DSS,1788521961693653.280	,0,NPU:2
2,DSS,1788521961793655.640	,0,NPU:2
2,DSS,1788521961893663.700	,0,NPU:2
2,DSS,1788521961993679.720	,0,NPU:2
2,DSS,1788521962093650.320	,0,NPU:2
2,DSS,1788521962193649.320	,0,NPU:2
2,DSS,1788521962293681.190	,0,NPU:2
2,DSS,1788521962393648.310	,0,NPU:2
2,DSS,1788521962493648.610	,0,NPU:2
2,DSS,1788521962593658.720	,0,NPU:2
2,DSS,1788521962693658.470	,0,NPU:2
2,DSS,1788521962793647.510	,0,NPU:2
2,DSS,1788521962893648.970	,0,NPU:2
2,DSS,1788521962993649.820	,0,NPU:2
2,DSS,1788521963093652.370	,0,NPU:2
2,DSS,1788521963193660.920	,0,NPU:2
2,DSS,1788521963293649.500	,0,NPU:2
2,DSS,1788521963393652.840	,0,NPU:2
2,DSS,1788521963493633.730	,0,NPU:2
2,DSS,1788521963593627.750	,0,NPU:2
2,DSS,1788521963693630.860	,0,NPU:2
2,DSS,1788521963793626.500	,0,NPU:2
2,DSS,1788521963893625.660	,0,NPU:2
2,DSS,1788521963993619.870	,0,NPU:2
2,DSS,1788521964093623.630	,0,NPU:2
2,DSS,1788521964193621.680	,0,NPU:2
2,DSS,1788521964293631.730	,0,NPU:2
2,DSS,1788521964393624.810	,0,NPU:2
2,DSS,1788521964493617.160	,0,NPU:2
2,DSS,1788521964593612.810	,0,NPU:2
2,DSS,1788521964693630.030	,0,NPU:2
2,DSS,1788521964793640.010	,0,NPU:2
2,DSS,1788521964893621.970	,0,NPU:2
2,DSS,1788521964993624.260	,0,NPU:2
2,DSS,1788521965093632.600	,0,NPU:2
2,DSS,1788521965193623.140	,0,NPU:2
2,DSS,1788521965293738.890	,0,NPU:2
2,DSS,1788521965393669.470	,0,NPU:2
2,DSS,1788521965493639.540	,0,NPU:2
2,DSS,1788521965593628.350	,0,NPU:2
2,DSS,1788521965693649.400	,0,NPU:2
2,DSS,1788521965793641.400	,0,NPU:2
2,DSS,1788521965893687.370	,0,NPU:2
2,DSS,1788521965993646.290	,0,NPU:2
2,DSS,1788521966093625.790	,0,NPU:2
2,DSS,1788521966193628.540	,0,NPU:2
2,DSS,1788521966293643.340	,0,NPU:2
2,DSS,1788521966393613.490	,0,NPU:2
2,DSS,1788521966493642.110	,0,NPU:2
2,DSS,1788521966593639.740	,0,NPU:2
2,DSS,1788521966693630.120	,0,NPU:2
2,DSS,1788521966793623.110	,0,NPU:2
2,DSS,1788521966893628.080	,0,NPU:2
2,DSS,1788521966993649.050	,0,NPU:2
2,DSS,1788521967093643.280	,0,NPU:2
2,DSS,1788521967193636.760	,0,NPU:2
2,DSS,1788521967293664.510	,0,NPU:2
2,DSS,1788521967393646.400	,0,NPU:2
2,DSS,1788521967493631.880	,0,NPU:2
2,DSS,1788521967593619.300	,0,NPU:2
2,DSS,1788521967693635.480	,0,NPU:2
2,DSS,1788521967793629.620	,0,NPU:2
2,DSS,1788521967893659.030	,0,NPU:2
2,DSS,1788521967993639.300	,0,NPU:2
2,DSS,1788521968093616.460	,0,NPU:2
2,DSS,1788521968193600.750	,0,NPU:2
2,DSS,1788521968293604.310	,0,NPU:2
2,DSS,1788521968393642.290	,0,NPU:2
2,DSS,1788521968493641.350	,0,NPU:2
2,DSS,1788521968593635.460	,0,NPU:2
2,DSS,1788521968693623.120	,0,NPU:2
2,DSS,1788521968793603.210	,0,NPU:2
2,DSS,1788521968893622.880	,0,NPU:2
2,DSS,1788521968993646.280	,0,NPU:2
2,DSS,1788521969093618.190	,0,NPU:2
2,DSS,1788521969193625.210	,0,NPU:2
2,DSS,1788521969293613.860	,0,NPU:2
2,DSS,1788521969393631.150	,0,NPU:2
2,DSS,1788521969493645.190	,0,NPU:2
2,DSS,1788521969593630.620	,0,NPU:2
2,DSS,1788521969693629.060	,0,NPU:2
2,DSS,1788521969793629.990	,0,NPU:2
2,DSS,1788521969893608.320	,0,NPU:2
2,DSS,1788521969993610.590	,0,NPU:2
2,DSS,1788521970093630.140	,0,NPU:2
2,DSS,1788521970193626.490	,0,NPU:2
2,DSS,1788521970293611.210	,0,NPU:2
2,DSS,1788521970393601.790	,0,NPU:2
2,DSS,1788521970493628.800	,0,NPU:2
2,DSS,1788521970593625.850	,0,NPU:2
2,DSS,1788521970693643.880	,0,NPU:2
2,DSS,1788521970793609.650	,0,NPU:2
2,DSS,1788521970893621.640	,0,NPU:2
2,DSS,1788521970993613.030	,0,NPU:2
2,DSS,1788521971093591.550	,0,NPU:2
2,DSS,1788521971193601.230	,0,NPU:2
2,DSS,1788521971293601.060	,0,NPU:2
2,DSS,1788521971393594.380	,0,NPU:2
2,DSS,1788521971493608.280	,0,NPU:2
2,DSS,1788521971593612.580	,0,NPU:2
2,DSS,1788521971693592.100	,0,NPU:2
2,DSS,1788521971793598.990	,0,NPU:2
2,DSS,1788521971893595.970	,0,NPU:2
2,DSS,1788521971993592.820	,0,NPU:2
2,DSS,1788521972093590.900	,0,NPU:2
2,DSS,1788521972193595.900	,0,NPU:2
2,DSS,1788521972293597.240	,0,NPU:2
2,DSS,1788521972393636.480	,0,NPU:2
2,DSS,1788521972493583.490	,0,NPU:2
2,DSS,1788521972593645.590	,0,NPU:2
2,DSS,1788521972693633.820	,0,NPU:2
2,DSS,1788521972793603.790	,0,NPU:2
2,DSS,1788521972893580.480	,0,NPU:2
2,DSS,1788521972993578.140	,0,NPU:2
2,DSS,1788521973093574.880	,0,NPU:2
2,DSS,1788521973193573.610	,0,NPU:2
2,DSS,1788521973293574.060	,0,NPU:2
2,DSS,1788521973398586.880	,0,NPU:2
2,DSS,1788521973493599.570	,0,NPU:2
2,DSS,1788521973559819.670	,0,NPU:2
2,PROCMGR,1788521953993841.910	,0,NPU:2
2,PROCMGR,1788521954093690.790	,0,NPU:2
2,PROCMGR,1788521954193665.180	,0,NPU:2
2,PROCMGR,1788521954293650.080	,0,NPU:2
2,PROCMGR,1788521954393654.040	,0,NPU:2
2,PROCMGR,1788521954493648.730	,0,NPU:2
2,PROCMGR,1788521954593645.540	,0,NPU:2
2,PROCMGR,1788521954693640.150	,0,NPU:2
2,PROCMGR,1788521954793649.950	,0,NPU:2
2,PROCMGR,1788521954893661.680	,0,NPU:2
2,PROCMGR,1788521954993678.410	,0,NPU:2
2,PROCMGR,1788521955093652.720	,0,NPU:2
2,PROCMGR,1788521955193653.270	,0,NPU:2
2,PROCMGR,1788521955293648.860	,0,NPU:2
2,PROCMGR,1788521955393649.220	,0,NPU:2
2,PROCMGR,1788521955493655.280	,0,NPU:2
2,PROCMGR,1788521955593651.590	,0,NPU:2
2,PROCMGR,1788521955693640.580	,0,NPU:2
2,PROCMGR,1788521955793638.250	,0,NPU:2
2,PROCMGR,1788521955893682.250	,0,NPU:2
2,PROCMGR,1788521955993682.480	,0,NPU:2
2,PROCMGR,1788521956093711.640	,0,NPU:2
2,PROCMGR,1788521956193672.410	,0,NPU:2
2,PROCMGR,1788521956293669.740	,0,NPU:2
2,PROCMGR,1788521956393666.240	,0,NPU:2
2,PROCMGR,1788521956493676.590	,0,NPU:2
2,PROCMGR,1788521956593710.650	,0,NPU:2
2,PROCMGR,1788521956693695.830	,0,NPU:2
2,PROCMGR,1788521956793695.140	,0,NPU:2
2,PROCMGR,1788521956893673.320	,0,NPU:2
2,PROCMGR,1788521956993679.850	,0,NPU:2
2,PROCMGR,1788521957093679.860	,0,NPU:2
2,PROCMGR,1788521957193708.460	,0,NPU:2
2,PROCMGR,1788521957293678.900	,0,NPU:2
2,PROCMGR,1788521957393665.400	,0,NPU:2
2,PROCMGR,1788521957493670.700	,0,NPU:2
2,PROCMGR,1788521957593669.370	,0,NPU:2
2,PROCMGR,1788521957693681.180	,0,NPU:2
2,PROCMGR,1788521957793669.280	,0,NPU:2
2,PROCMGR,1788521957893667.600	,0,NPU:2
2,PROCMGR,1788521957993664.330	,0,NPU:2
2,PROCMGR,1788521958093664.530	,0,NPU:2
2,PROCMGR,1788521958193664.090	,0,NPU:2
2,PROCMGR,1788521958293676.530	,0,NPU:2
2,PROCMGR,1788521958393683.270	,0,NPU:2
2,PROCMGR,1788521958493690.880	,0,NPU:2
2,PROCMGR,1788521958593674.040	,0,NPU:2
2,PROCMGR,1788521958693683.820	,0,NPU:2
2,PROCMGR,1788521958793687.320	,0,NPU:2
2,PROCMGR,1788521958893675.330	,0,NPU:2
2,PROCMGR,1788521958993662.280	,0,NPU:2
2,PROCMGR,1788521959093657.900	,0,NPU:2
2,PROCMGR,1788521959193640.610	,0,NPU:2
2,PROCMGR,1788521959293669.420	,0,NPU:2
2,PROCMGR,1788521959393659.330	,0,NPU:2
2,PROCMGR,1788521959493656.680	,0,NPU:2
2,PROCMGR,1788521959593664.410	,0,NPU:2
2,PROCMGR,1788521959693659.180	,0,NPU:2
2,PROCMGR,1788521959793659.090	,0,NPU:2
2,PROCMGR,1788521959893653.390	,0,NPU:2
2,PROCMGR,1788521959993636.630	,0,NPU:2
2,PROCMGR,1788521960093661.640	,0,NPU:2
2,PROCMGR,1788521960193659.550	,0,NPU:2
2,PROCMGR,1788521960293650.620	,0,NPU:2
2,PROCMGR,1788521960393656.970	,0,NPU:2
2,PROCMGR,1788521960493672.410	,0,NPU:2
2,PROCMGR,1788521960593660.010	,0,NPU:2
2,PROCMGR,1788521960693662.400	,0,NPU:2
2,PROCMGR,1788521960793664.020	,0,NPU:2
2,PROCMGR,1788521960893665.010	,0,NPU:2
2,PROCMGR,1788521960993655.530	,0,NPU:2
2,PROCMGR,1788521961093650.430	,0,NPU:2
2,PROCMGR,1788521961193659.590	,0,NPU:2
2,PROCMGR,1788521961293649.550	,0,NPU:2
2,PROCMGR,1788521961393660.560	,0,NPU:2
2,PROCMGR,1788521961493646.430	,0,NPU:2
2,PROCMGR,1788521961593653.540	,0,NPU:2
2,PROCMGR,1788521961693653.280	,0,NPU:2
2,PROCMGR,1788521961793655.640	,0,NPU:2
2,PROCMGR,1788521961893663.700	,0,NPU:2
2,PROCMGR,1788521961993679.720	,0,NPU:2
2,PROCMGR,1788521962093650.320	,0,NPU:2
2,PROCMGR,1788521962193649.320	,0,NPU:2
2,PROCMGR,1788521962293681.190	,0,NPU:2
2,PROCMGR,1788521962393648.310	,0,NPU:2
2,PROCMGR,1788521962493648.610	,0,NPU:2
2,PROCMGR,1788521962593658.720	,0,NPU:2
2,PROCMGR,1788521962693658.470	,0,NPU:2
2,PROCMGR,1788521962793647.510	,0,NPU:2
2,PROCMGR,1788521962893648.970	,0,NPU:2
2,PROCMGR,1788521962993649.820	,0,NPU:2
2,PROCMGR,1788521963093652.370	,0,NPU:2
2,PROCMGR,1788521963193660.920	,0,NPU:2
2,PROCMGR,1788521963293649.500	,0,NPU:2
2,PROCMGR,1788521963393652.840	,0,NPU:2
2,PROCMGR,1788521963493633.730	,0,NPU:2
2,PROCMGR,1788521963593627.750	,0,NPU:2
2,PROCMGR,1788521963693630.860	,0,NPU:2
2,PROCMGR,1788521963793626.500	,0,NPU:2
2,PROCMGR,1788521963893625.660	,0,NPU:2
2,PROCMGR,1788521963993619.870	,0,NPU:2
2,PROCMGR,1788521964093623.630	,0,NPU:2
2,PROCMGR,1788521964193621.680	,0,NPU:2
2,PROCMGR,1788521964293631.730	,0,NPU:2
2,PROCMGR,1788521964393624.810	,0,NPU:2
2,PROCMGR,1788521964493617.160	,0,NPU:2
2,PROCMGR,1788521964593612.810	,0,NPU:2
2,PROCMGR,1788521964693630.030	,0,NPU:2
2,PROCMGR,1788521964793640.010	,0,NPU:2
2,PROCMGR,1788521964893621.970	,0,NPU:2
2,PROCMGR,1788521964993624.260	,0,NPU:2
2,PROCMGR,1788521965093632.600	,0,NPU:2
2,PROCMGR,1788521965193623.140	,0,NPU:2
2,PROCMGR,1788521965293738.890	,0,NPU:2
2,PROCMGR,1788521965393669.470	,0,NPU:2
2,PROCMGR,1788521965493639.540	,0,NPU:2
2,PROCMGR,1788521965593628.350	,0,NPU:2
2,PROCMGR,1788521965693649.400	,0,NPU:2
2,PROCMGR,1788521965793641.400	,0,NPU:2
2,PROCMGR,1788521965893687.370	,0,NPU:2
2,PROCMGR,1788521965993646.290	,0,NPU:2
2,PROCMGR,1788521966093625.790	,0,NPU:2
2,PROCMGR,1788521966193628.540	,0,NPU:2
2,PROCMGR,1788521966293643.340	,0,NPU:2
2,PROCMGR,1788521966393613.490	,0,NPU:2
2,PROCMGR,1788521966493642.110	,0,NPU:2
2,PROCMGR,1788521966593639.740	,0,NPU:2
2,PROCMGR,1788521966693630.120	,0,NPU:2
2,PROCMGR,1788521966793623.110	,0,NPU:2
2,PROCMGR,1788521966893628.080	,0,NPU:2
2,PROCMGR,1788521966993649.050	,0,NPU:2
2,PROCMGR,1788521967093643.280	,0,NPU:2
2,PROCMGR,1788521967193636.760	,0,NPU:2
2,PROCMGR,1788521967293664.510	,0,NPU:2
2,PROCMGR,1788521967393646.400	,0,NPU:2
2,PROCMGR,1788521967493631.880	,0,NPU:2
2,PROCMGR,1788521967593619.300	,0,NPU:2
2,PROCMGR,1788521967693635.480	,0,NPU:2
2,PROCMGR,1788521967793629.620	,0,NPU:2
2,PROCMGR,1788521967893659.030	,0,NPU:2
2,PROCMGR,1788521967993639.300	,0,NPU:2
2,PROCMGR,1788521968093616.460	,0,NPU:2
2,PROCMGR,1788521968193600.750	,0,NPU:2
2,PROCMGR,1788521968293604.310	,0,NPU:2
2,PROCMGR,1788521968393642.290	,0,NPU:2
2,PROCMGR,1788521968493641.350	,0,NPU:2
2,PROCMGR,1788521968593635.460	,0,NPU:2
2,PROCMGR,1788521968693623.120	,0,NPU:2
2,PROCMGR,1788521968793603.210	,0,NPU:2
2,PROCMGR,1788521968893622.880	,0,NPU:2
2,PROCMGR,1788521968993646.280	,0,NPU:2
2,PROCMGR,1788521969093618.190	,0,NPU:2
2,PROCMGR,1788521969193625.210	,0,NPU:2
2,PROCMGR,1788521969293613.860	,0,NPU:2
2,PROCMGR,1788521969393631.150	,0,NPU:2
2,PROCMGR,1788521969493645.190	,0,NPU:2
2,PROCMGR,1788521969593630.620	,0,NPU:2
2,PROCMGR,1788521969693629.060	,0,NPU:2
2,PROCMGR,1788521969793629.990	,0,NPU:2
2,PROCMGR,1788521969893608.320	,0,NPU:2
2,PROCMGR,1788521969993610.590	,0,NPU:2
2,PROCMGR,1788521970093630.140	,0,NPU:2
2,PROCMGR,1788521970193626.490	,0,NPU:2
2,PROCMGR,1788521970293611.210	,0,NPU:2
2,PROCMGR,1788521970393601.790	,0,NPU:2
2,PROCMGR,1788521970493628.800	,0,NPU:2
2,PROCMGR,1788521970593625.850	,0,NPU:2
2,PROCMGR,1788521970693643.880	,0,NPU:2
2,PROCMGR,1788521970793609.650	,0,NPU:2
2,PROCMGR,1788521970893621.640	,0,NPU:2
2,PROCMGR,1788521970993613.030	,0,NPU:2
2,PROCMGR,1788521971093591.550	,0,NPU:2
2,PROCMGR,1788521971193601.230	,0,NPU:2
2,PROCMGR,1788521971293601.060	,0,NPU:2
2,PROCMGR,1788521971393594.380	,0,NPU:2
2,PROCMGR,1788521971493608.280	,0,NPU:2
2,PROCMGR,1788521971593612.580	,0,NPU:2
2,PROCMGR,1788521971693592.100	,0,NPU:2
2,PROCMGR,1788521971793598.990	,0,NPU:2
2,PROCMGR,1788521971893595.970	,0,NPU:2
2,PROCMGR,1788521971993592.820	,0,NPU:2
2,PROCMGR,1788521972093590.900	,0,NPU:2
2,PROCMGR,1788521972193595.900	,0,NPU:2
2,PROCMGR,1788521972293597.240	,0,NPU:2
2,PROCMGR,1788521972393636.480	,0,NPU:2
2,PROCMGR,1788521972493583.490	,0,NPU:2
2,PROCMGR,1788521972593645.590	,0,NPU:2
2,PROCMGR,1788521972693633.820	,0,NPU:2
2,PROCMGR,1788521972793603.790	,0,NPU:2
2,PROCMGR,1788521972893580.480	,0,NPU:2
2,PROCMGR,1788521972993578.140	,0,NPU:2
2,PROCMGR,1788521973093574.880	,0,NPU:2
2,PROCMGR,1788521973193573.610	,0,NPU:2
2,PROCMGR,1788521973293574.060	,0,NPU:2
2,PROCMGR,1788521973398586.880	,0,NPU:2
2,PROCMGR,1788521973493599.570	,0,NPU:2
2,PROCMGR,1788521973559819.670	,0,NPU:2
2,BBOX,1788521953993841.910	,0,NPU:2
2,BBOX,1788521954093690.790	,0,NPU:2
2,BBOX,1788521954193665.180	,0,NPU:2
2,BBOX,1788521954293650.080	,0,NPU:2
2,BBOX,1788521954393654.040	,0,NPU:2
2,BBOX,1788521954493648.730	,0,NPU:2
2,BBOX,1788521954593645.540	,0,NPU:2
2,BBOX,1788521954693640.150	,0,NPU:2
2,BBOX,1788521954793649.950	,0,NPU:2
2,BBOX,1788521954893661.680	,0,NPU:2
2,BBOX,1788521954993678.410	,0,NPU:2
2,BBOX,1788521955093652.720	,0,NPU:2
2,BBOX,1788521955193653.270	,0,NPU:2
2,BBOX,1788521955293648.860	,0,NPU:2
2,BBOX,1788521955393649.220	,0,NPU:2
2,BBOX,1788521955493655.280	,0,NPU:2
2,BBOX,1788521955593651.590	,0,NPU:2
2,BBOX,1788521955693640.580	,0,NPU:2
2,BBOX,1788521955793638.250	,0,NPU:2
2,BBOX,1788521955893682.250	,0,NPU:2
2,BBOX,1788521955993682.480	,0,NPU:2
2,BBOX,1788521956093711.640	,0,NPU:2
2,BBOX,1788521956193672.410	,0,NPU:2
2,BBOX,1788521956293669.740	,0,NPU:2
2,BBOX,1788521956393666.240	,0,NPU:2
2,BBOX,1788521956493676.590	,0,NPU:2
2,BBOX,1788521956593710.650	,0,NPU:2
2,BBOX,1788521956693695.830	,0,NPU:2
2,BBOX,1788521956793695.140	,0,NPU:2
2,BBOX,1788521956893673.320	,0,NPU:2
2,BBOX,1788521956993679.850	,0,NPU:2
2,BBOX,1788521957093679.860	,0,NPU:2
2,BBOX,1788521957193708.460	,0,NPU:2
2,BBOX,1788521957293678.900	,0,NPU:2
2,BBOX,1788521957393665.400	,0,NPU:2
2,BBOX,1788521957493670.700	,0,NPU:2
2,BBOX,1788521957593669.370	,0,NPU:2
2,BBOX,1788521957693681.180	,0,NPU:2
2,BBOX,1788521957793669.280	,0,NPU:2
2,BBOX,1788521957893667.600	,0,NPU:2
2,BBOX,1788521957993664.330	,0,NPU:2
2,BBOX,1788521958093664.530	,0,NPU:2
2,BBOX,1788521958193664.090	,0,NPU:2
2,BBOX,1788521958293676.530	,0,NPU:2
2,BBOX,1788521958393683.270	,0,NPU:2
2,BBOX,1788521958493690.880	,0,NPU:2
2,BBOX,1788521958593674.040	,0,NPU:2
2,BBOX,1788521958693683.820	,0,NPU:2
2,BBOX,1788521958793687.320	,0,NPU:2
2,BBOX,1788521958893675.330	,0,NPU:2
2,BBOX,1788521958993662.280	,0,NPU:2
2,BBOX,1788521959093657.900	,0,NPU:2
2,BBOX,1788521959193640.610	,0,NPU:2
2,BBOX,1788521959293669.420	,0,NPU:2
2,BBOX,1788521959393659.330	,0,NPU:2
2,BBOX,1788521959493656.680	,0,NPU:2
2,BBOX,1788521959593664.410	,0,NPU:2
2,BBOX,1788521959693659.180	,0,NPU:2
2,BBOX,1788521959793659.090	,0,NPU:2
2,BBOX,1788521959893653.390	,0,NPU:2
2,BBOX,1788521959993636.630	,0,NPU:2
2,BBOX,1788521960093661.640	,0,NPU:2
2,BBOX,1788521960193659.550	,0,NPU:2
2,BBOX,1788521960293650.620	,0,NPU:2
2,BBOX,1788521960393656.970	,0,NPU:2
2,BBOX,1788521960493672.410	,0,NPU:2
2,BBOX,1788521960593660.010	,0,NPU:2
2,BBOX,1788521960693662.400	,0,NPU:2
2,BBOX,1788521960793664.020	,0,NPU:2
2,BBOX,1788521960893665.010	,0,NPU:2
2,BBOX,1788521960993655.530	,0,NPU:2
2,BBOX,1788521961093650.430	,0,NPU:2
2,BBOX,1788521961193659.590	,0,NPU:2
2,BBOX,1788521961293649.550	,0,NPU:2
2,BBOX,1788521961393660.560	,0,NPU:2
2,BBOX,1788521961493646.430	,0,NPU:2
2,BBOX,1788521961593653.540	,0,NPU:2
2,BBOX,1788521961693653.280	,0,NPU:2
2,BBOX,1788521961793655.640	,0,NPU:2
2,BBOX,1788521961893663.700	,0,NPU:2
2,BBOX,1788521961993679.720	,0,NPU:2
2,BBOX,1788521962093650.320	,0,NPU:2
2,BBOX,1788521962193649.320	,0,NPU:2
2,BBOX,1788521962293681.190	,0,NPU:2
2,BBOX,1788521962393648.310	,0,NPU:2
2,BBOX,1788521962493648.610	,0,NPU:2
2,BBOX,1788521962593658.720	,0,NPU:2
2,BBOX,1788521962693658.470	,0,NPU:2
2,BBOX,1788521962793647.510	,0,NPU:2
2,BBOX,1788521962893648.970	,0,NPU:2
2,BBOX,1788521962993649.820	,0,NPU:2
2,BBOX,1788521963093652.370	,0,NPU:2
2,BBOX,1788521963193660.920	,0,NPU:2
2,BBOX,1788521963293649.500	,0,NPU:2
2,BBOX,1788521963393652.840	,0,NPU:2
2,BBOX,1788521963493633.730	,0,NPU:2
2,BBOX,1788521963593627.750	,0,NPU:2
2,BBOX,1788521963693630.860	,0,NPU:2
2,BBOX,1788521963793626.500	,0,NPU:2
2,BBOX,1788521963893625.660	,0,NPU:2
2,BBOX,1788521963993619.870	,0,NPU:2
2,BBOX,1788521964093623.630	,0,NPU:2
2,BBOX,1788521964193621.680	,0,NPU:2
2,BBOX,1788521964293631.730	,0,NPU:2
2,BBOX,1788521964393624.810	,0,NPU:2
2,BBOX,1788521964493617.160	,0,NPU:2
2,BBOX,1788521964593612.810	,0,NPU:2
2,BBOX,1788521964693630.030	,0,NPU:2
2,BBOX,1788521964793640.010	,0,NPU:2
2,BBOX,1788521964893621.970	,0,NPU:2
2,BBOX,1788521964993624.260	,0,NPU:2
2,BBOX,1788521965093632.600	,0,NPU:2
2,BBOX,1788521965193623.140	,0,NPU:2
2,BBOX,1788521965293738.890	,0,NPU:2
2,BBOX,1788521965393669.470	,0,NPU:2
2,BBOX,1788521965493639.540	,0,NPU:2
2,BBOX,1788521965593628.350	,0,NPU:2
2,BBOX,1788521965693649.400	,0,NPU:2
2,BBOX,1788521965793641.400	,0,NPU:2
2,BBOX,1788521965893687.370	,0,NPU:2
2,BBOX,1788521965993646.290	,0,NPU:2
2,BBOX,1788521966093625.790	,0,NPU:2
2,BBOX,1788521966193628.540	,0,NPU:2
2,BBOX,1788521966293643.340	,0,NPU:2
2,BBOX,1788521966393613.490	,0,NPU:2
2,BBOX,1788521966493642.110	,0,NPU:2
2,BBOX,1788521966593639.740	,0,NPU:2
2,BBOX,1788521966693630.120	,0,NPU:2
2,BBOX,1788521966793623.110	,0,NPU:2
2,BBOX,1788521966893628.080	,0,NPU:2
2,BBOX,1788521966993649.050	,0,NPU:2
2,BBOX,1788521967093643.280	,0,NPU:2
2,BBOX,1788521967193636.760	,0,NPU:2
2,BBOX,1788521967293664.510	,0,NPU:2
2,BBOX,1788521967393646.400	,0,NPU:2
2,BBOX,1788521967493631.880	,0,NPU:2
2,BBOX,1788521967593619.300	,0,NPU:2
2,BBOX,1788521967693635.480	,0,NPU:2
2,BBOX,1788521967793629.620	,0,NPU:2
2,BBOX,1788521967893659.030	,0,NPU:2
2,BBOX,1788521967993639.300	,0,NPU:2
2,BBOX,1788521968093616.460	,0,NPU:2
2,BBOX,1788521968193600.750	,0,NPU:2
2,BBOX,1788521968293604.310	,0,NPU:2
2,BBOX,1788521968393642.290	,0,NPU:2
2,BBOX,1788521968493641.350	,0,NPU:2
2,BBOX,1788521968593635.460	,0,NPU:2
2,BBOX,1788521968693623.120	,0,NPU:2
2,BBOX,1788521968793603.210	,0,NPU:2
2,BBOX,1788521968893622.880	,0,NPU:2
2,BBOX,1788521968993646.280	,0,NPU:2
2,BBOX,1788521969093618.190	,0,NPU:2
2,BBOX,1788521969193625.210	,0,NPU:2
2,BBOX,1788521969293613.860	,0,NPU:2
2,BBOX,1788521969393631.150	,0,NPU:2
2,BBOX,1788521969493645.190	,0,NPU:2
2,BBOX,1788521969593630.620	,0,NPU:2
2,BBOX,1788521969693629.060	,0,NPU:2
2,BBOX,1788521969793629.990	,0,NPU:2
2,BBOX,1788521969893608.320	,0,NPU:2
2,BBOX,1788521969993610.590	,0,NPU:2
2,BBOX,1788521970093630.140	,0,NPU:2
2,BBOX,1788521970193626.490	,0,NPU:2
2,BBOX,1788521970293611.210	,0,NPU:2
2,BBOX,1788521970393601.790	,0,NPU:2
2,BBOX,1788521970493628.800	,0,NPU:2
2,BBOX,1788521970593625.850	,0,NPU:2
2,BBOX,1788521970693643.880	,0,NPU:2
2,BBOX,1788521970793609.650	,0,NPU:2
2,BBOX,1788521970893621.640	,0,NPU:2
2,BBOX,1788521970993613.030	,0,NPU:2
2,BBOX,1788521971093591.550	,0,NPU:2
2,BBOX,1788521971193601.230	,0,NPU:2
2,BBOX,1788521971293601.060	,0,NPU:2
2,BBOX,1788521971393594.380	,0,NPU:2
2,BBOX,1788521971493608.280	,0,NPU:2
2,BBOX,1788521971593612.580	,0,NPU:2
2,BBOX,1788521971693592.100	,0,NPU:2
2,BBOX,1788521971793598.990	,0,NPU:2
2,BBOX,1788521971893595.970	,0,NPU:2
2,BBOX,1788521971993592.820	,0,NPU:2
2,BBOX,1788521972093590.900	,0,NPU:2
2,BBOX,1788521972193595.900	,0,NPU:2
2,BBOX,1788521972293597.240	,0,NPU:2
2,BBOX,1788521972393636.480	,0,NPU:2
2,BBOX,1788521972493583.490	,0,NPU:2
2,BBOX,1788521972593645.590	,0,NPU:2
2,BBOX,1788521972693633.820	,0,NPU:2
2,BBOX,1788521972793603.790	,0,NPU:2
2,BBOX,1788521972893580.480	,0,NPU:2
2,BBOX,1788521972993578.140	,0,NPU:2
2,BBOX,1788521973093574.880	,0,NPU:2
2,BBOX,1788521973193573.610	,0,NPU:2
2,BBOX,1788521973293574.060	,0,NPU:2
2,BBOX,1788521973398586.880	,0,NPU:2
2,BBOX,1788521973493599.570	,0,NPU:2
2,BBOX,1788521973559819.670	,0,NPU:2
2,AIVECTOR,1788521953993841.910	,0,NPU:2
2,AIVECTOR,1788521954093690.790	,0,NPU:2
2,AIVECTOR,1788521954193665.180	,0,NPU:2
2,AIVECTOR,1788521954293650.080	,0,NPU:2
2,AIVECTOR,1788521954393654.040	,0,NPU:2
2,AIVECTOR,1788521954493648.730	,0,NPU:2
2,AIVECTOR,1788521954593645.540	,0,NPU:2
2,AIVECTOR,1788521954693640.150	,0,NPU:2
2,AIVECTOR,1788521954793649.950	,0,NPU:2
2,AIVECTOR,1788521954893661.680	,0,NPU:2
2,AIVECTOR,1788521954993678.410	,0,NPU:2
2,AIVECTOR,1788521955093652.720	,0,NPU:2
2,AIVECTOR,1788521955193653.270	,0,NPU:2
2,AIVECTOR,1788521955293648.860	,0,NPU:2
2,AIVECTOR,1788521955393649.220	,0,NPU:2
2,AIVECTOR,1788521955493655.280	,0,NPU:2
2,AIVECTOR,1788521955593651.590	,0,NPU:2
2,AIVECTOR,1788521955693640.580	,0,NPU:2
2,AIVECTOR,1788521955793638.250	,0,NPU:2
2,AIVECTOR,1788521955893682.250	,0,NPU:2
2,AIVECTOR,1788521955993682.480	,0,NPU:2
2,AIVECTOR,1788521956093711.640	,0,NPU:2
2,AIVECTOR,1788521956193672.410	,0,NPU:2
2,AIVECTOR,1788521956293669.740	,0,NPU:2
2,AIVECTOR,1788521956393666.240	,0,NPU:2
2,AIVECTOR,1788521956493676.590	,0,NPU:2
2,AIVECTOR,1788521956593710.650	,0,NPU:2
2,AIVECTOR,1788521956693695.830	,0,NPU:2
2,AIVECTOR,1788521956793695.140	,0,NPU:2
2,AIVECTOR,1788521956893673.320	,0,NPU:2
2,AIVECTOR,1788521956993679.850	,0,NPU:2
2,AIVECTOR,1788521957093679.860	,0,NPU:2
2,AIVECTOR,1788521957193708.460	,0,NPU:2
2,AIVECTOR,1788521957293678.900	,0,NPU:2
2,AIVECTOR,1788521957393665.400	,0,NPU:2
2,AIVECTOR,1788521957493670.700	,0,NPU:2
2,AIVECTOR,1788521957593669.370	,0,NPU:2
2,AIVECTOR,1788521957693681.180	,0,NPU:2
2,AIVECTOR,1788521957793669.280	,0,NPU:2
2,AIVECTOR,1788521957893667.600	,0,NPU:2
2,AIVECTOR,1788521957993664.330	,0,NPU:2
2,AIVECTOR,1788521958093664.530	,0,NPU:2
2,AIVECTOR,1788521958193664.090	,0,NPU:2
2,AIVECTOR,1788521958293676.530	,0,NPU:2
2,AIVECTOR,1788521958393683.270	,0,NPU:2
2,AIVECTOR,1788521958493690.880	,0,NPU:2
2,AIVECTOR,1788521958593674.040	,0,NPU:2
2,AIVECTOR,1788521958693683.820	,0,NPU:2
2,AIVECTOR,1788521958793687.320	,0,NPU:2
2,AIVECTOR,1788521958893675.330	,0,NPU:2
2,AIVECTOR,1788521958993662.280	,0,NPU:2
2,AIVECTOR,1788521959093657.900	,0,NPU:2
2,AIVECTOR,1788521959193640.610	,0,NPU:2
2,AIVECTOR,1788521959293669.420	,0,NPU:2
2,AIVECTOR,1788521959393659.330	,0,NPU:2
2,AIVECTOR,1788521959493656.680	,0,NPU:2
2,AIVECTOR,1788521959593664.410	,0,NPU:2
2,AIVECTOR,1788521959693659.180	,0,NPU:2
2,AIVECTOR,1788521959793659.090	,0,NPU:2
2,AIVECTOR,1788521959893653.390	,0,NPU:2
2,AIVECTOR,1788521959993636.630	,0,NPU:2
2,AIVECTOR,1788521960093661.640	,0,NPU:2
2,AIVECTOR,1788521960193659.550	,0,NPU:2
2,AIVECTOR,1788521960293650.620	,0,NPU:2
2,AIVECTOR,1788521960393656.970	,0,NPU:2
2,AIVECTOR,1788521960493672.410	,0,NPU:2
2,AIVECTOR,1788521960593660.010	,0,NPU:2
2,AIVECTOR,1788521960693662.400	,0,NPU:2
2,AIVECTOR,1788521960793664.020	,0,NPU:2
2,AIVECTOR,1788521960893665.010	,0,NPU:2
2,AIVECTOR,1788521960993655.530	,0,NPU:2
2,AIVECTOR,1788521961093650.430	,0,NPU:2
2,AIVECTOR,1788521961193659.590	,0,NPU:2
2,AIVECTOR,1788521961293649.550	,0,NPU:2
2,AIVECTOR,1788521961393660.560	,0,NPU:2
2,AIVECTOR,1788521961493646.430	,0,NPU:2
2,AIVECTOR,1788521961593653.540	,0,NPU:2
2,AIVECTOR,1788521961693653.280	,0,NPU:2
2,AIVECTOR,1788521961793655.640	,0,NPU:2
2,AIVECTOR,1788521961893663.700	,0,NPU:2
2,AIVECTOR,1788521961993679.720	,0,NPU:2
2,AIVECTOR,1788521962093650.320	,0,NPU:2
2,AIVECTOR,1788521962193649.320	,0,NPU:2
2,AIVECTOR,1788521962293681.190	,0,NPU:2
2,AIVECTOR,1788521962393648.310	,0,NPU:2
2,AIVECTOR,1788521962493648.610	,0,NPU:2
2,AIVECTOR,1788521962593658.720	,0,NPU:2
2,AIVECTOR,1788521962693658.470	,0,NPU:2
2,AIVECTOR,1788521962793647.510	,0,NPU:2
2,AIVECTOR,1788521962893648.970	,0,NPU:2
2,AIVECTOR,1788521962993649.820	,0,NPU:2
2,AIVECTOR,1788521963093652.370	,0,NPU:2
2,AIVECTOR,1788521963193660.920	,0,NPU:2
2,AIVECTOR,1788521963293649.500	,0,NPU:2
2,AIVECTOR,1788521963393652.840	,0,NPU:2
2,AIVECTOR,1788521963493633.730	,0,NPU:2
2,AIVECTOR,1788521963593627.750	,0,NPU:2
2,AIVECTOR,1788521963693630.860	,0,NPU:2
2,AIVECTOR,1788521963793626.500	,0,NPU:2
2,AIVECTOR,1788521963893625.660	,0,NPU:2
2,AIVECTOR,1788521963993619.870	,0,NPU:2
2,AIVECTOR,1788521964093623.630	,0,NPU:2
2,AIVECTOR,1788521964193621.680	,0,NPU:2
2,AIVECTOR,1788521964293631.730	,0,NPU:2
2,AIVECTOR,1788521964393624.810	,0,NPU:2
2,AIVECTOR,1788521964493617.160	,0,NPU:2
2,AIVECTOR,1788521964593612.810	,0,NPU:2
2,AIVECTOR,1788521964693630.030	,0,NPU:2
2,AIVECTOR,1788521964793640.010	,0,NPU:2
2,AIVECTOR,1788521964893621.970	,0,NPU:2
2,AIVECTOR,1788521964993624.260	,0,NPU:2
2,AIVECTOR,1788521965093632.600	,0,NPU:2
2,AIVECTOR,1788521965193623.140	,0,NPU:2
2,AIVECTOR,1788521965293738.890	,0,NPU:2
2,AIVECTOR,1788521965393669.470	,0,NPU:2
2,AIVECTOR,1788521965493639.540	,0,NPU:2
2,AIVECTOR,1788521965593628.350	,0,NPU:2
2,AIVECTOR,1788521965693649.400	,0,NPU:2
2,AIVECTOR,1788521965793641.400	,0,NPU:2
2,AIVECTOR,1788521965893687.370	,0,NPU:2
2,AIVECTOR,1788521965993646.290	,0,NPU:2
2,AIVECTOR,1788521966093625.790	,0,NPU:2
2,AIVECTOR,1788521966193628.540	,0,NPU:2
2,AIVECTOR,1788521966293643.340	,0,NPU:2
2,AIVECTOR,1788521966393613.490	,0,NPU:2
2,AIVECTOR,1788521966493642.110	,0,NPU:2
2,AIVECTOR,1788521966593639.740	,0,NPU:2
2,AIVECTOR,1788521966693630.120	,0,NPU:2
2,AIVECTOR,1788521966793623.110	,0,NPU:2
2,AIVECTOR,1788521966893628.080	,0,NPU:2
2,AIVECTOR,1788521966993649.050	,0,NPU:2
2,AIVECTOR,1788521967093643.280	,0,NPU:2
2,AIVECTOR,1788521967193636.760	,0,NPU:2
2,AIVECTOR,1788521967293664.510	,0,NPU:2
2,AIVECTOR,1788521967393646.400	,0,NPU:2
2,AIVECTOR,1788521967493631.880	,0,NPU:2
2,AIVECTOR,1788521967593619.300	,0,NPU:2
2,AIVECTOR,1788521967693635.480	,0,NPU:2
2,AIVECTOR,1788521967793629.620	,0,NPU:2
2,AIVECTOR,1788521967893659.030	,0,NPU:2
2,AIVECTOR,1788521967993639.300	,0,NPU:2
2,AIVECTOR,1788521968093616.460	,0,NPU:2
2,AIVECTOR,1788521968193600.750	,0,NPU:2
2,AIVECTOR,1788521968293604.310	,0,NPU:2
2,AIVECTOR,1788521968393642.290	,0,NPU:2
2,AIVECTOR,1788521968493641.350	,0,NPU:2
2,AIVECTOR,1788521968593635.460	,0,NPU:2
2,AIVECTOR,1788521968693623.120	,0,NPU:2
2,AIVECTOR,1788521968793603.210	,0,NPU:2
2,AIVECTOR,1788521968893622.880	,0,NPU:2
2,AIVECTOR,1788521968993646.280	,0,NPU:2
2,AIVECTOR,1788521969093618.190	,0,NPU:2
2,AIVECTOR,1788521969193625.210	,0,NPU:2
2,AIVECTOR,1788521969293613.860	,0,NPU:2
2,AIVECTOR,1788521969393631.150	,0,NPU:2
2,AIVECTOR,1788521969493645.190	,0,NPU:2
2,AIVECTOR,1788521969593630.620	,0,NPU:2
2,AIVECTOR,1788521969693629.060	,0,NPU:2
2,AIVECTOR,1788521969793629.990	,0,NPU:2
2,AIVECTOR,1788521969893608.320	,0,NPU:2
2,AIVECTOR,1788521969993610.590	,0,NPU:2
2,AIVECTOR,1788521970093630.140	,0,NPU:2
2,AIVECTOR,1788521970193626.490	,0,NPU:2
2,AIVECTOR,1788521970293611.210	,0,NPU:2
2,AIVECTOR,1788521970393601.790	,0,NPU:2
2,AIVECTOR,1788521970493628.800	,0,NPU:2
2,AIVECTOR,1788521970593625.850	,0,NPU:2
2,AIVECTOR,1788521970693643.880	,0,NPU:2
2,AIVECTOR,1788521970793609.650	,0,NPU:2
2,AIVECTOR,1788521970893621.640	,0,NPU:2
2,AIVECTOR,1788521970993613.030	,0,NPU:2
2,AIVECTOR,1788521971093591.550	,0,NPU:2
2,AIVECTOR,1788521971193601.230	,0,NPU:2
2,AIVECTOR,1788521971293601.060	,0,NPU:2
2,AIVECTOR,1788521971393594.380	,0,NPU:2
2,AIVECTOR,1788521971493608.280	,0,NPU:2
2,AIVECTOR,1788521971593612.580	,0,NPU:2
2,AIVECTOR,1788521971693592.100	,0,NPU:2
2,AIVECTOR,1788521971793598.990	,0,NPU:2
2,AIVECTOR,1788521971893595.970	,0,NPU:2
2,AIVECTOR,1788521971993592.820	,0,NPU:2
2,AIVECTOR,1788521972093590.900	,0,NPU:2
2,AIVECTOR,1788521972193595.900	,0,NPU:2
2,AIVECTOR,1788521972293597.240	,0,NPU:2
2,AIVECTOR,1788521972393636.480	,0,NPU:2
2,AIVECTOR,1788521972493583.490	,0,NPU:2
2,AIVECTOR,1788521972593645.590	,0,NPU:2
2,AIVECTOR,1788521972693633.820	,0,NPU:2
2,AIVECTOR,1788521972793603.790	,0,NPU:2
2,AIVECTOR,1788521972893580.480	,0,NPU:2
2,AIVECTOR,1788521972993578.140	,0,NPU:2
2,AIVECTOR,1788521973093574.880	,0,NPU:2
2,AIVECTOR,1788521973193573.610	,0,NPU:2
2,AIVECTOR,1788521973293574.060	,0,NPU:2
2,AIVECTOR,1788521973398586.880	,0,NPU:2
2,AIVECTOR,1788521973493599.570	,0,NPU:2
2,AIVECTOR,1788521973559819.670	,0,NPU:2
2,TBE,1788521953993841.910	,0,NPU:2
2,TBE,1788521954093690.790	,0,NPU:2
2,TBE,1788521954193665.180	,0,NPU:2
2,TBE,1788521954293650.080	,0,NPU:2
2,TBE,1788521954393654.040	,0,NPU:2
2,TBE,1788521954493648.730	,0,NPU:2
2,TBE,1788521954593645.540	,0,NPU:2
2,TBE,1788521954693640.150	,0,NPU:2
2,TBE,1788521954793649.950	,0,NPU:2
2,TBE,1788521954893661.680	,0,NPU:2
2,TBE,1788521954993678.410	,0,NPU:2
2,TBE,1788521955093652.720	,0,NPU:2
2,TBE,1788521955193653.270	,0,NPU:2
2,TBE,1788521955293648.860	,0,NPU:2
2,TBE,1788521955393649.220	,0,NPU:2
2,TBE,1788521955493655.280	,0,NPU:2
2,TBE,1788521955593651.590	,0,NPU:2
2,TBE,1788521955693640.580	,0,NPU:2
2,TBE,1788521955793638.250	,0,NPU:2
2,TBE,1788521955893682.250	,0,NPU:2
2,TBE,1788521955993682.480	,0,NPU:2
2,TBE,1788521956093711.640	,0,NPU:2
2,TBE,1788521956193672.410	,0,NPU:2
2,TBE,1788521956293669.740	,0,NPU:2
2,TBE,1788521956393666.240	,0,NPU:2
2,TBE,1788521956493676.590	,0,NPU:2
2,TBE,1788521956593710.650	,0,NPU:2
2,TBE,1788521956693695.830	,0,NPU:2
2,TBE,1788521956793695.140	,0,NPU:2
2,TBE,1788521956893673.320	,0,NPU:2
2,TBE,1788521956993679.850	,0,NPU:2
2,TBE,1788521957093679.860	,0,NPU:2
2,TBE,1788521957193708.460	,0,NPU:2
2,TBE,1788521957293678.900	,0,NPU:2
2,TBE,1788521957393665.400	,0,NPU:2
2,TBE,1788521957493670.700	,0,NPU:2
2,TBE,1788521957593669.370	,0,NPU:2
2,TBE,1788521957693681.180	,0,NPU:2
2,TBE,1788521957793669.280	,0,NPU:2
2,TBE,1788521957893667.600	,0,NPU:2
2,TBE,1788521957993664.330	,0,NPU:2
2,TBE,1788521958093664.530	,0,NPU:2
2,TBE,1788521958193664.090	,0,NPU:2
2,TBE,1788521958293676.530	,0,NPU:2
2,TBE,1788521958393683.270	,0,NPU:2
2,TBE,1788521958493690.880	,0,NPU:2
2,TBE,1788521958593674.040	,0,NPU:2
2,TBE,1788521958693683.820	,0,NPU:2
2,TBE,1788521958793687.320	,0,NPU:2
2,TBE,1788521958893675.330	,0,NPU:2
2,TBE,1788521958993662.280	,0,NPU:2
2,TBE,1788521959093657.900	,0,NPU:2
2,TBE,1788521959193640.610	,0,NPU:2
2,TBE,1788521959293669.420	,0,NPU:2
2,TBE,1788521959393659.330	,0,NPU:2
2,TBE,1788521959493656.680	,0,NPU:2
2,TBE,1788521959593664.410	,0,NPU:2
2,TBE,1788521959693659.180	,0,NPU:2
2,TBE,1788521959793659.090	,0,NPU:2
2,TBE,1788521959893653.390	,0,NPU:2
2,TBE,1788521959993636.630	,0,NPU:2
2,TBE,1788521960093661.640	,0,NPU:2
2,TBE,1788521960193659.550	,0,NPU:2
2,TBE,1788521960293650.620	,0,NPU:2
2,TBE,1788521960393656.970	,0,NPU:2
2,TBE,1788521960493672.410	,0,NPU:2
2,TBE,1788521960593660.010	,0,NPU:2
2,TBE,1788521960693662.400	,0,NPU:2
2,TBE,1788521960793664.020	,0,NPU:2
2,TBE,1788521960893665.010	,0,NPU:2
2,TBE,1788521960993655.530	,0,NPU:2
2,TBE,1788521961093650.430	,0,NPU:2
2,TBE,1788521961193659.590	,0,NPU:2
2,TBE,1788521961293649.550	,0,NPU:2
2,TBE,1788521961393660.560	,0,NPU:2
2,TBE,1788521961493646.430	,0,NPU:2
2,TBE,1788521961593653.540	,0,NPU:2
2,TBE,1788521961693653.280	,0,NPU:2
2,TBE,1788521961793655.640	,0,NPU:2
2,TBE,1788521961893663.700	,0,NPU:2
2,TBE,1788521961993679.720	,0,NPU:2
2,TBE,1788521962093650.320	,0,NPU:2
2,TBE,1788521962193649.320	,0,NPU:2
2,TBE,1788521962293681.190	,0,NPU:2
2,TBE,1788521962393648.310	,0,NPU:2
2,TBE,1788521962493648.610	,0,NPU:2
2,TBE,1788521962593658.720	,0,NPU:2
2,TBE,1788521962693658.470	,0,NPU:2
2,TBE,1788521962793647.510	,0,NPU:2
2,TBE,1788521962893648.970	,0,NPU:2
2,TBE,1788521962993649.820	,0,NPU:2
2,TBE,1788521963093652.370	,0,NPU:2
2,TBE,1788521963193660.920	,0,NPU:2
2,TBE,1788521963293649.500	,0,NPU:2
2,TBE,1788521963393652.840	,0,NPU:2
2,TBE,1788521963493633.730	,0,NPU:2
2,TBE,1788521963593627.750	,0,NPU:2
2,TBE,1788521963693630.860	,0,NPU:2
2,TBE,1788521963793626.500	,0,NPU:2
2,TBE,1788521963893625.660	,0,NPU:2
2,TBE,1788521963993619.870	,0,NPU:2
2,TBE,1788521964093623.630	,0,NPU:2
2,TBE,1788521964193621.680	,0,NPU:2
2,TBE,1788521964293631.730	,0,NPU:2
2,TBE,1788521964393624.810	,0,NPU:2
2,TBE,1788521964493617.160	,0,NPU:2
2,TBE,1788521964593612.810	,0,NPU:2
2,TBE,1788521964693630.030	,0,NPU:2
2,TBE,1788521964793640.010	,0,NPU:2
2,TBE,1788521964893621.970	,0,NPU:2
2,TBE,1788521964993624.260	,0,NPU:2
2,TBE,1788521965093632.600	,0,NPU:2
2,TBE,1788521965193623.140	,0,NPU:2
2,TBE,1788521965293738.890	,0,NPU:2
2,TBE,1788521965393669.470	,0,NPU:2
2,TBE,1788521965493639.540	,0,NPU:2
2,TBE,1788521965593628.350	,0,NPU:2
2,TBE,1788521965693649.400	,0,NPU:2
2,TBE,1788521965793641.400	,0,NPU:2
2,TBE,1788521965893687.370	,0,NPU:2
2,TBE,1788521965993646.290	,0,NPU:2
2,TBE,1788521966093625.790	,0,NPU:2
2,TBE,1788521966193628.540	,0,NPU:2
2,TBE,1788521966293643.340	,0,NPU:2
2,TBE,1788521966393613.490	,0,NPU:2
2,TBE,1788521966493642.110	,0,NPU:2
2,TBE,1788521966593639.740	,0,NPU:2
2,TBE,1788521966693630.120	,0,NPU:2
2,TBE,1788521966793623.110	,0,NPU:2
2,TBE,1788521966893628.080	,0,NPU:2
2,TBE,1788521966993649.050	,0,NPU:2
2,TBE,1788521967093643.280	,0,NPU:2
2,TBE,1788521967193636.760	,0,NPU:2
2,TBE,1788521967293664.510	,0,NPU:2
2,TBE,1788521967393646.400	,0,NPU:2
2,TBE,1788521967493631.880	,0,NPU:2
2,TBE,1788521967593619.300	,0,NPU:2
2,TBE,1788521967693635.480	,0,NPU:2
2,TBE,1788521967793629.620	,0,NPU:2
2,TBE,1788521967893659.030	,0,NPU:2
2,TBE,1788521967993639.300	,0,NPU:2
2,TBE,1788521968093616.460	,0,NPU:2
2,TBE,1788521968193600.750	,0,NPU:2
2,TBE,1788521968293604.310	,0,NPU:2
2,TBE,1788521968393642.290	,0,NPU:2
2,TBE,1788521968493641.350	,0,NPU:2
2,TBE,1788521968593635.460	,0,NPU:2
2,TBE,1788521968693623.120	,0,NPU:2
2,TBE,1788521968793603.210	,0,NPU:2
2,TBE,1788521968893622.880	,0,NPU:2
2,TBE,1788521968993646.280	,0,NPU:2
2,TBE,1788521969093618.190	,0,NPU:2
2,TBE,1788521969193625.210	,0,NPU:2
2,TBE,1788521969293613.860	,0,NPU:2
2,TBE,1788521969393631.150	,0,NPU:2
2,TBE,1788521969493645.190	,0,NPU:2
2,TBE,1788521969593630.620	,0,NPU:2
2,TBE,1788521969693629.060	,0,NPU:2
2,TBE,1788521969793629.990	,0,NPU:2
2,TBE,1788521969893608.320	,0,NPU:2
2,TBE,1788521969993610.590	,0,NPU:2
2,TBE,1788521970093630.140	,0,NPU:2
2,TBE,1788521970193626.490	,0,NPU:2
2,TBE,1788521970293611.210	,0,NPU:2
2,TBE,1788521970393601.790	,0,NPU:2
2,TBE,1788521970493628.800	,0,NPU:2
2,TBE,1788521970593625.850	,0,NPU:2
2,TBE,1788521970693643.880	,0,NPU:2
2,TBE,1788521970793609.650	,0,NPU:2
2,TBE,1788521970893621.640	,0,NPU:2
2,TBE,1788521970993613.030	,0,NPU:2
2,TBE,1788521971093591.550	,0,NPU:2
2,TBE,1788521971193601.230	,0,NPU:2
2,TBE,1788521971293601.060	,0,NPU:2
2,TBE,1788521971393594.380	,0,NPU:2
2,TBE,1788521971493608.280	,0,NPU:2
2,TBE,1788521971593612.580	,0,NPU:2
2,TBE,1788521971693592.100	,0,NPU:2
2,TBE,1788521971793598.990	,0,NPU:2
2,TBE,1788521971893595.970	,0,NPU:2
2,TBE,1788521971993592.820	,0,NPU:2
2,TBE,1788521972093590.900	,0,NPU:2
2,TBE,1788521972193595.900	,0,NPU:2
2,TBE,1788521972293597.240	,0,NPU:2
2,TBE,1788521972393636.480	,0,NPU:2
2,TBE,1788521972493583.490	,0,NPU:2
2,TBE,1788521972593645.590	,0,NPU:2
2,TBE,1788521972693633.820	,0,NPU:2
2,TBE,1788521972793603.790	,0,NPU:2
2,TBE,1788521972893580.480	,0,NPU:2
2,TBE,1788521972993578.140	,0,NPU:2
2,TBE,1788521973093574.880	,0,NPU:2
2,TBE,1788521973193573.610	,0,NPU:2
2,TBE,1788521973293574.060	,0,NPU:2
2,TBE,1788521973398586.880	,0,NPU:2
2,TBE,1788521973493599.570	,0,NPU:2
2,TBE,1788521973559819.670	,0,NPU:2
2,FV,1788521953993841.910	,0,NPU:2
2,FV,1788521954093690.790	,0,NPU:2
2,FV,1788521954193665.180	,0,NPU:2
2,FV,1788521954293650.080	,0,NPU:2
2,FV,1788521954393654.040	,0,NPU:2
2,FV,1788521954493648.730	,0,NPU:2
2,FV,1788521954593645.540	,0,NPU:2
2,FV,1788521954693640.150	,0,NPU:2
2,FV,1788521954793649.950	,0,NPU:2
2,FV,1788521954893661.680	,0,NPU:2
2,FV,1788521954993678.410	,0,NPU:2
2,FV,1788521955093652.720	,0,NPU:2
2,FV,1788521955193653.270	,0,NPU:2
2,FV,1788521955293648.860	,0,NPU:2
2,FV,1788521955393649.220	,0,NPU:2
2,FV,1788521955493655.280	,0,NPU:2
2,FV,1788521955593651.590	,0,NPU:2
2,FV,1788521955693640.580	,0,NPU:2
2,FV,1788521955793638.250	,0,NPU:2
2,FV,1788521955893682.250	,0,NPU:2
2,FV,1788521955993682.480	,0,NPU:2
2,FV,1788521956093711.640	,0,NPU:2
2,FV,1788521956193672.410	,0,NPU:2
2,FV,1788521956293669.740	,0,NPU:2
2,FV,1788521956393666.240	,0,NPU:2
2,FV,1788521956493676.590	,0,NPU:2
2,FV,1788521956593710.650	,0,NPU:2
2,FV,1788521956693695.830	,0,NPU:2
2,FV,1788521956793695.140	,0,NPU:2
2,FV,1788521956893673.320	,0,NPU:2
2,FV,1788521956993679.850	,0,NPU:2
2,FV,1788521957093679.860	,0,NPU:2
2,FV,1788521957193708.460	,0,NPU:2
2,FV,1788521957293678.900	,0,NPU:2
2,FV,1788521957393665.400	,0,NPU:2
2,FV,1788521957493670.700	,0,NPU:2
2,FV,1788521957593669.370	,0,NPU:2
2,FV,1788521957693681.180	,0,NPU:2
2,FV,1788521957793669.280	,0,NPU:2
2,FV,1788521957893667.600	,0,NPU:2
2,FV,1788521957993664.330	,0,NPU:2
2,FV,1788521958093664.530	,0,NPU:2
2,FV,1788521958193664.090	,0,NPU:2
2,FV,1788521958293676.530	,0,NPU:2
2,FV,1788521958393683.270	,0,NPU:2
2,FV,1788521958493690.880	,0,NPU:2
2,FV,1788521958593674.040	,0,NPU:2
2,FV,1788521958693683.820	,0,NPU:2
2,FV,1788521958793687.320	,0,NPU:2
2,FV,1788521958893675.330	,0,NPU:2
2,FV,1788521958993662.280	,0,NPU:2
2,FV,1788521959093657.900	,0,NPU:2
2,FV,1788521959193640.610	,0,NPU:2
2,FV,1788521959293669.420	,0,NPU:2
2,FV,1788521959393659.330	,0,NPU:2
2,FV,1788521959493656.680	,0,NPU:2
2,FV,1788521959593664.410	,0,NPU:2
2,FV,1788521959693659.180	,0,NPU:2
2,FV,1788521959793659.090	,0,NPU:2
2,FV,1788521959893653.390	,0,NPU:2
2,FV,1788521959993636.630	,0,NPU:2
2,FV,1788521960093661.640	,0,NPU:2
2,FV,1788521960193659.550	,0,NPU:2
2,FV,1788521960293650.620	,0,NPU:2
2,FV,1788521960393656.970	,0,NPU:2
2,FV,1788521960493672.410	,0,NPU:2
2,FV,1788521960593660.010	,0,NPU:2
2,FV,1788521960693662.400	,0,NPU:2
2,FV,1788521960793664.020	,0,NPU:2
2,FV,1788521960893665.010	,0,NPU:2
2,FV,1788521960993655.530	,0,NPU:2
2,FV,1788521961093650.430	,0,NPU:2
2,FV,1788521961193659.590	,0,NPU:2
2,FV,1788521961293649.550	,0,NPU:2
2,FV,1788521961393660.560	,0,NPU:2
2,FV,1788521961493646.430	,0,NPU:2
2,FV,1788521961593653.540	,0,NPU:2
2,FV,1788521961693653.280	,0,NPU:2
2,FV,1788521961793655.640	,0,NPU:2
2,FV,1788521961893663.700	,0,NPU:2
2,FV,1788521961993679.720	,0,NPU:2
2,FV,1788521962093650.320	,0,NPU:2
2,FV,1788521962193649.320	,0,NPU:2
2,FV,1788521962293681.190	,0,NPU:2
2,FV,1788521962393648.310	,0,NPU:2
2,FV,1788521962493648.610	,0,NPU:2
2,FV,1788521962593658.720	,0,NPU:2
2,FV,1788521962693658.470	,0,NPU:2
2,FV,1788521962793647.510	,0,NPU:2
2,FV,1788521962893648.970	,0,NPU:2
2,FV,1788521962993649.820	,0,NPU:2
2,FV,1788521963093652.370	,0,NPU:2
2,FV,1788521963193660.920	,0,NPU:2
2,FV,1788521963293649.500	,0,NPU:2
2,FV,1788521963393652.840	,0,NPU:2
2,FV,1788521963493633.730	,0,NPU:2
2,FV,1788521963593627.750	,0,NPU:2
2,FV,1788521963693630.860	,0,NPU:2
2,FV,1788521963793626.500	,0,NPU:2
2,FV,1788521963893625.660	,0,NPU:2
2,FV,1788521963993619.870	,0,NPU:2
2,FV,1788521964093623.630	,0,NPU:2
2,FV,1788521964193621.680	,0,NPU:2
2,FV,1788521964293631.730	,0,NPU:2
2,FV,1788521964393624.810	,0,NPU:2
2,FV,1788521964493617.160	,0,NPU:2
2,FV,1788521964593612.810	,0,NPU:2
2,FV,1788521964693630.030	,0,NPU:2
2,FV,1788521964793640.010	,0,NPU:2
2,FV,1788521964893621.970	,0,NPU:2
2,FV,1788521964993624.260	,0,NPU:2
2,FV,1788521965093632.600	,0,NPU:2
2,FV,1788521965193623.140	,0,NPU:2
2,FV,1788521965293738.890	,0,NPU:2
2,FV,1788521965393669.470	,0,NPU:2
2,FV,1788521965493639.540	,0,NPU:2
2,FV,1788521965593628.350	,0,NPU:2
2,FV,1788521965693649.400	,0,NPU:2
2,FV,1788521965793641.400	,0,NPU:2
2,FV,1788521965893687.370	,0,NPU:2
2,FV,1788521965993646.290	,0,NPU:2
2,FV,1788521966093625.790	,0,NPU:2
2,FV,1788521966193628.540	,0,NPU:2
2,FV,1788521966293643.340	,0,NPU:2
2,FV,1788521966393613.490	,0,NPU:2
2,FV,1788521966493642.110	,0,NPU:2
2,FV,1788521966593639.740	,0,NPU:2
2,FV,1788521966693630.120	,0,NPU:2
2,FV,1788521966793623.110	,0,NPU:2
2,FV,1788521966893628.080	,0,NPU:2
2,FV,1788521966993649.050	,0,NPU:2
2,FV,1788521967093643.280	,0,NPU:2
2,FV,1788521967193636.760	,0,NPU:2
2,FV,1788521967293664.510	,0,NPU:2
2,FV,1788521967393646.400	,0,NPU:2
2,FV,1788521967493631.880	,0,NPU:2
2,FV,1788521967593619.300	,0,NPU:2
2,FV,1788521967693635.480	,0,NPU:2
2,FV,1788521967793629.620	,0,NPU:2
2,FV,1788521967893659.030	,0,NPU:2
2,FV,1788521967993639.300	,0,NPU:2
2,FV,1788521968093616.460	,0,NPU:2
2,FV,1788521968193600.750	,0,NPU:2
2,FV,1788521968293604.310	,0,NPU:2
2,FV,1788521968393642.290	,0,NPU:2
2,FV,1788521968493641.350	,0,NPU:2
2,FV,1788521968593635.460	,0,NPU:2
2,FV,1788521968693623.120	,0,NPU:2
2,FV,1788521968793603.210	,0,NPU:2
2,FV,1788521968893622.880	,0,NPU:2
2,FV,1788521968993646.280	,0,NPU:2
2,FV,1788521969093618.190	,0,NPU:2
2,FV,1788521969193625.210	,0,NPU:2
2,FV,1788521969293613.860	,0,NPU:2
2,FV,1788521969393631.150	,0,NPU:2
2,FV,1788521969493645.190	,0,NPU:2
2,FV,1788521969593630.620	,0,NPU:2
2,FV,1788521969693629.060	,0,NPU:2
2,FV,1788521969793629.990	,0,NPU:2
2,FV,1788521969893608.320	,0,NPU:2
2,FV,1788521969993610.590	,0,NPU:2
2,FV,1788521970093630.140	,0,NPU:2
2,FV,1788521970193626.490	,0,NPU:2
2,FV,1788521970293611.210	,0,NPU:2
2,FV,1788521970393601.790	,0,NPU:2
2,FV,1788521970493628.800	,0,NPU:2
2,FV,1788521970593625.850	,0,NPU:2
2,FV,1788521970693643.880	,0,NPU:2
2,FV,1788521970793609.650	,0,NPU:2
2,FV,1788521970893621.640	,0,NPU:2
2,FV,1788521970993613.030	,0,NPU:2
2,FV,1788521971093591.550	,0,NPU:2
2,FV,1788521971193601.230	,0,NPU:2
2,FV,1788521971293601.060	,0,NPU:2
2,FV,1788521971393594.380	,0,NPU:2
2,FV,1788521971493608.280	,0,NPU:2
2,FV,1788521971593612.580	,0,NPU:2
2,FV,1788521971693592.100	,0,NPU:2
2,FV,1788521971793598.990	,0,NPU:2
2,FV,1788521971893595.970	,0,NPU:2
2,FV,1788521971993592.820	,0,NPU:2
2,FV,1788521972093590.900	,0,NPU:2
2,FV,1788521972193595.900	,0,NPU:2
2,FV,1788521972293597.240	,0,NPU:2
2,FV,1788521972393636.480	,0,NPU:2
2,FV,1788521972493583.490	,0,NPU:2
2,FV,1788521972593645.590	,0,NPU:2
2,FV,1788521972693633.820	,0,NPU:2
2,FV,1788521972793603.790	,0,NPU:2
2,FV,1788521972893580.480	,0,NPU:2
2,FV,1788521972993578.140	,0,NPU:2
2,FV,1788521973093574.880	,0,NPU:2
2,FV,1788521973193573.610	,0,NPU:2
2,FV,1788521973293574.060	,0,NPU:2
2,FV,1788521973398586.880	,0,NPU:2
2,FV,1788521973493599.570	,0,NPU:2
2,FV,1788521973559819.670	,0,NPU:2
2,MDCMAP,1788521953993841.910	,0,NPU:2
2,MDCMAP,1788521954093690.790	,0,NPU:2
2,MDCMAP,1788521954193665.180	,0,NPU:2
2,MDCMAP,1788521954293650.080	,0,NPU:2
2,MDCMAP,1788521954393654.040	,0,NPU:2
2,MDCMAP,1788521954493648.730	,0,NPU:2
2,MDCMAP,1788521954593645.540	,0,NPU:2
2,MDCMAP,1788521954693640.150	,0,NPU:2
2,MDCMAP,1788521954793649.950	,0,NPU:2
2,MDCMAP,1788521954893661.680	,0,NPU:2
2,MDCMAP,1788521954993678.410	,0,NPU:2
2,MDCMAP,1788521955093652.720	,0,NPU:2
2,MDCMAP,1788521955193653.270	,0,NPU:2
2,MDCMAP,1788521955293648.860	,0,NPU:2
2,MDCMAP,1788521955393649.220	,0,NPU:2
2,MDCMAP,1788521955493655.280	,0,NPU:2
2,MDCMAP,1788521955593651.590	,0,NPU:2
2,MDCMAP,1788521955693640.580	,0,NPU:2
2,MDCMAP,1788521955793638.250	,0,NPU:2
2,MDCMAP,1788521955893682.250	,0,NPU:2
2,MDCMAP,1788521955993682.480	,0,NPU:2
2,MDCMAP,1788521956093711.640	,0,NPU:2
2,MDCMAP,1788521956193672.410	,0,NPU:2
2,MDCMAP,1788521956293669.740	,0,NPU:2
2,MDCMAP,1788521956393666.240	,0,NPU:2
2,MDCMAP,1788521956493676.590	,0,NPU:2
2,MDCMAP,1788521956593710.650	,0,NPU:2
2,MDCMAP,1788521956693695.830	,0,NPU:2
2,MDCMAP,1788521956793695.140	,0,NPU:2
2,MDCMAP,1788521956893673.320	,0,NPU:2
2,MDCMAP,1788521956993679.850	,0,NPU:2
2,MDCMAP,1788521957093679.860	,0,NPU:2
2,MDCMAP,1788521957193708.460	,0,NPU:2
2,MDCMAP,1788521957293678.900	,0,NPU:2
2,MDCMAP,1788521957393665.400	,0,NPU:2
2,MDCMAP,1788521957493670.700	,0,NPU:2
2,MDCMAP,1788521957593669.370	,0,NPU:2
2,MDCMAP,1788521957693681.180	,0,NPU:2
2,MDCMAP,1788521957793669.280	,0,NPU:2
2,MDCMAP,1788521957893667.600	,0,NPU:2
2,MDCMAP,1788521957993664.330	,0,NPU:2
2,MDCMAP,1788521958093664.530	,0,NPU:2
2,MDCMAP,1788521958193664.090	,0,NPU:2
2,MDCMAP,1788521958293676.530	,0,NPU:2
2,MDCMAP,1788521958393683.270	,0,NPU:2
2,MDCMAP,1788521958493690.880	,0,NPU:2
2,MDCMAP,1788521958593674.040	,0,NPU:2
2,MDCMAP,1788521958693683.820	,0,NPU:2
2,MDCMAP,1788521958793687.320	,0,NPU:2
2,MDCMAP,1788521958893675.330	,0,NPU:2
2,MDCMAP,1788521958993662.280	,0,NPU:2
2,MDCMAP,1788521959093657.900	,0,NPU:2
2,MDCMAP,1788521959193640.610	,0,NPU:2
2,MDCMAP,1788521959293669.420	,0,NPU:2
2,MDCMAP,1788521959393659.330	,0,NPU:2
2,MDCMAP,1788521959493656.680	,0,NPU:2
2,MDCMAP,1788521959593664.410	,0,NPU:2
2,MDCMAP,1788521959693659.180	,0,NPU:2
2,MDCMAP,1788521959793659.090	,0,NPU:2
2,MDCMAP,1788521959893653.390	,0,NPU:2
2,MDCMAP,1788521959993636.630	,0,NPU:2
2,MDCMAP,1788521960093661.640	,0,NPU:2
2,MDCMAP,1788521960193659.550	,0,NPU:2
2,MDCMAP,1788521960293650.620	,0,NPU:2
2,MDCMAP,1788521960393656.970	,0,NPU:2
2,MDCMAP,1788521960493672.410	,0,NPU:2
2,MDCMAP,1788521960593660.010	,0,NPU:2
2,MDCMAP,1788521960693662.400	,0,NPU:2
2,MDCMAP,1788521960793664.020	,0,NPU:2
2,MDCMAP,1788521960893665.010	,0,NPU:2
2,MDCMAP,1788521960993655.530	,0,NPU:2
2,MDCMAP,1788521961093650.430	,0,NPU:2
2,MDCMAP,1788521961193659.590	,0,NPU:2
2,MDCMAP,1788521961293649.550	,0,NPU:2
2,MDCMAP,1788521961393660.560	,0,NPU:2
2,MDCMAP,1788521961493646.430	,0,NPU:2
2,MDCMAP,1788521961593653.540	,0,NPU:2
2,MDCMAP,1788521961693653.280	,0,NPU:2
2,MDCMAP,1788521961793655.640	,0,NPU:2
2,MDCMAP,1788521961893663.700	,0,NPU:2
2,MDCMAP,1788521961993679.720	,0,NPU:2
2,MDCMAP,1788521962093650.320	,0,NPU:2
2,MDCMAP,1788521962193649.320	,0,NPU:2
2,MDCMAP,1788521962293681.190	,0,NPU:2
2,MDCMAP,1788521962393648.310	,0,NPU:2
2,MDCMAP,1788521962493648.610	,0,NPU:2
2,MDCMAP,1788521962593658.720	,0,NPU:2
2,MDCMAP,1788521962693658.470	,0,NPU:2
2,MDCMAP,1788521962793647.510	,0,NPU:2
2,MDCMAP,1788521962893648.970	,0,NPU:2
2,MDCMAP,1788521962993649.820	,0,NPU:2
2,MDCMAP,1788521963093652.370	,0,NPU:2
2,MDCMAP,1788521963193660.920	,0,NPU:2
2,MDCMAP,1788521963293649.500	,0,NPU:2
2,MDCMAP,1788521963393652.840	,0,NPU:2
2,MDCMAP,1788521963493633.730	,0,NPU:2
2,MDCMAP,1788521963593627.750	,0,NPU:2
2,MDCMAP,1788521963693630.860	,0,NPU:2
2,MDCMAP,1788521963793626.500	,0,NPU:2
2,MDCMAP,1788521963893625.660	,0,NPU:2
2,MDCMAP,1788521963993619.870	,0,NPU:2
2,MDCMAP,1788521964093623.630	,0,NPU:2
2,MDCMAP,1788521964193621.680	,0,NPU:2
2,MDCMAP,1788521964293631.730	,0,NPU:2
2,MDCMAP,1788521964393624.810	,0,NPU:2
2,MDCMAP,1788521964493617.160	,0,NPU:2
2,MDCMAP,1788521964593612.810	,0,NPU:2
2,MDCMAP,1788521964693630.030	,0,NPU:2
2,MDCMAP,1788521964793640.010	,0,NPU:2
2,MDCMAP,1788521964893621.970	,0,NPU:2
2,MDCMAP,1788521964993624.260	,0,NPU:2
2,MDCMAP,1788521965093632.600	,0,NPU:2
2,MDCMAP,1788521965193623.140	,0,NPU:2
2,MDCMAP,1788521965293738.890	,0,NPU:2
2,MDCMAP,1788521965393669.470	,0,NPU:2
2,MDCMAP,1788521965493639.540	,0,NPU:2
2,MDCMAP,1788521965593628.350	,0,NPU:2
2,MDCMAP,1788521965693649.400	,0,NPU:2
2,MDCMAP,1788521965793641.400	,0,NPU:2
2,MDCMAP,1788521965893687.370	,0,NPU:2
2,MDCMAP,1788521965993646.290	,0,NPU:2
2,MDCMAP,1788521966093625.790	,0,NPU:2
2,MDCMAP,1788521966193628.540	,0,NPU:2
2,MDCMAP,1788521966293643.340	,0,NPU:2
2,MDCMAP,1788521966393613.490	,0,NPU:2
2,MDCMAP,1788521966493642.110	,0,NPU:2
2,MDCMAP,1788521966593639.740	,0,NPU:2
2,MDCMAP,1788521966693630.120	,0,NPU:2
2,MDCMAP,1788521966793623.110	,0,NPU:2
2,MDCMAP,1788521966893628.080	,0,NPU:2
2,MDCMAP,1788521966993649.050	,0,NPU:2
2,MDCMAP,1788521967093643.280	,0,NPU:2
2,MDCMAP,1788521967193636.760	,0,NPU:2
2,MDCMAP,1788521967293664.510	,0,NPU:2
2,MDCMAP,1788521967393646.400	,0,NPU:2
2,MDCMAP,1788521967493631.880	,0,NPU:2
2,MDCMAP,1788521967593619.300	,0,NPU:2
2,MDCMAP,1788521967693635.480	,0,NPU:2
2,MDCMAP,1788521967793629.620	,0,NPU:2
2,MDCMAP,1788521967893659.030	,0,NPU:2
2,MDCMAP,1788521967993639.300	,0,NPU:2
2,MDCMAP,1788521968093616.460	,0,NPU:2
2,MDCMAP,1788521968193600.750	,0,NPU:2
2,MDCMAP,1788521968293604.310	,0,NPU:2
2,MDCMAP,1788521968393642.290	,0,NPU:2
2,MDCMAP,1788521968493641.350	,0,NPU:2
2,MDCMAP,1788521968593635.460	,0,NPU:2
2,MDCMAP,1788521968693623.120	,0,NPU:2
2,MDCMAP,1788521968793603.210	,0,NPU:2
2,MDCMAP,1788521968893622.880	,0,NPU:2
2,MDCMAP,1788521968993646.280	,0,NPU:2
2,MDCMAP,1788521969093618.190	,0,NPU:2
2,MDCMAP,1788521969193625.210	,0,NPU:2
2,MDCMAP,1788521969293613.860	,0,NPU:2
2,MDCMAP,1788521969393631.150	,0,NPU:2
2,MDCMAP,1788521969493645.190	,0,NPU:2
2,MDCMAP,1788521969593630.620	,0,NPU:2
2,MDCMAP,1788521969693629.060	,0,NPU:2
2,MDCMAP,1788521969793629.990	,0,NPU:2
2,MDCMAP,1788521969893608.320	,0,NPU:2
2,MDCMAP,1788521969993610.590	,0,NPU:2
2,MDCMAP,1788521970093630.140	,0,NPU:2
2,MDCMAP,1788521970193626.490	,0,NPU:2
2,MDCMAP,1788521970293611.210	,0,NPU:2
2,MDCMAP,1788521970393601.790	,0,NPU:2
2,MDCMAP,1788521970493628.800	,0,NPU:2
2,MDCMAP,1788521970593625.850	,0,NPU:2
2,MDCMAP,1788521970693643.880	,0,NPU:2
2,MDCMAP,1788521970793609.650	,0,NPU:2
2,MDCMAP,1788521970893621.640	,0,NPU:2
2,MDCMAP,1788521970993613.030	,0,NPU:2
2,MDCMAP,1788521971093591.550	,0,NPU:2
2,MDCMAP,1788521971193601.230	,0,NPU:2
2,MDCMAP,1788521971293601.060	,0,NPU:2
2,MDCMAP,1788521971393594.380	,0,NPU:2
2,MDCMAP,1788521971493608.280	,0,NPU:2
2,MDCMAP,1788521971593612.580	,0,NPU:2
2,MDCMAP,1788521971693592.100	,0,NPU:2
2,MDCMAP,1788521971793598.990	,0,NPU:2
2,MDCMAP,1788521971893595.970	,0,NPU:2
2,MDCMAP,1788521971993592.820	,0,NPU:2
2,MDCMAP,1788521972093590.900	,0,NPU:2
2,MDCMAP,1788521972193595.900	,0,NPU:2
2,MDCMAP,1788521972293597.240	,0,NPU:2
2,MDCMAP,1788521972393636.480	,0,NPU:2
2,MDCMAP,1788521972493583.490	,0,NPU:2
2,MDCMAP,1788521972593645.590	,0,NPU:2
2,MDCMAP,1788521972693633.820	,0,NPU:2
2,MDCMAP,1788521972793603.790	,0,NPU:2
2,MDCMAP,1788521972893580.480	,0,NPU:2
2,MDCMAP,1788521972993578.140	,0,NPU:2
2,MDCMAP,1788521973093574.880	,0,NPU:2
2,MDCMAP,1788521973193573.610	,0,NPU:2
2,MDCMAP,1788521973293574.060	,0,NPU:2
2,MDCMAP,1788521973398586.880	,0,NPU:2
2,MDCMAP,1788521973493599.570	,0,NPU:2
2,MDCMAP,1788521973559819.670	,0,NPU:2
2,TUNE,1788521953993841.910	,0,NPU:2
2,TUNE,1788521954093690.790	,0,NPU:2
2,TUNE,1788521954193665.180	,0,NPU:2
2,TUNE,1788521954293650.080	,0,NPU:2
2,TUNE,1788521954393654.040	,0,NPU:2
2,TUNE,1788521954493648.730	,0,NPU:2
2,TUNE,1788521954593645.540	,0,NPU:2
2,TUNE,1788521954693640.150	,0,NPU:2
2,TUNE,1788521954793649.950	,0,NPU:2
2,TUNE,1788521954893661.680	,0,NPU:2
2,TUNE,1788521954993678.410	,0,NPU:2
2,TUNE,1788521955093652.720	,0,NPU:2
2,TUNE,1788521955193653.270	,0,NPU:2
2,TUNE,1788521955293648.860	,0,NPU:2
2,TUNE,1788521955393649.220	,0,NPU:2
2,TUNE,1788521955493655.280	,0,NPU:2
2,TUNE,1788521955593651.590	,0,NPU:2
2,TUNE,1788521955693640.580	,0,NPU:2
2,TUNE,1788521955793638.250	,0,NPU:2
2,TUNE,1788521955893682.250	,0,NPU:2
2,TUNE,1788521955993682.480	,0,NPU:2
2,TUNE,1788521956093711.640	,0,NPU:2
2,TUNE,1788521956193672.410	,0,NPU:2
2,TUNE,1788521956293669.740	,0,NPU:2
2,TUNE,1788521956393666.240	,0,NPU:2
2,TUNE,1788521956493676.590	,0,NPU:2
2,TUNE,1788521956593710.650	,0,NPU:2
2,TUNE,1788521956693695.830	,0,NPU:2
2,TUNE,1788521956793695.140	,0,NPU:2
2,TUNE,1788521956893673.320	,0,NPU:2
2,TUNE,1788521956993679.850	,0,NPU:2
2,TUNE,1788521957093679.860	,0,NPU:2
2,TUNE,1788521957193708.460	,0,NPU:2
2,TUNE,1788521957293678.900	,0,NPU:2
2,TUNE,1788521957393665.400	,0,NPU:2
2,TUNE,1788521957493670.700	,0,NPU:2
2,TUNE,1788521957593669.370	,0,NPU:2
2,TUNE,1788521957693681.180	,0,NPU:2
2,TUNE,1788521957793669.280	,0,NPU:2
2,TUNE,1788521957893667.600	,0,NPU:2
2,TUNE,1788521957993664.330	,0,NPU:2
2,TUNE,1788521958093664.530	,0,NPU:2
2,TUNE,1788521958193664.090	,0,NPU:2
2,TUNE,1788521958293676.530	,0,NPU:2
2,TUNE,1788521958393683.270	,0,NPU:2
2,TUNE,1788521958493690.880	,0,NPU:2
2,TUNE,1788521958593674.040	,0,NPU:2
2,TUNE,1788521958693683.820	,0,NPU:2
2,TUNE,1788521958793687.320	,0,NPU:2
2,TUNE,1788521958893675.330	,0,NPU:2
2,TUNE,1788521958993662.280	,0,NPU:2
2,TUNE,1788521959093657.900	,0,NPU:2
2,TUNE,1788521959193640.610	,0,NPU:2
2,TUNE,1788521959293669.420	,0,NPU:2
2,TUNE,1788521959393659.330	,0,NPU:2
2,TUNE,1788521959493656.680	,0,NPU:2
2,TUNE,1788521959593664.410	,0,NPU:2
2,TUNE,1788521959693659.180	,0,NPU:2
2,TUNE,1788521959793659.090	,0,NPU:2
2,TUNE,1788521959893653.390	,0,NPU:2
2,TUNE,1788521959993636.630	,0,NPU:2
2,TUNE,1788521960093661.640	,0,NPU:2
2,TUNE,1788521960193659.550	,0,NPU:2
2,TUNE,1788521960293650.620	,0,NPU:2
2,TUNE,1788521960393656.970	,0,NPU:2
2,TUNE,1788521960493672.410	,0,NPU:2
2,TUNE,1788521960593660.010	,0,NPU:2
2,TUNE,1788521960693662.400	,0,NPU:2
2,TUNE,1788521960793664.020	,0,NPU:2
2,TUNE,1788521960893665.010	,0,NPU:2
2,TUNE,1788521960993655.530	,0,NPU:2
2,TUNE,1788521961093650.430	,0,NPU:2
2,TUNE,1788521961193659.590	,0,NPU:2
2,TUNE,1788521961293649.550	,0,NPU:2
2,TUNE,1788521961393660.560	,0,NPU:2
2,TUNE,1788521961493646.430	,0,NPU:2
2,TUNE,1788521961593653.540	,0,NPU:2
2,TUNE,1788521961693653.280	,0,NPU:2
2,TUNE,1788521961793655.640	,0,NPU:2
2,TUNE,1788521961893663.700	,0,NPU:2
2,TUNE,1788521961993679.720	,0,NPU:2
2,TUNE,1788521962093650.320	,0,NPU:2
2,TUNE,1788521962193649.320	,0,NPU:2
2,TUNE,1788521962293681.190	,0,NPU:2
2,TUNE,1788521962393648.310	,0,NPU:2
2,TUNE,1788521962493648.610	,0,NPU:2
2,TUNE,1788521962593658.720	,0,NPU:2
2,TUNE,1788521962693658.470	,0,NPU:2
2,TUNE,1788521962793647.510	,0,NPU:2
2,TUNE,1788521962893648.970	,0,NPU:2
2,TUNE,1788521962993649.820	,0,NPU:2
2,TUNE,1788521963093652.370	,0,NPU:2
2,TUNE,1788521963193660.920	,0,NPU:2
2,TUNE,1788521963293649.500	,0,NPU:2
2,TUNE,1788521963393652.840	,0,NPU:2
2,TUNE,1788521963493633.730	,0,NPU:2
2,TUNE,1788521963593627.750	,0,NPU:2
2,TUNE,1788521963693630.860	,0,NPU:2
2,TUNE,1788521963793626.500	,0,NPU:2
2,TUNE,1788521963893625.660	,0,NPU:2
2,TUNE,1788521963993619.870	,0,NPU:2
2,TUNE,1788521964093623.630	,0,NPU:2
2,TUNE,1788521964193621.680	,0,NPU:2
2,TUNE,1788521964293631.730	,0,NPU:2
2,TUNE,1788521964393624.810	,0,NPU:2
2,TUNE,1788521964493617.160	,0,NPU:2
2,TUNE,1788521964593612.810	,0,NPU:2
2,TUNE,1788521964693630.030	,0,NPU:2
2,TUNE,1788521964793640.010	,0,NPU:2
2,TUNE,1788521964893621.970	,0,NPU:2
2,TUNE,1788521964993624.260	,0,NPU:2
2,TUNE,1788521965093632.600	,0,NPU:2
2,TUNE,1788521965193623.140	,0,NPU:2
2,TUNE,1788521965293738.890	,0,NPU:2
2,TUNE,1788521965393669.470	,0,NPU:2
2,TUNE,1788521965493639.540	,0,NPU:2
2,TUNE,1788521965593628.350	,0,NPU:2
2,TUNE,1788521965693649.400	,0,NPU:2
2,TUNE,1788521965793641.400	,0,NPU:2
2,TUNE,1788521965893687.370	,0,NPU:2
2,TUNE,1788521965993646.290	,0,NPU:2
2,TUNE,1788521966093625.790	,0,NPU:2
2,TUNE,1788521966193628.540	,0,NPU:2
2,TUNE,1788521966293643.340	,0,NPU:2
2,TUNE,1788521966393613.490	,0,NPU:2
2,TUNE,1788521966493642.110	,0,NPU:2
2,TUNE,1788521966593639.740	,0,NPU:2
2,TUNE,1788521966693630.120	,0,NPU:2
2,TUNE,1788521966793623.110	,0,NPU:2
2,TUNE,1788521966893628.080	,0,NPU:2
2,TUNE,1788521966993649.050	,0,NPU:2
2,TUNE,1788521967093643.280	,0,NPU:2
2,TUNE,1788521967193636.760	,0,NPU:2
2,TUNE,1788521967293664.510	,0,NPU:2
2,TUNE,1788521967393646.400	,0,NPU:2
2,TUNE,1788521967493631.880	,0,NPU:2
2,TUNE,1788521967593619.300	,0,NPU:2
2,TUNE,1788521967693635.480	,0,NPU:2
2,TUNE,1788521967793629.620	,0,NPU:2
2,TUNE,1788521967893659.030	,0,NPU:2
2,TUNE,1788521967993639.300	,0,NPU:2
2,TUNE,1788521968093616.460	,0,NPU:2
2,TUNE,1788521968193600.750	,0,NPU:2
2,TUNE,1788521968293604.310	,0,NPU:2
2,TUNE,1788521968393642.290	,0,NPU:2
2,TUNE,1788521968493641.350	,0,NPU:2
2,TUNE,1788521968593635.460	,0,NPU:2
2,TUNE,1788521968693623.120	,0,NPU:2
2,TUNE,1788521968793603.210	,0,NPU:2
2,TUNE,1788521968893622.880	,0,NPU:2
2,TUNE,1788521968993646.280	,0,NPU:2
2,TUNE,1788521969093618.190	,0,NPU:2
2,TUNE,1788521969193625.210	,0,NPU:2
2,TUNE,1788521969293613.860	,0,NPU:2
2,TUNE,1788521969393631.150	,0,NPU:2
2,TUNE,1788521969493645.190	,0,NPU:2
2,TUNE,1788521969593630.620	,0,NPU:2
2,TUNE,1788521969693629.060	,0,NPU:2
2,TUNE,1788521969793629.990	,0,NPU:2
2,TUNE,1788521969893608.320	,0,NPU:2
2,TUNE,1788521969993610.590	,0,NPU:2
2,TUNE,1788521970093630.140	,0,NPU:2
2,TUNE,1788521970193626.490	,0,NPU:2
2,TUNE,1788521970293611.210	,0,NPU:2
2,TUNE,1788521970393601.790	,0,NPU:2
2,TUNE,1788521970493628.800	,0,NPU:2
2,TUNE,1788521970593625.850	,0,NPU:2
2,TUNE,1788521970693643.880	,0,NPU:2
2,TUNE,1788521970793609.650	,0,NPU:2
2,TUNE,1788521970893621.640	,0,NPU:2
2,TUNE,1788521970993613.030	,0,NPU:2
2,TUNE,1788521971093591.550	,0,NPU:2
2,TUNE,1788521971193601.230	,0,NPU:2
2,TUNE,1788521971293601.060	,0,NPU:2
2,TUNE,1788521971393594.380	,0,NPU:2
2,TUNE,1788521971493608.280	,0,NPU:2
2,TUNE,1788521971593612.580	,0,NPU:2
2,TUNE,1788521971693592.100	,0,NPU:2
2,TUNE,1788521971793598.990	,0,NPU:2
2,TUNE,1788521971893595.970	,0,NPU:2
2,TUNE,1788521971993592.820	,0,NPU:2
2,TUNE,1788521972093590.900	,0,NPU:2
2,TUNE,1788521972193595.900	,0,NPU:2
2,TUNE,1788521972293597.240	,0,NPU:2
2,TUNE,1788521972393636.480	,0,NPU:2
2,TUNE,1788521972493583.490	,0,NPU:2
2,TUNE,1788521972593645.590	,0,NPU:2
2,TUNE,1788521972693633.820	,0,NPU:2
2,TUNE,1788521972793603.790	,0,NPU:2
2,TUNE,1788521972893580.480	,0,NPU:2
2,TUNE,1788521972993578.140	,0,NPU:2
2,TUNE,1788521973093574.880	,0,NPU:2
2,TUNE,1788521973193573.610	,0,NPU:2
2,TUNE,1788521973293574.060	,0,NPU:2
2,TUNE,1788521973398586.880	,0,NPU:2
2,TUNE,1788521973493599.570	,0,NPU:2
2,TUNE,1788521973559819.670	,0,NPU:2
2,HSS,1788521953993841.910	,0,NPU:2
2,HSS,1788521954093690.790	,0,NPU:2
2,HSS,1788521954193665.180	,0,NPU:2
2,HSS,1788521954293650.080	,0,NPU:2
2,HSS,1788521954393654.040	,0,NPU:2
2,HSS,1788521954493648.730	,0,NPU:2
2,HSS,1788521954593645.540	,0,NPU:2
2,HSS,1788521954693640.150	,0,NPU:2
2,HSS,1788521954793649.950	,0,NPU:2
2,HSS,1788521954893661.680	,0,NPU:2
2,HSS,1788521954993678.410	,0,NPU:2
2,HSS,1788521955093652.720	,0,NPU:2
2,HSS,1788521955193653.270	,0,NPU:2
2,HSS,1788521955293648.860	,0,NPU:2
2,HSS,1788521955393649.220	,0,NPU:2
2,HSS,1788521955493655.280	,0,NPU:2
2,HSS,1788521955593651.590	,0,NPU:2
2,HSS,1788521955693640.580	,0,NPU:2
2,HSS,1788521955793638.250	,0,NPU:2
2,HSS,1788521955893682.250	,0,NPU:2
2,HSS,1788521955993682.480	,0,NPU:2
2,HSS,1788521956093711.640	,0,NPU:2
2,HSS,1788521956193672.410	,0,NPU:2
2,HSS,1788521956293669.740	,0,NPU:2
2,HSS,1788521956393666.240	,0,NPU:2
2,HSS,1788521956493676.590	,0,NPU:2
2,HSS,1788521956593710.650	,0,NPU:2
2,HSS,1788521956693695.830	,0,NPU:2
2,HSS,1788521956793695.140	,0,NPU:2
2,HSS,1788521956893673.320	,0,NPU:2
2,HSS,1788521956993679.850	,0,NPU:2
2,HSS,1788521957093679.860	,0,NPU:2
2,HSS,1788521957193708.460	,0,NPU:2
2,HSS,1788521957293678.900	,0,NPU:2
2,HSS,1788521957393665.400	,0,NPU:2
2,HSS,1788521957493670.700	,0,NPU:2
2,HSS,1788521957593669.370	,0,NPU:2
2,HSS,1788521957693681.180	,0,NPU:2
2,HSS,1788521957793669.280	,0,NPU:2
2,HSS,1788521957893667.600	,0,NPU:2
2,HSS,1788521957993664.330	,0,NPU:2
2,HSS,1788521958093664.530	,0,NPU:2
2,HSS,1788521958193664.090	,0,NPU:2
2,HSS,1788521958293676.530	,0,NPU:2
2,HSS,1788521958393683.270	,0,NPU:2
2,HSS,1788521958493690.880	,0,NPU:2
2,HSS,1788521958593674.040	,0,NPU:2
2,HSS,1788521958693683.820	,0,NPU:2
2,HSS,1788521958793687.320	,0,NPU:2
2,HSS,1788521958893675.330	,0,NPU:2
2,HSS,1788521958993662.280	,0,NPU:2
2,HSS,1788521959093657.900	,0,NPU:2
2,HSS,1788521959193640.610	,0,NPU:2
2,HSS,1788521959293669.420	,0,NPU:2
2,HSS,1788521959393659.330	,0,NPU:2
2,HSS,1788521959493656.680	,0,NPU:2
2,HSS,1788521959593664.410	,0,NPU:2
2,HSS,1788521959693659.180	,0,NPU:2
2,HSS,1788521959793659.090	,0,NPU:2
2,HSS,1788521959893653.390	,0,NPU:2
2,HSS,1788521959993636.630	,0,NPU:2
2,HSS,1788521960093661.640	,0,NPU:2
2,HSS,1788521960193659.550	,0,NPU:2
2,HSS,1788521960293650.620	,0,NPU:2
2,HSS,1788521960393656.970	,0,NPU:2
2,HSS,1788521960493672.410	,0,NPU:2
2,HSS,1788521960593660.010	,0,NPU:2
2,HSS,1788521960693662.400	,0,NPU:2
2,HSS,1788521960793664.020	,0,NPU:2
2,HSS,1788521960893665.010	,0,NPU:2
2,HSS,1788521960993655.530	,0,NPU:2
2,HSS,1788521961093650.430	,0,NPU:2
2,HSS,1788521961193659.590	,0,NPU:2
2,HSS,1788521961293649.550	,0,NPU:2
2,HSS,1788521961393660.560	,0,NPU:2
2,HSS,1788521961493646.430	,0,NPU:2
2,HSS,1788521961593653.540	,0,NPU:2
2,HSS,1788521961693653.280	,0,NPU:2
2,HSS,1788521961793655.640	,0,NPU:2
2,HSS,1788521961893663.700	,0,NPU:2
2,HSS,1788521961993679.720	,0,NPU:2
2,HSS,1788521962093650.320	,0,NPU:2
2,HSS,1788521962193649.320	,0,NPU:2
2,HSS,1788521962293681.190	,0,NPU:2
2,HSS,1788521962393648.310	,0,NPU:2
2,HSS,1788521962493648.610	,0,NPU:2
2,HSS,1788521962593658.720	,0,NPU:2
2,HSS,1788521962693658.470	,0,NPU:2
2,HSS,1788521962793647.510	,0,NPU:2
2,HSS,1788521962893648.970	,0,NPU:2
2,HSS,1788521962993649.820	,0,NPU:2
2,HSS,1788521963093652.370	,0,NPU:2
2,HSS,1788521963193660.920	,0,NPU:2
2,HSS,1788521963293649.500	,0,NPU:2
2,HSS,1788521963393652.840	,0,NPU:2
2,HSS,1788521963493633.730	,0,NPU:2
2,HSS,1788521963593627.750	,0,NPU:2
2,HSS,1788521963693630.860	,0,NPU:2
2,HSS,1788521963793626.500	,0,NPU:2
2,HSS,1788521963893625.660	,0,NPU:2
2,HSS,1788521963993619.870	,0,NPU:2
2,HSS,1788521964093623.630	,0,NPU:2
2,HSS,1788521964193621.680	,0,NPU:2
2,HSS,1788521964293631.730	,0,NPU:2
2,HSS,1788521964393624.810	,0,NPU:2
2,HSS,1788521964493617.160	,0,NPU:2
2,HSS,1788521964593612.810	,0,NPU:2
2,HSS,1788521964693630.030	,0,NPU:2
2,HSS,1788521964793640.010	,0,NPU:2
2,HSS,1788521964893621.970	,0,NPU:2
2,HSS,1788521964993624.260	,0,NPU:2
2,HSS,1788521965093632.600	,0,NPU:2
2,HSS,1788521965193623.140	,0,NPU:2
2,HSS,1788521965293738.890	,0,NPU:2
2,HSS,1788521965393669.470	,0,NPU:2
2,HSS,1788521965493639.540	,0,NPU:2
2,HSS,1788521965593628.350	,0,NPU:2
2,HSS,1788521965693649.400	,0,NPU:2
2,HSS,1788521965793641.400	,0,NPU:2
2,HSS,1788521965893687.370	,0,NPU:2
2,HSS,1788521965993646.290	,0,NPU:2
2,HSS,1788521966093625.790	,0,NPU:2
2,HSS,1788521966193628.540	,0,NPU:2
2,HSS,1788521966293643.340	,0,NPU:2
2,HSS,1788521966393613.490	,0,NPU:2
2,HSS,1788521966493642.110	,0,NPU:2
2,HSS,1788521966593639.740	,0,NPU:2
2,HSS,1788521966693630.120	,0,NPU:2
2,HSS,1788521966793623.110	,0,NPU:2
2,HSS,1788521966893628.080	,0,NPU:2
2,HSS,1788521966993649.050	,0,NPU:2
2,HSS,1788521967093643.280	,0,NPU:2
2,HSS,1788521967193636.760	,0,NPU:2
2,HSS,1788521967293664.510	,0,NPU:2
2,HSS,1788521967393646.400	,0,NPU:2
2,HSS,1788521967493631.880	,0,NPU:2
2,HSS,1788521967593619.300	,0,NPU:2
2,HSS,1788521967693635.480	,0,NPU:2
2,HSS,1788521967793629.620	,0,NPU:2
2,HSS,1788521967893659.030	,0,NPU:2
2,HSS,1788521967993639.300	,0,NPU:2
2,HSS,1788521968093616.460	,0,NPU:2
2,HSS,1788521968193600.750	,0,NPU:2
2,HSS,1788521968293604.310	,0,NPU:2
2,HSS,1788521968393642.290	,0,NPU:2
2,HSS,1788521968493641.350	,0,NPU:2
2,HSS,1788521968593635.460	,0,NPU:2
2,HSS,1788521968693623.120	,0,NPU:2
2,HSS,1788521968793603.210	,0,NPU:2
2,HSS,1788521968893622.880	,0,NPU:2
2,HSS,1788521968993646.280	,0,NPU:2
2,HSS,1788521969093618.190	,0,NPU:2
2,HSS,1788521969193625.210	,0,NPU:2
2,HSS,1788521969293613.860	,0,NPU:2
2,HSS,1788521969393631.150	,0,NPU:2
2,HSS,1788521969493645.190	,0,NPU:2
2,HSS,1788521969593630.620	,0,NPU:2
2,HSS,1788521969693629.060	,0,NPU:2
2,HSS,1788521969793629.990	,0,NPU:2
2,HSS,1788521969893608.320	,0,NPU:2
2,HSS,1788521969993610.590	,0,NPU:2
2,HSS,1788521970093630.140	,0,NPU:2
2,HSS,1788521970193626.490	,0,NPU:2
2,HSS,1788521970293611.210	,0,NPU:2
2,HSS,1788521970393601.790	,0,NPU:2
2,HSS,1788521970493628.800	,0,NPU:2
2,HSS,1788521970593625.850	,0,NPU:2
2,HSS,1788521970693643.880	,0,NPU:2
2,HSS,1788521970793609.650	,0,NPU:2
2,HSS,1788521970893621.640	,0,NPU:2
2,HSS,1788521970993613.030	,0,NPU:2
2,HSS,1788521971093591.550	,0,NPU:2
2,HSS,1788521971193601.230	,0,NPU:2
2,HSS,1788521971293601.060	,0,NPU:2
2,HSS,1788521971393594.380	,0,NPU:2
2,HSS,1788521971493608.280	,0,NPU:2
2,HSS,1788521971593612.580	,0,NPU:2
2,HSS,1788521971693592.100	,0,NPU:2
2,HSS,1788521971793598.990	,0,NPU:2
2,HSS,1788521971893595.970	,0,NPU:2
2,HSS,1788521971993592.820	,0,NPU:2
2,HSS,1788521972093590.900	,0,NPU:2
2,HSS,1788521972193595.900	,0,NPU:2
2,HSS,1788521972293597.240	,0,NPU:2
2,HSS,1788521972393636.480	,0,NPU:2
2,HSS,1788521972493583.490	,0,NPU:2
2,HSS,1788521972593645.590	,0,NPU:2
2,HSS,1788521972693633.820	,0,NPU:2
2,HSS,1788521972793603.790	,0,NPU:2
2,HSS,1788521972893580.480	,0,NPU:2
2,HSS,1788521972993578.140	,0,NPU:2
2,HSS,1788521973093574.880	,0,NPU:2
2,HSS,1788521973193573.610	,0,NPU:2
2,HSS,1788521973293574.060	,0,NPU:2
2,HSS,1788521973398586.880	,0,NPU:2
2,HSS,1788521973493599.570	,0,NPU:2
2,HSS,1788521973559819.670	,0,NPU:2
2,FFTS,1788521953993841.910	,0,NPU:2
2,FFTS,1788521954093690.790	,0,NPU:2
2,FFTS,1788521954193665.180	,0,NPU:2
2,FFTS,1788521954293650.080	,0,NPU:2
2,FFTS,1788521954393654.040	,0,NPU:2
2,FFTS,1788521954493648.730	,0,NPU:2
2,FFTS,1788521954593645.540	,0,NPU:2
2,FFTS,1788521954693640.150	,0,NPU:2
2,FFTS,1788521954793649.950	,0,NPU:2
2,FFTS,1788521954893661.680	,0,NPU:2
2,FFTS,1788521954993678.410	,0,NPU:2
2,FFTS,1788521955093652.720	,0,NPU:2
2,FFTS,1788521955193653.270	,0,NPU:2
2,FFTS,1788521955293648.860	,0,NPU:2
2,FFTS,1788521955393649.220	,0,NPU:2
2,FFTS,1788521955493655.280	,0,NPU:2
2,FFTS,1788521955593651.590	,0,NPU:2
2,FFTS,1788521955693640.580	,0,NPU:2
2,FFTS,1788521955793638.250	,0,NPU:2
2,FFTS,1788521955893682.250	,0,NPU:2
2,FFTS,1788521955993682.480	,0,NPU:2
2,FFTS,1788521956093711.640	,0,NPU:2
2,FFTS,1788521956193672.410	,0,NPU:2
2,FFTS,1788521956293669.740	,0,NPU:2
2,FFTS,1788521956393666.240	,0,NPU:2
2,FFTS,1788521956493676.590	,0,NPU:2
2,FFTS,1788521956593710.650	,0,NPU:2
2,FFTS,1788521956693695.830	,0,NPU:2
2,FFTS,1788521956793695.140	,0,NPU:2
2,FFTS,1788521956893673.320	,0,NPU:2
2,FFTS,1788521956993679.850	,0,NPU:2
2,FFTS,1788521957093679.860	,0,NPU:2
2,FFTS,1788521957193708.460	,0,NPU:2
2,FFTS,1788521957293678.900	,0,NPU:2
2,FFTS,1788521957393665.400	,0,NPU:2
2,FFTS,1788521957493670.700	,0,NPU:2
2,FFTS,1788521957593669.370	,0,NPU:2
2,FFTS,1788521957693681.180	,0,NPU:2
2,FFTS,1788521957793669.280	,0,NPU:2
2,FFTS,1788521957893667.600	,0,NPU:2
2,FFTS,1788521957993664.330	,0,NPU:2
2,FFTS,1788521958093664.530	,0,NPU:2
2,FFTS,1788521958193664.090	,0,NPU:2
2,FFTS,1788521958293676.530	,0,NPU:2
2,FFTS,1788521958393683.270	,0,NPU:2
2,FFTS,1788521958493690.880	,0,NPU:2
2,FFTS,1788521958593674.040	,0,NPU:2
2,FFTS,1788521958693683.820	,0,NPU:2
2,FFTS,1788521958793687.320	,0,NPU:2
2,FFTS,1788521958893675.330	,0,NPU:2
2,FFTS,1788521958993662.280	,0,NPU:2
2,FFTS,1788521959093657.900	,0,NPU:2
2,FFTS,1788521959193640.610	,0,NPU:2
2,FFTS,1788521959293669.420	,0,NPU:2
2,FFTS,1788521959393659.330	,0,NPU:2
2,FFTS,1788521959493656.680	,0,NPU:2
2,FFTS,1788521959593664.410	,0,NPU:2
2,FFTS,1788521959693659.180	,0,NPU:2
2,FFTS,1788521959793659.090	,0,NPU:2
2,FFTS,1788521959893653.390	,0,NPU:2
2,FFTS,1788521959993636.630	,0,NPU:2
2,FFTS,1788521960093661.640	,0,NPU:2
2,FFTS,1788521960193659.550	,0,NPU:2
2,FFTS,1788521960293650.620	,0,NPU:2
2,FFTS,1788521960393656.970	,0,NPU:2
2,FFTS,1788521960493672.410	,0,NPU:2
2,FFTS,1788521960593660.010	,0,NPU:2
2,FFTS,1788521960693662.400	,0,NPU:2
2,FFTS,1788521960793664.020	,0,NPU:2
2,FFTS,1788521960893665.010	,0,NPU:2
2,FFTS,1788521960993655.530	,0,NPU:2
2,FFTS,1788521961093650.430	,0,NPU:2
2,FFTS,1788521961193659.590	,0,NPU:2
2,FFTS,1788521961293649.550	,0,NPU:2
2,FFTS,1788521961393660.560	,0,NPU:2
2,FFTS,1788521961493646.430	,0,NPU:2
2,FFTS,1788521961593653.540	,0,NPU:2
2,FFTS,1788521961693653.280	,0,NPU:2
2,FFTS,1788521961793655.640	,0,NPU:2
2,FFTS,1788521961893663.700	,0,NPU:2
2,FFTS,1788521961993679.720	,0,NPU:2
2,FFTS,1788521962093650.320	,0,NPU:2
2,FFTS,1788521962193649.320	,0,NPU:2
2,FFTS,1788521962293681.190	,0,NPU:2
2,FFTS,1788521962393648.310	,0,NPU:2
2,FFTS,1788521962493648.610	,0,NPU:2
2,FFTS,1788521962593658.720	,0,NPU:2
2,FFTS,1788521962693658.470	,0,NPU:2
2,FFTS,1788521962793647.510	,0,NPU:2
2,FFTS,1788521962893648.970	,0,NPU:2
2,FFTS,1788521962993649.820	,0,NPU:2
2,FFTS,1788521963093652.370	,0,NPU:2
2,FFTS,1788521963193660.920	,0,NPU:2
2,FFTS,1788521963293649.500	,0,NPU:2
2,FFTS,1788521963393652.840	,0,NPU:2
2,FFTS,1788521963493633.730	,0,NPU:2
2,FFTS,1788521963593627.750	,0,NPU:2
2,FFTS,1788521963693630.860	,0,NPU:2
2,FFTS,1788521963793626.500	,0,NPU:2
2,FFTS,1788521963893625.660	,0,NPU:2
2,FFTS,1788521963993619.870	,0,NPU:2
2,FFTS,1788521964093623.630	,0,NPU:2
2,FFTS,1788521964193621.680	,0,NPU:2
2,FFTS,1788521964293631.730	,0,NPU:2
2,FFTS,1788521964393624.810	,0,NPU:2
2,FFTS,1788521964493617.160	,0,NPU:2
2,FFTS,1788521964593612.810	,0,NPU:2
2,FFTS,1788521964693630.030	,0,NPU:2
2,FFTS,1788521964793640.010	,0,NPU:2
2,FFTS,1788521964893621.970	,0,NPU:2
2,FFTS,1788521964993624.260	,0,NPU:2
2,FFTS,1788521965093632.600	,0,NPU:2
2,FFTS,1788521965193623.140	,0,NPU:2
2,FFTS,1788521965293738.890	,0,NPU:2
2,FFTS,1788521965393669.470	,0,NPU:2
2,FFTS,1788521965493639.540	,0,NPU:2
2,FFTS,1788521965593628.350	,0,NPU:2
2,FFTS,1788521965693649.400	,0,NPU:2
2,FFTS,1788521965793641.400	,0,NPU:2
2,FFTS,1788521965893687.370	,0,NPU:2
2,FFTS,1788521965993646.290	,0,NPU:2
2,FFTS,1788521966093625.790	,0,NPU:2
2,FFTS,1788521966193628.540	,0,NPU:2
2,FFTS,1788521966293643.340	,0,NPU:2
2,FFTS,1788521966393613.490	,0,NPU:2
2,FFTS,1788521966493642.110	,0,NPU:2
2,FFTS,1788521966593639.740	,0,NPU:2
2,FFTS,1788521966693630.120	,0,NPU:2
2,FFTS,1788521966793623.110	,0,NPU:2
2,FFTS,1788521966893628.080	,0,NPU:2
2,FFTS,1788521966993649.050	,0,NPU:2
2,FFTS,1788521967093643.280	,0,NPU:2
2,FFTS,1788521967193636.760	,0,NPU:2
2,FFTS,1788521967293664.510	,0,NPU:2
2,FFTS,1788521967393646.400	,0,NPU:2
2,FFTS,1788521967493631.880	,0,NPU:2
2,FFTS,1788521967593619.300	,0,NPU:2
2,FFTS,1788521967693635.480	,0,NPU:2
2,FFTS,1788521967793629.620	,0,NPU:2
2,FFTS,1788521967893659.030	,0,NPU:2
2,FFTS,1788521967993639.300	,0,NPU:2
2,FFTS,1788521968093616.460	,0,NPU:2
2,FFTS,1788521968193600.750	,0,NPU:2
2,FFTS,1788521968293604.310	,0,NPU:2
2,FFTS,1788521968393642.290	,0,NPU:2
2,FFTS,1788521968493641.350	,0,NPU:2
2,FFTS,1788521968593635.460	,0,NPU:2
2,FFTS,1788521968693623.120	,0,NPU:2
2,FFTS,1788521968793603.210	,0,NPU:2
2,FFTS,1788521968893622.880	,0,NPU:2
2,FFTS,1788521968993646.280	,0,NPU:2
2,FFTS,1788521969093618.190	,0,NPU:2
2,FFTS,1788521969193625.210	,0,NPU:2
2,FFTS,1788521969293613.860	,0,NPU:2
2,FFTS,1788521969393631.150	,0,NPU:2
2,FFTS,1788521969493645.190	,0,NPU:2
2,FFTS,1788521969593630.620	,0,NPU:2
2,FFTS,1788521969693629.060	,0,NPU:2
2,FFTS,1788521969793629.990	,0,NPU:2
2,FFTS,1788521969893608.320	,0,NPU:2
2,FFTS,1788521969993610.590	,0,NPU:2
2,FFTS,1788521970093630.140	,0,NPU:2
2,FFTS,1788521970193626.490	,0,NPU:2
2,FFTS,1788521970293611.210	,0,NPU:2
2,FFTS,1788521970393601.790	,0,NPU:2
2,FFTS,1788521970493628.800	,0,NPU:2
2,FFTS,1788521970593625.850	,0,NPU:2
2,FFTS,1788521970693643.880	,0,NPU:2
2,FFTS,1788521970793609.650	,0,NPU:2
2,FFTS,1788521970893621.640	,0,NPU:2
2,FFTS,1788521970993613.030	,0,NPU:2
2,FFTS,1788521971093591.550	,0,NPU:2
2,FFTS,1788521971193601.230	,0,NPU:2
2,FFTS,1788521971293601.060	,0,NPU:2
2,FFTS,1788521971393594.380	,0,NPU:2
2,FFTS,1788521971493608.280	,0,NPU:2
2,FFTS,1788521971593612.580	,0,NPU:2
2,FFTS,1788521971693592.100	,0,NPU:2
2,FFTS,1788521971793598.990	,0,NPU:2
2,FFTS,1788521971893595.970	,0,NPU:2
2,FFTS,1788521971993592.820	,0,NPU:2
2,FFTS,1788521972093590.900	,0,NPU:2
2,FFTS,1788521972193595.900	,0,NPU:2
2,FFTS,1788521972293597.240	,0,NPU:2
2,FFTS,1788521972393636.480	,0,NPU:2
2,FFTS,1788521972493583.490	,0,NPU:2
2,FFTS,1788521972593645.590	,0,NPU:2
2,FFTS,1788521972693633.820	,0,NPU:2
2,FFTS,1788521972793603.790	,0,NPU:2
2,FFTS,1788521972893580.480	,0,NPU:2
2,FFTS,1788521972993578.140	,0,NPU:2
2,FFTS,1788521973093574.880	,0,NPU:2
2,FFTS,1788521973193573.610	,0,NPU:2
2,FFTS,1788521973293574.060	,0,NPU:2
2,FFTS,1788521973398586.880	,0,NPU:2
2,FFTS,1788521973493599.570	,0,NPU:2
2,FFTS,1788521973559819.670	,0,NPU:2
2,OP,1788521953993841.910	,0,NPU:2
2,OP,1788521954093690.790	,0,NPU:2
2,OP,1788521954193665.180	,0,NPU:2
2,OP,1788521954293650.080	,0,NPU:2
2,OP,1788521954393654.040	,0,NPU:2
2,OP,1788521954493648.730	,0,NPU:2
2,OP,1788521954593645.540	,0,NPU:2
2,OP,1788521954693640.150	,0,NPU:2
2,OP,1788521954793649.950	,0,NPU:2
2,OP,1788521954893661.680	,0,NPU:2
2,OP,1788521954993678.410	,0,NPU:2
2,OP,1788521955093652.720	,0,NPU:2
2,OP,1788521955193653.270	,0,NPU:2
2,OP,1788521955293648.860	,0,NPU:2
2,OP,1788521955393649.220	,0,NPU:2
2,OP,1788521955493655.280	,0,NPU:2
2,OP,1788521955593651.590	,0,NPU:2
2,OP,1788521955693640.580	,0,NPU:2
2,OP,1788521955793638.250	,0,NPU:2
2,OP,1788521955893682.250	,0,NPU:2
2,OP,1788521955993682.480	,0,NPU:2
2,OP,1788521956093711.640	,0,NPU:2
2,OP,1788521956193672.410	,0,NPU:2
2,OP,1788521956293669.740	,0,NPU:2
2,OP,1788521956393666.240	,0,NPU:2
2,OP,1788521956493676.590	,0,NPU:2
2,OP,1788521956593710.650	,0,NPU:2
2,OP,1788521956693695.830	,0,NPU:2
2,OP,1788521956793695.140	,0,NPU:2
2,OP,1788521956893673.320	,0,NPU:2
2,OP,1788521956993679.850	,0,NPU:2
2,OP,1788521957093679.860	,0,NPU:2
2,OP,1788521957193708.460	,0,NPU:2
2,OP,1788521957293678.900	,0,NPU:2
2,OP,1788521957393665.400	,0,NPU:2
2,OP,1788521957493670.700	,0,NPU:2
2,OP,1788521957593669.370	,0,NPU:2
2,OP,1788521957693681.180	,0,NPU:2
2,OP,1788521957793669.280	,0,NPU:2
2,OP,1788521957893667.600	,0,NPU:2
2,OP,1788521957993664.330	,0,NPU:2
2,OP,1788521958093664.530	,0,NPU:2
2,OP,1788521958193664.090	,0,NPU:2
2,OP,1788521958293676.530	,0,NPU:2
2,OP,1788521958393683.270	,0,NPU:2
2,OP,1788521958493690.880	,0,NPU:2
2,OP,1788521958593674.040	,0,NPU:2
2,OP,1788521958693683.820	,0,NPU:2
2,OP,1788521958793687.320	,0,NPU:2
2,OP,1788521958893675.330	,0,NPU:2
2,OP,1788521958993662.280	,0,NPU:2
2,OP,1788521959093657.900	,0,NPU:2
2,OP,1788521959193640.610	,0,NPU:2
2,OP,1788521959293669.420	,0,NPU:2
2,OP,1788521959393659.330	,0,NPU:2
2,OP,1788521959493656.680	,0,NPU:2
2,OP,1788521959593664.410	,0,NPU:2
2,OP,1788521959693659.180	,0,NPU:2
2,OP,1788521959793659.090	,0,NPU:2
2,OP,1788521959893653.390	,0,NPU:2
2,OP,1788521959993636.630	,0,NPU:2
2,OP,1788521960093661.640	,0,NPU:2
2,OP,1788521960193659.550	,0,NPU:2
2,OP,1788521960293650.620	,0,NPU:2
2,OP,1788521960393656.970	,0,NPU:2
2,OP,1788521960493672.410	,0,NPU:2
2,OP,1788521960593660.010	,0,NPU:2
2,OP,1788521960693662.400	,0,NPU:2
2,OP,1788521960793664.020	,0,NPU:2
2,OP,1788521960893665.010	,0,NPU:2
2,OP,1788521960993655.530	,0,NPU:2
2,OP,1788521961093650.430	,0,NPU:2
2,OP,1788521961193659.590	,0,NPU:2
2,OP,1788521961293649.550	,0,NPU:2
2,OP,1788521961393660.560	,0,NPU:2
2,OP,1788521961493646.430	,0,NPU:2
2,OP,1788521961593653.540	,0,NPU:2
2,OP,1788521961693653.280	,0,NPU:2
2,OP,1788521961793655.640	,0,NPU:2
2,OP,1788521961893663.700	,0,NPU:2
2,OP,1788521961993679.720	,0,NPU:2
2,OP,1788521962093650.320	,0,NPU:2
2,OP,1788521962193649.320	,0,NPU:2
2,OP,1788521962293681.190	,0,NPU:2
2,OP,1788521962393648.310	,0,NPU:2
2,OP,1788521962493648.610	,0,NPU:2
2,OP,1788521962593658.720	,0,NPU:2
2,OP,1788521962693658.470	,0,NPU:2
2,OP,1788521962793647.510	,0,NPU:2
2,OP,1788521962893648.970	,0,NPU:2
2,OP,1788521962993649.820	,0,NPU:2
2,OP,1788521963093652.370	,0,NPU:2
2,OP,1788521963193660.920	,0,NPU:2
2,OP,1788521963293649.500	,0,NPU:2
2,OP,1788521963393652.840	,0,NPU:2
2,OP,1788521963493633.730	,0,NPU:2
2,OP,1788521963593627.750	,0,NPU:2
2,OP,1788521963693630.860	,0,NPU:2
2,OP,1788521963793626.500	,0,NPU:2
2,OP,1788521963893625.660	,0,NPU:2
2,OP,1788521963993619.870	,0,NPU:2
2,OP,1788521964093623.630	,0,NPU:2
2,OP,1788521964193621.680	,0,NPU:2
2,OP,1788521964293631.730	,0,NPU:2
2,OP,1788521964393624.810	,0,NPU:2
2,OP,1788521964493617.160	,0,NPU:2
2,OP,1788521964593612.810	,0,NPU:2
2,OP,1788521964693630.030	,0,NPU:2
2,OP,1788521964793640.010	,0,NPU:2
2,OP,1788521964893621.970	,0,NPU:2
2,OP,1788521964993624.260	,0,NPU:2
2,OP,1788521965093632.600	,0,NPU:2
2,OP,1788521965193623.140	,0,NPU:2
2,OP,1788521965293738.890	,0,NPU:2
2,OP,1788521965393669.470	,0,NPU:2
2,OP,1788521965493639.540	,0,NPU:2
2,OP,1788521965593628.350	,0,NPU:2
2,OP,1788521965693649.400	,0,NPU:2
2,OP,1788521965793641.400	,0,NPU:2
2,OP,1788521965893687.370	,0,NPU:2
2,OP,1788521965993646.290	,0,NPU:2
2,OP,1788521966093625.790	,0,NPU:2
2,OP,1788521966193628.540	,0,NPU:2
2,OP,1788521966293643.340	,0,NPU:2
2,OP,1788521966393613.490	,0,NPU:2
2,OP,1788521966493642.110	,0,NPU:2
2,OP,1788521966593639.740	,0,NPU:2
2,OP,1788521966693630.120	,0,NPU:2
2,OP,1788521966793623.110	,0,NPU:2
2,OP,1788521966893628.080	,0,NPU:2
2,OP,1788521966993649.050	,0,NPU:2
2,OP,1788521967093643.280	,0,NPU:2
2,OP,1788521967193636.760	,0,NPU:2
2,OP,1788521967293664.510	,0,NPU:2
2,OP,1788521967393646.400	,0,NPU:2
2,OP,1788521967493631.880	,0,NPU:2
2,OP,1788521967593619.300	,0,NPU:2
2,OP,1788521967693635.480	,0,NPU:2
2,OP,1788521967793629.620	,0,NPU:2
2,OP,1788521967893659.030	,0,NPU:2
2,OP,1788521967993639.300	,0,NPU:2
2,OP,1788521968093616.460	,0,NPU:2
2,OP,1788521968193600.750	,0,NPU:2
2,OP,1788521968293604.310	,0,NPU:2
2,OP,1788521968393642.290	,0,NPU:2
2,OP,1788521968493641.350	,0,NPU:2
2,OP,1788521968593635.460	,0,NPU:2
2,OP,1788521968693623.120	,0,NPU:2
2,OP,1788521968793603.210	,0,NPU:2
2,OP,1788521968893622.880	,0,NPU:2
2,OP,1788521968993646.280	,0,NPU:2
2,OP,1788521969093618.190	,0,NPU:2
2,OP,1788521969193625.210	,0,NPU:2
2,OP,1788521969293613.860	,0,NPU:2
2,OP,1788521969393631.150	,0,NPU:2
2,OP,1788521969493645.190	,0,NPU:2
2,OP,1788521969593630.620	,0,NPU:2
2,OP,1788521969693629.060	,0,NPU:2
2,OP,1788521969793629.990	,0,NPU:2
2,OP,1788521969893608.320	,0,NPU:2
2,OP,1788521969993610.590	,0,NPU:2
2,OP,1788521970093630.140	,0,NPU:2
2,OP,1788521970193626.490	,0,NPU:2
2,OP,1788521970293611.210	,0,NPU:2
2,OP,1788521970393601.790	,0,NPU:2
2,OP,1788521970493628.800	,0,NPU:2
2,OP,1788521970593625.850	,0,NPU:2
2,OP,1788521970693643.880	,0,NPU:2
2,OP,1788521970793609.650	,0,NPU:2
2,OP,1788521970893621.640	,0,NPU:2
2,OP,1788521970993613.030	,0,NPU:2
2,OP,1788521971093591.550	,0,NPU:2
2,OP,1788521971193601.230	,0,NPU:2
2,OP,1788521971293601.060	,0,NPU:2
2,OP,1788521971393594.380	,0,NPU:2
2,OP,1788521971493608.280	,0,NPU:2
2,OP,1788521971593612.580	,0,NPU:2
2,OP,1788521971693592.100	,0,NPU:2
2,OP,1788521971793598.990	,0,NPU:2
2,OP,1788521971893595.970	,0,NPU:2
2,OP,1788521971993592.820	,0,NPU:2
2,OP,1788521972093590.900	,0,NPU:2
2,OP,1788521972193595.900	,0,NPU:2
2,OP,1788521972293597.240	,0,NPU:2
2,OP,1788521972393636.480	,0,NPU:2
2,OP,1788521972493583.490	,0,NPU:2
2,OP,1788521972593645.590	,0,NPU:2
2,OP,1788521972693633.820	,0,NPU:2
2,OP,1788521972793603.790	,0,NPU:2
2,OP,1788521972893580.480	,0,NPU:2
2,OP,1788521972993578.140	,0,NPU:2
2,OP,1788521973093574.880	,0,NPU:2
2,OP,1788521973193573.610	,0,NPU:2
2,OP,1788521973293574.060	,0,NPU:2
2,OP,1788521973398586.880	,0,NPU:2
2,OP,1788521973493599.570	,0,NPU:2
2,OP,1788521973559819.670	,0,NPU:2
2,UDF,1788521953993841.910	,0,NPU:2
2,UDF,1788521954093690.790	,0,NPU:2
2,UDF,1788521954193665.180	,0,NPU:2
2,UDF,1788521954293650.080	,0,NPU:2
2,UDF,1788521954393654.040	,0,NPU:2
2,UDF,1788521954493648.730	,0,NPU:2
2,UDF,1788521954593645.540	,0,NPU:2
2,UDF,1788521954693640.150	,0,NPU:2
2,UDF,1788521954793649.950	,0,NPU:2
2,UDF,1788521954893661.680	,0,NPU:2
2,UDF,1788521954993678.410	,0,NPU:2
2,UDF,1788521955093652.720	,0,NPU:2
2,UDF,1788521955193653.270	,0,NPU:2
2,UDF,1788521955293648.860	,0,NPU:2
2,UDF,1788521955393649.220	,0,NPU:2
2,UDF,1788521955493655.280	,0,NPU:2
2,UDF,1788521955593651.590	,0,NPU:2
2,UDF,1788521955693640.580	,0,NPU:2
2,UDF,1788521955793638.250	,0,NPU:2
2,UDF,1788521955893682.250	,0,NPU:2
2,UDF,1788521955993682.480	,0,NPU:2
2,UDF,1788521956093711.640	,0,NPU:2
2,UDF,1788521956193672.410	,0,NPU:2
2,UDF,1788521956293669.740	,0,NPU:2
2,UDF,1788521956393666.240	,0,NPU:2
2,UDF,1788521956493676.590	,0,NPU:2
2,UDF,1788521956593710.650	,0,NPU:2
2,UDF,1788521956693695.830	,0,NPU:2
2,UDF,1788521956793695.140	,0,NPU:2
2,UDF,1788521956893673.320	,0,NPU:2
2,UDF,1788521956993679.850	,0,NPU:2
2,UDF,1788521957093679.860	,0,NPU:2
2,UDF,1788521957193708.460	,0,NPU:2
2,UDF,1788521957293678.900	,0,NPU:2
2,UDF,1788521957393665.400	,0,NPU:2
2,UDF,1788521957493670.700	,0,NPU:2
2,UDF,1788521957593669.370	,0,NPU:2
2,UDF,1788521957693681.180	,0,NPU:2
2,UDF,1788521957793669.280	,0,NPU:2
2,UDF,1788521957893667.600	,0,NPU:2
2,UDF,1788521957993664.330	,0,NPU:2
2,UDF,1788521958093664.530	,0,NPU:2
2,UDF,1788521958193664.090	,0,NPU:2
2,UDF,1788521958293676.530	,0,NPU:2
2,UDF,1788521958393683.270	,0,NPU:2
2,UDF,1788521958493690.880	,0,NPU:2
2,UDF,1788521958593674.040	,0,NPU:2
2,UDF,1788521958693683.820	,0,NPU:2
2,UDF,1788521958793687.320	,0,NPU:2
2,UDF,1788521958893675.330	,0,NPU:2
2,UDF,1788521958993662.280	,0,NPU:2
2,UDF,1788521959093657.900	,0,NPU:2
2,UDF,1788521959193640.610	,0,NPU:2
2,UDF,1788521959293669.420	,0,NPU:2
2,UDF,1788521959393659.330	,0,NPU:2
2,UDF,1788521959493656.680	,0,NPU:2
2,UDF,1788521959593664.410	,0,NPU:2
2,UDF,1788521959693659.180	,0,NPU:2
2,UDF,1788521959793659.090	,0,NPU:2
2,UDF,1788521959893653.390	,0,NPU:2
2,UDF,1788521959993636.630	,0,NPU:2
2,UDF,1788521960093661.640	,0,NPU:2
2,UDF,1788521960193659.550	,0,NPU:2
2,UDF,1788521960293650.620	,0,NPU:2
2,UDF,1788521960393656.970	,0,NPU:2
2,UDF,1788521960493672.410	,0,NPU:2
2,UDF,1788521960593660.010	,0,NPU:2
2,UDF,1788521960693662.400	,0,NPU:2
2,UDF,1788521960793664.020	,0,NPU:2
2,UDF,1788521960893665.010	,0,NPU:2
2,UDF,1788521960993655.530	,0,NPU:2
2,UDF,1788521961093650.430	,0,NPU:2
2,UDF,1788521961193659.590	,0,NPU:2
2,UDF,1788521961293649.550	,0,NPU:2
2,UDF,1788521961393660.560	,0,NPU:2
2,UDF,1788521961493646.430	,0,NPU:2
2,UDF,1788521961593653.540	,0,NPU:2
2,UDF,1788521961693653.280	,0,NPU:2
2,UDF,1788521961793655.640	,0,NPU:2
2,UDF,1788521961893663.700	,0,NPU:2
2,UDF,1788521961993679.720	,0,NPU:2
2,UDF,1788521962093650.320	,0,NPU:2
2,UDF,1788521962193649.320	,0,NPU:2
2,UDF,1788521962293681.190	,0,NPU:2
2,UDF,1788521962393648.310	,0,NPU:2
2,UDF,1788521962493648.610	,0,NPU:2
2,UDF,1788521962593658.720	,0,NPU:2
2,UDF,1788521962693658.470	,0,NPU:2
2,UDF,1788521962793647.510	,0,NPU:2
2,UDF,1788521962893648.970	,0,NPU:2
2,UDF,1788521962993649.820	,0,NPU:2
2,UDF,1788521963093652.370	,0,NPU:2
2,UDF,1788521963193660.920	,0,NPU:2
2,UDF,1788521963293649.500	,0,NPU:2
2,UDF,1788521963393652.840	,0,NPU:2
2,UDF,1788521963493633.730	,0,NPU:2
2,UDF,1788521963593627.750	,0,NPU:2
2,UDF,1788521963693630.860	,0,NPU:2
2,UDF,1788521963793626.500	,0,NPU:2
2,UDF,1788521963893625.660	,0,NPU:2
2,UDF,1788521963993619.870	,0,NPU:2
2,UDF,1788521964093623.630	,0,NPU:2
2,UDF,1788521964193621.680	,0,NPU:2
2,UDF,1788521964293631.730	,0,NPU:2
2,UDF,1788521964393624.810	,0,NPU:2
2,UDF,1788521964493617.160	,0,NPU:2
2,UDF,1788521964593612.810	,0,NPU:2
2,UDF,1788521964693630.030	,0,NPU:2
2,UDF,1788521964793640.010	,0,NPU:2
2,UDF,1788521964893621.970	,0,NPU:2
2,UDF,1788521964993624.260	,0,NPU:2
2,UDF,1788521965093632.600	,0,NPU:2
2,UDF,1788521965193623.140	,0,NPU:2
2,UDF,1788521965293738.890	,0,NPU:2
2,UDF,1788521965393669.470	,0,NPU:2
2,UDF,1788521965493639.540	,0,NPU:2
2,UDF,1788521965593628.350	,0,NPU:2
2,UDF,1788521965693649.400	,0,NPU:2
2,UDF,1788521965793641.400	,0,NPU:2
2,UDF,1788521965893687.370	,0,NPU:2
2,UDF,1788521965993646.290	,0,NPU:2
2,UDF,1788521966093625.790	,0,NPU:2
2,UDF,1788521966193628.540	,0,NPU:2
2,UDF,1788521966293643.340	,0,NPU:2
2,UDF,1788521966393613.490	,0,NPU:2
2,UDF,1788521966493642.110	,0,NPU:2
2,UDF,1788521966593639.740	,0,NPU:2
2,UDF,1788521966693630.120	,0,NPU:2
2,UDF,1788521966793623.110	,0,NPU:2
2,UDF,1788521966893628.080	,0,NPU:2
2,UDF,1788521966993649.050	,0,NPU:2
2,UDF,1788521967093643.280	,0,NPU:2
2,UDF,1788521967193636.760	,0,NPU:2
2,UDF,1788521967293664.510	,0,NPU:2
2,UDF,1788521967393646.400	,0,NPU:2
2,UDF,1788521967493631.880	,0,NPU:2
2,UDF,1788521967593619.300	,0,NPU:2
2,UDF,1788521967693635.480	,0,NPU:2
2,UDF,1788521967793629.620	,0,NPU:2
2,UDF,1788521967893659.030	,0,NPU:2
2,UDF,1788521967993639.300	,0,NPU:2
2,UDF,1788521968093616.460	,0,NPU:2
2,UDF,1788521968193600.750	,0,NPU:2
2,UDF,1788521968293604.310	,0,NPU:2
2,UDF,1788521968393642.290	,0,NPU:2
2,UDF,1788521968493641.350	,0,NPU:2
2,UDF,1788521968593635.460	,0,NPU:2
2,UDF,1788521968693623.120	,0,NPU:2
2,UDF,1788521968793603.210	,0,NPU:2
2,UDF,1788521968893622.880	,0,NPU:2
2,UDF,1788521968993646.280	,0,NPU:2
2,UDF,1788521969093618.190	,0,NPU:2
2,UDF,1788521969193625.210	,0,NPU:2
2,UDF,1788521969293613.860	,0,NPU:2
2,UDF,1788521969393631.150	,0,NPU:2
2,UDF,1788521969493645.190	,0,NPU:2
2,UDF,1788521969593630.620	,0,NPU:2
2,UDF,1788521969693629.060	,0,NPU:2
2,UDF,1788521969793629.990	,0,NPU:2
2,UDF,1788521969893608.320	,0,NPU:2
2,UDF,1788521969993610.590	,0,NPU:2
2,UDF,1788521970093630.140	,0,NPU:2
2,UDF,1788521970193626.490	,0,NPU:2
2,UDF,1788521970293611.210	,0,NPU:2
2,UDF,1788521970393601.790	,0,NPU:2
2,UDF,1788521970493628.800	,0,NPU:2
2,UDF,1788521970593625.850	,0,NPU:2
2,UDF,1788521970693643.880	,0,NPU:2
2,UDF,1788521970793609.650	,0,NPU:2
2,UDF,1788521970893621.640	,0,NPU:2
2,UDF,1788521970993613.030	,0,NPU:2
2,UDF,1788521971093591.550	,0,NPU:2
2,UDF,1788521971193601.230	,0,NPU:2
2,UDF,1788521971293601.060	,0,NPU:2
2,UDF,1788521971393594.380	,0,NPU:2
2,UDF,1788521971493608.280	,0,NPU:2
2,UDF,1788521971593612.580	,0,NPU:2
2,UDF,1788521971693592.100	,0,NPU:2
2,UDF,1788521971793598.990	,0,NPU:2
2,UDF,1788521971893595.970	,0,NPU:2
2,UDF,1788521971993592.820	,0,NPU:2
2,UDF,1788521972093590.900	,0,NPU:2
2,UDF,1788521972193595.900	,0,NPU:2
2,UDF,1788521972293597.240	,0,NPU:2
2,UDF,1788521972393636.480	,0,NPU:2
2,UDF,1788521972493583.490	,0,NPU:2
2,UDF,1788521972593645.590	,0,NPU:2
2,UDF,1788521972693633.820	,0,NPU:2
2,UDF,1788521972793603.790	,0,NPU:2
2,UDF,1788521972893580.480	,0,NPU:2
2,UDF,1788521972993578.140	,0,NPU:2
2,UDF,1788521973093574.880	,0,NPU:2
2,UDF,1788521973193573.610	,0,NPU:2
2,UDF,1788521973293574.060	,0,NPU:2
2,UDF,1788521973398586.880	,0,NPU:2
2,UDF,1788521973493599.570	,0,NPU:2
2,UDF,1788521973559819.670	,0,NPU:2
2,HICAID,1788521953993841.910	,0,NPU:2
2,HICAID,1788521954093690.790	,0,NPU:2
2,HICAID,1788521954193665.180	,0,NPU:2
2,HICAID,1788521954293650.080	,0,NPU:2
2,HICAID,1788521954393654.040	,0,NPU:2
2,HICAID,1788521954493648.730	,0,NPU:2
2,HICAID,1788521954593645.540	,0,NPU:2
2,HICAID,1788521954693640.150	,0,NPU:2
2,HICAID,1788521954793649.950	,0,NPU:2
2,HICAID,1788521954893661.680	,0,NPU:2
2,HICAID,1788521954993678.410	,0,NPU:2
2,HICAID,1788521955093652.720	,0,NPU:2
2,HICAID,1788521955193653.270	,0,NPU:2
2,HICAID,1788521955293648.860	,0,NPU:2
2,HICAID,1788521955393649.220	,0,NPU:2
2,HICAID,1788521955493655.280	,0,NPU:2
2,HICAID,1788521955593651.590	,0,NPU:2
2,HICAID,1788521955693640.580	,0,NPU:2
2,HICAID,1788521955793638.250	,0,NPU:2
2,HICAID,1788521955893682.250	,0,NPU:2
2,HICAID,1788521955993682.480	,0,NPU:2
2,HICAID,1788521956093711.640	,0,NPU:2
2,HICAID,1788521956193672.410	,0,NPU:2
2,HICAID,1788521956293669.740	,0,NPU:2
2,HICAID,1788521956393666.240	,0,NPU:2
2,HICAID,1788521956493676.590	,0,NPU:2
2,HICAID,1788521956593710.650	,0,NPU:2
2,HICAID,1788521956693695.830	,0,NPU:2
2,HICAID,1788521956793695.140	,0,NPU:2
2,HICAID,1788521956893673.320	,0,NPU:2
2,HICAID,1788521956993679.850	,0,NPU:2
2,HICAID,1788521957093679.860	,0,NPU:2
2,HICAID,1788521957193708.460	,0,NPU:2
2,HICAID,1788521957293678.900	,0,NPU:2
2,HICAID,1788521957393665.400	,0,NPU:2
2,HICAID,1788521957493670.700	,0,NPU:2
2,HICAID,1788521957593669.370	,0,NPU:2
2,HICAID,1788521957693681.180	,0,NPU:2
2,HICAID,1788521957793669.280	,0,NPU:2
2,HICAID,1788521957893667.600	,0,NPU:2
2,HICAID,1788521957993664.330	,0,NPU:2
2,HICAID,1788521958093664.530	,0,NPU:2
2,HICAID,1788521958193664.090	,0,NPU:2
2,HICAID,1788521958293676.530	,0,NPU:2
2,HICAID,1788521958393683.270	,0,NPU:2
2,HICAID,1788521958493690.880	,0,NPU:2
2,HICAID,1788521958593674.040	,0,NPU:2
2,HICAID,1788521958693683.820	,0,NPU:2
2,HICAID,1788521958793687.320	,0,NPU:2
2,HICAID,1788521958893675.330	,0,NPU:2
2,HICAID,1788521958993662.280	,0,NPU:2
2,HICAID,1788521959093657.900	,0,NPU:2
2,HICAID,1788521959193640.610	,0,NPU:2
2,HICAID,1788521959293669.420	,0,NPU:2
2,HICAID,1788521959393659.330	,0,NPU:2
2,HICAID,1788521959493656.680	,0,NPU:2
2,HICAID,1788521959593664.410	,0,NPU:2
2,HICAID,1788521959693659.180	,0,NPU:2
2,HICAID,1788521959793659.090	,0,NPU:2
2,HICAID,1788521959893653.390	,0,NPU:2
2,HICAID,1788521959993636.630	,0,NPU:2
2,HICAID,1788521960093661.640	,0,NPU:2
2,HICAID,1788521960193659.550	,0,NPU:2
2,HICAID,1788521960293650.620	,0,NPU:2
2,HICAID,1788521960393656.970	,0,NPU:2
2,HICAID,1788521960493672.410	,0,NPU:2
2,HICAID,1788521960593660.010	,0,NPU:2
2,HICAID,1788521960693662.400	,0,NPU:2
2,HICAID,1788521960793664.020	,0,NPU:2
2,HICAID,1788521960893665.010	,0,NPU:2
2,HICAID,1788521960993655.530	,0,NPU:2
2,HICAID,1788521961093650.430	,0,NPU:2
2,HICAID,1788521961193659.590	,0,NPU:2
2,HICAID,1788521961293649.550	,0,NPU:2
2,HICAID,1788521961393660.560	,0,NPU:2
2,HICAID,1788521961493646.430	,0,NPU:2
2,HICAID,1788521961593653.540	,0,NPU:2
2,HICAID,1788521961693653.280	,0,NPU:2
2,HICAID,1788521961793655.640	,0,NPU:2
2,HICAID,1788521961893663.700	,0,NPU:2
2,HICAID,1788521961993679.720	,0,NPU:2
2,HICAID,1788521962093650.320	,0,NPU:2
2,HICAID,1788521962193649.320	,0,NPU:2
2,HICAID,1788521962293681.190	,0,NPU:2
2,HICAID,1788521962393648.310	,0,NPU:2
2,HICAID,1788521962493648.610	,0,NPU:2
2,HICAID,1788521962593658.720	,0,NPU:2
2,HICAID,1788521962693658.470	,0,NPU:2
2,HICAID,1788521962793647.510	,0,NPU:2
2,HICAID,1788521962893648.970	,0,NPU:2
2,HICAID,1788521962993649.820	,0,NPU:2
2,HICAID,1788521963093652.370	,0,NPU:2
2,HICAID,1788521963193660.920	,0,NPU:2
2,HICAID,1788521963293649.500	,0,NPU:2
2,HICAID,1788521963393652.840	,0,NPU:2
2,HICAID,1788521963493633.730	,0,NPU:2
2,HICAID,1788521963593627.750	,0,NPU:2
2,HICAID,1788521963693630.860	,0,NPU:2
2,HICAID,1788521963793626.500	,0,NPU:2
2,HICAID,1788521963893625.660	,0,NPU:2
2,HICAID,1788521963993619.870	,0,NPU:2
2,HICAID,1788521964093623.630	,0,NPU:2
2,HICAID,1788521964193621.680	,0,NPU:2
2,HICAID,1788521964293631.730	,0,NPU:2
2,HICAID,1788521964393624.810	,0,NPU:2
2,HICAID,1788521964493617.160	,0,NPU:2
2,HICAID,1788521964593612.810	,0,NPU:2
2,HICAID,1788521964693630.030	,0,NPU:2
2,HICAID,1788521964793640.010	,0,NPU:2
2,HICAID,1788521964893621.970	,0,NPU:2
2,HICAID,1788521964993624.260	,0,NPU:2
2,HICAID,1788521965093632.600	,0,NPU:2
2,HICAID,1788521965193623.140	,0,NPU:2
2,HICAID,1788521965293738.890	,0,NPU:2
2,HICAID,1788521965393669.470	,0,NPU:2
2,HICAID,1788521965493639.540	,0,NPU:2
2,HICAID,1788521965593628.350	,0,NPU:2
2,HICAID,1788521965693649.400	,0,NPU:2
2,HICAID,1788521965793641.400	,0,NPU:2
2,HICAID,1788521965893687.370	,0,NPU:2
2,HICAID,1788521965993646.290	,0,NPU:2
2,HICAID,1788521966093625.790	,0,NPU:2
2,HICAID,1788521966193628.540	,0,NPU:2
2,HICAID,1788521966293643.340	,0,NPU:2
2,HICAID,1788521966393613.490	,0,NPU:2
2,HICAID,1788521966493642.110	,0,NPU:2
2,HICAID,1788521966593639.740	,0,NPU:2
2,HICAID,1788521966693630.120	,0,NPU:2
2,HICAID,1788521966793623.110	,0,NPU:2
2,HICAID,1788521966893628.080	,0,NPU:2
2,HICAID,1788521966993649.050	,0,NPU:2
2,HICAID,1788521967093643.280	,0,NPU:2
2,HICAID,1788521967193636.760	,0,NPU:2
2,HICAID,1788521967293664.510	,0,NPU:2
2,HICAID,1788521967393646.400	,0,NPU:2
2,HICAID,1788521967493631.880	,0,NPU:2
2,HICAID,1788521967593619.300	,0,NPU:2
2,HICAID,1788521967693635.480	,0,NPU:2
2,HICAID,1788521967793629.620	,0,NPU:2
2,HICAID,1788521967893659.030	,0,NPU:2
2,HICAID,1788521967993639.300	,0,NPU:2
2,HICAID,1788521968093616.460	,0,NPU:2
2,HICAID,1788521968193600.750	,0,NPU:2
2,HICAID,1788521968293604.310	,0,NPU:2
2,HICAID,1788521968393642.290	,0,NPU:2
2,HICAID,1788521968493641.350	,0,NPU:2
2,HICAID,1788521968593635.460	,0,NPU:2
2,HICAID,1788521968693623.120	,0,NPU:2
2,HICAID,1788521968793603.210	,0,NPU:2
2,HICAID,1788521968893622.880	,0,NPU:2
2,HICAID,1788521968993646.280	,0,NPU:2
2,HICAID,1788521969093618.190	,0,NPU:2
2,HICAID,1788521969193625.210	,0,NPU:2
2,HICAID,1788521969293613.860	,0,NPU:2
2,HICAID,1788521969393631.150	,0,NPU:2
2,HICAID,1788521969493645.190	,0,NPU:2
2,HICAID,1788521969593630.620	,0,NPU:2
2,HICAID,1788521969693629.060	,0,NPU:2
2,HICAID,1788521969793629.990	,0,NPU:2
2,HICAID,1788521969893608.320	,0,NPU:2
2,HICAID,1788521969993610.590	,0,NPU:2
2,HICAID,1788521970093630.140	,0,NPU:2
2,HICAID,1788521970193626.490	,0,NPU:2
2,HICAID,1788521970293611.210	,0,NPU:2
2,HICAID,1788521970393601.790	,0,NPU:2
2,HICAID,1788521970493628.800	,0,NPU:2
2,HICAID,1788521970593625.850	,0,NPU:2
2,HICAID,1788521970693643.880	,0,NPU:2
2,HICAID,1788521970793609.650	,0,NPU:2
2,HICAID,1788521970893621.640	,0,NPU:2
2,HICAID,1788521970993613.030	,0,NPU:2
2,HICAID,1788521971093591.550	,0,NPU:2
2,HICAID,1788521971193601.230	,0,NPU:2
2,HICAID,1788521971293601.060	,0,NPU:2
2,HICAID,1788521971393594.380	,0,NPU:2
2,HICAID,1788521971493608.280	,0,NPU:2
2,HICAID,1788521971593612.580	,0,NPU:2
2,HICAID,1788521971693592.100	,0,NPU:2
2,HICAID,1788521971793598.990	,0,NPU:2
2,HICAID,1788521971893595.970	,0,NPU:2
2,HICAID,1788521971993592.820	,0,NPU:2
2,HICAID,1788521972093590.900	,0,NPU:2
2,HICAID,1788521972193595.900	,0,NPU:2
2,HICAID,1788521972293597.240	,0,NPU:2
2,HICAID,1788521972393636.480	,0,NPU:2
2,HICAID,1788521972493583.490	,0,NPU:2
2,HICAID,1788521972593645.590	,0,NPU:2
2,HICAID,1788521972693633.820	,0,NPU:2
2,HICAID,1788521972793603.790	,0,NPU:2
2,HICAID,1788521972893580.480	,0,NPU:2
2,HICAID,1788521972993578.140	,0,NPU:2
2,HICAID,1788521973093574.880	,0,NPU:2
2,HICAID,1788521973193573.610	,0,NPU:2
2,HICAID,1788521973293574.060	,0,NPU:2
2,HICAID,1788521973398586.880	,0,NPU:2
2,HICAID,1788521973493599.570	,0,NPU:2
2,HICAID,1788521973559819.670	,0,NPU:2
2,TSYNC,1788521953993841.910	,0,NPU:2
2,TSYNC,1788521954093690.790	,0,NPU:2
2,TSYNC,1788521954193665.180	,0,NPU:2
2,TSYNC,1788521954293650.080	,0,NPU:2
2,TSYNC,1788521954393654.040	,0,NPU:2
2,TSYNC,1788521954493648.730	,0,NPU:2
2,TSYNC,1788521954593645.540	,0,NPU:2
2,TSYNC,1788521954693640.150	,0,NPU:2
2,TSYNC,1788521954793649.950	,0,NPU:2
2,TSYNC,1788521954893661.680	,0,NPU:2
2,TSYNC,1788521954993678.410	,0,NPU:2
2,TSYNC,1788521955093652.720	,0,NPU:2
2,TSYNC,1788521955193653.270	,0,NPU:2
2,TSYNC,1788521955293648.860	,0,NPU:2
2,TSYNC,1788521955393649.220	,0,NPU:2
2,TSYNC,1788521955493655.280	,0,NPU:2
2,TSYNC,1788521955593651.590	,0,NPU:2
2,TSYNC,1788521955693640.580	,0,NPU:2
2,TSYNC,1788521955793638.250	,0,NPU:2
2,TSYNC,1788521955893682.250	,0,NPU:2
2,TSYNC,1788521955993682.480	,0,NPU:2
2,TSYNC,1788521956093711.640	,0,NPU:2
2,TSYNC,1788521956193672.410	,0,NPU:2
2,TSYNC,1788521956293669.740	,0,NPU:2
2,TSYNC,1788521956393666.240	,0,NPU:2
2,TSYNC,1788521956493676.590	,0,NPU:2
2,TSYNC,1788521956593710.650	,0,NPU:2
2,TSYNC,1788521956693695.830	,0,NPU:2
2,TSYNC,1788521956793695.140	,0,NPU:2
2,TSYNC,1788521956893673.320	,0,NPU:2
2,TSYNC,1788521956993679.850	,0,NPU:2
2,TSYNC,1788521957093679.860	,0,NPU:2
2,TSYNC,1788521957193708.460	,0,NPU:2
2,TSYNC,1788521957293678.900	,0,NPU:2
2,TSYNC,1788521957393665.400	,0,NPU:2
2,TSYNC,1788521957493670.700	,0,NPU:2
2,TSYNC,1788521957593669.370	,0,NPU:2
2,TSYNC,1788521957693681.180	,0,NPU:2
2,TSYNC,1788521957793669.280	,0,NPU:2
2,TSYNC,1788521957893667.600	,0,NPU:2
2,TSYNC,1788521957993664.330	,0,NPU:2
2,TSYNC,1788521958093664.530	,0,NPU:2
2,TSYNC,1788521958193664.090	,0,NPU:2
2,TSYNC,1788521958293676.530	,0,NPU:2
2,TSYNC,1788521958393683.270	,0,NPU:2
2,TSYNC,1788521958493690.880	,0,NPU:2
2,TSYNC,1788521958593674.040	,0,NPU:2
2,TSYNC,1788521958693683.820	,0,NPU:2
2,TSYNC,1788521958793687.320	,0,NPU:2
2,TSYNC,1788521958893675.330	,0,NPU:2
2,TSYNC,1788521958993662.280	,0,NPU:2
2,TSYNC,1788521959093657.900	,0,NPU:2
2,TSYNC,1788521959193640.610	,0,NPU:2
2,TSYNC,1788521959293669.420	,0,NPU:2
2,TSYNC,1788521959393659.330	,0,NPU:2
2,TSYNC,1788521959493656.680	,0,NPU:2
2,TSYNC,1788521959593664.410	,0,NPU:2
2,TSYNC,1788521959693659.180	,0,NPU:2
2,TSYNC,1788521959793659.090	,0,NPU:2
2,TSYNC,1788521959893653.390	,0,NPU:2
2,TSYNC,1788521959993636.630	,0,NPU:2
2,TSYNC,1788521960093661.640	,0,NPU:2
2,TSYNC,1788521960193659.550	,0,NPU:2
2,TSYNC,1788521960293650.620	,0,NPU:2
2,TSYNC,1788521960393656.970	,0,NPU:2
2,TSYNC,1788521960493672.410	,0,NPU:2
2,TSYNC,1788521960593660.010	,0,NPU:2
2,TSYNC,1788521960693662.400	,0,NPU:2
2,TSYNC,1788521960793664.020	,0,NPU:2
2,TSYNC,1788521960893665.010	,0,NPU:2
2,TSYNC,1788521960993655.530	,0,NPU:2
2,TSYNC,1788521961093650.430	,0,NPU:2
2,TSYNC,1788521961193659.590	,0,NPU:2
2,TSYNC,1788521961293649.550	,0,NPU:2
2,TSYNC,1788521961393660.560	,0,NPU:2
2,TSYNC,1788521961493646.430	,0,NPU:2
2,TSYNC,1788521961593653.540	,0,NPU:2
2,TSYNC,1788521961693653.280	,0,NPU:2
2,TSYNC,1788521961793655.640	,0,NPU:2
2,TSYNC,1788521961893663.700	,0,NPU:2
2,TSYNC,1788521961993679.720	,0,NPU:2
2,TSYNC,1788521962093650.320	,0,NPU:2
2,TSYNC,1788521962193649.320	,0,NPU:2
2,TSYNC,1788521962293681.190	,0,NPU:2
2,TSYNC,1788521962393648.310	,0,NPU:2
2,TSYNC,1788521962493648.610	,0,NPU:2
2,TSYNC,1788521962593658.720	,0,NPU:2
2,TSYNC,1788521962693658.470	,0,NPU:2
2,TSYNC,1788521962793647.510	,0,NPU:2
2,TSYNC,1788521962893648.970	,0,NPU:2
2,TSYNC,1788521962993649.820	,0,NPU:2
2,TSYNC,1788521963093652.370	,0,NPU:2
2,TSYNC,1788521963193660.920	,0,NPU:2
2,TSYNC,1788521963293649.500	,0,NPU:2
2,TSYNC,1788521963393652.840	,0,NPU:2
2,TSYNC,1788521963493633.730	,0,NPU:2
2,TSYNC,1788521963593627.750	,0,NPU:2
2,TSYNC,1788521963693630.860	,0,NPU:2
2,TSYNC,1788521963793626.500	,0,NPU:2
2,TSYNC,1788521963893625.660	,0,NPU:2
2,TSYNC,1788521963993619.870	,0,NPU:2
2,TSYNC,1788521964093623.630	,0,NPU:2
2,TSYNC,1788521964193621.680	,0,NPU:2
2,TSYNC,1788521964293631.730	,0,NPU:2
2,TSYNC,1788521964393624.810	,0,NPU:2
2,TSYNC,1788521964493617.160	,0,NPU:2
2,TSYNC,1788521964593612.810	,0,NPU:2
2,TSYNC,1788521964693630.030	,0,NPU:2
2,TSYNC,1788521964793640.010	,0,NPU:2
2,TSYNC,1788521964893621.970	,0,NPU:2
2,TSYNC,1788521964993624.260	,0,NPU:2
2,TSYNC,1788521965093632.600	,0,NPU:2
2,TSYNC,1788521965193623.140	,0,NPU:2
2,TSYNC,1788521965293738.890	,0,NPU:2
2,TSYNC,1788521965393669.470	,0,NPU:2
2,TSYNC,1788521965493639.540	,0,NPU:2
2,TSYNC,1788521965593628.350	,0,NPU:2
2,TSYNC,1788521965693649.400	,0,NPU:2
2,TSYNC,1788521965793641.400	,0,NPU:2
2,TSYNC,1788521965893687.370	,0,NPU:2
2,TSYNC,1788521965993646.290	,0,NPU:2
2,TSYNC,1788521966093625.790	,0,NPU:2
2,TSYNC,1788521966193628.540	,0,NPU:2
2,TSYNC,1788521966293643.340	,0,NPU:2
2,TSYNC,1788521966393613.490	,0,NPU:2
2,TSYNC,1788521966493642.110	,0,NPU:2
2,TSYNC,1788521966593639.740	,0,NPU:2
2,TSYNC,1788521966693630.120	,0,NPU:2
2,TSYNC,1788521966793623.110	,0,NPU:2
2,TSYNC,1788521966893628.080	,0,NPU:2
2,TSYNC,1788521966993649.050	,0,NPU:2
2,TSYNC,1788521967093643.280	,0,NPU:2
2,TSYNC,1788521967193636.760	,0,NPU:2
2,TSYNC,1788521967293664.510	,0,NPU:2
2,TSYNC,1788521967393646.400	,0,NPU:2
2,TSYNC,1788521967493631.880	,0,NPU:2
2,TSYNC,1788521967593619.300	,0,NPU:2
2,TSYNC,1788521967693635.480	,0,NPU:2
2,TSYNC,1788521967793629.620	,0,NPU:2
2,TSYNC,1788521967893659.030	,0,NPU:2
2,TSYNC,1788521967993639.300	,0,NPU:2
2,TSYNC,1788521968093616.460	,0,NPU:2
2,TSYNC,1788521968193600.750	,0,NPU:2
2,TSYNC,1788521968293604.310	,0,NPU:2
2,TSYNC,1788521968393642.290	,0,NPU:2
2,TSYNC,1788521968493641.350	,0,NPU:2
2,TSYNC,1788521968593635.460	,0,NPU:2
2,TSYNC,1788521968693623.120	,0,NPU:2
2,TSYNC,1788521968793603.210	,0,NPU:2
2,TSYNC,1788521968893622.880	,0,NPU:2
2,TSYNC,1788521968993646.280	,0,NPU:2
2,TSYNC,1788521969093618.190	,0,NPU:2
2,TSYNC,1788521969193625.210	,0,NPU:2
2,TSYNC,1788521969293613.860	,0,NPU:2
2,TSYNC,1788521969393631.150	,0,NPU:2
2,TSYNC,1788521969493645.190	,0,NPU:2
2,TSYNC,1788521969593630.620	,0,NPU:2
2,TSYNC,1788521969693629.060	,0,NPU:2
2,TSYNC,1788521969793629.990	,0,NPU:2
2,TSYNC,1788521969893608.320	,0,NPU:2
2,TSYNC,1788521969993610.590	,0,NPU:2
2,TSYNC,1788521970093630.140	,0,NPU:2
2,TSYNC,1788521970193626.490	,0,NPU:2
2,TSYNC,1788521970293611.210	,0,NPU:2
2,TSYNC,1788521970393601.790	,0,NPU:2
2,TSYNC,1788521970493628.800	,0,NPU:2
2,TSYNC,1788521970593625.850	,0,NPU:2
2,TSYNC,1788521970693643.880	,0,NPU:2
2,TSYNC,1788521970793609.650	,0,NPU:2
2,TSYNC,1788521970893621.640	,0,NPU:2
2,TSYNC,1788521970993613.030	,0,NPU:2
2,TSYNC,1788521971093591.550	,0,NPU:2
2,TSYNC,1788521971193601.230	,0,NPU:2
2,TSYNC,1788521971293601.060	,0,NPU:2
2,TSYNC,1788521971393594.380	,0,NPU:2
2,TSYNC,1788521971493608.280	,0,NPU:2
2,TSYNC,1788521971593612.580	,0,NPU:2
2,TSYNC,1788521971693592.100	,0,NPU:2
2,TSYNC,1788521971793598.990	,0,NPU:2
2,TSYNC,1788521971893595.970	,0,NPU:2
2,TSYNC,1788521971993592.820	,0,NPU:2
2,TSYNC,1788521972093590.900	,0,NPU:2
2,TSYNC,1788521972193595.900	,0,NPU:2
2,TSYNC,1788521972293597.240	,0,NPU:2
2,TSYNC,1788521972393636.480	,0,NPU:2
2,TSYNC,1788521972493583.490	,0,NPU:2
2,TSYNC,1788521972593645.590	,0,NPU:2
2,TSYNC,1788521972693633.820	,0,NPU:2
2,TSYNC,1788521972793603.790	,0,NPU:2
2,TSYNC,1788521972893580.480	,0,NPU:2
2,TSYNC,1788521972993578.140	,0,NPU:2
2,TSYNC,1788521973093574.880	,0,NPU:2
2,TSYNC,1788521973193573.610	,0,NPU:2
2,TSYNC,1788521973293574.060	,0,NPU:2
2,TSYNC,1788521973398586.880	,0,NPU:2
2,TSYNC,1788521973493599.570	,0,NPU:2
2,TSYNC,1788521973559819.670	,0,NPU:2
2,AUDIO,1788521953993841.910	,0,NPU:2
2,AUDIO,1788521954093690.790	,0,NPU:2
2,AUDIO,1788521954193665.180	,0,NPU:2
2,AUDIO,1788521954293650.080	,0,NPU:2
2,AUDIO,1788521954393654.040	,0,NPU:2
2,AUDIO,1788521954493648.730	,0,NPU:2
2,AUDIO,1788521954593645.540	,0,NPU:2
2,AUDIO,1788521954693640.150	,0,NPU:2
2,AUDIO,1788521954793649.950	,0,NPU:2
2,AUDIO,1788521954893661.680	,0,NPU:2
2,AUDIO,1788521954993678.410	,0,NPU:2
2,AUDIO,1788521955093652.720	,0,NPU:2
2,AUDIO,1788521955193653.270	,0,NPU:2
2,AUDIO,1788521955293648.860	,0,NPU:2
2,AUDIO,1788521955393649.220	,0,NPU:2
2,AUDIO,1788521955493655.280	,0,NPU:2
2,AUDIO,1788521955593651.590	,0,NPU:2
2,AUDIO,1788521955693640.580	,0,NPU:2
2,AUDIO,1788521955793638.250	,0,NPU:2
2,AUDIO,1788521955893682.250	,0,NPU:2
2,AUDIO,1788521955993682.480	,0,NPU:2
2,AUDIO,1788521956093711.640	,0,NPU:2
2,AUDIO,1788521956193672.410	,0,NPU:2
2,AUDIO,1788521956293669.740	,0,NPU:2
2,AUDIO,1788521956393666.240	,0,NPU:2
2,AUDIO,1788521956493676.590	,0,NPU:2
2,AUDIO,1788521956593710.650	,0,NPU:2
2,AUDIO,1788521956693695.830	,0,NPU:2
2,AUDIO,1788521956793695.140	,0,NPU:2
2,AUDIO,1788521956893673.320	,0,NPU:2
2,AUDIO,1788521956993679.850	,0,NPU:2
2,AUDIO,1788521957093679.860	,0,NPU:2
2,AUDIO,1788521957193708.460	,0,NPU:2
2,AUDIO,1788521957293678.900	,0,NPU:2
2,AUDIO,1788521957393665.400	,0,NPU:2
2,AUDIO,1788521957493670.700	,0,NPU:2
2,AUDIO,1788521957593669.370	,0,NPU:2
2,AUDIO,1788521957693681.180	,0,NPU:2
2,AUDIO,1788521957793669.280	,0,NPU:2
2,AUDIO,1788521957893667.600	,0,NPU:2
2,AUDIO,1788521957993664.330	,0,NPU:2
2,AUDIO,1788521958093664.530	,0,NPU:2
2,AUDIO,1788521958193664.090	,0,NPU:2
2,AUDIO,1788521958293676.530	,0,NPU:2
2,AUDIO,1788521958393683.270	,0,NPU:2
2,AUDIO,1788521958493690.880	,0,NPU:2
2,AUDIO,1788521958593674.040	,0,NPU:2
2,AUDIO,1788521958693683.820	,0,NPU:2
2,AUDIO,1788521958793687.320	,0,NPU:2
2,AUDIO,1788521958893675.330	,0,NPU:2
2,AUDIO,1788521958993662.280	,0,NPU:2
2,AUDIO,1788521959093657.900	,0,NPU:2
2,AUDIO,1788521959193640.610	,0,NPU:2
2,AUDIO,1788521959293669.420	,0,NPU:2
2,AUDIO,1788521959393659.330	,0,NPU:2
2,AUDIO,1788521959493656.680	,0,NPU:2
2,AUDIO,1788521959593664.410	,0,NPU:2
2,AUDIO,1788521959693659.180	,0,NPU:2
2,AUDIO,1788521959793659.090	,0,NPU:2
2,AUDIO,1788521959893653.390	,0,NPU:2
2,AUDIO,1788521959993636.630	,0,NPU:2
2,AUDIO,1788521960093661.640	,0,NPU:2
2,AUDIO,1788521960193659.550	,0,NPU:2
2,AUDIO,1788521960293650.620	,0,NPU:2
2,AUDIO,1788521960393656.970	,0,NPU:2
2,AUDIO,1788521960493672.410	,0,NPU:2
2,AUDIO,1788521960593660.010	,0,NPU:2
2,AUDIO,1788521960693662.400	,0,NPU:2
2,AUDIO,1788521960793664.020	,0,NPU:2
2,AUDIO,1788521960893665.010	,0,NPU:2
2,AUDIO,1788521960993655.530	,0,NPU:2
2,AUDIO,1788521961093650.430	,0,NPU:2
2,AUDIO,1788521961193659.590	,0,NPU:2
2,AUDIO,1788521961293649.550	,0,NPU:2
2,AUDIO,1788521961393660.560	,0,NPU:2
2,AUDIO,1788521961493646.430	,0,NPU:2
2,AUDIO,1788521961593653.540	,0,NPU:2
2,AUDIO,1788521961693653.280	,0,NPU:2
2,AUDIO,1788521961793655.640	,0,NPU:2
2,AUDIO,1788521961893663.700	,0,NPU:2
2,AUDIO,1788521961993679.720	,0,NPU:2
2,AUDIO,1788521962093650.320	,0,NPU:2
2,AUDIO,1788521962193649.320	,0,NPU:2
2,AUDIO,1788521962293681.190	,0,NPU:2
2,AUDIO,1788521962393648.310	,0,NPU:2
2,AUDIO,1788521962493648.610	,0,NPU:2
2,AUDIO,1788521962593658.720	,0,NPU:2
2,AUDIO,1788521962693658.470	,0,NPU:2
2,AUDIO,1788521962793647.510	,0,NPU:2
2,AUDIO,1788521962893648.970	,0,NPU:2
2,AUDIO,1788521962993649.820	,0,NPU:2
2,AUDIO,1788521963093652.370	,0,NPU:2
2,AUDIO,1788521963193660.920	,0,NPU:2
2,AUDIO,1788521963293649.500	,0,NPU:2
2,AUDIO,1788521963393652.840	,0,NPU:2
2,AUDIO,1788521963493633.730	,0,NPU:2
2,AUDIO,1788521963593627.750	,0,NPU:2
2,AUDIO,1788521963693630.860	,0,NPU:2
2,AUDIO,1788521963793626.500	,0,NPU:2
2,AUDIO,1788521963893625.660	,0,NPU:2
2,AUDIO,1788521963993619.870	,0,NPU:2
2,AUDIO,1788521964093623.630	,0,NPU:2
2,AUDIO,1788521964193621.680	,0,NPU:2
2,AUDIO,1788521964293631.730	,0,NPU:2
2,AUDIO,1788521964393624.810	,0,NPU:2
2,AUDIO,1788521964493617.160	,0,NPU:2
2,AUDIO,1788521964593612.810	,0,NPU:2
2,AUDIO,1788521964693630.030	,0,NPU:2
2,AUDIO,1788521964793640.010	,0,NPU:2
2,AUDIO,1788521964893621.970	,0,NPU:2
2,AUDIO,1788521964993624.260	,0,NPU:2
2,AUDIO,1788521965093632.600	,0,NPU:2
2,AUDIO,1788521965193623.140	,0,NPU:2
2,AUDIO,1788521965293738.890	,0,NPU:2
2,AUDIO,1788521965393669.470	,0,NPU:2
2,AUDIO,1788521965493639.540	,0,NPU:2
2,AUDIO,1788521965593628.350	,0,NPU:2
2,AUDIO,1788521965693649.400	,0,NPU:2
2,AUDIO,1788521965793641.400	,0,NPU:2
2,AUDIO,1788521965893687.370	,0,NPU:2
2,AUDIO,1788521965993646.290	,0,NPU:2
2,AUDIO,1788521966093625.790	,0,NPU:2
2,AUDIO,1788521966193628.540	,0,NPU:2
2,AUDIO,1788521966293643.340	,0,NPU:2
2,AUDIO,1788521966393613.490	,0,NPU:2
2,AUDIO,1788521966493642.110	,0,NPU:2
2,AUDIO,1788521966593639.740	,0,NPU:2
2,AUDIO,1788521966693630.120	,0,NPU:2
2,AUDIO,1788521966793623.110	,0,NPU:2
2,AUDIO,1788521966893628.080	,0,NPU:2
2,AUDIO,1788521966993649.050	,0,NPU:2
2,AUDIO,1788521967093643.280	,0,NPU:2
2,AUDIO,1788521967193636.760	,0,NPU:2
2,AUDIO,1788521967293664.510	,0,NPU:2
2,AUDIO,1788521967393646.400	,0,NPU:2
2,AUDIO,1788521967493631.880	,0,NPU:2
2,AUDIO,1788521967593619.300	,0,NPU:2
2,AUDIO,1788521967693635.480	,0,NPU:2
2,AUDIO,1788521967793629.620	,0,NPU:2
2,AUDIO,1788521967893659.030	,0,NPU:2
2,AUDIO,1788521967993639.300	,0,NPU:2
2,AUDIO,1788521968093616.460	,0,NPU:2
2,AUDIO,1788521968193600.750	,0,NPU:2
2,AUDIO,1788521968293604.310	,0,NPU:2
2,AUDIO,1788521968393642.290	,0,NPU:2
2,AUDIO,1788521968493641.350	,0,NPU:2
2,AUDIO,1788521968593635.460	,0,NPU:2
2,AUDIO,1788521968693623.120	,0,NPU:2
2,AUDIO,1788521968793603.210	,0,NPU:2
2,AUDIO,1788521968893622.880	,0,NPU:2
2,AUDIO,1788521968993646.280	,0,NPU:2
2,AUDIO,1788521969093618.190	,0,NPU:2
2,AUDIO,1788521969193625.210	,0,NPU:2
2,AUDIO,1788521969293613.860	,0,NPU:2
2,AUDIO,1788521969393631.150	,0,NPU:2
2,AUDIO,1788521969493645.190	,0,NPU:2
2,AUDIO,1788521969593630.620	,0,NPU:2
2,AUDIO,1788521969693629.060	,0,NPU:2
2,AUDIO,1788521969793629.990	,0,NPU:2
2,AUDIO,1788521969893608.320	,0,NPU:2
2,AUDIO,1788521969993610.590	,0,NPU:2
2,AUDIO,1788521970093630.140	,0,NPU:2
2,AUDIO,1788521970193626.490	,0,NPU:2
2,AUDIO,1788521970293611.210	,0,NPU:2
2,AUDIO,1788521970393601.790	,0,NPU:2
2,AUDIO,1788521970493628.800	,0,NPU:2
2,AUDIO,1788521970593625.850	,0,NPU:2
2,AUDIO,1788521970693643.880	,0,NPU:2
2,AUDIO,1788521970793609.650	,0,NPU:2
2,AUDIO,1788521970893621.640	,0,NPU:2
2,AUDIO,1788521970993613.030	,0,NPU:2
2,AUDIO,1788521971093591.550	,0,NPU:2
2,AUDIO,1788521971193601.230	,0,NPU:2
2,AUDIO,1788521971293601.060	,0,NPU:2
2,AUDIO,1788521971393594.380	,0,NPU:2
2,AUDIO,1788521971493608.280	,0,NPU:2
2,AUDIO,1788521971593612.580	,0,NPU:2
2,AUDIO,1788521971693592.100	,0,NPU:2
2,AUDIO,1788521971793598.990	,0,NPU:2
2,AUDIO,1788521971893595.970	,0,NPU:2
2,AUDIO,1788521971993592.820	,0,NPU:2
2,AUDIO,1788521972093590.900	,0,NPU:2
2,AUDIO,1788521972193595.900	,0,NPU:2
2,AUDIO,1788521972293597.240	,0,NPU:2
2,AUDIO,1788521972393636.480	,0,NPU:2
2,AUDIO,1788521972493583.490	,0,NPU:2
2,AUDIO,1788521972593645.590	,0,NPU:2
2,AUDIO,1788521972693633.820	,0,NPU:2
2,AUDIO,1788521972793603.790	,0,NPU:2
2,AUDIO,1788521972893580.480	,0,NPU:2
2,AUDIO,1788521972993578.140	,0,NPU:2
2,AUDIO,1788521973093574.880	,0,NPU:2
2,AUDIO,1788521973193573.610	,0,NPU:2
2,AUDIO,1788521973293574.060	,0,NPU:2
2,AUDIO,1788521973398586.880	,0,NPU:2
2,AUDIO,1788521973493599.570	,0,NPU:2
2,AUDIO,1788521973559819.670	,0,NPU:2
2,TPRT,1788521953993841.910	,0,NPU:2
2,TPRT,1788521954093690.790	,0,NPU:2
2,TPRT,1788521954193665.180	,0,NPU:2
2,TPRT,1788521954293650.080	,0,NPU:2
2,TPRT,1788521954393654.040	,0,NPU:2
2,TPRT,1788521954493648.730	,0,NPU:2
2,TPRT,1788521954593645.540	,0,NPU:2
2,TPRT,1788521954693640.150	,0,NPU:2
2,TPRT,1788521954793649.950	,0,NPU:2
2,TPRT,1788521954893661.680	,0,NPU:2
2,TPRT,1788521954993678.410	,0,NPU:2
2,TPRT,1788521955093652.720	,0,NPU:2
2,TPRT,1788521955193653.270	,0,NPU:2
2,TPRT,1788521955293648.860	,0,NPU:2
2,TPRT,1788521955393649.220	,0,NPU:2
2,TPRT,1788521955493655.280	,0,NPU:2
2,TPRT,1788521955593651.590	,0,NPU:2
2,TPRT,1788521955693640.580	,0,NPU:2
2,TPRT,1788521955793638.250	,0,NPU:2
2,TPRT,1788521955893682.250	,0,NPU:2
2,TPRT,1788521955993682.480	,0,NPU:2
2,TPRT,1788521956093711.640	,0,NPU:2
2,TPRT,1788521956193672.410	,0,NPU:2
2,TPRT,1788521956293669.740	,0,NPU:2
2,TPRT,1788521956393666.240	,0,NPU:2
2,TPRT,1788521956493676.590	,0,NPU:2
2,TPRT,1788521956593710.650	,0,NPU:2
2,TPRT,1788521956693695.830	,0,NPU:2
2,TPRT,1788521956793695.140	,0,NPU:2
2,TPRT,1788521956893673.320	,0,NPU:2
2,TPRT,1788521956993679.850	,0,NPU:2
2,TPRT,1788521957093679.860	,0,NPU:2
2,TPRT,1788521957193708.460	,0,NPU:2
2,TPRT,1788521957293678.900	,0,NPU:2
2,TPRT,1788521957393665.400	,0,NPU:2
2,TPRT,1788521957493670.700	,0,NPU:2
2,TPRT,1788521957593669.370	,0,NPU:2
2,TPRT,1788521957693681.180	,0,NPU:2
2,TPRT,1788521957793669.280	,0,NPU:2
2,TPRT,1788521957893667.600	,0,NPU:2
2,TPRT,1788521957993664.330	,0,NPU:2
2,TPRT,1788521958093664.530	,0,NPU:2
2,TPRT,1788521958193664.090	,0,NPU:2
2,TPRT,1788521958293676.530	,0,NPU:2
2,TPRT,1788521958393683.270	,0,NPU:2
2,TPRT,1788521958493690.880	,0,NPU:2
2,TPRT,1788521958593674.040	,0,NPU:2
2,TPRT,1788521958693683.820	,0,NPU:2
2,TPRT,1788521958793687.320	,0,NPU:2
2,TPRT,1788521958893675.330	,0,NPU:2
2,TPRT,1788521958993662.280	,0,NPU:2
2,TPRT,1788521959093657.900	,0,NPU:2
2,TPRT,1788521959193640.610	,0,NPU:2
2,TPRT,1788521959293669.420	,0,NPU:2
2,TPRT,1788521959393659.330	,0,NPU:2
2,TPRT,1788521959493656.680	,0,NPU:2
2,TPRT,1788521959593664.410	,0,NPU:2
2,TPRT,1788521959693659.180	,0,NPU:2
2,TPRT,1788521959793659.090	,0,NPU:2
2,TPRT,1788521959893653.390	,0,NPU:2
2,TPRT,1788521959993636.630	,0,NPU:2
2,TPRT,1788521960093661.640	,0,NPU:2
2,TPRT,1788521960193659.550	,0,NPU:2
2,TPRT,1788521960293650.620	,0,NPU:2
2,TPRT,1788521960393656.970	,0,NPU:2
2,TPRT,1788521960493672.410	,0,NPU:2
2,TPRT,1788521960593660.010	,0,NPU:2
2,TPRT,1788521960693662.400	,0,NPU:2
2,TPRT,1788521960793664.020	,0,NPU:2
2,TPRT,1788521960893665.010	,0,NPU:2
2,TPRT,1788521960993655.530	,0,NPU:2
2,TPRT,1788521961093650.430	,0,NPU:2
2,TPRT,1788521961193659.590	,0,NPU:2
2,TPRT,1788521961293649.550	,0,NPU:2
2,TPRT,1788521961393660.560	,0,NPU:2
2,TPRT,1788521961493646.430	,0,NPU:2
2,TPRT,1788521961593653.540	,0,NPU:2
2,TPRT,1788521961693653.280	,0,NPU:2
2,TPRT,1788521961793655.640	,0,NPU:2
2,TPRT,1788521961893663.700	,0,NPU:2
2,TPRT,1788521961993679.720	,0,NPU:2
2,TPRT,1788521962093650.320	,0,NPU:2
2,TPRT,1788521962193649.320	,0,NPU:2
2,TPRT,1788521962293681.190	,0,NPU:2
2,TPRT,1788521962393648.310	,0,NPU:2
2,TPRT,1788521962493648.610	,0,NPU:2
2,TPRT,1788521962593658.720	,0,NPU:2
2,TPRT,1788521962693658.470	,0,NPU:2
2,TPRT,1788521962793647.510	,0,NPU:2
2,TPRT,1788521962893648.970	,0,NPU:2
2,TPRT,1788521962993649.820	,0,NPU:2
2,TPRT,1788521963093652.370	,0,NPU:2
2,TPRT,1788521963193660.920	,0,NPU:2
2,TPRT,1788521963293649.500	,0,NPU:2
2,TPRT,1788521963393652.840	,0,NPU:2
2,TPRT,1788521963493633.730	,0,NPU:2
2,TPRT,1788521963593627.750	,0,NPU:2
2,TPRT,1788521963693630.860	,0,NPU:2
2,TPRT,1788521963793626.500	,0,NPU:2
2,TPRT,1788521963893625.660	,0,NPU:2
2,TPRT,1788521963993619.870	,0,NPU:2
2,TPRT,1788521964093623.630	,0,NPU:2
2,TPRT,1788521964193621.680	,0,NPU:2
2,TPRT,1788521964293631.730	,0,NPU:2
2,TPRT,1788521964393624.810	,0,NPU:2
2,TPRT,1788521964493617.160	,0,NPU:2
2,TPRT,1788521964593612.810	,0,NPU:2
2,TPRT,1788521964693630.030	,0,NPU:2
2,TPRT,1788521964793640.010	,0,NPU:2
2,TPRT,1788521964893621.970	,0,NPU:2
2,TPRT,1788521964993624.260	,0,NPU:2
2,TPRT,1788521965093632.600	,0,NPU:2
2,TPRT,1788521965193623.140	,0,NPU:2
2,TPRT,1788521965293738.890	,0,NPU:2
2,TPRT,1788521965393669.470	,0,NPU:2
2,TPRT,1788521965493639.540	,0,NPU:2
2,TPRT,1788521965593628.350	,0,NPU:2
2,TPRT,1788521965693649.400	,0,NPU:2
2,TPRT,1788521965793641.400	,0,NPU:2
2,TPRT,1788521965893687.370	,0,NPU:2
2,TPRT,1788521965993646.290	,0,NPU:2
2,TPRT,1788521966093625.790	,0,NPU:2
2,TPRT,1788521966193628.540	,0,NPU:2
2,TPRT,1788521966293643.340	,0,NPU:2
2,TPRT,1788521966393613.490	,0,NPU:2
2,TPRT,1788521966493642.110	,0,NPU:2
2,TPRT,1788521966593639.740	,0,NPU:2
2,TPRT,1788521966693630.120	,0,NPU:2
2,TPRT,1788521966793623.110	,0,NPU:2
2,TPRT,1788521966893628.080	,0,NPU:2
2,TPRT,1788521966993649.050	,0,NPU:2
2,TPRT,1788521967093643.280	,0,NPU:2
2,TPRT,1788521967193636.760	,0,NPU:2
2,TPRT,1788521967293664.510	,0,NPU:2
2,TPRT,1788521967393646.400	,0,NPU:2
2,TPRT,1788521967493631.880	,0,NPU:2
2,TPRT,1788521967593619.300	,0,NPU:2
2,TPRT,1788521967693635.480	,0,NPU:2
2,TPRT,1788521967793629.620	,0,NPU:2
2,TPRT,1788521967893659.030	,0,NPU:2
2,TPRT,1788521967993639.300	,0,NPU:2
2,TPRT,1788521968093616.460	,0,NPU:2
2,TPRT,1788521968193600.750	,0,NPU:2
2,TPRT,1788521968293604.310	,0,NPU:2
2,TPRT,1788521968393642.290	,0,NPU:2
2,TPRT,1788521968493641.350	,0,NPU:2
2,TPRT,1788521968593635.460	,0,NPU:2
2,TPRT,1788521968693623.120	,0,NPU:2
2,TPRT,1788521968793603.210	,0,NPU:2
2,TPRT,1788521968893622.880	,0,NPU:2
2,TPRT,1788521968993646.280	,0,NPU:2
2,TPRT,1788521969093618.190	,0,NPU:2
2,TPRT,1788521969193625.210	,0,NPU:2
2,TPRT,1788521969293613.860	,0,NPU:2
2,TPRT,1788521969393631.150	,0,NPU:2
2,TPRT,1788521969493645.190	,0,NPU:2
2,TPRT,1788521969593630.620	,0,NPU:2
2,TPRT,1788521969693629.060	,0,NPU:2
2,TPRT,1788521969793629.990	,0,NPU:2
2,TPRT,1788521969893608.320	,0,NPU:2
2,TPRT,1788521969993610.590	,0,NPU:2
2,TPRT,1788521970093630.140	,0,NPU:2
2,TPRT,1788521970193626.490	,0,NPU:2
2,TPRT,1788521970293611.210	,0,NPU:2
2,TPRT,1788521970393601.790	,0,NPU:2
2,TPRT,1788521970493628.800	,0,NPU:2
2,TPRT,1788521970593625.850	,0,NPU:2
2,TPRT,1788521970693643.880	,0,NPU:2
2,TPRT,1788521970793609.650	,0,NPU:2
2,TPRT,1788521970893621.640	,0,NPU:2
2,TPRT,1788521970993613.030	,0,NPU:2
2,TPRT,1788521971093591.550	,0,NPU:2
2,TPRT,1788521971193601.230	,0,NPU:2
2,TPRT,1788521971293601.060	,0,NPU:2
2,TPRT,1788521971393594.380	,0,NPU:2
2,TPRT,1788521971493608.280	,0,NPU:2
2,TPRT,1788521971593612.580	,0,NPU:2
2,TPRT,1788521971693592.100	,0,NPU:2
2,TPRT,1788521971793598.990	,0,NPU:2
2,TPRT,1788521971893595.970	,0,NPU:2
2,TPRT,1788521971993592.820	,0,NPU:2
2,TPRT,1788521972093590.900	,0,NPU:2
2,TPRT,1788521972193595.900	,0,NPU:2
2,TPRT,1788521972293597.240	,0,NPU:2
2,TPRT,1788521972393636.480	,0,NPU:2
2,TPRT,1788521972493583.490	,0,NPU:2
2,TPRT,1788521972593645.590	,0,NPU:2
2,TPRT,1788521972693633.820	,0,NPU:2
2,TPRT,1788521972793603.790	,0,NPU:2
2,TPRT,1788521972893580.480	,0,NPU:2
2,TPRT,1788521972993578.140	,0,NPU:2
2,TPRT,1788521973093574.880	,0,NPU:2
2,TPRT,1788521973193573.610	,0,NPU:2
2,TPRT,1788521973293574.060	,0,NPU:2
2,TPRT,1788521973398586.880	,0,NPU:2
2,TPRT,1788521973493599.570	,0,NPU:2
2,TPRT,1788521973559819.670	,0,NPU:2
2,ASCENDCKERNEL,1788521953993841.910	,0,NPU:2
2,ASCENDCKERNEL,1788521954093690.790	,0,NPU:2
2,ASCENDCKERNEL,1788521954193665.180	,0,NPU:2
2,ASCENDCKERNEL,1788521954293650.080	,0,NPU:2
2,ASCENDCKERNEL,1788521954393654.040	,0,NPU:2
2,ASCENDCKERNEL,1788521954493648.730	,0,NPU:2
2,ASCENDCKERNEL,1788521954593645.540	,0,NPU:2
2,ASCENDCKERNEL,1788521954693640.150	,0,NPU:2
2,ASCENDCKERNEL,1788521954793649.950	,0,NPU:2
2,ASCENDCKERNEL,1788521954893661.680	,0,NPU:2
2,ASCENDCKERNEL,1788521954993678.410	,0,NPU:2
2,ASCENDCKERNEL,1788521955093652.720	,0,NPU:2
2,ASCENDCKERNEL,1788521955193653.270	,0,NPU:2
2,ASCENDCKERNEL,1788521955293648.860	,0,NPU:2
2,ASCENDCKERNEL,1788521955393649.220	,0,NPU:2
2,ASCENDCKERNEL,1788521955493655.280	,0,NPU:2
2,ASCENDCKERNEL,1788521955593651.590	,0,NPU:2
2,ASCENDCKERNEL,1788521955693640.580	,0,NPU:2
2,ASCENDCKERNEL,1788521955793638.250	,0,NPU:2
2,ASCENDCKERNEL,1788521955893682.250	,0,NPU:2
2,ASCENDCKERNEL,1788521955993682.480	,0,NPU:2
2,ASCENDCKERNEL,1788521956093711.640	,0,NPU:2
2,ASCENDCKERNEL,1788521956193672.410	,0,NPU:2
2,ASCENDCKERNEL,1788521956293669.740	,0,NPU:2
2,ASCENDCKERNEL,1788521956393666.240	,0,NPU:2
2,ASCENDCKERNEL,1788521956493676.590	,0,NPU:2
2,ASCENDCKERNEL,1788521956593710.650	,0,NPU:2
2,ASCENDCKERNEL,1788521956693695.830	,0,NPU:2
2,ASCENDCKERNEL,1788521956793695.140	,0,NPU:2
2,ASCENDCKERNEL,1788521956893673.320	,0,NPU:2
2,ASCENDCKERNEL,1788521956993679.850	,0,NPU:2
2,ASCENDCKERNEL,1788521957093679.860	,0,NPU:2
2,ASCENDCKERNEL,1788521957193708.460	,0,NPU:2
2,ASCENDCKERNEL,1788521957293678.900	,0,NPU:2
2,ASCENDCKERNEL,1788521957393665.400	,0,NPU:2
2,ASCENDCKERNEL,1788521957493670.700	,0,NPU:2
2,ASCENDCKERNEL,1788521957593669.370	,0,NPU:2
2,ASCENDCKERNEL,1788521957693681.180	,0,NPU:2
2,ASCENDCKERNEL,1788521957793669.280	,0,NPU:2
2,ASCENDCKERNEL,1788521957893667.600	,0,NPU:2
2,ASCENDCKERNEL,1788521957993664.330	,0,NPU:2
2,ASCENDCKERNEL,1788521958093664.530	,0,NPU:2
2,ASCENDCKERNEL,1788521958193664.090	,0,NPU:2
2,ASCENDCKERNEL,1788521958293676.530	,0,NPU:2
2,ASCENDCKERNEL,1788521958393683.270	,0,NPU:2
2,ASCENDCKERNEL,1788521958493690.880	,0,NPU:2
2,ASCENDCKERNEL,1788521958593674.040	,0,NPU:2
2,ASCENDCKERNEL,1788521958693683.820	,0,NPU:2
2,ASCENDCKERNEL,1788521958793687.320	,0,NPU:2
2,ASCENDCKERNEL,1788521958893675.330	,0,NPU:2
2,ASCENDCKERNEL,1788521958993662.280	,0,NPU:2
2,ASCENDCKERNEL,1788521959093657.900	,0,NPU:2
2,ASCENDCKERNEL,1788521959193640.610	,0,NPU:2
2,ASCENDCKERNEL,1788521959293669.420	,0,NPU:2
2,ASCENDCKERNEL,1788521959393659.330	,0,NPU:2
2,ASCENDCKERNEL,1788521959493656.680	,0,NPU:2
2,ASCENDCKERNEL,1788521959593664.410	,0,NPU:2
2,ASCENDCKERNEL,1788521959693659.180	,0,NPU:2
2,ASCENDCKERNEL,1788521959793659.090	,0,NPU:2
2,ASCENDCKERNEL,1788521959893653.390	,0,NPU:2
2,ASCENDCKERNEL,1788521959993636.630	,0,NPU:2
2,ASCENDCKERNEL,1788521960093661.640	,0,NPU:2
2,ASCENDCKERNEL,1788521960193659.550	,0,NPU:2
2,ASCENDCKERNEL,1788521960293650.620	,0,NPU:2
2,ASCENDCKERNEL,1788521960393656.970	,0,NPU:2
2,ASCENDCKERNEL,1788521960493672.410	,0,NPU:2
2,ASCENDCKERNEL,1788521960593660.010	,0,NPU:2
2,ASCENDCKERNEL,1788521960693662.400	,0,NPU:2
2,ASCENDCKERNEL,1788521960793664.020	,0,NPU:2
2,ASCENDCKERNEL,1788521960893665.010	,0,NPU:2
2,ASCENDCKERNEL,1788521960993655.530	,0,NPU:2
2,ASCENDCKERNEL,1788521961093650.430	,0,NPU:2
2,ASCENDCKERNEL,1788521961193659.590	,0,NPU:2
2,ASCENDCKERNEL,1788521961293649.550	,0,NPU:2
2,ASCENDCKERNEL,1788521961393660.560	,0,NPU:2
2,ASCENDCKERNEL,1788521961493646.430	,0,NPU:2
2,ASCENDCKERNEL,1788521961593653.540	,0,NPU:2
2,ASCENDCKERNEL,1788521961693653.280	,0,NPU:2
2,ASCENDCKERNEL,1788521961793655.640	,0,NPU:2
2,ASCENDCKERNEL,1788521961893663.700	,0,NPU:2
2,ASCENDCKERNEL,1788521961993679.720	,0,NPU:2
2,ASCENDCKERNEL,1788521962093650.320	,0,NPU:2
2,ASCENDCKERNEL,1788521962193649.320	,0,NPU:2
2,ASCENDCKERNEL,1788521962293681.190	,0,NPU:2
2,ASCENDCKERNEL,1788521962393648.310	,0,NPU:2
2,ASCENDCKERNEL,1788521962493648.610	,0,NPU:2
2,ASCENDCKERNEL,1788521962593658.720	,0,NPU:2
2,ASCENDCKERNEL,1788521962693658.470	,0,NPU:2
2,ASCENDCKERNEL,1788521962793647.510	,0,NPU:2
2,ASCENDCKERNEL,1788521962893648.970	,0,NPU:2
2,ASCENDCKERNEL,1788521962993649.820	,0,NPU:2
2,ASCENDCKERNEL,1788521963093652.370	,0,NPU:2
2,ASCENDCKERNEL,1788521963193660.920	,0,NPU:2
2,ASCENDCKERNEL,1788521963293649.500	,0,NPU:2
2,ASCENDCKERNEL,1788521963393652.840	,0,NPU:2
2,ASCENDCKERNEL,1788521963493633.730	,0,NPU:2
2,ASCENDCKERNEL,1788521963593627.750	,0,NPU:2
2,ASCENDCKERNEL,1788521963693630.860	,0,NPU:2
2,ASCENDCKERNEL,1788521963793626.500	,0,NPU:2
2,ASCENDCKERNEL,1788521963893625.660	,0,NPU:2
2,ASCENDCKERNEL,1788521963993619.870	,0,NPU:2
2,ASCENDCKERNEL,1788521964093623.630	,0,NPU:2
2,ASCENDCKERNEL,1788521964193621.680	,0,NPU:2
2,ASCENDCKERNEL,1788521964293631.730	,0,NPU:2
2,ASCENDCKERNEL,1788521964393624.810	,0,NPU:2
2,ASCENDCKERNEL,1788521964493617.160	,0,NPU:2
2,ASCENDCKERNEL,1788521964593612.810	,0,NPU:2
2,ASCENDCKERNEL,1788521964693630.030	,0,NPU:2
2,ASCENDCKERNEL,1788521964793640.010	,0,NPU:2
2,ASCENDCKERNEL,1788521964893621.970	,0,NPU:2
2,ASCENDCKERNEL,1788521964993624.260	,0,NPU:2
2,ASCENDCKERNEL,1788521965093632.600	,0,NPU:2
2,ASCENDCKERNEL,1788521965193623.140	,0,NPU:2
2,ASCENDCKERNEL,1788521965293738.890	,0,NPU:2
2,ASCENDCKERNEL,1788521965393669.470	,0,NPU:2
2,ASCENDCKERNEL,1788521965493639.540	,0,NPU:2
2,ASCENDCKERNEL,1788521965593628.350	,0,NPU:2
2,ASCENDCKERNEL,1788521965693649.400	,0,NPU:2
2,ASCENDCKERNEL,1788521965793641.400	,0,NPU:2
2,ASCENDCKERNEL,1788521965893687.370	,0,NPU:2
2,ASCENDCKERNEL,1788521965993646.290	,0,NPU:2
2,ASCENDCKERNEL,1788521966093625.790	,0,NPU:2
2,ASCENDCKERNEL,1788521966193628.540	,0,NPU:2
2,ASCENDCKERNEL,1788521966293643.340	,0,NPU:2
2,ASCENDCKERNEL,1788521966393613.490	,0,NPU:2
2,ASCENDCKERNEL,1788521966493642.110	,0,NPU:2
2,ASCENDCKERNEL,1788521966593639.740	,0,NPU:2
2,ASCENDCKERNEL,1788521966693630.120	,0,NPU:2
2,ASCENDCKERNEL,1788521966793623.110	,0,NPU:2
2,ASCENDCKERNEL,1788521966893628.080	,0,NPU:2
2,ASCENDCKERNEL,1788521966993649.050	,0,NPU:2
2,ASCENDCKERNEL,1788521967093643.280	,0,NPU:2
2,ASCENDCKERNEL,1788521967193636.760	,0,NPU:2
2,ASCENDCKERNEL,1788521967293664.510	,0,NPU:2
2,ASCENDCKERNEL,1788521967393646.400	,0,NPU:2
2,ASCENDCKERNEL,1788521967493631.880	,0,NPU:2
2,ASCENDCKERNEL,1788521967593619.300	,0,NPU:2
2,ASCENDCKERNEL,1788521967693635.480	,0,NPU:2
2,ASCENDCKERNEL,1788521967793629.620	,0,NPU:2
2,ASCENDCKERNEL,1788521967893659.030	,0,NPU:2
2,ASCENDCKERNEL,1788521967993639.300	,0,NPU:2
2,ASCENDCKERNEL,1788521968093616.460	,0,NPU:2
2,ASCENDCKERNEL,1788521968193600.750	,0,NPU:2
2,ASCENDCKERNEL,1788521968293604.310	,0,NPU:2
2,ASCENDCKERNEL,1788521968393642.290	,0,NPU:2
2,ASCENDCKERNEL,1788521968493641.350	,0,NPU:2
2,ASCENDCKERNEL,1788521968593635.460	,0,NPU:2
2,ASCENDCKERNEL,1788521968693623.120	,0,NPU:2
2,ASCENDCKERNEL,1788521968793603.210	,0,NPU:2
2,ASCENDCKERNEL,1788521968893622.880	,0,NPU:2
2,ASCENDCKERNEL,1788521968993646.280	,0,NPU:2
2,ASCENDCKERNEL,1788521969093618.190	,0,NPU:2
2,ASCENDCKERNEL,1788521969193625.210	,0,NPU:2
2,ASCENDCKERNEL,1788521969293613.860	,0,NPU:2
2,ASCENDCKERNEL,1788521969393631.150	,0,NPU:2
2,ASCENDCKERNEL,1788521969493645.190	,0,NPU:2
2,ASCENDCKERNEL,1788521969593630.620	,0,NPU:2
2,ASCENDCKERNEL,1788521969693629.060	,0,NPU:2
2,ASCENDCKERNEL,1788521969793629.990	,0,NPU:2
2,ASCENDCKERNEL,1788521969893608.320	,0,NPU:2
2,ASCENDCKERNEL,1788521969993610.590	,0,NPU:2
2,ASCENDCKERNEL,1788521970093630.140	,0,NPU:2
2,ASCENDCKERNEL,1788521970193626.490	,0,NPU:2
2,ASCENDCKERNEL,1788521970293611.210	,0,NPU:2
2,ASCENDCKERNEL,1788521970393601.790	,0,NPU:2
2,ASCENDCKERNEL,1788521970493628.800	,0,NPU:2
2,ASCENDCKERNEL,1788521970593625.850	,0,NPU:2
2,ASCENDCKERNEL,1788521970693643.880	,0,NPU:2
2,ASCENDCKERNEL,1788521970793609.650	,0,NPU:2
2,ASCENDCKERNEL,1788521970893621.640	,0,NPU:2
2,ASCENDCKERNEL,1788521970993613.030	,0,NPU:2
2,ASCENDCKERNEL,1788521971093591.550	,0,NPU:2
2,ASCENDCKERNEL,1788521971193601.230	,0,NPU:2
2,ASCENDCKERNEL,1788521971293601.060	,0,NPU:2
2,ASCENDCKERNEL,1788521971393594.380	,0,NPU:2
2,ASCENDCKERNEL,1788521971493608.280	,0,NPU:2
2,ASCENDCKERNEL,1788521971593612.580	,0,NPU:2
2,ASCENDCKERNEL,1788521971693592.100	,0,NPU:2
2,ASCENDCKERNEL,1788521971793598.990	,0,NPU:2
2,ASCENDCKERNEL,1788521971893595.970	,0,NPU:2
2,ASCENDCKERNEL,1788521971993592.820	,0,NPU:2
2,ASCENDCKERNEL,1788521972093590.900	,0,NPU:2
2,ASCENDCKERNEL,1788521972193595.900	,0,NPU:2
2,ASCENDCKERNEL,1788521972293597.240	,0,NPU:2
2,ASCENDCKERNEL,1788521972393636.480	,0,NPU:2
2,ASCENDCKERNEL,1788521972493583.490	,0,NPU:2
2,ASCENDCKERNEL,1788521972593645.590	,0,NPU:2
2,ASCENDCKERNEL,1788521972693633.820	,0,NPU:2
2,ASCENDCKERNEL,1788521972793603.790	,0,NPU:2
2,ASCENDCKERNEL,1788521972893580.480	,0,NPU:2
2,ASCENDCKERNEL,1788521972993578.140	,0,NPU:2
2,ASCENDCKERNEL,1788521973093574.880	,0,NPU:2
2,ASCENDCKERNEL,1788521973193573.610	,0,NPU:2
2,ASCENDCKERNEL,1788521973293574.060	,0,NPU:2
2,ASCENDCKERNEL,1788521973398586.880	,0,NPU:2
2,ASCENDCKERNEL,1788521973493599.570	,0,NPU:2
2,ASCENDCKERNEL,1788521973559819.670	,0,NPU:2
2,ASYS,1788521953993841.910	,0,NPU:2
2,ASYS,1788521954093690.790	,0,NPU:2
2,ASYS,1788521954193665.180	,0,NPU:2
2,ASYS,1788521954293650.080	,0,NPU:2
2,ASYS,1788521954393654.040	,0,NPU:2
2,ASYS,1788521954493648.730	,0,NPU:2
2,ASYS,1788521954593645.540	,0,NPU:2
2,ASYS,1788521954693640.150	,0,NPU:2
2,ASYS,1788521954793649.950	,0,NPU:2
2,ASYS,1788521954893661.680	,0,NPU:2
2,ASYS,1788521954993678.410	,0,NPU:2
2,ASYS,1788521955093652.720	,0,NPU:2
2,ASYS,1788521955193653.270	,0,NPU:2
2,ASYS,1788521955293648.860	,0,NPU:2
2,ASYS,1788521955393649.220	,0,NPU:2
2,ASYS,1788521955493655.280	,0,NPU:2
2,ASYS,1788521955593651.590	,0,NPU:2
2,ASYS,1788521955693640.580	,0,NPU:2
2,ASYS,1788521955793638.250	,0,NPU:2
2,ASYS,1788521955893682.250	,0,NPU:2
2,ASYS,1788521955993682.480	,0,NPU:2
2,ASYS,1788521956093711.640	,0,NPU:2
2,ASYS,1788521956193672.410	,0,NPU:2
2,ASYS,1788521956293669.740	,0,NPU:2
2,ASYS,1788521956393666.240	,0,NPU:2
2,ASYS,1788521956493676.590	,0,NPU:2
2,ASYS,1788521956593710.650	,0,NPU:2
2,ASYS,1788521956693695.830	,0,NPU:2
2,ASYS,1788521956793695.140	,0,NPU:2
2,ASYS,1788521956893673.320	,0,NPU:2
2,ASYS,1788521956993679.850	,0,NPU:2
2,ASYS,1788521957093679.860	,0,NPU:2
2,ASYS,1788521957193708.460	,0,NPU:2
2,ASYS,1788521957293678.900	,0,NPU:2
2,ASYS,1788521957393665.400	,0,NPU:2
2,ASYS,1788521957493670.700	,0,NPU:2
2,ASYS,1788521957593669.370	,0,NPU:2
2,ASYS,1788521957693681.180	,0,NPU:2
2,ASYS,1788521957793669.280	,0,NPU:2
2,ASYS,1788521957893667.600	,0,NPU:2
2,ASYS,1788521957993664.330	,0,NPU:2
2,ASYS,1788521958093664.530	,0,NPU:2
2,ASYS,1788521958193664.090	,0,NPU:2
2,ASYS,1788521958293676.530	,0,NPU:2
2,ASYS,1788521958393683.270	,0,NPU:2
2,ASYS,1788521958493690.880	,0,NPU:2
2,ASYS,1788521958593674.040	,0,NPU:2
2,ASYS,1788521958693683.820	,0,NPU:2
2,ASYS,1788521958793687.320	,0,NPU:2
2,ASYS,1788521958893675.330	,0,NPU:2
2,ASYS,1788521958993662.280	,0,NPU:2
2,ASYS,1788521959093657.900	,0,NPU:2
2,ASYS,1788521959193640.610	,0,NPU:2
2,ASYS,1788521959293669.420	,0,NPU:2
2,ASYS,1788521959393659.330	,0,NPU:2
2,ASYS,1788521959493656.680	,0,NPU:2
2,ASYS,1788521959593664.410	,0,NPU:2
2,ASYS,1788521959693659.180	,0,NPU:2
2,ASYS,1788521959793659.090	,0,NPU:2
2,ASYS,1788521959893653.390	,0,NPU:2
2,ASYS,1788521959993636.630	,0,NPU:2
2,ASYS,1788521960093661.640	,0,NPU:2
2,ASYS,1788521960193659.550	,0,NPU:2
2,ASYS,1788521960293650.620	,0,NPU:2
2,ASYS,1788521960393656.970	,0,NPU:2
2,ASYS,1788521960493672.410	,0,NPU:2
2,ASYS,1788521960593660.010	,0,NPU:2
2,ASYS,1788521960693662.400	,0,NPU:2
2,ASYS,1788521960793664.020	,0,NPU:2
2,ASYS,1788521960893665.010	,0,NPU:2
2,ASYS,1788521960993655.530	,0,NPU:2
2,ASYS,1788521961093650.430	,0,NPU:2
2,ASYS,1788521961193659.590	,0,NPU:2
2,ASYS,1788521961293649.550	,0,NPU:2
2,ASYS,1788521961393660.560	,0,NPU:2
2,ASYS,1788521961493646.430	,0,NPU:2
2,ASYS,1788521961593653.540	,0,NPU:2
2,ASYS,1788521961693653.280	,0,NPU:2
2,ASYS,1788521961793655.640	,0,NPU:2
2,ASYS,1788521961893663.700	,0,NPU:2
2,ASYS,1788521961993679.720	,0,NPU:2
2,ASYS,1788521962093650.320	,0,NPU:2
2,ASYS,1788521962193649.320	,0,NPU:2
2,ASYS,1788521962293681.190	,0,NPU:2
2,ASYS,1788521962393648.310	,0,NPU:2
2,ASYS,1788521962493648.610	,0,NPU:2
2,ASYS,1788521962593658.720	,0,NPU:2
2,ASYS,1788521962693658.470	,0,NPU:2
2,ASYS,1788521962793647.510	,0,NPU:2
2,ASYS,1788521962893648.970	,0,NPU:2
2,ASYS,1788521962993649.820	,0,NPU:2
2,ASYS,1788521963093652.370	,0,NPU:2
2,ASYS,1788521963193660.920	,0,NPU:2
2,ASYS,1788521963293649.500	,0,NPU:2
2,ASYS,1788521963393652.840	,0,NPU:2
2,ASYS,1788521963493633.730	,0,NPU:2
2,ASYS,1788521963593627.750	,0,NPU:2
2,ASYS,1788521963693630.860	,0,NPU:2
2,ASYS,1788521963793626.500	,0,NPU:2
2,ASYS,1788521963893625.660	,0,NPU:2
2,ASYS,1788521963993619.870	,0,NPU:2
2,ASYS,1788521964093623.630	,0,NPU:2
2,ASYS,1788521964193621.680	,0,NPU:2
2,ASYS,1788521964293631.730	,0,NPU:2
2,ASYS,1788521964393624.810	,0,NPU:2
2,ASYS,1788521964493617.160	,0,NPU:2
2,ASYS,1788521964593612.810	,0,NPU:2
2,ASYS,1788521964693630.030	,0,NPU:2
2,ASYS,1788521964793640.010	,0,NPU:2
2,ASYS,1788521964893621.970	,0,NPU:2
2,ASYS,1788521964993624.260	,0,NPU:2
2,ASYS,1788521965093632.600	,0,NPU:2
2,ASYS,1788521965193623.140	,0,NPU:2
2,ASYS,1788521965293738.890	,0,NPU:2
2,ASYS,1788521965393669.470	,0,NPU:2
2,ASYS,1788521965493639.540	,0,NPU:2
2,ASYS,1788521965593628.350	,0,NPU:2
2,ASYS,1788521965693649.400	,0,NPU:2
2,ASYS,1788521965793641.400	,0,NPU:2
2,ASYS,1788521965893687.370	,0,NPU:2
2,ASYS,1788521965993646.290	,0,NPU:2
2,ASYS,1788521966093625.790	,0,NPU:2
2,ASYS,1788521966193628.540	,0,NPU:2
2,ASYS,1788521966293643.340	,0,NPU:2
2,ASYS,1788521966393613.490	,0,NPU:2
2,ASYS,1788521966493642.110	,0,NPU:2
2,ASYS,1788521966593639.740	,0,NPU:2
2,ASYS,1788521966693630.120	,0,NPU:2
2,ASYS,1788521966793623.110	,0,NPU:2
2,ASYS,1788521966893628.080	,0,NPU:2
2,ASYS,1788521966993649.050	,0,NPU:2
2,ASYS,1788521967093643.280	,0,NPU:2
2,ASYS,1788521967193636.760	,0,NPU:2
2,ASYS,1788521967293664.510	,0,NPU:2
2,ASYS,1788521967393646.400	,0,NPU:2
2,ASYS,1788521967493631.880	,0,NPU:2
2,ASYS,1788521967593619.300	,0,NPU:2
2,ASYS,1788521967693635.480	,0,NPU:2
2,ASYS,1788521967793629.620	,0,NPU:2
2,ASYS,1788521967893659.030	,0,NPU:2
2,ASYS,1788521967993639.300	,0,NPU:2
2,ASYS,1788521968093616.460	,0,NPU:2
2,ASYS,1788521968193600.750	,0,NPU:2
2,ASYS,1788521968293604.310	,0,NPU:2
2,ASYS,1788521968393642.290	,0,NPU:2
2,ASYS,1788521968493641.350	,0,NPU:2
2,ASYS,1788521968593635.460	,0,NPU:2
2,ASYS,1788521968693623.120	,0,NPU:2
2,ASYS,1788521968793603.210	,0,NPU:2
2,ASYS,1788521968893622.880	,0,NPU:2
2,ASYS,1788521968993646.280	,0,NPU:2
2,ASYS,1788521969093618.190	,0,NPU:2
2,ASYS,1788521969193625.210	,0,NPU:2
2,ASYS,1788521969293613.860	,0,NPU:2
2,ASYS,1788521969393631.150	,0,NPU:2
2,ASYS,1788521969493645.190	,0,NPU:2
2,ASYS,1788521969593630.620	,0,NPU:2
2,ASYS,1788521969693629.060	,0,NPU:2
2,ASYS,1788521969793629.990	,0,NPU:2
2,ASYS,1788521969893608.320	,0,NPU:2
2,ASYS,1788521969993610.590	,0,NPU:2
2,ASYS,1788521970093630.140	,0,NPU:2
2,ASYS,1788521970193626.490	,0,NPU:2
2,ASYS,1788521970293611.210	,0,NPU:2
2,ASYS,1788521970393601.790	,0,NPU:2
2,ASYS,1788521970493628.800	,0,NPU:2
2,ASYS,1788521970593625.850	,0,NPU:2
2,ASYS,1788521970693643.880	,0,NPU:2
2,ASYS,1788521970793609.650	,0,NPU:2
2,ASYS,1788521970893621.640	,0,NPU:2
2,ASYS,1788521970993613.030	,0,NPU:2
2,ASYS,1788521971093591.550	,0,NPU:2
2,ASYS,1788521971193601.230	,0,NPU:2
2,ASYS,1788521971293601.060	,0,NPU:2
2,ASYS,1788521971393594.380	,0,NPU:2
2,ASYS,1788521971493608.280	,0,NPU:2
2,ASYS,1788521971593612.580	,0,NPU:2
2,ASYS,1788521971693592.100	,0,NPU:2
2,ASYS,1788521971793598.990	,0,NPU:2
2,ASYS,1788521971893595.970	,0,NPU:2
2,ASYS,1788521971993592.820	,0,NPU:2
2,ASYS,1788521972093590.900	,0,NPU:2
2,ASYS,1788521972193595.900	,0,NPU:2
2,ASYS,1788521972293597.240	,0,NPU:2
2,ASYS,1788521972393636.480	,0,NPU:2
2,ASYS,1788521972493583.490	,0,NPU:2
2,ASYS,1788521972593645.590	,0,NPU:2
2,ASYS,1788521972693633.820	,0,NPU:2
2,ASYS,1788521972793603.790	,0,NPU:2
2,ASYS,1788521972893580.480	,0,NPU:2
2,ASYS,1788521972993578.140	,0,NPU:2
2,ASYS,1788521973093574.880	,0,NPU:2
2,ASYS,1788521973193573.610	,0,NPU:2
2,ASYS,1788521973293574.060	,0,NPU:2
2,ASYS,1788521973398586.880	,0,NPU:2
2,ASYS,1788521973493599.570	,0,NPU:2
2,ASYS,1788521973559819.670	,0,NPU:2
2,ATRACE,1788521953993841.910	,0,NPU:2
2,ATRACE,1788521954093690.790	,0,NPU:2
2,ATRACE,1788521954193665.180	,0,NPU:2
2,ATRACE,1788521954293650.080	,0,NPU:2
2,ATRACE,1788521954393654.040	,0,NPU:2
2,ATRACE,1788521954493648.730	,0,NPU:2
2,ATRACE,1788521954593645.540	,0,NPU:2
2,ATRACE,1788521954693640.150	,0,NPU:2
2,ATRACE,1788521954793649.950	,0,NPU:2
2,ATRACE,1788521954893661.680	,0,NPU:2
2,ATRACE,1788521954993678.410	,0,NPU:2
2,ATRACE,1788521955093652.720	,0,NPU:2
2,ATRACE,1788521955193653.270	,0,NPU:2
2,ATRACE,1788521955293648.860	,0,NPU:2
2,ATRACE,1788521955393649.220	,0,NPU:2
2,ATRACE,1788521955493655.280	,0,NPU:2
2,ATRACE,1788521955593651.590	,0,NPU:2
2,ATRACE,1788521955693640.580	,0,NPU:2
2,ATRACE,1788521955793638.250	,0,NPU:2
2,ATRACE,1788521955893682.250	,0,NPU:2
2,ATRACE,1788521955993682.480	,0,NPU:2
2,ATRACE,1788521956093711.640	,0,NPU:2
2,ATRACE,1788521956193672.410	,0,NPU:2
2,ATRACE,1788521956293669.740	,0,NPU:2
2,ATRACE,1788521956393666.240	,0,NPU:2
2,ATRACE,1788521956493676.590	,0,NPU:2
2,ATRACE,1788521956593710.650	,0,NPU:2
2,ATRACE,1788521956693695.830	,0,NPU:2
2,ATRACE,1788521956793695.140	,0,NPU:2
2,ATRACE,1788521956893673.320	,0,NPU:2
2,ATRACE,1788521956993679.850	,0,NPU:2
2,ATRACE,1788521957093679.860	,0,NPU:2
2,ATRACE,1788521957193708.460	,0,NPU:2
2,ATRACE,1788521957293678.900	,0,NPU:2
2,ATRACE,1788521957393665.400	,0,NPU:2
2,ATRACE,1788521957493670.700	,0,NPU:2
2,ATRACE,1788521957593669.370	,0,NPU:2
2,ATRACE,1788521957693681.180	,0,NPU:2
2,ATRACE,1788521957793669.280	,0,NPU:2
2,ATRACE,1788521957893667.600	,0,NPU:2
2,ATRACE,1788521957993664.330	,0,NPU:2
2,ATRACE,1788521958093664.530	,0,NPU:2
2,ATRACE,1788521958193664.090	,0,NPU:2
2,ATRACE,1788521958293676.530	,0,NPU:2
2,ATRACE,1788521958393683.270	,0,NPU:2
2,ATRACE,1788521958493690.880	,0,NPU:2
2,ATRACE,1788521958593674.040	,0,NPU:2
2,ATRACE,1788521958693683.820	,0,NPU:2
2,ATRACE,1788521958793687.320	,0,NPU:2
2,ATRACE,1788521958893675.330	,0,NPU:2
2,ATRACE,1788521958993662.280	,0,NPU:2
2,ATRACE,1788521959093657.900	,0,NPU:2
2,ATRACE,1788521959193640.610	,0,NPU:2
2,ATRACE,1788521959293669.420	,0,NPU:2
2,ATRACE,1788521959393659.330	,0,NPU:2
2,ATRACE,1788521959493656.680	,0,NPU:2
2,ATRACE,1788521959593664.410	,0,NPU:2
2,ATRACE,1788521959693659.180	,0,NPU:2
2,ATRACE,1788521959793659.090	,0,NPU:2
2,ATRACE,1788521959893653.390	,0,NPU:2
2,ATRACE,1788521959993636.630	,0,NPU:2
2,ATRACE,1788521960093661.640	,0,NPU:2
2,ATRACE,1788521960193659.550	,0,NPU:2
2,ATRACE,1788521960293650.620	,0,NPU:2
2,ATRACE,1788521960393656.970	,0,NPU:2
2,ATRACE,1788521960493672.410	,0,NPU:2
2,ATRACE,1788521960593660.010	,0,NPU:2
2,ATRACE,1788521960693662.400	,0,NPU:2
2,ATRACE,1788521960793664.020	,0,NPU:2
2,ATRACE,1788521960893665.010	,0,NPU:2
2,ATRACE,1788521960993655.530	,0,NPU:2
2,ATRACE,1788521961093650.430	,0,NPU:2
2,ATRACE,1788521961193659.590	,0,NPU:2
2,ATRACE,1788521961293649.550	,0,NPU:2
2,ATRACE,1788521961393660.560	,0,NPU:2
2,ATRACE,1788521961493646.430	,0,NPU:2
2,ATRACE,1788521961593653.540	,0,NPU:2
2,ATRACE,1788521961693653.280	,0,NPU:2
2,ATRACE,1788521961793655.640	,0,NPU:2
2,ATRACE,1788521961893663.700	,0,NPU:2
2,ATRACE,1788521961993679.720	,0,NPU:2
2,ATRACE,1788521962093650.320	,0,NPU:2
2,ATRACE,1788521962193649.320	,0,NPU:2
2,ATRACE,1788521962293681.190	,0,NPU:2
2,ATRACE,1788521962393648.310	,0,NPU:2
2,ATRACE,1788521962493648.610	,0,NPU:2
2,ATRACE,1788521962593658.720	,0,NPU:2
2,ATRACE,1788521962693658.470	,0,NPU:2
2,ATRACE,1788521962793647.510	,0,NPU:2
2,ATRACE,1788521962893648.970	,0,NPU:2
2,ATRACE,1788521962993649.820	,0,NPU:2
2,ATRACE,1788521963093652.370	,0,NPU:2
2,ATRACE,1788521963193660.920	,0,NPU:2
2,ATRACE,1788521963293649.500	,0,NPU:2
2,ATRACE,1788521963393652.840	,0,NPU:2
2,ATRACE,1788521963493633.730	,0,NPU:2
2,ATRACE,1788521963593627.750	,0,NPU:2
2,ATRACE,1788521963693630.860	,0,NPU:2
2,ATRACE,1788521963793626.500	,0,NPU:2
2,ATRACE,1788521963893625.660	,0,NPU:2
2,ATRACE,1788521963993619.870	,0,NPU:2
2,ATRACE,1788521964093623.630	,0,NPU:2
2,ATRACE,1788521964193621.680	,0,NPU:2
2,ATRACE,1788521964293631.730	,0,NPU:2
2,ATRACE,1788521964393624.810	,0,NPU:2
2,ATRACE,1788521964493617.160	,0,NPU:2
2,ATRACE,1788521964593612.810	,0,NPU:2
2,ATRACE,1788521964693630.030	,0,NPU:2
2,ATRACE,1788521964793640.010	,0,NPU:2
2,ATRACE,1788521964893621.970	,0,NPU:2
2,ATRACE,1788521964993624.260	,0,NPU:2
2,ATRACE,1788521965093632.600	,0,NPU:2
2,ATRACE,1788521965193623.140	,0,NPU:2
2,ATRACE,1788521965293738.890	,0,NPU:2
2,ATRACE,1788521965393669.470	,0,NPU:2
2,ATRACE,1788521965493639.540	,0,NPU:2
2,ATRACE,1788521965593628.350	,0,NPU:2
2,ATRACE,1788521965693649.400	,0,NPU:2
2,ATRACE,1788521965793641.400	,0,NPU:2
2,ATRACE,1788521965893687.370	,0,NPU:2
2,ATRACE,1788521965993646.290	,0,NPU:2
2,ATRACE,1788521966093625.790	,0,NPU:2
2,ATRACE,1788521966193628.540	,0,NPU:2
2,ATRACE,1788521966293643.340	,0,NPU:2
2,ATRACE,1788521966393613.490	,0,NPU:2
2,ATRACE,1788521966493642.110	,0,NPU:2
2,ATRACE,1788521966593639.740	,0,NPU:2
2,ATRACE,1788521966693630.120	,0,NPU:2
2,ATRACE,1788521966793623.110	,0,NPU:2
2,ATRACE,1788521966893628.080	,0,NPU:2
2,ATRACE,1788521966993649.050	,0,NPU:2
2,ATRACE,1788521967093643.280	,0,NPU:2
2,ATRACE,1788521967193636.760	,0,NPU:2
2,ATRACE,1788521967293664.510	,0,NPU:2
2,ATRACE,1788521967393646.400	,0,NPU:2
2,ATRACE,1788521967493631.880	,0,NPU:2
2,ATRACE,1788521967593619.300	,0,NPU:2
2,ATRACE,1788521967693635.480	,0,NPU:2
2,ATRACE,1788521967793629.620	,0,NPU:2
2,ATRACE,1788521967893659.030	,0,NPU:2
2,ATRACE,1788521967993639.300	,0,NPU:2
2,ATRACE,1788521968093616.460	,0,NPU:2
2,ATRACE,1788521968193600.750	,0,NPU:2
2,ATRACE,1788521968293604.310	,0,NPU:2
2,ATRACE,1788521968393642.290	,0,NPU:2
2,ATRACE,1788521968493641.350	,0,NPU:2
2,ATRACE,1788521968593635.460	,0,NPU:2
2,ATRACE,1788521968693623.120	,0,NPU:2
2,ATRACE,1788521968793603.210	,0,NPU:2
2,ATRACE,1788521968893622.880	,0,NPU:2
2,ATRACE,1788521968993646.280	,0,NPU:2
2,ATRACE,1788521969093618.190	,0,NPU:2
2,ATRACE,1788521969193625.210	,0,NPU:2
2,ATRACE,1788521969293613.860	,0,NPU:2
2,ATRACE,1788521969393631.150	,0,NPU:2
2,ATRACE,1788521969493645.190	,0,NPU:2
2,ATRACE,1788521969593630.620	,0,NPU:2
2,ATRACE,1788521969693629.060	,0,NPU:2
2,ATRACE,1788521969793629.990	,0,NPU:2
2,ATRACE,1788521969893608.320	,0,NPU:2
2,ATRACE,1788521969993610.590	,0,NPU:2
2,ATRACE,1788521970093630.140	,0,NPU:2
2,ATRACE,1788521970193626.490	,0,NPU:2
2,ATRACE,1788521970293611.210	,0,NPU:2
2,ATRACE,1788521970393601.790	,0,NPU:2
2,ATRACE,1788521970493628.800	,0,NPU:2
2,ATRACE,1788521970593625.850	,0,NPU:2
2,ATRACE,1788521970693643.880	,0,NPU:2
2,ATRACE,1788521970793609.650	,0,NPU:2
2,ATRACE,1788521970893621.640	,0,NPU:2
2,ATRACE,1788521970993613.030	,0,NPU:2
2,ATRACE,1788521971093591.550	,0,NPU:2
2,ATRACE,1788521971193601.230	,0,NPU:2
2,ATRACE,1788521971293601.060	,0,NPU:2
2,ATRACE,1788521971393594.380	,0,NPU:2
2,ATRACE,1788521971493608.280	,0,NPU:2
2,ATRACE,1788521971593612.580	,0,NPU:2
2,ATRACE,1788521971693592.100	,0,NPU:2
2,ATRACE,1788521971793598.990	,0,NPU:2
2,ATRACE,1788521971893595.970	,0,NPU:2
2,ATRACE,1788521971993592.820	,0,NPU:2
2,ATRACE,1788521972093590.900	,0,NPU:2
2,ATRACE,1788521972193595.900	,0,NPU:2
2,ATRACE,1788521972293597.240	,0,NPU:2
2,ATRACE,1788521972393636.480	,0,NPU:2
2,ATRACE,1788521972493583.490	,0,NPU:2
2,ATRACE,1788521972593645.590	,0,NPU:2
2,ATRACE,1788521972693633.820	,0,NPU:2
2,ATRACE,1788521972793603.790	,0,NPU:2
2,ATRACE,1788521972893580.480	,0,NPU:2
2,ATRACE,1788521972993578.140	,0,NPU:2
2,ATRACE,1788521973093574.880	,0,NPU:2
2,ATRACE,1788521973193573.610	,0,NPU:2
2,ATRACE,1788521973293574.060	,0,NPU:2
2,ATRACE,1788521973398586.880	,0,NPU:2
2,ATRACE,1788521973493599.570	,0,NPU:2
2,ATRACE,1788521973559819.670	,0,NPU:2
2,RTC,1788521953993841.910	,0,NPU:2
2,RTC,1788521954093690.790	,0,NPU:2
2,RTC,1788521954193665.180	,0,NPU:2
2,RTC,1788521954293650.080	,0,NPU:2
2,RTC,1788521954393654.040	,0,NPU:2
2,RTC,1788521954493648.730	,0,NPU:2
2,RTC,1788521954593645.540	,0,NPU:2
2,RTC,1788521954693640.150	,0,NPU:2
2,RTC,1788521954793649.950	,0,NPU:2
2,RTC,1788521954893661.680	,0,NPU:2
2,RTC,1788521954993678.410	,0,NPU:2
2,RTC,1788521955093652.720	,0,NPU:2
2,RTC,1788521955193653.270	,0,NPU:2
2,RTC,1788521955293648.860	,0,NPU:2
2,RTC,1788521955393649.220	,0,NPU:2
2,RTC,1788521955493655.280	,0,NPU:2
2,RTC,1788521955593651.590	,0,NPU:2
2,RTC,1788521955693640.580	,0,NPU:2
2,RTC,1788521955793638.250	,0,NPU:2
2,RTC,1788521955893682.250	,0,NPU:2
2,RTC,1788521955993682.480	,0,NPU:2
2,RTC,1788521956093711.640	,0,NPU:2
2,RTC,1788521956193672.410	,0,NPU:2
2,RTC,1788521956293669.740	,0,NPU:2
2,RTC,1788521956393666.240	,0,NPU:2
2,RTC,1788521956493676.590	,0,NPU:2
2,RTC,1788521956593710.650	,0,NPU:2
2,RTC,1788521956693695.830	,0,NPU:2
2,RTC,1788521956793695.140	,0,NPU:2
2,RTC,1788521956893673.320	,0,NPU:2
2,RTC,1788521956993679.850	,0,NPU:2
2,RTC,1788521957093679.860	,0,NPU:2
2,RTC,1788521957193708.460	,0,NPU:2
2,RTC,1788521957293678.900	,0,NPU:2
2,RTC,1788521957393665.400	,0,NPU:2
2,RTC,1788521957493670.700	,0,NPU:2
2,RTC,1788521957593669.370	,0,NPU:2
2,RTC,1788521957693681.180	,0,NPU:2
2,RTC,1788521957793669.280	,0,NPU:2
2,RTC,1788521957893667.600	,0,NPU:2
2,RTC,1788521957993664.330	,0,NPU:2
2,RTC,1788521958093664.530	,0,NPU:2
2,RTC,1788521958193664.090	,0,NPU:2
2,RTC,1788521958293676.530	,0,NPU:2
2,RTC,1788521958393683.270	,0,NPU:2
2,RTC,1788521958493690.880	,0,NPU:2
2,RTC,1788521958593674.040	,0,NPU:2
2,RTC,1788521958693683.820	,0,NPU:2
2,RTC,1788521958793687.320	,0,NPU:2
2,RTC,1788521958893675.330	,0,NPU:2
2,RTC,1788521958993662.280	,0,NPU:2
2,RTC,1788521959093657.900	,0,NPU:2
2,RTC,1788521959193640.610	,0,NPU:2
2,RTC,1788521959293669.420	,0,NPU:2
2,RTC,1788521959393659.330	,0,NPU:2
2,RTC,1788521959493656.680	,0,NPU:2
2,RTC,1788521959593664.410	,0,NPU:2
2,RTC,1788521959693659.180	,0,NPU:2
2,RTC,1788521959793659.090	,0,NPU:2
2,RTC,1788521959893653.390	,0,NPU:2
2,RTC,1788521959993636.630	,0,NPU:2
2,RTC,1788521960093661.640	,0,NPU:2
2,RTC,1788521960193659.550	,0,NPU:2
2,RTC,1788521960293650.620	,0,NPU:2
2,RTC,1788521960393656.970	,0,NPU:2
2,RTC,1788521960493672.410	,0,NPU:2
2,RTC,1788521960593660.010	,0,NPU:2
2,RTC,1788521960693662.400	,0,NPU:2
2,RTC,1788521960793664.020	,0,NPU:2
2,RTC,1788521960893665.010	,0,NPU:2
2,RTC,1788521960993655.530	,0,NPU:2
2,RTC,1788521961093650.430	,0,NPU:2
2,RTC,1788521961193659.590	,0,NPU:2
2,RTC,1788521961293649.550	,0,NPU:2
2,RTC,1788521961393660.560	,0,NPU:2
2,RTC,1788521961493646.430	,0,NPU:2
2,RTC,1788521961593653.540	,0,NPU:2
2,RTC,1788521961693653.280	,0,NPU:2
2,RTC,1788521961793655.640	,0,NPU:2
2,RTC,1788521961893663.700	,0,NPU:2
2,RTC,1788521961993679.720	,0,NPU:2
2,RTC,1788521962093650.320	,0,NPU:2
2,RTC,1788521962193649.320	,0,NPU:2
2,RTC,1788521962293681.190	,0,NPU:2
2,RTC,1788521962393648.310	,0,NPU:2
2,RTC,1788521962493648.610	,0,NPU:2
2,RTC,1788521962593658.720	,0,NPU:2
2,RTC,1788521962693658.470	,0,NPU:2
2,RTC,1788521962793647.510	,0,NPU:2
2,RTC,1788521962893648.970	,0,NPU:2
2,RTC,1788521962993649.820	,0,NPU:2
2,RTC,1788521963093652.370	,0,NPU:2
2,RTC,1788521963193660.920	,0,NPU:2
2,RTC,1788521963293649.500	,0,NPU:2
2,RTC,1788521963393652.840	,0,NPU:2
2,RTC,1788521963493633.730	,0,NPU:2
2,RTC,1788521963593627.750	,0,NPU:2
2,RTC,1788521963693630.860	,0,NPU:2
2,RTC,1788521963793626.500	,0,NPU:2
2,RTC,1788521963893625.660	,0,NPU:2
2,RTC,1788521963993619.870	,0,NPU:2
2,RTC,1788521964093623.630	,0,NPU:2
2,RTC,1788521964193621.680	,0,NPU:2
2,RTC,1788521964293631.730	,0,NPU:2
2,RTC,1788521964393624.810	,0,NPU:2
2,RTC,1788521964493617.160	,0,NPU:2
2,RTC,1788521964593612.810	,0,NPU:2
2,RTC,1788521964693630.030	,0,NPU:2
2,RTC,1788521964793640.010	,0,NPU:2
2,RTC,1788521964893621.970	,0,NPU:2
2,RTC,1788521964993624.260	,0,NPU:2
2,RTC,1788521965093632.600	,0,NPU:2
2,RTC,1788521965193623.140	,0,NPU:2
2,RTC,1788521965293738.890	,0,NPU:2
2,RTC,1788521965393669.470	,0,NPU:2
2,RTC,1788521965493639.540	,0,NPU:2
2,RTC,1788521965593628.350	,0,NPU:2
2,RTC,1788521965693649.400	,0,NPU:2
2,RTC,1788521965793641.400	,0,NPU:2
2,RTC,1788521965893687.370	,0,NPU:2
2,RTC,1788521965993646.290	,0,NPU:2
2,RTC,1788521966093625.790	,0,NPU:2
2,RTC,1788521966193628.540	,0,NPU:2
2,RTC,1788521966293643.340	,0,NPU:2
2,RTC,1788521966393613.490	,0,NPU:2
2,RTC,1788521966493642.110	,0,NPU:2
2,RTC,1788521966593639.740	,0,NPU:2
2,RTC,1788521966693630.120	,0,NPU:2
2,RTC,1788521966793623.110	,0,NPU:2
2,RTC,1788521966893628.080	,0,NPU:2
2,RTC,1788521966993649.050	,0,NPU:2
2,RTC,1788521967093643.280	,0,NPU:2
2,RTC,1788521967193636.760	,0,NPU:2
2,RTC,1788521967293664.510	,0,NPU:2
2,RTC,1788521967393646.400	,0,NPU:2
2,RTC,1788521967493631.880	,0,NPU:2
2,RTC,1788521967593619.300	,0,NPU:2
2,RTC,1788521967693635.480	,0,NPU:2
2,RTC,1788521967793629.620	,0,NPU:2
2,RTC,1788521967893659.030	,0,NPU:2
2,RTC,1788521967993639.300	,0,NPU:2
2,RTC,1788521968093616.460	,0,NPU:2
2,RTC,1788521968193600.750	,0,NPU:2
2,RTC,1788521968293604.310	,0,NPU:2
2,RTC,1788521968393642.290	,0,NPU:2
2,RTC,1788521968493641.350	,0,NPU:2
2,RTC,1788521968593635.460	,0,NPU:2
2,RTC,1788521968693623.120	,0,NPU:2
2,RTC,1788521968793603.210	,0,NPU:2
2,RTC,1788521968893622.880	,0,NPU:2
2,RTC,1788521968993646.280	,0,NPU:2
2,RTC,1788521969093618.190	,0,NPU:2
2,RTC,1788521969193625.210	,0,NPU:2
2,RTC,1788521969293613.860	,0,NPU:2
2,RTC,1788521969393631.150	,0,NPU:2
2,RTC,1788521969493645.190	,0,NPU:2
2,RTC,1788521969593630.620	,0,NPU:2
2,RTC,1788521969693629.060	,0,NPU:2
2,RTC,1788521969793629.990	,0,NPU:2
2,RTC,1788521969893608.320	,0,NPU:2
2,RTC,1788521969993610.590	,0,NPU:2
2,RTC,1788521970093630.140	,0,NPU:2
2,RTC,1788521970193626.490	,0,NPU:2
2,RTC,1788521970293611.210	,0,NPU:2
2,RTC,1788521970393601.790	,0,NPU:2
2,RTC,1788521970493628.800	,0,NPU:2
2,RTC,1788521970593625.850	,0,NPU:2
2,RTC,1788521970693643.880	,0,NPU:2
2,RTC,1788521970793609.650	,0,NPU:2
2,RTC,1788521970893621.640	,0,NPU:2
2,RTC,1788521970993613.030	,0,NPU:2
2,RTC,1788521971093591.550	,0,NPU:2
2,RTC,1788521971193601.230	,0,NPU:2
2,RTC,1788521971293601.060	,0,NPU:2
2,RTC,1788521971393594.380	,0,NPU:2
2,RTC,1788521971493608.280	,0,NPU:2
2,RTC,1788521971593612.580	,0,NPU:2
2,RTC,1788521971693592.100	,0,NPU:2
2,RTC,1788521971793598.990	,0,NPU:2
2,RTC,1788521971893595.970	,0,NPU:2
2,RTC,1788521971993592.820	,0,NPU:2
2,RTC,1788521972093590.900	,0,NPU:2
2,RTC,1788521972193595.900	,0,NPU:2
2,RTC,1788521972293597.240	,0,NPU:2
2,RTC,1788521972393636.480	,0,NPU:2
2,RTC,1788521972493583.490	,0,NPU:2
2,RTC,1788521972593645.590	,0,NPU:2
2,RTC,1788521972693633.820	,0,NPU:2
2,RTC,1788521972793603.790	,0,NPU:2
2,RTC,1788521972893580.480	,0,NPU:2
2,RTC,1788521972993578.140	,0,NPU:2
2,RTC,1788521973093574.880	,0,NPU:2
2,RTC,1788521973193573.610	,0,NPU:2
2,RTC,1788521973293574.060	,0,NPU:2
2,RTC,1788521973398586.880	,0,NPU:2
2,RTC,1788521973493599.570	,0,NPU:2
2,RTC,1788521973559819.670	,0,NPU:2
2,SYSMONITOR,1788521953993841.910	,0,NPU:2
2,SYSMONITOR,1788521954093690.790	,0,NPU:2
2,SYSMONITOR,1788521954193665.180	,0,NPU:2
2,SYSMONITOR,1788521954293650.080	,0,NPU:2
2,SYSMONITOR,1788521954393654.040	,0,NPU:2
2,SYSMONITOR,1788521954493648.730	,0,NPU:2
2,SYSMONITOR,1788521954593645.540	,0,NPU:2
2,SYSMONITOR,1788521954693640.150	,0,NPU:2
2,SYSMONITOR,1788521954793649.950	,0,NPU:2
2,SYSMONITOR,1788521954893661.680	,0,NPU:2
2,SYSMONITOR,1788521954993678.410	,0,NPU:2
2,SYSMONITOR,1788521955093652.720	,0,NPU:2
2,SYSMONITOR,1788521955193653.270	,0,NPU:2
2,SYSMONITOR,1788521955293648.860	,0,NPU:2
2,SYSMONITOR,1788521955393649.220	,0,NPU:2
2,SYSMONITOR,1788521955493655.280	,0,NPU:2
2,SYSMONITOR,1788521955593651.590	,0,NPU:2
2,SYSMONITOR,1788521955693640.580	,0,NPU:2
2,SYSMONITOR,1788521955793638.250	,0,NPU:2
2,SYSMONITOR,1788521955893682.250	,0,NPU:2
2,SYSMONITOR,1788521955993682.480	,0,NPU:2
2,SYSMONITOR,1788521956093711.640	,0,NPU:2
2,SYSMONITOR,1788521956193672.410	,0,NPU:2
2,SYSMONITOR,1788521956293669.740	,0,NPU:2
2,SYSMONITOR,1788521956393666.240	,0,NPU:2
2,SYSMONITOR,1788521956493676.590	,0,NPU:2
2,SYSMONITOR,1788521956593710.650	,0,NPU:2
2,SYSMONITOR,1788521956693695.830	,0,NPU:2
2,SYSMONITOR,1788521956793695.140	,0,NPU:2
2,SYSMONITOR,1788521956893673.320	,0,NPU:2
2,SYSMONITOR,1788521956993679.850	,0,NPU:2
2,SYSMONITOR,1788521957093679.860	,0,NPU:2
2,SYSMONITOR,1788521957193708.460	,0,NPU:2
2,SYSMONITOR,1788521957293678.900	,0,NPU:2
2,SYSMONITOR,1788521957393665.400	,0,NPU:2
2,SYSMONITOR,1788521957493670.700	,0,NPU:2
2,SYSMONITOR,1788521957593669.370	,0,NPU:2
2,SYSMONITOR,1788521957693681.180	,0,NPU:2
2,SYSMONITOR,1788521957793669.280	,0,NPU:2
2,SYSMONITOR,1788521957893667.600	,0,NPU:2
2,SYSMONITOR,1788521957993664.330	,0,NPU:2
2,SYSMONITOR,1788521958093664.530	,0,NPU:2
2,SYSMONITOR,1788521958193664.090	,0,NPU:2
2,SYSMONITOR,1788521958293676.530	,0,NPU:2
2,SYSMONITOR,1788521958393683.270	,0,NPU:2
2,SYSMONITOR,1788521958493690.880	,0,NPU:2
2,SYSMONITOR,1788521958593674.040	,0,NPU:2
2,SYSMONITOR,1788521958693683.820	,0,NPU:2
2,SYSMONITOR,1788521958793687.320	,0,NPU:2
2,SYSMONITOR,1788521958893675.330	,0,NPU:2
2,SYSMONITOR,1788521958993662.280	,0,NPU:2
2,SYSMONITOR,1788521959093657.900	,0,NPU:2
2,SYSMONITOR,1788521959193640.610	,0,NPU:2
2,SYSMONITOR,1788521959293669.420	,0,NPU:2
2,SYSMONITOR,1788521959393659.330	,0,NPU:2
2,SYSMONITOR,1788521959493656.680	,0,NPU:2
2,SYSMONITOR,1788521959593664.410	,0,NPU:2
2,SYSMONITOR,1788521959693659.180	,0,NPU:2
2,SYSMONITOR,1788521959793659.090	,0,NPU:2
2,SYSMONITOR,1788521959893653.390	,0,NPU:2
2,SYSMONITOR,1788521959993636.630	,0,NPU:2
2,SYSMONITOR,1788521960093661.640	,0,NPU:2
2,SYSMONITOR,1788521960193659.550	,0,NPU:2
2,SYSMONITOR,1788521960293650.620	,0,NPU:2
2,SYSMONITOR,1788521960393656.970	,0,NPU:2
2,SYSMONITOR,1788521960493672.410	,0,NPU:2
2,SYSMONITOR,1788521960593660.010	,0,NPU:2
2,SYSMONITOR,1788521960693662.400	,0,NPU:2
2,SYSMONITOR,1788521960793664.020	,0,NPU:2
2,SYSMONITOR,1788521960893665.010	,0,NPU:2
2,SYSMONITOR,1788521960993655.530	,0,NPU:2
2,SYSMONITOR,1788521961093650.430	,0,NPU:2
2,SYSMONITOR,1788521961193659.590	,0,NPU:2
2,SYSMONITOR,1788521961293649.550	,0,NPU:2
2,SYSMONITOR,1788521961393660.560	,0,NPU:2
2,SYSMONITOR,1788521961493646.430	,0,NPU:2
2,SYSMONITOR,1788521961593653.540	,0,NPU:2
2,SYSMONITOR,1788521961693653.280	,0,NPU:2
2,SYSMONITOR,1788521961793655.640	,0,NPU:2
2,SYSMONITOR,1788521961893663.700	,0,NPU:2
2,SYSMONITOR,1788521961993679.720	,0,NPU:2
2,SYSMONITOR,1788521962093650.320	,0,NPU:2
2,SYSMONITOR,1788521962193649.320	,0,NPU:2
2,SYSMONITOR,1788521962293681.190	,0,NPU:2
2,SYSMONITOR,1788521962393648.310	,0,NPU:2
2,SYSMONITOR,1788521962493648.610	,0,NPU:2
2,SYSMONITOR,1788521962593658.720	,0,NPU:2
2,SYSMONITOR,1788521962693658.470	,0,NPU:2
2,SYSMONITOR,1788521962793647.510	,0,NPU:2
2,SYSMONITOR,1788521962893648.970	,0,NPU:2
2,SYSMONITOR,1788521962993649.820	,0,NPU:2
2,SYSMONITOR,1788521963093652.370	,0,NPU:2
2,SYSMONITOR,1788521963193660.920	,0,NPU:2
2,SYSMONITOR,1788521963293649.500	,0,NPU:2
2,SYSMONITOR,1788521963393652.840	,0,NPU:2
2,SYSMONITOR,1788521963493633.730	,0,NPU:2
2,SYSMONITOR,1788521963593627.750	,0,NPU:2
2,SYSMONITOR,1788521963693630.860	,0,NPU:2
2,SYSMONITOR,1788521963793626.500	,0,NPU:2
2,SYSMONITOR,1788521963893625.660	,0,NPU:2
2,SYSMONITOR,1788521963993619.870	,0,NPU:2
2,SYSMONITOR,1788521964093623.630	,0,NPU:2
2,SYSMONITOR,1788521964193621.680	,0,NPU:2
2,SYSMONITOR,1788521964293631.730	,0,NPU:2
2,SYSMONITOR,1788521964393624.810	,0,NPU:2
2,SYSMONITOR,1788521964493617.160	,0,NPU:2
2,SYSMONITOR,1788521964593612.810	,0,NPU:2
2,SYSMONITOR,1788521964693630.030	,0,NPU:2
2,SYSMONITOR,1788521964793640.010	,0,NPU:2
2,SYSMONITOR,1788521964893621.970	,0,NPU:2
2,SYSMONITOR,1788521964993624.260	,0,NPU:2
2,SYSMONITOR,1788521965093632.600	,0,NPU:2
2,SYSMONITOR,1788521965193623.140	,0,NPU:2
2,SYSMONITOR,1788521965293738.890	,0,NPU:2
2,SYSMONITOR,1788521965393669.470	,0,NPU:2
2,SYSMONITOR,1788521965493639.540	,0,NPU:2
2,SYSMONITOR,1788521965593628.350	,0,NPU:2
2,SYSMONITOR,1788521965693649.400	,0,NPU:2
2,SYSMONITOR,1788521965793641.400	,0,NPU:2
2,SYSMONITOR,1788521965893687.370	,0,NPU:2
2,SYSMONITOR,1788521965993646.290	,0,NPU:2
2,SYSMONITOR,1788521966093625.790	,0,NPU:2
2,SYSMONITOR,1788521966193628.540	,0,NPU:2
2,SYSMONITOR,1788521966293643.340	,0,NPU:2
2,SYSMONITOR,1788521966393613.490	,0,NPU:2
2,SYSMONITOR,1788521966493642.110	,0,NPU:2
2,SYSMONITOR,1788521966593639.740	,0,NPU:2
2,SYSMONITOR,1788521966693630.120	,0,NPU:2
2,SYSMONITOR,1788521966793623.110	,0,NPU:2
2,SYSMONITOR,1788521966893628.080	,0,NPU:2
2,SYSMONITOR,1788521966993649.050	,0,NPU:2
2,SYSMONITOR,1788521967093643.280	,0,NPU:2
2,SYSMONITOR,1788521967193636.760	,0,NPU:2
2,SYSMONITOR,1788521967293664.510	,0,NPU:2
2,SYSMONITOR,1788521967393646.400	,0,NPU:2
2,SYSMONITOR,1788521967493631.880	,0,NPU:2
2,SYSMONITOR,1788521967593619.300	,0,NPU:2
2,SYSMONITOR,1788521967693635.480	,0,NPU:2
2,SYSMONITOR,1788521967793629.620	,0,NPU:2
2,SYSMONITOR,1788521967893659.030	,0,NPU:2
2,SYSMONITOR,1788521967993639.300	,0,NPU:2
2,SYSMONITOR,1788521968093616.460	,0,NPU:2
2,SYSMONITOR,1788521968193600.750	,0,NPU:2
2,SYSMONITOR,1788521968293604.310	,0,NPU:2
2,SYSMONITOR,1788521968393642.290	,0,NPU:2
2,SYSMONITOR,1788521968493641.350	,0,NPU:2
2,SYSMONITOR,1788521968593635.460	,0,NPU:2
2,SYSMONITOR,1788521968693623.120	,0,NPU:2
2,SYSMONITOR,1788521968793603.210	,0,NPU:2
2,SYSMONITOR,1788521968893622.880	,0,NPU:2
2,SYSMONITOR,1788521968993646.280	,0,NPU:2
2,SYSMONITOR,1788521969093618.190	,0,NPU:2
2,SYSMONITOR,1788521969193625.210	,0,NPU:2
2,SYSMONITOR,1788521969293613.860	,0,NPU:2
2,SYSMONITOR,1788521969393631.150	,0,NPU:2
2,SYSMONITOR,1788521969493645.190	,0,NPU:2
2,SYSMONITOR,1788521969593630.620	,0,NPU:2
2,SYSMONITOR,1788521969693629.060	,0,NPU:2
2,SYSMONITOR,1788521969793629.990	,0,NPU:2
2,SYSMONITOR,1788521969893608.320	,0,NPU:2
2,SYSMONITOR,1788521969993610.590	,0,NPU:2
2,SYSMONITOR,1788521970093630.140	,0,NPU:2
2,SYSMONITOR,1788521970193626.490	,0,NPU:2
2,SYSMONITOR,1788521970293611.210	,0,NPU:2
2,SYSMONITOR,1788521970393601.790	,0,NPU:2
2,SYSMONITOR,1788521970493628.800	,0,NPU:2
2,SYSMONITOR,1788521970593625.850	,0,NPU:2
2,SYSMONITOR,1788521970693643.880	,0,NPU:2
2,SYSMONITOR,1788521970793609.650	,0,NPU:2
2,SYSMONITOR,1788521970893621.640	,0,NPU:2
2,SYSMONITOR,1788521970993613.030	,0,NPU:2
2,SYSMONITOR,1788521971093591.550	,0,NPU:2
2,SYSMONITOR,1788521971193601.230	,0,NPU:2
2,SYSMONITOR,1788521971293601.060	,0,NPU:2
2,SYSMONITOR,1788521971393594.380	,0,NPU:2
2,SYSMONITOR,1788521971493608.280	,0,NPU:2
2,SYSMONITOR,1788521971593612.580	,0,NPU:2
2,SYSMONITOR,1788521971693592.100	,0,NPU:2
2,SYSMONITOR,1788521971793598.990	,0,NPU:2
2,SYSMONITOR,1788521971893595.970	,0,NPU:2
2,SYSMONITOR,1788521971993592.820	,0,NPU:2
2,SYSMONITOR,1788521972093590.900	,0,NPU:2
2,SYSMONITOR,1788521972193595.900	,0,NPU:2
2,SYSMONITOR,1788521972293597.240	,0,NPU:2
2,SYSMONITOR,1788521972393636.480	,0,NPU:2
2,SYSMONITOR,1788521972493583.490	,0,NPU:2
2,SYSMONITOR,1788521972593645.590	,0,NPU:2
2,SYSMONITOR,1788521972693633.820	,0,NPU:2
2,SYSMONITOR,1788521972793603.790	,0,NPU:2
2,SYSMONITOR,1788521972893580.480	,0,NPU:2
2,SYSMONITOR,1788521972993578.140	,0,NPU:2
2,SYSMONITOR,1788521973093574.880	,0,NPU:2
2,SYSMONITOR,1788521973193573.610	,0,NPU:2
2,SYSMONITOR,1788521973293574.060	,0,NPU:2
2,SYSMONITOR,1788521973398586.880	,0,NPU:2
2,SYSMONITOR,1788521973493599.570	,0,NPU:2
2,SYSMONITOR,1788521973559819.670	,0,NPU:2
2,MBUFF,1788521953993841.910	,0,NPU:2
2,MBUFF,1788521954093690.790	,0,NPU:2
2,MBUFF,1788521954193665.180	,0,NPU:2
2,MBUFF,1788521954293650.080	,0,NPU:2
2,MBUFF,1788521954393654.040	,0,NPU:2
2,MBUFF,1788521954493648.730	,0,NPU:2
2,MBUFF,1788521954593645.540	,0,NPU:2
2,MBUFF,1788521954693640.150	,0,NPU:2
2,MBUFF,1788521954793649.950	,0,NPU:2
2,MBUFF,1788521954893661.680	,0,NPU:2
2,MBUFF,1788521954993678.410	,0,NPU:2
2,MBUFF,1788521955093652.720	,0,NPU:2
2,MBUFF,1788521955193653.270	,0,NPU:2
2,MBUFF,1788521955293648.860	,0,NPU:2
2,MBUFF,1788521955393649.220	,0,NPU:2
2,MBUFF,1788521955493655.280	,0,NPU:2
2,MBUFF,1788521955593651.590	,0,NPU:2
2,MBUFF,1788521955693640.580	,0,NPU:2
2,MBUFF,1788521955793638.250	,0,NPU:2
2,MBUFF,1788521955893682.250	,0,NPU:2
2,MBUFF,1788521955993682.480	,0,NPU:2
2,MBUFF,1788521956093711.640	,0,NPU:2
2,MBUFF,1788521956193672.410	,0,NPU:2
2,MBUFF,1788521956293669.740	,0,NPU:2
2,MBUFF,1788521956393666.240	,0,NPU:2
2,MBUFF,1788521956493676.590	,0,NPU:2
2,MBUFF,1788521956593710.650	,0,NPU:2
2,MBUFF,1788521956693695.830	,0,NPU:2
2,MBUFF,1788521956793695.140	,0,NPU:2
2,MBUFF,1788521956893673.320	,0,NPU:2
2,MBUFF,1788521956993679.850	,0,NPU:2
2,MBUFF,1788521957093679.860	,0,NPU:2
2,MBUFF,1788521957193708.460	,0,NPU:2
2,MBUFF,1788521957293678.900	,0,NPU:2
2,MBUFF,1788521957393665.400	,0,NPU:2
2,MBUFF,1788521957493670.700	,0,NPU:2
2,MBUFF,1788521957593669.370	,0,NPU:2
2,MBUFF,1788521957693681.180	,0,NPU:2
2,MBUFF,1788521957793669.280	,0,NPU:2
2,MBUFF,1788521957893667.600	,0,NPU:2
2,MBUFF,1788521957993664.330	,0,NPU:2
2,MBUFF,1788521958093664.530	,0,NPU:2
2,MBUFF,1788521958193664.090	,0,NPU:2
2,MBUFF,1788521958293676.530	,0,NPU:2
2,MBUFF,1788521958393683.270	,0,NPU:2
2,MBUFF,1788521958493690.880	,0,NPU:2
2,MBUFF,1788521958593674.040	,0,NPU:2
2,MBUFF,1788521958693683.820	,0,NPU:2
2,MBUFF,1788521958793687.320	,0,NPU:2
2,MBUFF,1788521958893675.330	,0,NPU:2
2,MBUFF,1788521958993662.280	,0,NPU:2
2,MBUFF,1788521959093657.900	,0,NPU:2
2,MBUFF,1788521959193640.610	,0,NPU:2
2,MBUFF,1788521959293669.420	,0,NPU:2
2,MBUFF,1788521959393659.330	,0,NPU:2
2,MBUFF,1788521959493656.680	,0,NPU:2
2,MBUFF,1788521959593664.410	,0,NPU:2
2,MBUFF,1788521959693659.180	,0,NPU:2
2,MBUFF,1788521959793659.090	,0,NPU:2
2,MBUFF,1788521959893653.390	,0,NPU:2
2,MBUFF,1788521959993636.630	,0,NPU:2
2,MBUFF,1788521960093661.640	,0,NPU:2
2,MBUFF,1788521960193659.550	,0,NPU:2
2,MBUFF,1788521960293650.620	,0,NPU:2
2,MBUFF,1788521960393656.970	,0,NPU:2
2,MBUFF,1788521960493672.410	,0,NPU:2
2,MBUFF,1788521960593660.010	,0,NPU:2
2,MBUFF,1788521960693662.400	,0,NPU:2
2,MBUFF,1788521960793664.020	,0,NPU:2
2,MBUFF,1788521960893665.010	,0,NPU:2
2,MBUFF,1788521960993655.530	,0,NPU:2
2,MBUFF,1788521961093650.430	,0,NPU:2
2,MBUFF,1788521961193659.590	,0,NPU:2
2,MBUFF,1788521961293649.550	,0,NPU:2
2,MBUFF,1788521961393660.560	,0,NPU:2
2,MBUFF,1788521961493646.430	,0,NPU:2
2,MBUFF,1788521961593653.540	,0,NPU:2
2,MBUFF,1788521961693653.280	,0,NPU:2
2,MBUFF,1788521961793655.640	,0,NPU:2
2,MBUFF,1788521961893663.700	,0,NPU:2
2,MBUFF,1788521961993679.720	,0,NPU:2
2,MBUFF,1788521962093650.320	,0,NPU:2
2,MBUFF,1788521962193649.320	,0,NPU:2
2,MBUFF,1788521962293681.190	,0,NPU:2
2,MBUFF,1788521962393648.310	,0,NPU:2
2,MBUFF,1788521962493648.610	,0,NPU:2
2,MBUFF,1788521962593658.720	,0,NPU:2
2,MBUFF,1788521962693658.470	,0,NPU:2
2,MBUFF,1788521962793647.510	,0,NPU:2
2,MBUFF,1788521962893648.970	,0,NPU:2
2,MBUFF,1788521962993649.820	,0,NPU:2
2,MBUFF,1788521963093652.370	,0,NPU:2
2,MBUFF,1788521963193660.920	,0,NPU:2
2,MBUFF,1788521963293649.500	,0,NPU:2
2,MBUFF,1788521963393652.840	,0,NPU:2
2,MBUFF,1788521963493633.730	,0,NPU:2
2,MBUFF,1788521963593627.750	,0,NPU:2
2,MBUFF,1788521963693630.860	,0,NPU:2
2,MBUFF,1788521963793626.500	,0,NPU:2
2,MBUFF,1788521963893625.660	,0,NPU:2
2,MBUFF,1788521963993619.870	,0,NPU:2
2,MBUFF,1788521964093623.630	,0,NPU:2
2,MBUFF,1788521964193621.680	,0,NPU:2
2,MBUFF,1788521964293631.730	,0,NPU:2
2,MBUFF,1788521964393624.810	,0,NPU:2
2,MBUFF,1788521964493617.160	,0,NPU:2
2,MBUFF,1788521964593612.810	,0,NPU:2
2,MBUFF,1788521964693630.030	,0,NPU:2
2,MBUFF,1788521964793640.010	,0,NPU:2
2,MBUFF,1788521964893621.970	,0,NPU:2
2,MBUFF,1788521964993624.260	,0,NPU:2
2,MBUFF,1788521965093632.600	,0,NPU:2
2,MBUFF,1788521965193623.140	,0,NPU:2
2,MBUFF,1788521965293738.890	,0,NPU:2
2,MBUFF,1788521965393669.470	,0,NPU:2
2,MBUFF,1788521965493639.540	,0,NPU:2
2,MBUFF,1788521965593628.350	,0,NPU:2
2,MBUFF,1788521965693649.400	,0,NPU:2
2,MBUFF,1788521965793641.400	,0,NPU:2
2,MBUFF,1788521965893687.370	,0,NPU:2
2,MBUFF,1788521965993646.290	,0,NPU:2
2,MBUFF,1788521966093625.790	,0,NPU:2
2,MBUFF,1788521966193628.540	,0,NPU:2
2,MBUFF,1788521966293643.340	,0,NPU:2
2,MBUFF,1788521966393613.490	,0,NPU:2
2,MBUFF,1788521966493642.110	,0,NPU:2
2,MBUFF,1788521966593639.740	,0,NPU:2
2,MBUFF,1788521966693630.120	,0,NPU:2
2,MBUFF,1788521966793623.110	,0,NPU:2
2,MBUFF,1788521966893628.080	,0,NPU:2
2,MBUFF,1788521966993649.050	,0,NPU:2
2,MBUFF,1788521967093643.280	,0,NPU:2
2,MBUFF,1788521967193636.760	,0,NPU:2
2,MBUFF,1788521967293664.510	,0,NPU:2
2,MBUFF,1788521967393646.400	,0,NPU:2
2,MBUFF,1788521967493631.880	,0,NPU:2
2,MBUFF,1788521967593619.300	,0,NPU:2
2,MBUFF,1788521967693635.480	,0,NPU:2
2,MBUFF,1788521967793629.620	,0,NPU:2
2,MBUFF,1788521967893659.030	,0,NPU:2
2,MBUFF,1788521967993639.300	,0,NPU:2
2,MBUFF,1788521968093616.460	,0,NPU:2
2,MBUFF,1788521968193600.750	,0,NPU:2
2,MBUFF,1788521968293604.310	,0,NPU:2
2,MBUFF,1788521968393642.290	,0,NPU:2
2,MBUFF,1788521968493641.350	,0,NPU:2
2,MBUFF,1788521968593635.460	,0,NPU:2
2,MBUFF,1788521968693623.120	,0,NPU:2
2,MBUFF,1788521968793603.210	,0,NPU:2
2,MBUFF,1788521968893622.880	,0,NPU:2
2,MBUFF,1788521968993646.280	,0,NPU:2
2,MBUFF,1788521969093618.190	,0,NPU:2
2,MBUFF,1788521969193625.210	,0,NPU:2
2,MBUFF,1788521969293613.860	,0,NPU:2
2,MBUFF,1788521969393631.150	,0,NPU:2
2,MBUFF,1788521969493645.190	,0,NPU:2
2,MBUFF,1788521969593630.620	,0,NPU:2
2,MBUFF,1788521969693629.060	,0,NPU:2
2,MBUFF,1788521969793629.990	,0,NPU:2
2,MBUFF,1788521969893608.320	,0,NPU:2
2,MBUFF,1788521969993610.590	,0,NPU:2
2,MBUFF,1788521970093630.140	,0,NPU:2
2,MBUFF,1788521970193626.490	,0,NPU:2
2,MBUFF,1788521970293611.210	,0,NPU:2
2,MBUFF,1788521970393601.790	,0,NPU:2
2,MBUFF,1788521970493628.800	,0,NPU:2
2,MBUFF,1788521970593625.850	,0,NPU:2
2,MBUFF,1788521970693643.880	,0,NPU:2
2,MBUFF,1788521970793609.650	,0,NPU:2
2,MBUFF,1788521970893621.640	,0,NPU:2
2,MBUFF,1788521970993613.030	,0,NPU:2
2,MBUFF,1788521971093591.550	,0,NPU:2
2,MBUFF,1788521971193601.230	,0,NPU:2
2,MBUFF,1788521971293601.060	,0,NPU:2
2,MBUFF,1788521971393594.380	,0,NPU:2
2,MBUFF,1788521971493608.280	,0,NPU:2
2,MBUFF,1788521971593612.580	,0,NPU:2
2,MBUFF,1788521971693592.100	,0,NPU:2
2,MBUFF,1788521971793598.990	,0,NPU:2
2,MBUFF,1788521971893595.970	,0,NPU:2
2,MBUFF,1788521971993592.820	,0,NPU:2
2,MBUFF,1788521972093590.900	,0,NPU:2
2,MBUFF,1788521972193595.900	,0,NPU:2
2,MBUFF,1788521972293597.240	,0,NPU:2
2,MBUFF,1788521972393636.480	,0,NPU:2
2,MBUFF,1788521972493583.490	,0,NPU:2
2,MBUFF,1788521972593645.590	,0,NPU:2
2,MBUFF,1788521972693633.820	,0,NPU:2
2,MBUFF,1788521972793603.790	,0,NPU:2
2,MBUFF,1788521972893580.480	,0,NPU:2
2,MBUFF,1788521972993578.140	,0,NPU:2
2,MBUFF,1788521973093574.880	,0,NPU:2
2,MBUFF,1788521973193573.610	,0,NPU:2
2,MBUFF,1788521973293574.060	,0,NPU:2
2,MBUFF,1788521973398586.880	,0,NPU:2
2,MBUFF,1788521973493599.570	,0,NPU:2
2,MBUFF,1788521973559819.670	,0,NPU:2
2,CUSTOM,1788521953993841.910	,0,NPU:2
2,CUSTOM,1788521954093690.790	,0,NPU:2
2,CUSTOM,1788521954193665.180	,0,NPU:2
2,CUSTOM,1788521954293650.080	,0,NPU:2
2,CUSTOM,1788521954393654.040	,0,NPU:2
2,CUSTOM,1788521954493648.730	,0,NPU:2
2,CUSTOM,1788521954593645.540	,0,NPU:2
2,CUSTOM,1788521954693640.150	,0,NPU:2
2,CUSTOM,1788521954793649.950	,0,NPU:2
2,CUSTOM,1788521954893661.680	,0,NPU:2
2,CUSTOM,1788521954993678.410	,0,NPU:2
2,CUSTOM,1788521955093652.720	,0,NPU:2
2,CUSTOM,1788521955193653.270	,0,NPU:2
2,CUSTOM,1788521955293648.860	,0,NPU:2
2,CUSTOM,1788521955393649.220	,0,NPU:2
2,CUSTOM,1788521955493655.280	,0,NPU:2
2,CUSTOM,1788521955593651.590	,0,NPU:2
2,CUSTOM,1788521955693640.580	,0,NPU:2
2,CUSTOM,1788521955793638.250	,0,NPU:2
2,CUSTOM,1788521955893682.250	,0,NPU:2
2,CUSTOM,1788521955993682.480	,0,NPU:2
2,CUSTOM,1788521956093711.640	,0,NPU:2
2,CUSTOM,1788521956193672.410	,0,NPU:2
2,CUSTOM,1788521956293669.740	,0,NPU:2
2,CUSTOM,1788521956393666.240	,0,NPU:2
2,CUSTOM,1788521956493676.590	,0,NPU:2
2,CUSTOM,1788521956593710.650	,0,NPU:2
2,CUSTOM,1788521956693695.830	,0,NPU:2
2,CUSTOM,1788521956793695.140	,0,NPU:2
2,CUSTOM,1788521956893673.320	,0,NPU:2
2,CUSTOM,1788521956993679.850	,0,NPU:2
2,CUSTOM,1788521957093679.860	,0,NPU:2
2,CUSTOM,1788521957193708.460	,0,NPU:2
2,CUSTOM,1788521957293678.900	,0,NPU:2
2,CUSTOM,1788521957393665.400	,0,NPU:2
2,CUSTOM,1788521957493670.700	,0,NPU:2
2,CUSTOM,1788521957593669.370	,0,NPU:2
2,CUSTOM,1788521957693681.180	,0,NPU:2
2,CUSTOM,1788521957793669.280	,0,NPU:2
2,CUSTOM,1788521957893667.600	,0,NPU:2
2,CUSTOM,1788521957993664.330	,0,NPU:2
2,CUSTOM,1788521958093664.530	,0,NPU:2
2,CUSTOM,1788521958193664.090	,0,NPU:2
2,CUSTOM,1788521958293676.530	,0,NPU:2
2,CUSTOM,1788521958393683.270	,0,NPU:2
2,CUSTOM,1788521958493690.880	,0,NPU:2
2,CUSTOM,1788521958593674.040	,0,NPU:2
2,CUSTOM,1788521958693683.820	,0,NPU:2
2,CUSTOM,1788521958793687.320	,0,NPU:2
2,CUSTOM,1788521958893675.330	,0,NPU:2
2,CUSTOM,1788521958993662.280	,0,NPU:2
2,CUSTOM,1788521959093657.900	,0,NPU:2
2,CUSTOM,1788521959193640.610	,0,NPU:2
2,CUSTOM,1788521959293669.420	,0,NPU:2
2,CUSTOM,1788521959393659.330	,0,NPU:2
2,CUSTOM,1788521959493656.680	,0,NPU:2
2,CUSTOM,1788521959593664.410	,0,NPU:2
2,CUSTOM,1788521959693659.180	,0,NPU:2
2,CUSTOM,1788521959793659.090	,0,NPU:2
2,CUSTOM,1788521959893653.390	,0,NPU:2
2,CUSTOM,1788521959993636.630	,0,NPU:2
2,CUSTOM,1788521960093661.640	,0,NPU:2
2,CUSTOM,1788521960193659.550	,0,NPU:2
2,CUSTOM,1788521960293650.620	,0,NPU:2
2,CUSTOM,1788521960393656.970	,0,NPU:2
2,CUSTOM,1788521960493672.410	,0,NPU:2
2,CUSTOM,1788521960593660.010	,0,NPU:2
2,CUSTOM,1788521960693662.400	,0,NPU:2
2,CUSTOM,1788521960793664.020	,0,NPU:2
2,CUSTOM,1788521960893665.010	,0,NPU:2
2,CUSTOM,1788521960993655.530	,0,NPU:2
2,CUSTOM,1788521961093650.430	,0,NPU:2
2,CUSTOM,1788521961193659.590	,0,NPU:2
2,CUSTOM,1788521961293649.550	,0,NPU:2
2,CUSTOM,1788521961393660.560	,0,NPU:2
2,CUSTOM,1788521961493646.430	,0,NPU:2
2,CUSTOM,1788521961593653.540	,0,NPU:2
2,CUSTOM,1788521961693653.280	,0,NPU:2
2,CUSTOM,1788521961793655.640	,0,NPU:2
2,CUSTOM,1788521961893663.700	,0,NPU:2
2,CUSTOM,1788521961993679.720	,0,NPU:2
2,CUSTOM,1788521962093650.320	,0,NPU:2
2,CUSTOM,1788521962193649.320	,0,NPU:2
2,CUSTOM,1788521962293681.190	,0,NPU:2
2,CUSTOM,1788521962393648.310	,0,NPU:2
2,CUSTOM,1788521962493648.610	,0,NPU:2
2,CUSTOM,1788521962593658.720	,0,NPU:2
2,CUSTOM,1788521962693658.470	,0,NPU:2
2,CUSTOM,1788521962793647.510	,0,NPU:2
2,CUSTOM,1788521962893648.970	,0,NPU:2
2,CUSTOM,1788521962993649.820	,0,NPU:2
2,CUSTOM,1788521963093652.370	,0,NPU:2
2,CUSTOM,1788521963193660.920	,0,NPU:2
2,CUSTOM,1788521963293649.500	,0,NPU:2
2,CUSTOM,1788521963393652.840	,0,NPU:2
2,CUSTOM,1788521963493633.730	,0,NPU:2
2,CUSTOM,1788521963593627.750	,0,NPU:2
2,CUSTOM,1788521963693630.860	,0,NPU:2
2,CUSTOM,1788521963793626.500	,0,NPU:2
2,CUSTOM,1788521963893625.660	,0,NPU:2
2,CUSTOM,1788521963993619.870	,0,NPU:2
2,CUSTOM,1788521964093623.630	,0,NPU:2
2,CUSTOM,1788521964193621.680	,0,NPU:2
2,CUSTOM,1788521964293631.730	,0,NPU:2
2,CUSTOM,1788521964393624.810	,0,NPU:2
2,CUSTOM,1788521964493617.160	,0,NPU:2
2,CUSTOM,1788521964593612.810	,0,NPU:2
2,CUSTOM,1788521964693630.030	,0,NPU:2
2,CUSTOM,1788521964793640.010	,0,NPU:2
2,CUSTOM,1788521964893621.970	,0,NPU:2
2,CUSTOM,1788521964993624.260	,0,NPU:2
2,CUSTOM,1788521965093632.600	,0,NPU:2
2,CUSTOM,1788521965193623.140	,0,NPU:2
2,CUSTOM,1788521965293738.890	,0,NPU:2
2,CUSTOM,1788521965393669.470	,0,NPU:2
2,CUSTOM,1788521965493639.540	,0,NPU:2
2,CUSTOM,1788521965593628.350	,0,NPU:2
2,CUSTOM,1788521965693649.400	,0,NPU:2
2,CUSTOM,1788521965793641.400	,0,NPU:2
2,CUSTOM,1788521965893687.370	,0,NPU:2
2,CUSTOM,1788521965993646.290	,0,NPU:2
2,CUSTOM,1788521966093625.790	,0,NPU:2
2,CUSTOM,1788521966193628.540	,0,NPU:2
2,CUSTOM,1788521966293643.340	,0,NPU:2
2,CUSTOM,1788521966393613.490	,0,NPU:2
2,CUSTOM,1788521966493642.110	,0,NPU:2
2,CUSTOM,1788521966593639.740	,0,NPU:2
2,CUSTOM,1788521966693630.120	,0,NPU:2
2,CUSTOM,1788521966793623.110	,0,NPU:2
2,CUSTOM,1788521966893628.080	,0,NPU:2
2,CUSTOM,1788521966993649.050	,0,NPU:2
2,CUSTOM,1788521967093643.280	,0,NPU:2
2,CUSTOM,1788521967193636.760	,0,NPU:2
2,CUSTOM,1788521967293664.510	,0,NPU:2
2,CUSTOM,1788521967393646.400	,0,NPU:2
2,CUSTOM,1788521967493631.880	,0,NPU:2
2,CUSTOM,1788521967593619.300	,0,NPU:2
2,CUSTOM,1788521967693635.480	,0,NPU:2
2,CUSTOM,1788521967793629.620	,0,NPU:2
2,CUSTOM,1788521967893659.030	,0,NPU:2
2,CUSTOM,1788521967993639.300	,0,NPU:2
2,CUSTOM,1788521968093616.460	,0,NPU:2
2,CUSTOM,1788521968193600.750	,0,NPU:2
2,CUSTOM,1788521968293604.310	,0,NPU:2
2,CUSTOM,1788521968393642.290	,0,NPU:2
2,CUSTOM,1788521968493641.350	,0,NPU:2
2,CUSTOM,1788521968593635.460	,0,NPU:2
2,CUSTOM,1788521968693623.120	,0,NPU:2
2,CUSTOM,1788521968793603.210	,0,NPU:2
2,CUSTOM,1788521968893622.880	,0,NPU:2
2,CUSTOM,1788521968993646.280	,0,NPU:2
2,CUSTOM,1788521969093618.190	,0,NPU:2
2,CUSTOM,1788521969193625.210	,0,NPU:2
2,CUSTOM,1788521969293613.860	,0,NPU:2
2,CUSTOM,1788521969393631.150	,0,NPU:2
2,CUSTOM,1788521969493645.190	,0,NPU:2
2,CUSTOM,1788521969593630.620	,0,NPU:2
2,CUSTOM,1788521969693629.060	,0,NPU:2
2,CUSTOM,1788521969793629.990	,0,NPU:2
2,CUSTOM,1788521969893608.320	,0,NPU:2
2,CUSTOM,1788521969993610.590	,0,NPU:2
2,CUSTOM,1788521970093630.140	,0,NPU:2
2,CUSTOM,1788521970193626.490	,0,NPU:2
2,CUSTOM,1788521970293611.210	,0,NPU:2
2,CUSTOM,1788521970393601.790	,0,NPU:2
2,CUSTOM,1788521970493628.800	,0,NPU:2
2,CUSTOM,1788521970593625.850	,0,NPU:2
2,CUSTOM,1788521970693643.880	,0,NPU:2
2,CUSTOM,1788521970793609.650	,0,NPU:2
2,CUSTOM,1788521970893621.640	,0,NPU:2
2,CUSTOM,1788521970993613.030	,0,NPU:2
2,CUSTOM,1788521971093591.550	,0,NPU:2
2,CUSTOM,1788521971193601.230	,0,NPU:2
2,CUSTOM,1788521971293601.060	,0,NPU:2
2,CUSTOM,1788521971393594.380	,0,NPU:2
2,CUSTOM,1788521971493608.280	,0,NPU:2
2,CUSTOM,1788521971593612.580	,0,NPU:2
2,CUSTOM,1788521971693592.100	,0,NPU:2
2,CUSTOM,1788521971793598.990	,0,NPU:2
2,CUSTOM,1788521971893595.970	,0,NPU:2
2,CUSTOM,1788521971993592.820	,0,NPU:2
2,CUSTOM,1788521972093590.900	,0,NPU:2
2,CUSTOM,1788521972193595.900	,0,NPU:2
2,CUSTOM,1788521972293597.240	,0,NPU:2
2,CUSTOM,1788521972393636.480	,0,NPU:2
2,CUSTOM,1788521972493583.490	,0,NPU:2
2,CUSTOM,1788521972593645.590	,0,NPU:2
2,CUSTOM,1788521972693633.820	,0,NPU:2
2,CUSTOM,1788521972793603.790	,0,NPU:2
2,CUSTOM,1788521972893580.480	,0,NPU:2
2,CUSTOM,1788521972993578.140	,0,NPU:2
2,CUSTOM,1788521973093574.880	,0,NPU:2
2,CUSTOM,1788521973193573.610	,0,NPU:2
2,CUSTOM,1788521973293574.060	,0,NPU:2
2,CUSTOM,1788521973398586.880	,0,NPU:2
2,CUSTOM,1788521973493599.570	,0,NPU:2
2,CUSTOM,1788521973559819.670	,0,NPU:2
2,76,1788521953993841.910	,0,NPU:2
2,76,1788521954093690.790	,0,NPU:2
2,76,1788521954193665.180	,0,NPU:2
2,76,1788521954293650.080	,0,NPU:2
2,76,1788521954393654.040	,0,NPU:2
2,76,1788521954493648.730	,0,NPU:2
2,76,1788521954593645.540	,0,NPU:2
2,76,1788521954693640.150	,0,NPU:2
2,76,1788521954793649.950	,0,NPU:2
2,76,1788521954893661.680	,0,NPU:2
2,76,1788521954993678.410	,0,NPU:2
2,76,1788521955093652.720	,0,NPU:2
2,76,1788521955193653.270	,0,NPU:2
2,76,1788521955293648.860	,0,NPU:2
2,76,1788521955393649.220	,0,NPU:2
2,76,1788521955493655.280	,0,NPU:2
2,76,1788521955593651.590	,0,NPU:2
2,76,1788521955693640.580	,0,NPU:2
2,76,1788521955793638.250	,0,NPU:2
2,76,1788521955893682.250	,0,NPU:2
2,76,1788521955993682.480	,0,NPU:2
2,76,1788521956093711.640	,0,NPU:2
2,76,1788521956193672.410	,0,NPU:2
2,76,1788521956293669.740	,0,NPU:2
2,76,1788521956393666.240	,0,NPU:2
2,76,1788521956493676.590	,0,NPU:2
2,76,1788521956593710.650	,0,NPU:2
2,76,1788521956693695.830	,0,NPU:2
2,76,1788521956793695.140	,0,NPU:2
2,76,1788521956893673.320	,0,NPU:2
2,76,1788521956993679.850	,0,NPU:2
2,76,1788521957093679.860	,0,NPU:2
2,76,1788521957193708.460	,0,NPU:2
2,76,1788521957293678.900	,0,NPU:2
2,76,1788521957393665.400	,0,NPU:2
2,76,1788521957493670.700	,0,NPU:2
2,76,1788521957593669.370	,0,NPU:2
2,76,1788521957693681.180	,0,NPU:2
2,76,1788521957793669.280	,0,NPU:2
2,76,1788521957893667.600	,0,NPU:2
2,76,1788521957993664.330	,0,NPU:2
2,76,1788521958093664.530	,0,NPU:2
2,76,1788521958193664.090	,0,NPU:2
2,76,1788521958293676.530	,0,NPU:2
2,76,1788521958393683.270	,0,NPU:2
2,76,1788521958493690.880	,0,NPU:2
2,76,1788521958593674.040	,0,NPU:2
2,76,1788521958693683.820	,0,NPU:2
2,76,1788521958793687.320	,0,NPU:2
2,76,1788521958893675.330	,0,NPU:2
2,76,1788521958993662.280	,0,NPU:2
2,76,1788521959093657.900	,0,NPU:2
2,76,1788521959193640.610	,0,NPU:2
2,76,1788521959293669.420	,0,NPU:2
2,76,1788521959393659.330	,0,NPU:2
2,76,1788521959493656.680	,0,NPU:2
2,76,1788521959593664.410	,0,NPU:2
2,76,1788521959693659.180	,0,NPU:2
2,76,1788521959793659.090	,0,NPU:2
2,76,1788521959893653.390	,0,NPU:2
2,76,1788521959993636.630	,0,NPU:2
2,76,1788521960093661.640	,0,NPU:2
2,76,1788521960193659.550	,0,NPU:2
2,76,1788521960293650.620	,0,NPU:2
2,76,1788521960393656.970	,0,NPU:2
2,76,1788521960493672.410	,0,NPU:2
2,76,1788521960593660.010	,0,NPU:2
2,76,1788521960693662.400	,0,NPU:2
2,76,1788521960793664.020	,0,NPU:2
2,76,1788521960893665.010	,0,NPU:2
2,76,1788521960993655.530	,0,NPU:2
2,76,1788521961093650.430	,0,NPU:2
2,76,1788521961193659.590	,0,NPU:2
2,76,1788521961293649.550	,0,NPU:2
2,76,1788521961393660.560	,0,NPU:2
2,76,1788521961493646.430	,0,NPU:2
2,76,1788521961593653.540	,0,NPU:2
2,76,1788521961693653.280	,0,NPU:2
2,76,1788521961793655.640	,0,NPU:2
2,76,1788521961893663.700	,0,NPU:2
2,76,1788521961993679.720	,0,NPU:2
2,76,1788521962093650.320	,0,NPU:2
2,76,1788521962193649.320	,0,NPU:2
2,76,1788521962293681.190	,0,NPU:2
2,76,1788521962393648.310	,0,NPU:2
2,76,1788521962493648.610	,0,NPU:2
2,76,1788521962593658.720	,0,NPU:2
2,76,1788521962693658.470	,0,NPU:2
2,76,1788521962793647.510	,0,NPU:2
2,76,1788521962893648.970	,0,NPU:2
2,76,1788521962993649.820	,0,NPU:2
2,76,1788521963093652.370	,0,NPU:2
2,76,1788521963193660.920	,0,NPU:2
2,76,1788521963293649.500	,0,NPU:2
2,76,1788521963393652.840	,0,NPU:2
2,76,1788521963493633.730	,0,NPU:2
2,76,1788521963593627.750	,0,NPU:2
2,76,1788521963693630.860	,0,NPU:2
2,76,1788521963793626.500	,0,NPU:2
2,76,1788521963893625.660	,0,NPU:2
2,76,1788521963993619.870	,0,NPU:2
2,76,1788521964093623.630	,0,NPU:2
2,76,1788521964193621.680	,0,NPU:2
2,76,1788521964293631.730	,0,NPU:2
2,76,1788521964393624.810	,0,NPU:2
2,76,1788521964493617.160	,0,NPU:2
2,76,1788521964593612.810	,0,NPU:2
2,76,1788521964693630.030	,0,NPU:2
2,76,1788521964793640.010	,0,NPU:2
2,76,1788521964893621.970	,0,NPU:2
2,76,1788521964993624.260	,0,NPU:2
2,76,1788521965093632.600	,0,NPU:2
2,76,1788521965193623.140	,0,NPU:2
2,76,1788521965293738.890	,0,NPU:2
2,76,1788521965393669.470	,0,NPU:2
2,76,1788521965493639.540	,0,NPU:2
2,76,1788521965593628.350	,0,NPU:2
2,76,1788521965693649.400	,0,NPU:2
2,76,1788521965793641.400	,0,NPU:2
2,76,1788521965893687.370	,0,NPU:2
2,76,1788521965993646.290	,0,NPU:2
2,76,1788521966093625.790	,0,NPU:2
2,76,1788521966193628.540	,0,NPU:2
2,76,1788521966293643.340	,0,NPU:2
2,76,1788521966393613.490	,0,NPU:2
2,76,1788521966493642.110	,0,NPU:2
2,76,1788521966593639.740	,0,NPU:2
2,76,1788521966693630.120	,0,NPU:2
2,76,1788521966793623.110	,0,NPU:2
2,76,1788521966893628.080	,0,NPU:2
2,76,1788521966993649.050	,0,NPU:2
2,76,1788521967093643.280	,0,NPU:2
2,76,1788521967193636.760	,0,NPU:2
2,76,1788521967293664.510	,0,NPU:2
2,76,1788521967393646.400	,0,NPU:2
2,76,1788521967493631.880	,0,NPU:2
2,76,1788521967593619.300	,0,NPU:2
2,76,1788521967693635.480	,0,NPU:2
2,76,1788521967793629.620	,0,NPU:2
2,76,1788521967893659.030	,0,NPU:2
2,76,1788521967993639.300	,0,NPU:2
2,76,1788521968093616.460	,0,NPU:2
2,76,1788521968193600.750	,0,NPU:2
2,76,1788521968293604.310	,0,NPU:2
2,76,1788521968393642.290	,0,NPU:2
2,76,1788521968493641.350	,0,NPU:2
2,76,1788521968593635.460	,0,NPU:2
2,76,1788521968693623.120	,0,NPU:2
2,76,1788521968793603.210	,0,NPU:2
2,76,1788521968893622.880	,0,NPU:2
2,76,1788521968993646.280	,0,NPU:2
2,76,1788521969093618.190	,0,NPU:2
2,76,1788521969193625.210	,0,NPU:2
2,76,1788521969293613.860	,0,NPU:2
2,76,1788521969393631.150	,0,NPU:2
2,76,1788521969493645.190	,0,NPU:2
2,76,1788521969593630.620	,0,NPU:2
2,76,1788521969693629.060	,0,NPU:2
2,76,1788521969793629.990	,0,NPU:2
2,76,1788521969893608.320	,0,NPU:2
2,76,1788521969993610.590	,0,NPU:2
2,76,1788521970093630.140	,0,NPU:2
2,76,1788521970193626.490	,0,NPU:2
2,76,1788521970293611.210	,0,NPU:2
2,76,1788521970393601.790	,0,NPU:2
2,76,1788521970493628.800	,0,NPU:2
2,76,1788521970593625.850	,0,NPU:2
2,76,1788521970693643.880	,0,NPU:2
2,76,1788521970793609.650	,0,NPU:2
2,76,1788521970893621.640	,0,NPU:2
2,76,1788521970993613.030	,0,NPU:2
2,76,1788521971093591.550	,0,NPU:2
2,76,1788521971193601.230	,0,NPU:2
2,76,1788521971293601.060	,0,NPU:2
2,76,1788521971393594.380	,0,NPU:2
2,76,1788521971493608.280	,0,NPU:2
2,76,1788521971593612.580	,0,NPU:2
2,76,1788521971693592.100	,0,NPU:2
2,76,1788521971793598.990	,0,NPU:2
2,76,1788521971893595.970	,0,NPU:2
2,76,1788521971993592.820	,0,NPU:2
2,76,1788521972093590.900	,0,NPU:2
2,76,1788521972193595.900	,0,NPU:2
2,76,1788521972293597.240	,0,NPU:2
2,76,1788521972393636.480	,0,NPU:2
2,76,1788521972493583.490	,0,NPU:2
2,76,1788521972593645.590	,0,NPU:2
2,76,1788521972693633.820	,0,NPU:2
2,76,1788521972793603.790	,0,NPU:2
2,76,1788521972893580.480	,0,NPU:2
2,76,1788521972993578.140	,0,NPU:2
2,76,1788521973093574.880	,0,NPU:2
2,76,1788521973193573.610	,0,NPU:2
2,76,1788521973293574.060	,0,NPU:2
2,76,1788521973398586.880	,0,NPU:2
2,76,1788521973493599.570	,0,NPU:2
2,76,1788521973559819.670	,0,NPU:2
