/models/npu_nvme_exp/user7-stack/conda/lib/python3.11/site-packages/numpy/core/getlimits.py:549: UserWarning: The value of the smallest subnormal for <class 'numpy.float32'> type is zero.
  setattr(self, word, getattr(machar, word).flat[0])
/models/npu_nvme_exp/user7-stack/conda/lib/python3.11/site-packages/numpy/core/getlimits.py:89: UserWarning: The value of the smallest subnormal for <class 'numpy.float32'> type is zero.
  return self._float_to_str(self.smallest_subnormal)
/models/npu_nvme_exp/user7-stack/conda/lib/python3.11/site-packages/numpy/core/getlimits.py:549: UserWarning: The value of the smallest subnormal for <class 'numpy.float64'> type is zero.
  setattr(self, word, getattr(machar, word).flat[0])
/models/npu_nvme_exp/user7-stack/conda/lib/python3.11/site-packages/numpy/core/getlimits.py:89: UserWarning: The value of the smallest subnormal for <class 'numpy.float64'> type is zero.
  return self._float_to_str(self.smallest_subnormal)
None of PyTorch, TensorFlow >= 2.0, or Flax have been found. Models won't be available and only tokenizers, configuration and file/data utilities can be used.
2026-09-11 21:31:37,252 - mindformers/models/npu_nvme_exp/user7-stack/qwen3-v13-restore-002/output/log[mindformers/tools/register/template.py:84] - WARNING - The input config swap_config is empty.
2026-09-11 21:31:37,253 - mindformers/models/npu_nvme_exp/user7-stack/qwen3-v13-restore-002/output/log[mindformers/tools/register/template.py:84] - WARNING - The input config metric is empty.
2026-09-11 21:31:37,253 - mindformers/models/npu_nvme_exp/user7-stack/qwen3-v13-restore-002/output/log[mindformers/tools/register/template.py:84] - WARNING - The input config monitor_config is empty.
[WARNING] ME(266386:281473552212000,MainProcess):2026-09-11-21:31:37.747.000 [mindspore/context.py:1334] For 'context.set_context', the parameter 'device_target' will be deprecated and removed in a future version. Please use the api mindspore.set_device() instead.
[WARNING] ME(266386:281473552212000,MainProcess):2026-09-11-21:31:37.748.000 [mindspore/context.py:1334] For 'context.set_context', the parameter 'max_device_memory' will be deprecated and removed in a future version. Please use the api mindspore.runtime.set_memory() instead.
[WARNING] ME(266386:281473552212000,MainProcess):2026-09-11-21:31:37.748.000 [mindspore/context.py:1334] For 'context.set_context', the parameter 'max_call_depth' will be deprecated and removed in a future version. Please use the api mindspore.set_recursion_limit() instead.
[WARNING] ME(266386:281473552212000,MainProcess):2026-09-11-21:31:37.748.000 [mindspore/context.py:1334] For 'context.set_context', the parameter 'memory_optimize_level' will be deprecated and removed in a future version. Please use the api mindspore.runtime.set_memory() instead.
[WARNING] ME(266386:281473552212000,MainProcess):2026-09-11-21:31:37.748.000 [mindspore/context.py:1334] For 'context.set_context', the parameter 'ascend_config' will be deprecated and removed in a future version. Please use the api mindspore.device_context.ascend.op_precision.precision_mode(),
                                                       mindspore.device_context.ascend.op_precision.op_precision_mode(),
                                                       mindspore.device_context.ascend.op_precision.matmul_allow_hf32(),
                                                       mindspore.device_context.ascend.op_precision.conv_allow_hf32(),
                                                       mindspore.device_context.ascend.op_tuning.op_compile() instead.
[WARNING] ME(266386:281473552212000,MainProcess):2026-09-11-21:31:37.749.000 [mindspore/context.py:1334] For 'context.set_context', the parameter 'deterministic' will be deprecated and removed in a future version. Please use the api mindspore.set_deterministic() instead.
[WARNING] DISTRIBUTED(266386,ffffab17e020,python):2026-09-11-21:31:37.771.109 [mindspore/ccsrc/cluster/topology/compute_graph_node.cc:171] Register] Failed to connect to the meta server node url: 127.0.0.1:60067
[WARNING] DISTRIBUTED(266386,ffffab17e020,python):2026-09-11-21:31:37.771.146 [mindspore/ccsrc/cluster/topology/compute_graph_node.cc:361] ReconnectWithTimeoutWindow] Failed to register and try to reconnect to the meta server.
[WARNING] DISTRIBUTED(266386,ffffab17e020,python):2026-09-11-21:31:38.291.959 [mindspore/ccsrc/cluster/topology/cluster_context.cc:319] BuildCluster] Topology build timed out., retry(1/600).
[WARNING] DISTRIBUTED(266386,ffffab17e020,python):2026-09-11-21:31:38.792.063 [mindspore/ccsrc/cluster/topology/cluster_context.cc:319] BuildCluster] Topology build timed out., retry(2/600).
[WARNING] DISTRIBUTED(266386,ffffab17e020,python):2026-09-11-21:31:39.292.181 [mindspore/ccsrc/cluster/topology/cluster_context.cc:322] BuildCluster] Cluster is successfully initialized.
[WARNING] DISTRIBUTED(266386,ffffab17e020,python):2026-09-11-21:31:39.292.215 [mindspore/ccsrc/cluster/topology/cluster_context.cc:431] PostProcess] This node 1 rank id: 1
[WARNING] DEVICE(266386,ffffab17e020,python):2026-09-11-21:31:39.521.413 [mindspore/ccsrc/plugin/ascend/res_manager/mem_manager/ascend_memory_adapter.cc:168] Initialize] Reserved memory size for other components(3187671040) is less than recommend size(4068267008), It may lead to Out Of Memory in HCCL or other components, Please double check context key 'variable_memory_max_size'/'max_device_memory'
[WARNING] ME(266386,ffffab17e020,python):2026-09-11-21:31:40.494.461 [mindspore/ccsrc/runtime/hardware_abstract/collective/collective_manager.cc:371] CreateCommunicationGroup] This group's communicator is async created hccl_world_group
[WARNING] DEVICE(266386,fffea37ef1a0,python):2026-09-11-21:31:40.494.683 [mindspore/ccsrc/plugin/ascend/res_manager/collective/ascend_communication_group.cc:281] SetGlobalCommInfo] Start to SetGlobalCommInfo for hccl_world_group, master_ip:2130706433, master_port:60067, node_rank:2130706433, total_rank_size:4, local_rank_size4
[WARNING] HCCL_ADPT(266386,fffea37ef1a0,python):2026-09-11-21:31:40.494.724 [mindspore/ccsrc/utils/dlopen_macro.h:179] DlsymAscend] Dynamically load symbol HcclSetGlobalCommInfo failed, result = /models/npu_nvme_exp/user7-stack/conda/lib/python3.11/site-packages/mindspore/communication/../lib/plugin/ascend/libhccl_plugin.so: undefined symbol: HcclSetGlobalCommInfo
[WARNING] HCCL_ADPT(266386,fffea37ef1a0,python):2026-09-11-21:31:40.494.739 [mindspore/ccsrc/plugin/ascend/res_manager/hccl_adapter/hccl_adapter.cc:626] HcclSetGlobalCommInfo] Func HcclSetGlobalCommInfo is not supported in CANN package.
[WARNING] DEVICE(266386,fffea37ef1a0,python):2026-09-11-21:31:40.494.749 [mindspore/ccsrc/plugin/ascend/res_manager/collective/ascend_communication_group.cc:292] SetGlobalCommInfo] End to SetGlobalCommInfo for hccl_world_group
[WARNING] DEVICE(266386,fffea37ef1a0,python):2026-09-11-21:31:40.495.021 [mindspore/ccsrc/plugin/cpu/res_manager/collective/ms_collective_comm_lib.cc:253] QueryUniqueID] Retry to lookup the unique id for group hccl_world_group from the meta server node...Retry time: 399/400, sleep 2
2026-09-11 21:31:40,496 - mindformers/models/npu_nvme_exp/user7-stack/qwen3-v13-restore-002/output/log[mindformers/tools/utils.py:181] - INFO - set strategy path to '/models/npu_nvme_exp/user7-stack/qwen3-v13-restore-002/output/strategy/ckpt_strategy_rank_1.ckpt'
QWEN_COMM_READY rank=1 device=1 python=/models/npu_nvme_exp/user7-stack/conda/bin/python
[WARNING] ME(266386,fffea37ef1a0,python):2026-09-11-21:31:40.995.372 [mindspore/ccsrc/runtime/hardware_abstract/collective/collective_manager.cc:1006] CreateDeviceCommunicator] Begin initialize communication group on the device side: hccl_world_group
[WARNING] DEVICE(266386,fffea2fdf1a0,python):2026-09-11-21:31:40.995.856 [mindspore/ccsrc/plugin/ascend/res_manager/collective/utils.cc:281] GetHcclBufferSize] HcclGroup hccl_world_group, ranks are [0, 1, 2, 3], default hcclBufferSize: 200 MB.
[WARNING] DEVICE(266386,fffea2fdf1a0,python):2026-09-11-21:31:40.995.884 [mindspore/ccsrc/plugin/ascend/res_manager/collective/ascend_communication_group.cc:186] InitByRootInfoConfig] Start to initialize communicator by HcclCommInitRootInfoConfig for hccl_world_group, hcclBufferSize is 200 MB, hcclDeterministic is 1
2026-09-11 21:31:41,079 - mindformers/models/npu_nvme_exp/user7-stack/qwen3-v13-restore-002/output/log[mindformers/tools/register/template.py:84] - WARNING - The input config swap_config is empty.
2026-09-11 21:31:41,079 - mindformers/models/npu_nvme_exp/user7-stack/qwen3-v13-restore-002/output/log[mindformers/tools/register/template.py:84] - WARNING - The input config monitor_config is empty.
2026-09-11 21:31:41,080 - mindformers/models/npu_nvme_exp/user7-stack/qwen3-v13-restore-002/output/log[mindformers/tools/register/template.py:691] - WARNING - Some configs in yaml are useless for train: ['auto_tune', 'autotune_per_step', 'eval_dataset', 'eval_dataset_task', 'filepath_prefix', 'processor']
2026-09-11 21:31:41,080 - mindformers/models/npu_nvme_exp/user7-stack/qwen3-v13-restore-002/output/log[mindformers/trainer/trainer.py:1042] - INFO - Load configs in /models/npu_nvme_exp/user7-stack/conda/lib/python3.11/site-packages/configs/general/run_general_task.yaml to build trainer.
2026-09-11 21:31:41,080 - mindformers/models/npu_nvme_exp/user7-stack/qwen3-v13-restore-002/output/log[mindformers/trainer/trainer.py:1078] - INFO - ..........Init Config..........
2026-09-11 21:31:41,080 - mindformers/models/npu_nvme_exp/user7-stack/qwen3-v13-restore-002/output/log[mindformers/core/parallel_config.py:49] - INFO - initial swap_config from dict: {'swap': False, 'layer_swap': None, 'op_swap': None, 'default_prefetch': 1}
2026-09-11 21:31:41,081 - mindformers/models/npu_nvme_exp/user7-stack/qwen3-v13-restore-002/output/log[mindformers/core/parallel_config.py:56] - INFO - initial recompute_config from dict: {'recompute': True, 'select_recompute': False, 'parallel_optimizer_comm_recompute': True, 'select_comm_recompute': False, 'mp_comm_recompute': True, 'recompute_slice_activation': False, 'select_recompute_exclude': False, 'select_comm_recompute_exclude': False}
2026-09-11 21:31:41,081 - mindformers/models/npu_nvme_exp/user7-stack/qwen3-v13-restore-002/output/log[mindformers/core/parallel_config.py:62] - INFO - initial parallel_config from dict: {'data_parallel': 1, 'model_parallel': 4, 'context_parallel': 1, 'expert_parallel': 1, 'pipeline_stage': 1, 'micro_batch_num': 1, 'seq_split_num': 1, 'use_seq_parallel': True, 'optimizer_shard': None, 'gradient_aggregation_group': 1, 'vocab_emb_dp': False, 'context_parallel_algo': 'colossalai_cp', 'ulysses_degree_in_cp': 1, 'mem_coeff': 0.1}
2026-09-11 21:31:41,083 - mindformers/models/npu_nvme_exp/user7-stack/qwen3-v13-restore-002/training/log[mindformers/tools/utils.py:165] - INFO - set output path to '/models/npu_nvme_exp/user7-stack/qwen3-v13-restore-002/training'
2026-09-11 21:31:41,084 - mindformers/models/npu_nvme_exp/user7-stack/qwen3-v13-restore-002/training/log[mindformers/tools/utils.py:181] - INFO - set strategy path to '/models/npu_nvme_exp/user7-stack/qwen3-v13-restore-002/training/strategy/ckpt_strategy_rank_1.ckpt'
2026-09-11 21:31:41,084 - mindformers/models/npu_nvme_exp/user7-stack/qwen3-v13-restore-002/training/log[mindformers/tools/utils.py:189] - INFO - set checkpoint save path to `/models/npu_nvme_exp/user7-stack/qwen3-v13-restore-002/training/checkpoint`
2026-09-11 21:31:41,094 - mindformers/models/npu_nvme_exp/user7-stack/qwen3-v13-restore-002/training/log[mindformers/trainer/base_trainer.py:113] - INFO - host_name: train06, host_ip: 11.11.10.28
2026-09-11 21:31:41,094 - mindformers/models/npu_nvme_exp/user7-stack/qwen3-v13-restore-002/training/log[mindformers/trainer/base_trainer.py:119] - INFO - Now Running Task is: text_generation, Model is: Qwen3
2026-09-11 21:31:41,094 - mindformers/models/npu_nvme_exp/user7-stack/qwen3-v13-restore-002/training/log[mindformers/trainer/base_trainer.py:149] - WARNING - Input model name is not in the supported list or unspecified.
2026-09-11 21:31:41,094 - mindformers/models/npu_nvme_exp/user7-stack/qwen3-v13-restore-002/training/log[mindformers/trainer/base_trainer.py:150] - WARNING - See the list of supported task and model name: ['common', 'glm4_9b']
2026-09-11 21:31:41,095 - mindformers/models/npu_nvme_exp/user7-stack/qwen3-v13-restore-002/training/log[mindformers/trainer/base_trainer.py:151] - WARNING - The default model config: /models/npu_nvme_exp/user7-stack/conda/lib/python3.11/site-packages/configs/general/run_general_task.yaml will now be used for the text_generation task 
2026-09-11 21:31:41,095 - mindformers/models/npu_nvme_exp/user7-stack/qwen3-v13-restore-002/training/log[mindformers/trainer/trainer.py:1148] - INFO - ..........Init Model..........
2026-09-11 21:31:41,095 - mindformers/models/npu_nvme_exp/user7-stack/qwen3-v13-restore-002/training/log[mindformers/trainer/trainer.py:1189] - INFO - ..........Init Callbacks..........
2026-09-11 21:31:41,096 - mindformers/models/npu_nvme_exp/user7-stack/qwen3-v13-restore-002/training/log[mindformers/trainer/trainer.py:328] - INFO - ==========Trainer Init Success!==========
2026-09-11 21:31:41,096 - mindformers/models/npu_nvme_exp/user7-stack/qwen3-v13-restore-002/training/log[mindformers/trainer/trainer.py:1422] - WARNING - The functionality of setting `resume_training` to a weight filename will be deprecated in future versions.
2026-09-11 21:31:41,096 - mindformers/models/npu_nvme_exp/user7-stack/qwen3-v13-restore-002/training/log[mindformers/trainer/trainer.py:1148] - INFO - ..........Init Model..........
2026-09-11 21:31:41,097 - mindformers/models/npu_nvme_exp/user7-stack/qwen3-v13-restore-002/training/log[mindformers/tools/resume_ckpt.py:54] - INFO - Specify resume checkpoint: /models/npu_nvme_exp/user7-stack/qwen3-v13-source-002/training/checkpoint/rank_1/qwen3_rank_1-8_1.safetensors
2026-09-11 21:31:41,098 - mindformers/models/npu_nvme_exp/user7-stack/qwen3-v13-restore-002/training/log[mindformers/trainer/base_trainer.py:957] - INFO - Got dataset config: dataset_strategy: [[1, 1], [1, 1], [1, 1], [1, 1], [1, 1, 1, 1]], column_names: ['input_ids', 'labels', 'loss_mask', 'position_ids', 'attention_mask'], construct_args_key: ['input_ids', 'labels', 'loss_mask', 'position_ids', 'attention_mask']
2026-09-11 21:31:41,099 - mindformers/models/npu_nvme_exp/user7-stack/qwen3-v13-restore-002/training/log[mindformers/trainer/base_trainer.py:871] - WARNING - `full_batch` will be deprecated in future interfaces, use `dataset_strategy` instead.
2026-09-11 21:31:41,099 - mindformers/models/npu_nvme_exp/user7-stack/qwen3-v13-restore-002/training/log[mindformers/trainer/base_trainer.py:316] - WARNING - The Lazy Inline compilation acceleration feature only works with using gradient_accumulation_steps > 1 when not in pipeline parallel mode (pipeline_stage = 1). Current pipeline stage=1 but gradient_accumulation_steps=1, the feature is disabled by default.
2026-09-11 21:31:41,099 - mindformers/models/npu_nvme_exp/user7-stack/qwen3-v13-restore-002/training/log[mindformers/trainer/base_trainer.py:259] - INFO - The current parallel mode is semi_auto_parallel, full batch is False, batch size per card will be changed: per_batch_size = batch_size * micro_batch_interleave_num * gradient_accumulation_steps = 1 = 1 * 1 * 1).
2026-09-11 21:31:41,099 - mindformers/models/npu_nvme_exp/user7-stack/qwen3-v13-restore-002/training/log[mindformers/trainer/base_trainer.py:265] - INFO - global_batch_size = per_batch_size * data_parallel = 1 * 1 = 1
2026-09-11 21:31:41,100 - mindformers/models/npu_nvme_exp/user7-stack/qwen3-v13-restore-002/training/log[mindformers/trainer/base_trainer.py:1057] - INFO - .........Build Dataset For Train..........
2026-09-11 21:31:41,100 - mindformers/models/npu_nvme_exp/user7-stack/qwen3-v13-restore-002/training/log[mindformers/trainer/base_trainer.py:430] - INFO - .........Build Dataset From Config..........
2026-09-11 21:31:41,100 - mindformers/models/npu_nvme_exp/user7-stack/qwen3-v13-restore-002/training/log[mindformers/trainer/base_trainer.py:1061] - INFO - Create train dataset finish, dataset size:11
2026-09-11 21:31:41,100 - mindformers/models/npu_nvme_exp/user7-stack/qwen3-v13-restore-002/training/log[mindformers/trainer/base_trainer.py:1098] - INFO - .............Start load resume context from checkpoint..................
2026-09-11 21:31:41,125 - mindformers/models/npu_nvme_exp/user7-stack/qwen3-v13-restore-002/training/log[mindformers/trainer/utils.py:390] - INFO - Detect global batch size is changed from 1 to 1, scale: 1.000000
2026-09-11 21:31:41,317 - mindformers/models/npu_nvme_exp/user7-stack/qwen3-v13-restore-002/training/log[mindformers/trainer/utils.py:417] - INFO - initial epoch: 8
2026-09-11 21:31:41,318 - mindformers/models/npu_nvme_exp/user7-stack/qwen3-v13-restore-002/training/log[mindformers/trainer/utils.py:418] - INFO - initial step: 8
2026-09-11 21:31:41,318 - mindformers/models/npu_nvme_exp/user7-stack/qwen3-v13-restore-002/training/log[mindformers/trainer/utils.py:419] - INFO - step scale: 1.000000
2026-09-11 21:31:41,318 - mindformers/models/npu_nvme_exp/user7-stack/qwen3-v13-restore-002/training/log[mindformers/trainer/base_trainer.py:1135] - INFO - dataset skip 8 steps.
2026-09-11 21:31:41,319 - mindformers/models/npu_nvme_exp/user7-stack/qwen3-v13-restore-002/training/log[mindformers/trainer/utils.py:214] - INFO - Will be Training epochs:1, sink_size:1
2026-09-11 21:31:41,319 - mindformers/models/npu_nvme_exp/user7-stack/qwen3-v13-restore-002/training/log[mindformers/trainer/utils.py:216] - INFO - Create training dataset finish, dataset size:11
2026-09-11 21:31:41,319 - mindformers/models/npu_nvme_exp/user7-stack/qwen3-v13-restore-002/training/log[mindformers/trainer/base_trainer.py:1161] - INFO - .........Build Net For Train..........
2026-09-11 21:31:41,320 - mindformers/models/npu_nvme_exp/user7-stack/qwen3-v13-restore-002/training/log[mindformers/trainer/base_trainer.py:464] - INFO - .........Build Network From Config..........
2026-09-11 21:31:41,321 - mindformers/models/npu_nvme_exp/user7-stack/qwen3-v13-restore-002/training/log[mindformers/models/model_config_utils.py:149] - WARNING - Found unsupported HuggingFace arguments in Qwen3Config:
2026-09-11 21:31:41,321 - mindformers/models/npu_nvme_exp/user7-stack/qwen3-v13-restore-002/training/log[mindformers/models/model_config_utils.py:159] - WARNING - +------------------------+---------------------------------------------+
2026-09-11 21:31:41,321 - mindformers/models/npu_nvme_exp/user7-stack/qwen3-v13-restore-002/training/log[mindformers/models/model_config_utils.py:160] - WARNING - | Argument               | Status-Info                                 |
2026-09-11 21:31:41,321 - mindformers/models/npu_nvme_exp/user7-stack/qwen3-v13-restore-002/training/log[mindformers/models/model_config_utils.py:161] - WARNING - |:-----------------------|:--------------------------------------------|
2026-09-11 21:31:41,321 - mindformers/models/npu_nvme_exp/user7-stack/qwen3-v13-restore-002/training/log[mindformers/models/model_config_utils.py:165] - WARNING - | auto_map               | Useless                                     |
2026-09-11 21:31:41,322 - mindformers/models/npu_nvme_exp/user7-stack/qwen3-v13-restore-002/training/log[mindformers/models/model_config_utils.py:165] - WARNING - | torch_dtype            | Useless, replace by compute_dtype           |
2026-09-11 21:31:41,322 - mindformers/models/npu_nvme_exp/user7-stack/qwen3-v13-restore-002/training/log[mindformers/models/model_config_utils.py:165] - WARNING - | use_cache              | Useless, enable kv_cache by default in MF   |
2026-09-11 21:31:41,322 - mindformers/models/npu_nvme_exp/user7-stack/qwen3-v13-restore-002/training/log[mindformers/models/model_config_utils.py:165] - WARNING - | transformers_version   | Useless                                     |
2026-09-11 21:31:41,322 - mindformers/models/npu_nvme_exp/user7-stack/qwen3-v13-restore-002/training/log[mindformers/models/model_config_utils.py:165] - WARNING - | max_window_layers      | Useless                                     |
2026-09-11 21:31:41,322 - mindformers/models/npu_nvme_exp/user7-stack/qwen3-v13-restore-002/training/log[mindformers/models/model_config_utils.py:165] - WARNING - | sliding_window         | Useless                                     |
2026-09-11 21:31:41,322 - mindformers/models/npu_nvme_exp/user7-stack/qwen3-v13-restore-002/training/log[mindformers/models/model_config_utils.py:165] - WARNING - | use_sliding_window     | Useless                                     |
2026-09-11 21:31:41,323 - mindformers/models/npu_nvme_exp/user7-stack/qwen3-v13-restore-002/training/log[mindformers/models/model_config_utils.py:165] - WARNING - | layer_types            | Useless                                     |
2026-09-11 21:31:41,323 - mindformers/models/npu_nvme_exp/user7-stack/qwen3-v13-restore-002/training/log[mindformers/models/model_config_utils.py:167] - WARNING - +------------------------+---------------------------------------------+
2026-09-11 21:31:41,329 - mindformers/models/npu_nvme_exp/user7-stack/qwen3-v13-restore-002/training/log[mindformers/parallel_core/transformer_config_utils.py:471] - INFO - These Keys of this model will do not need to be mapped: {'multiple_of', 'vocab_emb_dp', 'do_sample', 'use_seq_parallel', 'top_k', 'temperature', 'repetition_penalty', 'is_sample_acceleration', 'return_extra_loss', 'quantization', 'pretrained_model_dir', 'top_p', 'checkpoint_name_or_path', 'tokenizer_class', 'context_parallel', 'mindformers_version', 'model_parallel', 'context_parallel_algo', 'scaling_factor', '_name_or_path', 'ulysses_degree_in_cp', 'dataset_config', 'expert_parallel', 'architectures', 'type', 'eos_token_id', 'data_parallel', 'pipeline_stage', 'seq_split_num', 'qkv_concat', 'quantization_config', 'is_encoder_decoder', 'bos_token_id', 'optimizer_shard', 'monitor_config', 'use_past', 'mem_coeff', 'model_type', 'micro_batch_num', 'max_decode_length', 'rl_config', 'moe_config', 'input_sliced_sig', 'gradient_aggregation_group', 'ffn_dim_multiplier', 'pad_token_id'}
2026-09-11 21:31:41,330 - mindformers/models/npu_nvme_exp/user7-stack/qwen3-v13-restore-002/training/log[mindformers/parallel_core/transformer_config_utils.py:520] - INFO - The converted TransformerConfig is: 
{'batch_size': 1, 'parallel_config': None, 'pet_config': None, 'context_parallel_algo': 'colossalai_cp', 'is_dynamic': False, 'compute_dtype': mindspore.bfloat16, 'layernorm_compute_dtype': mindspore.float32, 'rotary_dtype': mindspore.float32, 'rotary_cos_format': 'rotate_half', 'bias_swiglu_fusion': False, 'mla_qkv_concat': True, 'use_contiguous_weight_layout_attention': False, 'use_interleaved_weight_layout_mlp': True, 'normalization': 'RMSNorm', 'fused_norm': True, 'add_bias_linear': False, 'add_mlp_fc1_bias_linear': None, 'add_mlp_fc2_bias_linear': None, 'gated_linear_unit': True, 'use_flash_attention': True, 'attention_pre_tokens': None, 'attention_next_tokens': None, 'rotary_seq_len_interpolation_factor': None, 'rope_scaling': None, 'use_rope_scaling': False, 'input_layout': 'BNSD', 'sparse_mode': 0, 'use_alibi_mask': False, 'use_attn_mask_compression': False, 'use_eod_attn_mask_compression': False, 'use_attention_mask': True, 'use_ring_attention': False, 'fp16_lm_cross_entropy': False, 'untie_embeddings_and_output_weights': True, 'hidden_act': 'silu', 'mask_func_type': 'attn_mask_fill', 'comp_comm_parallel': False, 'comp_comm_parallel_degree': 2, 'norm_topk_prob': True, 'use_fused_ops_topkrouter': False, 'use_shared_expert_gating': False, 'topk_method': 'greedy', 'npu_nums_per_device': 8, 'use_pad_tokens': True, 'callback_moe_droprate': False, 'moe_init_method_std': 0.01, 'first_k_dense_replace': None, 'moe_router_enable_expert_bias': False, 'moe_router_force_expert_balance': False, 'moe_router_score_function': 'softmax', 'moe_router_fusion': False, 'use_eod_reset': False, 'hidden_dropout': 0.0, 'residual_dtype': None, 'print_separate_loss': True, 'vocab_size': 151936, 'seq_length': 128, 'pad_token_id': 0, 'ignore_token_id': -100, 'max_position_embeddings': 40960, 'sandwich_norm': False, 'tie_word_embeddings': False, 'block_size': 32, 'num_blocks': 1024, 'parallel_decoding_params': None, 'pre_process': True, 'post_process': True, 'dispatch_global_max_bs': 0, 'attn_reduce_scatter': False, 'attn_allgather': False, 'attn_allreduce': True, 'ffn_reduce_scatter': False, 'ffn_allgather': False, 'ffn_allreduce': True, 'use_alltoall': False, 'use_fused_mla': False, 'quantization_config': None, 'disable_lazy_inline': True, 'data_parallel_size': 1, 'tensor_model_parallel_size': 4, 'pipeline_model_parallel_size': 1, 'virtual_pipeline_model_parallel_size': None, 'sequence_parallel': True, 'context_parallel_size': 1, 'hierarchical_context_parallel_sizes': 1, 'expert_model_parallel_size': 1, 'expert_tensor_parallel_size': None, 'micro_batch_num': 1, 'seq_split_num': 1, 'gradient_aggregation_group': 1, 'offset': 0, 'ulysses_degree_in_cp': 1, 'vocab_emb_dp': False, 'fp16': False, 'bf16': False, 'params_dtype': mindspore.float32, 'finalize_model_grads_func': None, 'grad_scale_func': None, 'grad_sync_func': None, 'param_sync_func': None, 'num_microbatches_with_partial_activation_checkpoints': None, 'cpu_offloading': False, 'cpu_offloading_num_layers': None, 'op_swap': None, 'default_prefetch': 1, 'num_layers': 36, 'mtp_num_layers': 0, 'mtp_loss_scaling_factor': None, 'hidden_size': 4096, 'num_attention_heads': 32, 'softmax_scale': None, 'num_query_groups': 8, 'ffn_hidden_size': 12288, 'kv_channels': 128, 'attention_dropout': 0.0, 'fp32_residual_connection': True, 'apply_residual_connection_post_layernorm': False, 'layernorm_epsilon': 1e-06, 'layernorm_zero_centered_gamma': False, 'add_qkv_bias': False, 'activation_func': 'gelu', 'num_moe_experts': None, 'rotary_interleaved': False, 'calculate_per_token_loss': None, 'multi_latent_attention': False, 'position_embedding_type': 'rope', 'rotary_base': 1000000, 'partial_rotary_factor': 1.0, 'qk_layernorm': False, 'init_method': <function init_method_normal.<locals>.init_ at 0xffffa907b6a0>, 'output_layer_init_method': <function scaled_init_method_normal.<locals>.init_ at 0xffff36107880>, 'init_method_std': 0.02, 'init_model_with_meta_device': False, 'apply_query_key_layer_scaling': False, 'attention_softmax_in_fp32': True, 'softmax_compute_dtype': mindspore.float32, 'disable_bf16_reduced_precision_matmul': False, 'bias_activation_fusion': False, 'masked_softmax_fusion': False, 'persist_layer_norm': False, 'memory_efficient_layer_norm': False, 'bias_dropout_fusion': False, 'apply_rope_fusion': False, 'recompute': True, 'select_recompute': False, 'parallel_optimizer_comm_recompute': True, 'select_comm_recompute': False, 'mp_comm_recompute': True, 'recompute_slice_activation': False, 'select_recompute_exclude': False, 'select_comm_recompute_exclude': False, 'moe_shared_expert_intermediate_size': None, 'moe_shared_expert_overlap': False, 'moe_layer_freq': 1, 'moe_ffn_hidden_size': 12288, 'moe_router_load_balancing_type': 'sub_seq_aux_loss', 'moe_router_topk': 2, 'moe_router_num_groups': None, 'moe_router_group_topk': None, 'moe_router_pre_softmax': False, 'moe_router_topk_scaling_factor': None, 'moe_router_dtype': mindspore.float32, 'moe_router_bias_update_rate': 0.001, 'moe_grouped_gemm': False, 'moe_aux_loss_coeff': 0.0, 'moe_z_loss_coeff': None, 'moe_input_jitter_eps': None, 'group_wise_a2a': False, 'moe_token_dispatcher_type': 'alltoall', 'moe_enable_deepep': False, 'moe_per_layer_logging': False, 'moe_expert_capacity_factor': None, 'moe_pad_expert_input_to_capacity': False, 'moe_token_drop_policy': 'probs', 'moe_permute_fusion': False, 'moe_apply_probs_on_input': False, 'shared_expert_num': 0, 'cp_comm_type': 'all_gather'}
2026-09-11 21:31:41,331 - mindformers/models/npu_nvme_exp/user7-stack/qwen3-v13-restore-002/training/log[mindformers/version_control.py:103] - INFO - The Lazy Inline compilation acceleration feature has been called, and the feature is disabled by default.
2026-09-11 21:31:41,332 - mindformers/models/npu_nvme_exp/user7-stack/qwen3-v13-restore-002/training/log[mindformers/parallel_core/inference/parallel_state.py:297] - INFO - expert_model_parallel_size(1) is not equal to tensor_and_data_parallel_size(4), so we will use 4 as the MOE_tensor_parallel_size.
[WARNING] DEVICE(266386,fffea2fdf1a0,python):2026-09-11-21:31:43.973.182 [mindspore/ccsrc/plugin/ascend/res_manager/collective/ascend_communication_group.cc:201] InitByRootInfoConfig] End to initialize communicator by HcclCommInitRootInfoConfig for hccl_world_group
[WARNING] ME(266386,fffea37ef1a0,python):2026-09-11-21:31:43.973.453 [mindspore/ccsrc/runtime/hardware_abstract/collective/collective_manager.cc:1017] CreateDeviceCommunicator] End initialize communication group on the device side: hccl_world_group
[WARNING] ME(266386,fffea37ef1a0,python):2026-09-11-21:31:43.973.772 [mindspore/ccsrc/runtime/hardware_abstract/collective/collective_manager.cc:1006] CreateDeviceCommunicator] Begin initialize communication group on the device side: tp-0-1-2-3
[WARNING] DEVICE(266386,fffea2fdf1a0,python):2026-09-11-21:31:43.974.013 [mindspore/ccsrc/plugin/ascend/res_manager/collective/utils.cc:281] GetHcclBufferSize] HcclGroup tp-0-1-2-3, ranks are [0, 1, 2, 3], default hcclBufferSize: 200 MB.
[WARNING] DEVICE(266386,fffea2fdf1a0,python):2026-09-11-21:31:43.974.038 [mindspore/ccsrc/plugin/ascend/res_manager/collective/ascend_communication_group.cc:186] InitByRootInfoConfig] Start to initialize communicator by HcclCommInitRootInfoConfig for tp-0-1-2-3, hcclBufferSize is 200 MB, hcclDeterministic is 1
[WARNING] DEVICE(266386,fffea2fdf1a0,python):2026-09-11-21:31:44.213.465 [mindspore/ccsrc/plugin/ascend/res_manager/collective/ascend_communication_group.cc:201] InitByRootInfoConfig] End to initialize communicator by HcclCommInitRootInfoConfig for tp-0-1-2-3
[WARNING] ME(266386,fffea37ef1a0,python):2026-09-11-21:31:44.213.687 [mindspore/ccsrc/runtime/hardware_abstract/collective/collective_manager.cc:1017] CreateDeviceCommunicator] End initialize communication group on the device side: tp-0-1-2-3
[WARNING] ME(266386,fffea37ef1a0,python):2026-09-11-21:31:44.262.807 [mindspore/ccsrc/runtime/hardware_abstract/collective/collective_manager.cc:1006] CreateDeviceCommunicator] Begin initialize communication group on the device side: 224d137833604db324a3fc2845d4054b8fadfc1fb316eaea
[WARNING] DEVICE(266386,fffea2fdf1a0,python):2026-09-11-21:31:44.263.116 [mindspore/ccsrc/plugin/ascend/res_manager/collective/utils.cc:281] GetHcclBufferSize] HcclGroup 224d137833604db324a3fc2845d4054b8fadfc1fb316eaea, ranks are [0, 1, 2, 3], default hcclBufferSize: 200 MB.
[WARNING] DEVICE(266386,fffea2fdf1a0,python):2026-09-11-21:31:44.263.155 [mindspore/ccsrc/plugin/ascend/res_manager/collective/ascend_communication_group.cc:186] InitByRootInfoConfig] Start to initialize communicator by HcclCommInitRootInfoConfig for 224d137833604db324a3fc2845d4054b8fadfc1fb316eaea, hcclBufferSize is 200 MB, hcclDeterministic is 1
[WARNING] DEVICE(266386,fffea2fdf1a0,python):2026-09-11-21:31:44.500.383 [mindspore/ccsrc/plugin/ascend/res_manager/collective/ascend_communication_group.cc:201] InitByRootInfoConfig] End to initialize communicator by HcclCommInitRootInfoConfig for 224d137833604db324a3fc2845d4054b8fadfc1fb316eaea
[WARNING] ME(266386,fffea37ef1a0,python):2026-09-11-21:31:44.500.610 [mindspore/ccsrc/runtime/hardware_abstract/collective/collective_manager.cc:1017] CreateDeviceCommunicator] End initialize communication group on the device side: 224d137833604db324a3fc2845d4054b8fadfc1fb316eaea
2026-09-11 21:31:44,506 - mindformers/models/npu_nvme_exp/user7-stack/qwen3-v13-restore-002/training/log[mindformers/parallel_core/training_graph/transformer/utils.py:174] - INFO - num_layers per stage: [[36]]
2026-09-11 21:31:44,506 - mindformers/models/npu_nvme_exp/user7-stack/qwen3-v13-restore-002/training/log[mindformers/parallel_core/training_graph/transformer/utils.py:175] - INFO - Accumulated num_layers per stage: [[36]]
2026-09-11 21:31:44,506 - mindformers/models/npu_nvme_exp/user7-stack/qwen3-v13-restore-002/training/log[mindformers/parallel_core/training_graph/transformer/utils.py:177] - INFO - Pipeline id list with start_stage: [0, 0, 0, 0, 0, 0, 0, 0, 0, 0, 0, 0, 0, 0, 0, 0, 0, 0, 0, 0, 0, 0, 0, 0, 0, 0, 0, 0, 0, 0, 0, 0, 0, 0, 0, 0]
2026-09-11 21:31:44,506 - mindformers/models/npu_nvme_exp/user7-stack/qwen3-v13-restore-002/training/log[mindformers/parallel_core/training_graph/transformer/utils.py:178] - INFO - Interleave id list: [0, 0, 0, 0, 0, 0, 0, 0, 0, 0, 0, 0, 0, 0, 0, 0, 0, 0, 0, 0, 0, 0, 0, 0, 0, 0, 0, 0, 0, 0, 0, 0, 0, 0, 0, 0]
2026-09-11 21:31:44,507 - mindformers/models/npu_nvme_exp/user7-stack/qwen3-v13-restore-002/training/log[mindformers/parallel_core/training_graph/transformer/utils.py:196] - INFO - Formative layer_recompute: [[36]]
2026-09-11 21:31:44,507 - mindformers/models/npu_nvme_exp/user7-stack/qwen3-v13-restore-002/training/log[mindformers/parallel_core/training_graph/transformer/utils.py:198] - INFO - The configuration of select_recompute_exclude and select_comm_recompute_exclude have the highest priority.
2026-09-11 21:31:44,507 - mindformers/models/npu_nvme_exp/user7-stack/qwen3-v13-restore-002/training/log[mindformers/parallel_core/training_graph/transformer/utils.py:204] - INFO - Formative select_recompute: {'mlp\\.shared_experts\\.mul': [[0]], 'mlp\\.shared_experts\\.activation_func\\.silu': [[0]], 'mlp\\.mul': [[0]], 'mlp\\.activation_func\\.silu': [[0]]}
2026-09-11 21:31:44,507 - mindformers/models/npu_nvme_exp/user7-stack/qwen3-v13-restore-002/training/log[mindformers/parallel_core/training_graph/transformer/utils.py:205] - INFO - Formative select_comm_recompute: {'.*\\.norm': [[0]]}
2026-09-11 21:31:44,507 - mindformers/models/npu_nvme_exp/user7-stack/qwen3-v13-restore-002/training/log[mindformers/parallel_core/training_graph/transformer/utils.py:206] - INFO - Formative select_recompute_exclude: {}
2026-09-11 21:31:44,507 - mindformers/models/npu_nvme_exp/user7-stack/qwen3-v13-restore-002/training/log[mindformers/parallel_core/training_graph/transformer/utils.py:207] - INFO - Formative select_comm_recompute_exclude: {}
2026-09-11 21:31:44,627 - mindformers/models/npu_nvme_exp/user7-stack/qwen3-v13-restore-002/training/log[mindformers/parallel_core/training_graph/transformer/utils.py:413] - INFO - Set full recompute at layer 0
2026-09-11 21:31:44,716 - mindformers/models/npu_nvme_exp/user7-stack/qwen3-v13-restore-002/training/log[mindformers/parallel_core/training_graph/transformer/utils.py:413] - INFO - Set full recompute at layer 1
2026-09-11 21:31:44,803 - mindformers/models/npu_nvme_exp/user7-stack/qwen3-v13-restore-002/training/log[mindformers/parallel_core/training_graph/transformer/utils.py:413] - INFO - Set full recompute at layer 2
2026-09-11 21:31:44,890 - mindformers/models/npu_nvme_exp/user7-stack/qwen3-v13-restore-002/training/log[mindformers/parallel_core/training_graph/transformer/utils.py:413] - INFO - Set full recompute at layer 3
2026-09-11 21:31:44,979 - mindformers/models/npu_nvme_exp/user7-stack/qwen3-v13-restore-002/training/log[mindformers/parallel_core/training_graph/transformer/utils.py:413] - INFO - Set full recompute at layer 4
2026-09-11 21:31:45,070 - mindformers/models/npu_nvme_exp/user7-stack/qwen3-v13-restore-002/training/log[mindformers/parallel_core/training_graph/transformer/utils.py:413] - INFO - Set full recompute at layer 5
2026-09-11 21:31:45,158 - mindformers/models/npu_nvme_exp/user7-stack/qwen3-v13-restore-002/training/log[mindformers/parallel_core/training_graph/transformer/utils.py:413] - INFO - Set full recompute at layer 6
2026-09-11 21:31:45,245 - mindformers/models/npu_nvme_exp/user7-stack/qwen3-v13-restore-002/training/log[mindformers/parallel_core/training_graph/transformer/utils.py:413] - INFO - Set full recompute at layer 7
2026-09-11 21:31:45,337 - mindformers/models/npu_nvme_exp/user7-stack/qwen3-v13-restore-002/training/log[mindformers/parallel_core/training_graph/transformer/utils.py:413] - INFO - Set full recompute at layer 8
2026-09-11 21:31:45,424 - mindformers/models/npu_nvme_exp/user7-stack/qwen3-v13-restore-002/training/log[mindformers/parallel_core/training_graph/transformer/utils.py:413] - INFO - Set full recompute at layer 9
2026-09-11 21:31:45,511 - mindformers/models/npu_nvme_exp/user7-stack/qwen3-v13-restore-002/training/log[mindformers/parallel_core/training_graph/transformer/utils.py:413] - INFO - Set full recompute at layer 10
2026-09-11 21:31:45,601 - mindformers/models/npu_nvme_exp/user7-stack/qwen3-v13-restore-002/training/log[mindformers/parallel_core/training_graph/transformer/utils.py:413] - INFO - Set full recompute at layer 11
2026-09-11 21:31:45,688 - mindformers/models/npu_nvme_exp/user7-stack/qwen3-v13-restore-002/training/log[mindformers/parallel_core/training_graph/transformer/utils.py:413] - INFO - Set full recompute at layer 12
2026-09-11 21:31:45,776 - mindformers/models/npu_nvme_exp/user7-stack/qwen3-v13-restore-002/training/log[mindformers/parallel_core/training_graph/transformer/utils.py:413] - INFO - Set full recompute at layer 13
2026-09-11 21:31:45,863 - mindformers/models/npu_nvme_exp/user7-stack/qwen3-v13-restore-002/training/log[mindformers/parallel_core/training_graph/transformer/utils.py:413] - INFO - Set full recompute at layer 14
2026-09-11 21:31:45,950 - mindformers/models/npu_nvme_exp/user7-stack/qwen3-v13-restore-002/training/log[mindformers/parallel_core/training_graph/transformer/utils.py:413] - INFO - Set full recompute at layer 15
2026-09-11 21:31:46,036 - mindformers/models/npu_nvme_exp/user7-stack/qwen3-v13-restore-002/training/log[mindformers/parallel_core/training_graph/transformer/utils.py:413] - INFO - Set full recompute at layer 16
2026-09-11 21:31:46,122 - mindformers/models/npu_nvme_exp/user7-stack/qwen3-v13-restore-002/training/log[mindformers/parallel_core/training_graph/transformer/utils.py:413] - INFO - Set full recompute at layer 17
2026-09-11 21:31:46,208 - mindformers/models/npu_nvme_exp/user7-stack/qwen3-v13-restore-002/training/log[mindformers/parallel_core/training_graph/transformer/utils.py:413] - INFO - Set full recompute at layer 18
2026-09-11 21:31:46,297 - mindformers/models/npu_nvme_exp/user7-stack/qwen3-v13-restore-002/training/log[mindformers/parallel_core/training_graph/transformer/utils.py:413] - INFO - Set full recompute at layer 19
2026-09-11 21:31:46,385 - mindformers/models/npu_nvme_exp/user7-stack/qwen3-v13-restore-002/training/log[mindformers/parallel_core/training_graph/transformer/utils.py:413] - INFO - Set full recompute at layer 20
2026-09-11 21:31:46,472 - mindformers/models/npu_nvme_exp/user7-stack/qwen3-v13-restore-002/training/log[mindformers/parallel_core/training_graph/transformer/utils.py:413] - INFO - Set full recompute at layer 21
2026-09-11 21:31:46,559 - mindformers/models/npu_nvme_exp/user7-stack/qwen3-v13-restore-002/training/log[mindformers/parallel_core/training_graph/transformer/utils.py:413] - INFO - Set full recompute at layer 22
2026-09-11 21:31:46,646 - mindformers/models/npu_nvme_exp/user7-stack/qwen3-v13-restore-002/training/log[mindformers/parallel_core/training_graph/transformer/utils.py:413] - INFO - Set full recompute at layer 23
2026-09-11 21:31:46,736 - mindformers/models/npu_nvme_exp/user7-stack/qwen3-v13-restore-002/training/log[mindformers/parallel_core/training_graph/transformer/utils.py:413] - INFO - Set full recompute at layer 24
2026-09-11 21:31:46,823 - mindformers/models/npu_nvme_exp/user7-stack/qwen3-v13-restore-002/training/log[mindformers/parallel_core/training_graph/transformer/utils.py:413] - INFO - Set full recompute at layer 25
2026-09-11 21:31:46,910 - mindformers/models/npu_nvme_exp/user7-stack/qwen3-v13-restore-002/training/log[mindformers/parallel_core/training_graph/transformer/utils.py:413] - INFO - Set full recompute at layer 26
2026-09-11 21:31:46,998 - mindformers/models/npu_nvme_exp/user7-stack/qwen3-v13-restore-002/training/log[mindformers/parallel_core/training_graph/transformer/utils.py:413] - INFO - Set full recompute at layer 27
2026-09-11 21:31:47,389 - mindformers/models/npu_nvme_exp/user7-stack/qwen3-v13-restore-002/training/log[mindformers/parallel_core/training_graph/transformer/utils.py:413] - INFO - Set full recompute at layer 28
2026-09-11 21:31:47,479 - mindformers/models/npu_nvme_exp/user7-stack/qwen3-v13-restore-002/training/log[mindformers/parallel_core/training_graph/transformer/utils.py:413] - INFO - Set full recompute at layer 29
2026-09-11 21:31:47,568 - mindformers/models/npu_nvme_exp/user7-stack/qwen3-v13-restore-002/training/log[mindformers/parallel_core/training_graph/transformer/utils.py:413] - INFO - Set full recompute at layer 30
2026-09-11 21:31:47,659 - mindformers/models/npu_nvme_exp/user7-stack/qwen3-v13-restore-002/training/log[mindformers/parallel_core/training_graph/transformer/utils.py:413] - INFO - Set full recompute at layer 31
2026-09-11 21:31:47,752 - mindformers/models/npu_nvme_exp/user7-stack/qwen3-v13-restore-002/training/log[mindformers/parallel_core/training_graph/transformer/utils.py:413] - INFO - Set full recompute at layer 32
2026-09-11 21:31:47,841 - mindformers/models/npu_nvme_exp/user7-stack/qwen3-v13-restore-002/training/log[mindformers/parallel_core/training_graph/transformer/utils.py:413] - INFO - Set full recompute at layer 33
2026-09-11 21:31:47,929 - mindformers/models/npu_nvme_exp/user7-stack/qwen3-v13-restore-002/training/log[mindformers/parallel_core/training_graph/transformer/utils.py:413] - INFO - Set full recompute at layer 34
2026-09-11 21:31:48,026 - mindformers/models/npu_nvme_exp/user7-stack/qwen3-v13-restore-002/training/log[mindformers/parallel_core/training_graph/transformer/utils.py:413] - INFO - Set full recompute at layer 35
2026-09-11 21:31:48,064 - mindformers/models/npu_nvme_exp/user7-stack/qwen3-v13-restore-002/training/log[mindformers/generation/generation_config.py:242] - INFO - Loading Generate config from /models/Qwen3-8B/generation_config.json
2026-09-11 21:31:48,064 - mindformers/models/npu_nvme_exp/user7-stack/qwen3-v13-restore-002/training/log[mindformers/trainer/base_trainer.py:478] - INFO - Parameters are not initialized during model initialization.
2026-09-11 21:31:48,085 - mindformers/models/npu_nvme_exp/user7-stack/qwen3-v13-restore-002/training/log[mindformers/trainer/base_trainer.py:733] - INFO - Network Parameters: 8190 M.
2026-09-11 21:31:48,085 - mindformers/models/npu_nvme_exp/user7-stack/qwen3-v13-restore-002/training/log[mindformers/trainer/base_trainer.py:1211] - INFO - .........Build Optimizer For Train..........
2026-09-11 21:31:48,085 - mindformers/models/npu_nvme_exp/user7-stack/qwen3-v13-restore-002/training/log[mindformers/trainer/base_trainer.py:584] - INFO - .........Build Optimizer From Config..........
2026-09-11 21:31:48,085 - mindformers/models/npu_nvme_exp/user7-stack/qwen3-v13-restore-002/training/log[mindformers/trainer/base_trainer.py:629] - INFO - .........Build LR Schedule From Config..........
2026-09-11 21:31:48,086 - mindformers/models/npu_nvme_exp/user7-stack/qwen3-v13-restore-002/training/log[mindformers/core/lr/lr_schedule.py:53] - INFO - Current warmup_ratio is 0, total_steps is 32, warmup_steps will be set to 0
2026-09-11 21:31:48,087 - mindformers/models/npu_nvme_exp/user7-stack/qwen3-v13-restore-002/training/log[mindformers/trainer/base_trainer.py:667] - INFO - warmup_lr_init is not set. The default value 0.0 will be applied.
2026-09-11 21:31:48,091 - mindformers/models/npu_nvme_exp/user7-stack/qwen3-v13-restore-002/training/log[mindformers/trainer/optimizer_grouped_parameters.py:79] - WARNING - dynamic_lr_schedule will be reset and invalid when layer_scale is False.
2026-09-11 21:31:48,097 - mindformers/models/npu_nvme_exp/user7-stack/qwen3-v13-restore-002/training/log[mindformers/trainer/optimizer_grouped_parameters.py:112] - INFO - Param groups = {
  "decay": {
    "weight_decay": 0.0,
    "params": [
      "embedding.word_embeddings.weight",
      "decoder.layers.0.self_attention.linear_proj.weight",
      "decoder.layers.0.self_attention.linear_qkv.weight",
      "decoder.layers.0.mlp.linear_fc1.weight",
      "decoder.layers.0.mlp.linear_fc2.weight",
      "decoder.layers.1.self_attention.linear_proj.weight",
      "decoder.layers.1.self_attention.linear_qkv.weight",
      "decoder.layers.1.mlp.linear_fc1.weight",
      "decoder.layers.1.mlp.linear_fc2.weight",
      "decoder.layers.2.self_attention.linear_proj.weight",
      "decoder.layers.2.self_attention.linear_qkv.weight",
      "decoder.layers.2.mlp.linear_fc1.weight",
      "decoder.layers.2.mlp.linear_fc2.weight",
      "decoder.layers.3.self_attention.linear_proj.weight",
      "decoder.layers.3.self_attention.linear_qkv.weight",
      "decoder.layers.3.mlp.linear_fc1.weight",
      "decoder.layers.3.mlp.linear_fc2.weight",
      "decoder.layers.4.self_attention.linear_proj.weight",
      "decoder.layers.4.self_attention.linear_qkv.weight",
      "decoder.layers.4.mlp.linear_fc1.weight",
      "decoder.layers.4.mlp.linear_fc2.weight",
      "decoder.layers.5.self_attention.linear_proj.weight",
      "decoder.layers.5.self_attention.linear_qkv.weight",
      "decoder.layers.5.mlp.linear_fc1.weight",
      "decoder.layers.5.mlp.linear_fc2.weight",
      "decoder.layers.6.self_attention.linear_proj.weight",
      "decoder.layers.6.self_attention.linear_qkv.weight",
      "decoder.layers.6.mlp.linear_fc1.weight",
      "decoder.layers.6.mlp.linear_fc2.weight",
      "decoder.layers.7.self_attention.linear_proj.weight",
      "decoder.layers.7.self_attention.linear_qkv.weight",
      "decoder.layers.7.mlp.linear_fc1.weight",
      "decoder.layers.7.mlp.linear_fc2.weight",
      "decoder.layers.8.self_attention.linear_proj.weight",
      "decoder.layers.8.self_attention.linear_qkv.weight",
      "decoder.layers.8.mlp.linear_fc1.weight",
      "decoder.layers.8.mlp.linear_fc2.weight",
      "decoder.layers.9.self_attention.linear_proj.weight",
      "decoder.layers.9.self_attention.linear_qkv.weight",
      "decoder.layers.9.mlp.linear_fc1.weight",
      "decoder.layers.9.mlp.linear_fc2.weight",
      "decoder.layers.10.self_attention.linear_proj.weight",
      "decoder.layers.10.self_attention.linear_qkv.weight",
      "decoder.layers.10.mlp.linear_fc1.weight",
      "decoder.layers.10.mlp.linear_fc2.weight",
      "decoder.layers.11.self_attention.linear_proj.weight",
      "decoder.layers.11.self_attention.linear_qkv.weight",
      "decoder.layers.11.mlp.linear_fc1.weight",
      "decoder.layers.11.mlp.linear_fc2.weight",
      "decoder.layers.12.self_attention.linear_proj.weight",
      "decoder.layers.12.self_attention.linear_qkv.weight",
      "decoder.layers.12.mlp.linear_fc1.weight",
      "decoder.layers.12.mlp.linear_fc2.weight",
      "decoder.layers.13.self_attention.linear_proj.weight",
      "decoder.layers.13.self_attention.linear_qkv.weight",
      "decoder.layers.13.mlp.linear_fc1.weight",
      "decoder.layers.13.mlp.linear_fc2.weight",
      "decoder.layers.14.self_attention.linear_proj.weight",
      "decoder.layers.14.self_attention.linear_qkv.weight",
      "decoder.layers.14.mlp.linear_fc1.weight",
      "decoder.layers.14.mlp.linear_fc2.weight",
      "decoder.layers.15.self_attention.linear_proj.weight",
      "decoder.layers.15.self_attention.linear_qkv.weight",
      "decoder.layers.15.mlp.linear_fc1.weight",
      "decoder.layers.15.mlp.linear_fc2.weight",
      "decoder.layers.16.self_attention.linear_proj.weight",
      "decoder.layers.16.self_attention.linear_qkv.weight",
      "decoder.layers.16.mlp.linear_fc1.weight",
      "decoder.layers.16.mlp.linear_fc2.weight",
      "decoder.layers.17.self_attention.linear_proj.weight",
      "decoder.layers.17.self_attention.linear_qkv.weight",
      "decoder.layers.17.mlp.linear_fc1.weight",
      "decoder.layers.17.mlp.linear_fc2.weight",
      "decoder.layers.18.self_attention.linear_proj.weight",
      "decoder.layers.18.self_attention.linear_qkv.weight",
      "decoder.layers.18.mlp.linear_fc1.weight",
      "decoder.layers.18.mlp.linear_fc2.weight",
      "decoder.layers.19.self_attention.linear_proj.weight",
      "decoder.layers.19.self_attention.linear_qkv.weight",
      "decoder.layers.19.mlp.linear_fc1.weight",
      "decoder.layers.19.mlp.linear_fc2.weight",
      "decoder.layers.20.self_attention.linear_proj.weight",
      "decoder.layers.20.self_attention.linear_qkv.weight",
      "decoder.layers.20.mlp.linear_fc1.weight",
      "decoder.layers.20.mlp.linear_fc2.weight",
      "decoder.layers.21.self_attention.linear_proj.weight",
      "decoder.layers.21.self_attention.linear_qkv.weight",
      "decoder.layers.21.mlp.linear_fc1.weight",
      "decoder.layers.21.mlp.linear_fc2.weight",
      "decoder.layers.22.self_attention.linear_proj.weight",
      "decoder.layers.22.self_attention.linear_qkv.weight",
      "decoder.layers.22.mlp.linear_fc1.weight",
      "decoder.layers.22.mlp.linear_fc2.weight",
      "decoder.layers.23.self_attention.linear_proj.weight",
      "decoder.layers.23.self_attention.linear_qkv.weight",
      "decoder.layers.23.mlp.linear_fc1.weight",
      "decoder.layers.23.mlp.linear_fc2.weight",
      "decoder.layers.24.self_attention.linear_proj.weight",
      "decoder.layers.24.self_attention.linear_qkv.weight",
      "decoder.layers.24.mlp.linear_fc1.weight",
      "decoder.layers.24.mlp.linear_fc2.weight",
      "decoder.layers.25.self_attention.linear_proj.weight",
      "decoder.layers.25.self_attention.linear_qkv.weight",
      "decoder.layers.25.mlp.linear_fc1.weight",
      "decoder.layers.25.mlp.linear_fc2.weight",
      "decoder.layers.26.self_attention.linear_proj.weight",
      "decoder.layers.26.self_attention.linear_qkv.weight",
      "decoder.layers.26.mlp.linear_fc1.weight",
      "decoder.layers.26.mlp.linear_fc2.weight",
      "decoder.layers.27.self_attention.linear_proj.weight",
      "decoder.layers.27.self_attention.linear_qkv.weight",
      "decoder.layers.27.mlp.linear_fc1.weight",
      "decoder.layers.27.mlp.linear_fc2.weight",
      "decoder.layers.28.self_attention.linear_proj.weight",
      "decoder.layers.28.self_attention.linear_qkv.weight",
      "decoder.layers.28.mlp.linear_fc1.weight",
      "decoder.layers.28.mlp.linear_fc2.weight",
      "decoder.layers.29.self_attention.linear_proj.weight",
      "decoder.layers.29.self_attention.linear_qkv.weight",
      "decoder.layers.29.mlp.linear_fc1.weight",
      "decoder.layers.29.mlp.linear_fc2.weight",
      "decoder.layers.30.self_attention.linear_proj.weight",
      "decoder.layers.30.self_attention.linear_qkv.weight",
      "decoder.layers.30.mlp.linear_fc1.weight",
      "decoder.layers.30.mlp.linear_fc2.weight",
      "decoder.layers.31.self_attention.linear_proj.weight",
      "decoder.layers.31.self_attention.linear_qkv.weight",
      "decoder.layers.31.mlp.linear_fc1.weight",
      "decoder.layers.31.mlp.linear_fc2.weight",
      "decoder.layers.32.self_attention.linear_proj.weight",
      "decoder.layers.32.self_attention.linear_qkv.weight",
      "decoder.layers.32.mlp.linear_fc1.weight",
      "decoder.layers.32.mlp.linear_fc2.weight",
      "decoder.layers.33.self_attention.linear_proj.weight",
      "decoder.layers.33.self_attention.linear_qkv.weight",
      "decoder.layers.33.mlp.linear_fc1.weight",
      "decoder.layers.33.mlp.linear_fc2.weight",
      "decoder.layers.34.self_attention.linear_proj.weight",
      "decoder.layers.34.self_attention.linear_qkv.weight",
      "decoder.layers.34.mlp.linear_fc1.weight",
      "decoder.layers.34.mlp.linear_fc2.weight",
      "decoder.layers.35.self_attention.linear_proj.weight",
      "decoder.layers.35.self_attention.linear_qkv.weight",
      "decoder.layers.35.mlp.linear_fc1.weight",
      "decoder.layers.35.mlp.linear_fc2.weight",
      "output_layer.weight"
    ]
  },
  "no_decay": {
    "weight_decay": 0.0,
    "params": [
      "decoder.layers.0.input_layernorm.weight",
      "decoder.layers.0.self_attention.q_layernorm.weight",
      "decoder.layers.0.self_attention.k_layernorm.weight",
      "decoder.layers.0.pre_mlp_layernorm.weight",
      "decoder.layers.1.input_layernorm.weight",
      "decoder.layers.1.self_attention.q_layernorm.weight",
      "decoder.layers.1.self_attention.k_layernorm.weight",
      "decoder.layers.1.pre_mlp_layernorm.weight",
      "decoder.layers.2.input_layernorm.weight",
      "decoder.layers.2.self_attention.q_layernorm.weight",
      "decoder.layers.2.self_attention.k_layernorm.weight",
      "decoder.layers.2.pre_mlp_layernorm.weight",
      "decoder.layers.3.input_layernorm.weight",
      "decoder.layers.3.self_attention.q_layernorm.weight",
      "decoder.layers.3.self_attention.k_layernorm.weight",
      "decoder.layers.3.pre_mlp_layernorm.weight",
      "decoder.layers.4.input_layernorm.weight",
      "decoder.layers.4.self_attention.q_layernorm.weight",
      "decoder.layers.4.self_attention.k_layernorm.weight",
      "decoder.layers.4.pre_mlp_layernorm.weight",
      "decoder.layers.5.input_layernorm.weight",
      "decoder.layers.5.self_attention.q_layernorm.weight",
      "decoder.layers.5.self_attention.k_layernorm.weight",
      "decoder.layers.5.pre_mlp_layernorm.weight",
      "decoder.layers.6.input_layernorm.weight",
      "decoder.layers.6.self_attention.q_layernorm.weight",
      "decoder.layers.6.self_attention.k_layernorm.weight",
      "decoder.layers.6.pre_mlp_layernorm.weight",
      "decoder.layers.7.input_layernorm.weight",
      "decoder.layers.7.self_attention.q_layernorm.weight",
      "decoder.layers.7.self_attention.k_layernorm.weight",
      "decoder.layers.7.pre_mlp_layernorm.weight",
      "decoder.layers.8.input_layernorm.weight",
      "decoder.layers.8.self_attention.q_layernorm.weight",
      "decoder.layers.8.self_attention.k_layernorm.weight",
      "decoder.layers.8.pre_mlp_layernorm.weight",
      "decoder.layers.9.input_layernorm.weight",
      "decoder.layers.9.self_attention.q_layernorm.weight",
      "decoder.layers.9.self_attention.k_layernorm.weight",
      "decoder.layers.9.pre_mlp_layernorm.weight",
      "decoder.layers.10.input_layernorm.weight",
      "decoder.layers.10.self_attention.q_layernorm.weight",
      "decoder.layers.10.self_attention.k_layernorm.weight",
      "decoder.layers.10.pre_mlp_layernorm.weight",
      "decoder.layers.11.input_layernorm.weight",
      "decoder.layers.11.self_attention.q_layernorm.weight",
      "decoder.layers.11.self_attention.k_layernorm.weight",
      "decoder.layers.11.pre_mlp_layernorm.weight",
      "decoder.layers.12.input_layernorm.weight",
      "decoder.layers.12.self_attention.q_layernorm.weight",
      "decoder.layers.12.self_attention.k_layernorm.weight",
      "decoder.layers.12.pre_mlp_layernorm.weight",
      "decoder.layers.13.input_layernorm.weight",
      "decoder.layers.13.self_attention.q_layernorm.weight",
      "decoder.layers.13.self_attention.k_layernorm.weight",
      "decoder.layers.13.pre_mlp_layernorm.weight",
      "decoder.layers.14.input_layernorm.weight",
      "decoder.layers.14.self_attention.q_layernorm.weight",
      "decoder.layers.14.self_attention.k_layernorm.weight",
      "decoder.layers.14.pre_mlp_layernorm.weight",
      "decoder.layers.15.input_layernorm.weight",
      "decoder.layers.15.self_attention.q_layernorm.weight",
      "decoder.layers.15.self_attention.k_layernorm.weight",
      "decoder.layers.15.pre_mlp_layernorm.weight",
      "decoder.layers.16.input_layernorm.weight",
      "decoder.layers.16.self_attention.q_layernorm.weight",
      "decoder.layers.16.self_attention.k_layernorm.weight",
      "decoder.layers.16.pre_mlp_layernorm.weight",
      "decoder.layers.17.input_layernorm.weight",
      "decoder.layers.17.self_attention.q_layernorm.weight",
      "decoder.layers.17.self_attention.k_layernorm.weight",
      "decoder.layers.17.pre_mlp_layernorm.weight",
      "decoder.layers.18.input_layernorm.weight",
      "decoder.layers.18.self_attention.q_layernorm.weight",
      "decoder.layers.18.self_attention.k_layernorm.weight",
      "decoder.layers.18.pre_mlp_layernorm.weight",
      "decoder.layers.19.input_layernorm.weight",
      "decoder.layers.19.self_attention.q_layernorm.weight",
      "decoder.layers.19.self_attention.k_layernorm.weight",
      "decoder.layers.19.pre_mlp_layernorm.weight",
      "decoder.layers.20.input_layernorm.weight",
      "decoder.layers.20.self_attention.q_layernorm.weight",
      "decoder.layers.20.self_attention.k_layernorm.weight",
      "decoder.layers.20.pre_mlp_layernorm.weight",
      "decoder.layers.21.input_layernorm.weight",
      "decoder.layers.21.self_attention.q_layernorm.weight",
      "decoder.layers.21.self_attention.k_layernorm.weight",
      "decoder.layers.21.pre_mlp_layernorm.weight",
      "decoder.layers.22.input_layernorm.weight",
      "decoder.layers.22.self_attention.q_layernorm.weight",
      "decoder.layers.22.self_attention.k_layernorm.weight",
      "decoder.layers.22.pre_mlp_layernorm.weight",
      "decoder.layers.23.input_layernorm.weight",
      "decoder.layers.23.self_attention.q_layernorm.weight",
      "decoder.layers.23.self_attention.k_layernorm.weight",
      "decoder.layers.23.pre_mlp_layernorm.weight",
      "decoder.layers.24.input_layernorm.weight",
      "decoder.layers.24.self_attention.q_layernorm.weight",
      "decoder.layers.24.self_attention.k_layernorm.weight",
      "decoder.layers.24.pre_mlp_layernorm.weight",
      "decoder.layers.25.input_layernorm.weight",
      "decoder.layers.25.self_attention.q_layernorm.weight",
      "decoder.layers.25.self_attention.k_layernorm.weight",
      "decoder.layers.25.pre_mlp_layernorm.weight",
      "decoder.layers.26.input_layernorm.weight",
      "decoder.layers.26.self_attention.q_layernorm.weight",
      "decoder.layers.26.self_attention.k_layernorm.weight",
      "decoder.layers.26.pre_mlp_layernorm.weight",
      "decoder.layers.27.input_layernorm.weight",
      "decoder.layers.27.self_attention.q_layernorm.weight",
      "decoder.layers.27.self_attention.k_layernorm.weight",
      "decoder.layers.27.pre_mlp_layernorm.weight",
      "decoder.layers.28.input_layernorm.weight",
      "decoder.layers.28.self_attention.q_layernorm.weight",
      "decoder.layers.28.self_attention.k_layernorm.weight",
      "decoder.layers.28.pre_mlp_layernorm.weight",
      "decoder.layers.29.input_layernorm.weight",
      "decoder.layers.29.self_attention.q_layernorm.weight",
      "decoder.layers.29.self_attention.k_layernorm.weight",
      "decoder.layers.29.pre_mlp_layernorm.weight",
      "decoder.layers.30.input_layernorm.weight",
      "decoder.layers.30.self_attention.q_layernorm.weight",
      "decoder.layers.30.self_attention.k_layernorm.weight",
      "decoder.layers.30.pre_mlp_layernorm.weight",
      "decoder.layers.31.input_layernorm.weight",
      "decoder.layers.31.self_attention.q_layernorm.weight",
      "decoder.layers.31.self_attention.k_layernorm.weight",
      "decoder.layers.31.pre_mlp_layernorm.weight",
      "decoder.layers.32.input_layernorm.weight",
      "decoder.layers.32.self_attention.q_layernorm.weight",
      "decoder.layers.32.self_attention.k_layernorm.weight",
      "decoder.layers.32.pre_mlp_layernorm.weight",
      "decoder.layers.33.input_layernorm.weight",
      "decoder.layers.33.self_attention.q_layernorm.weight",
      "decoder.layers.33.self_attention.k_layernorm.weight",
      "decoder.layers.33.pre_mlp_layernorm.weight",
      "decoder.layers.34.input_layernorm.weight",
      "decoder.layers.34.self_attention.q_layernorm.weight",
      "decoder.layers.34.self_attention.k_layernorm.weight",
      "decoder.layers.34.pre_mlp_layernorm.weight",
      "decoder.layers.35.input_layernorm.weight",
      "decoder.layers.35.self_attention.q_layernorm.weight",
      "decoder.layers.35.self_attention.k_layernorm.weight",
      "decoder.layers.35.pre_mlp_layernorm.weight",
      "decoder.final_layernorm.weight"
    ]
  }
}
2026-09-11 21:31:48,098 - mindformers/models/npu_nvme_exp/user7-stack/qwen3-v13-restore-002/training/log[mindformers/core/optim/build_optim.py:39] - INFO - tft is not valid
2026-09-11 21:31:48,323 - mindformers/models/npu_nvme_exp/user7-stack/qwen3-v13-restore-002/training/log[mindformers/trainer/base_trainer.py:623] - INFO - Parameters are not initialized during optimizer initialization.
2026-09-11 21:31:48,323 - mindformers/models/npu_nvme_exp/user7-stack/qwen3-v13-restore-002/training/log[mindformers/trainer/base_trainer.py:1221] - INFO - .........Build Running Wrapper From Config For Train..........
2026-09-11 21:31:48,323 - mindformers/models/npu_nvme_exp/user7-stack/qwen3-v13-restore-002/training/log[mindformers/trainer/base_trainer.py:672] - INFO - .........Build Model Wrapper for Train From Config..........
2026-09-11 21:31:48,335 - mindformers/models/npu_nvme_exp/user7-stack/qwen3-v13-restore-002/training/log[mindformers/trainer/base_trainer.py:1238] - INFO - .........Build Callbacks For Train..........
2026-09-11 21:31:48,337 - mindformers/models/npu_nvme_exp/user7-stack/qwen3-v13-restore-002/training/log[mindformers/trainer/base_trainer.py:1289] - INFO - Recommend using weights in the safetensors format.
2026-09-11 21:31:48,337 - mindformers/models/npu_nvme_exp/user7-stack/qwen3-v13-restore-002/training/log[mindformers/core/callback/callback.py:1304] - INFO - Integrated_save is changed to False when using auto_parallel.
2026-09-11 21:31:48,338 - mindformers/models/npu_nvme_exp/user7-stack/qwen3-v13-restore-002/training/log[mindformers/trainer/base_trainer.py:1362] - INFO - .........Starting Init Train Model..........
2026-09-11 21:31:48,339 - mindformers/models/npu_nvme_exp/user7-stack/qwen3-v13-restore-002/training/log[mindformers/trainer/base_trainer.py:1403] - INFO - .............Start resume training from checkpoint..................
2026-09-11 21:31:48,339 - mindformers/models/npu_nvme_exp/user7-stack/qwen3-v13-restore-002/training/log[mindformers/utils/load_checkpoint_utils.py:257] - INFO - ......Start load checkpoint from safetensors......
2026-09-11 21:31:48,339 - mindformers/models/npu_nvme_exp/user7-stack/qwen3-v13-restore-002/training/log[mindformers/utils/load_checkpoint_utils.py:262] - INFO - Load checkpoint from /models/npu_nvme_exp/user7-stack/qwen3-v13-source-002/training/checkpoint.
2026-09-11 21:31:48,340 - mindformers/models/npu_nvme_exp/user7-stack/qwen3-v13-restore-002/training/log[mindformers/utils/load_checkpoint_utils.py:286] - INFO - ......Use multi checkpoint file with rank id mode......
2026-09-11 21:31:48,340 - mindformers/models/npu_nvme_exp/user7-stack/qwen3-v13-restore-002/training/log[mindformers/utils/load_checkpoint_utils.py:304] - INFO - ......auto_trans is False, will not unify or slice rank files......
2026-09-11 21:31:48,340 - mindformers/models/npu_nvme_exp/user7-stack/qwen3-v13-restore-002/training/log[mindformers/utils/load_checkpoint_utils.py:310] - INFO - ......sf_file_name=/models/npu_nvme_exp/user7-stack/qwen3-v13-source-002/training/checkpoint/rank_1/qwen3_rank_1-8_1.safetensors......
2026-09-11 21:31:48,341 - mindformers/models/npu_nvme_exp/user7-stack/qwen3-v13-restore-002/training/log[mindformers/checkpoint/utils.py:439] - INFO - .........Compiling model.........
huggingface/tokenizers: The current process just got forked, after parallelism has already been used. Disabling parallelism to avoid deadlocks...
To disable this warning, you can either:
	- Avoid using `tokenizers` before the fork if possible
	- Explicitly set the environment variable TOKENIZERS_PARALLELISM=(true | false)
[WARNING] ME(266386,ffffab17e020,python):2026-09-11-21:31:52.627.306 [mindspore/ccsrc/tools/error_handler/error_config.cc:215] operator()] Value of `MS_ENABLE_TFT` is ``
[WARNING] ME(266386,ffffab17e020,python):2026-09-11-21:31:52.627.384 [mindspore/ccsrc/tools/error_handler/error_config.cc:163] operator()] Can find `TRE` in environment var `MS_ENABLE_TFT`
[WARNING] ANALYZER(266386,ffffab17e020,python):2026-09-11-21:32:19.152.404 [mindspore/ccsrc/frontend/jit/ps/static_analysis/auto_monad.cc:1592] ClearIsolatedNodes] Some side effect nodes were eliminated by mistake. The node is:@174_2↓mindformers_parallel_core_training_graph_base_models_gpt_gpt_model_GPTModel_construct_229:loss_mask{[0]: ValueNode<FuncGraph> 6877__tuple_getitem_by_number_230, [1]: CNode_231, [2]: ValueNode<Int64Imm> 2}
[WARNING] ANALYZER(266386,ffffab17e020,python):2026-09-11-21:32:19.152.507 [mindspore/ccsrc/frontend/jit/ps/static_analysis/auto_monad.cc:1592] ClearIsolatedNodes] Some side effect nodes were eliminated by mistake. The node is:@174_2↓mindformers_parallel_core_training_graph_base_models_gpt_gpt_model_GPTModel_construct_229:rotary_pos_emb{[0]: ValueNode<FuncGraph> 6878__tuple_getitem_by_number_232, [1]: CNode_233, [2]: ValueNode<Int64Imm> 1}
[WARNING] ANALYZER(266386,ffffab17e020,python):2026-09-11-21:32:19.152.553 [mindspore/ccsrc/frontend/jit/ps/static_analysis/auto_monad.cc:1592] ClearIsolatedNodes] Some side effect nodes were eliminated by mistake. The node is:@174_2↓mindformers_parallel_core_training_graph_base_models_gpt_gpt_model_GPTModel_construct_229:labels{[0]: ValueNode<FuncGraph> 6879__tuple_getitem_by_number_234, [1]: CNode_231, [2]: ValueNode<Int64Imm> 0}
[WARNING] ANALYZER(266386,ffffab17e020,python):2026-09-11-21:32:19.162.088 [mindspore/ccsrc/frontend/jit/ps/static_analysis/auto_monad.cc:1599] ClearIsolatedNodes] Some side effect nodes were eliminated by mistake. The node is:@180_5↓mindformers_parallel_core_training_graph_base_models_gpt_gpt_model_GPTModel_construct_235:_{[0]: ValueNode<FuncGraph> 6866__tuple_getitem_by_number_236, [1]: CNode_237, [2]: ValueNode<Int64Imm> 1}
[WARNING] ANALYZER(266386,ffffab17e020,python):2026-09-11-21:32:19.163.143 [mindspore/ccsrc/frontend/jit/ps/static_analysis/auto_monad.cc:1592] ClearIsolatedNodes] Some side effect nodes were eliminated by mistake. The node is:@231_↻mindformers_parallel_core_training_graph_transformer_transformer_block_TransformerBlock_construct_238:context{[0]: ValueNode<FuncGraph> 6829__tuple_getitem_by_number_239, [1]: CNode_240, [2]: ValueNode<Int64Imm> 1}
[WARNING] ANALYZER(266386,ffffab17e020,python):2026-09-11-21:32:19.166.173 [mindspore/ccsrc/frontend/jit/ps/static_analysis/auto_monad.cc:1592] ClearIsolatedNodes] Some side effect nodes were eliminated by mistake. The node is:@234_↻mindformers_parallel_core_training_graph_transformer_transformer_block_TransformerBlock_construct_241:context{[0]: ValueNode<FuncGraph> 6648__tuple_getitem_by_number_242, [1]: CNode_243, [2]: ValueNode<Int64Imm> 1}
[WARNING] ANALYZER(266386,ffffab17e020,python):2026-09-11-21:32:19.168.457 [mindspore/ccsrc/frontend/jit/ps/static_analysis/auto_monad.cc:1592] ClearIsolatedNodes] Some side effect nodes were eliminated by mistake. The node is:@236_↻mindformers_parallel_core_training_graph_transformer_transformer_block_TransformerBlock_construct_244:context{[0]: ValueNode<FuncGraph> 6467__tuple_getitem_by_number_245, [1]: CNode_246, [2]: ValueNode<Int64Imm> 1}
[WARNING] ANALYZER(266386,ffffab17e020,python):2026-09-11-21:32:19.168.889 [mindspore/ccsrc/frontend/jit/ps/static_analysis/auto_monad.cc:1592] ClearIsolatedNodes] Some side effect nodes were eliminated by mistake. The node is:@6767_get_query_key_value_tensors_247:_{[0]: ValueNode<FuncGraph> 6787__tuple_getitem_by_number_248, [1]: CNode_249, [2]: ValueNode<Int64Imm> 1}
[WARNING] ANALYZER(266386,ffffab17e020,python):2026-09-11-21:32:19.169.926 [mindspore/ccsrc/frontend/jit/ps/static_analysis/auto_monad.cc:1592] ClearIsolatedNodes] Some side effect nodes were eliminated by mistake. The node is:@238_↻mindformers_parallel_core_training_graph_transformer_transformer_block_TransformerBlock_construct_250:context{[0]: ValueNode<FuncGraph> 6286__tuple_getitem_by_number_251, [1]: CNode_252, [2]: ValueNode<Int64Imm> 1}
[WARNING] ANALYZER(266386,ffffab17e020,python):2026-09-11-21:32:19.170.803 [mindspore/ccsrc/frontend/jit/ps/static_analysis/auto_monad.cc:1592] ClearIsolatedNodes] Some side effect nodes were eliminated by mistake. The node is:@6586_get_query_key_value_tensors_253:_{[0]: ValueNode<FuncGraph> 6606__tuple_getitem_by_number_254, [1]: CNode_255, [2]: ValueNode<Int64Imm> 1}
[WARNING] ANALYZER(266386,ffffab17e020,python):2026-09-11-21:32:19.172.178 [mindspore/ccsrc/frontend/jit/ps/static_analysis/auto_monad.cc:1592] ClearIsolatedNodes] Some side effect nodes were eliminated by mistake. The node is:@240_↻mindformers_parallel_core_training_graph_transformer_transformer_block_TransformerBlock_construct_256:context{[0]: ValueNode<FuncGraph> 6105__tuple_getitem_by_number_257, [1]: CNode_258, [2]: ValueNode<Int64Imm> 1}
[WARNING] ANALYZER(266386,ffffab17e020,python):2026-09-11-21:32:19.173.215 [mindspore/ccsrc/frontend/jit/ps/static_analysis/auto_monad.cc:1592] ClearIsolatedNodes] Some side effect nodes were eliminated by mistake. The node is:@6405_get_query_key_value_tensors_259:_{[0]: ValueNode<FuncGraph> 6425__tuple_getitem_by_number_260, [1]: CNode_261, [2]: ValueNode<Int64Imm> 1}
[WARNING] ANALYZER(266386,ffffab17e020,python):2026-09-11-21:32:19.174.974 [mindspore/ccsrc/frontend/jit/ps/static_analysis/auto_monad.cc:1592] ClearIsolatedNodes] Some side effect nodes were eliminated by mistake. The node is:@242_↻mindformers_parallel_core_training_graph_transformer_transformer_block_TransformerBlock_construct_262:context{[0]: ValueNode<FuncGraph> 5924__tuple_getitem_by_number_263, [1]: CNode_264, [2]: ValueNode<Int64Imm> 1}
[WARNING] ANALYZER(266386,ffffab17e020,python):2026-09-11-21:32:19.176.268 [mindspore/ccsrc/frontend/jit/ps/static_analysis/auto_monad.cc:1592] ClearIsolatedNodes] Some side effect nodes were eliminated by mistake. The node is:@6224_get_query_key_value_tensors_265:_{[0]: ValueNode<FuncGraph> 6244__tuple_getitem_by_number_266, [1]: CNode_267, [2]: ValueNode<Int64Imm> 1}
[WARNING] ANALYZER(266386,ffffab17e020,python):2026-09-11-21:32:19.178.228 [mindspore/ccsrc/frontend/jit/ps/static_analysis/auto_monad.cc:1592] ClearIsolatedNodes] Some side effect nodes were eliminated by mistake. The node is:@244_↻mindformers_parallel_core_training_graph_transformer_transformer_block_TransformerBlock_construct_268:context{[0]: ValueNode<FuncGraph> 5743__tuple_getitem_by_number_269, [1]: CNode_270, [2]: ValueNode<Int64Imm> 1}
[WARNING] ANALYZER(266386,ffffab17e020,python):2026-09-11-21:32:19.179.741 [mindspore/ccsrc/frontend/jit/ps/static_analysis/auto_monad.cc:1592] ClearIsolatedNodes] Some side effect nodes were eliminated by mistake. The node is:@6043_get_query_key_value_tensors_271:_{[0]: ValueNode<FuncGraph> 6063__tuple_getitem_by_number_272, [1]: CNode_273, [2]: ValueNode<Int64Imm> 1}
[WARNING] ANALYZER(266386,ffffab17e020,python):2026-09-11-21:32:19.181.946 [mindspore/ccsrc/frontend/jit/ps/static_analysis/auto_monad.cc:1592] ClearIsolatedNodes] Some side effect nodes were eliminated by mistake. The node is:@246_↻mindformers_parallel_core_training_graph_transformer_transformer_block_TransformerBlock_construct_274:context{[0]: ValueNode<FuncGraph> 5562__tuple_getitem_by_number_275, [1]: CNode_276, [2]: ValueNode<Int64Imm> 1}
[WARNING] ANALYZER(266386,ffffab17e020,python):2026-09-11-21:32:19.183.569 [mindspore/ccsrc/frontend/jit/ps/static_analysis/auto_monad.cc:1592] ClearIsolatedNodes] Some side effect nodes were eliminated by mistake. The node is:@5862_get_query_key_value_tensors_277:_{[0]: ValueNode<FuncGraph> 5882__tuple_getitem_by_number_278, [1]: CNode_279, [2]: ValueNode<Int64Imm> 1}
[WARNING] ANALYZER(266386,ffffab17e020,python):2026-09-11-21:32:19.185.749 [mindspore/ccsrc/frontend/jit/ps/static_analysis/auto_monad.cc:1592] ClearIsolatedNodes] Some side effect nodes were eliminated by mistake. The node is:@248_↻mindformers_parallel_core_training_graph_transformer_transformer_block_TransformerBlock_construct_280:context{[0]: ValueNode<FuncGraph> 5381__tuple_getitem_by_number_281, [1]: CNode_282, [2]: ValueNode<Int64Imm> 1}
[WARNING] ANALYZER(266386,ffffab17e020,python):2026-09-11-21:32:19.187.397 [mindspore/ccsrc/frontend/jit/ps/static_analysis/auto_monad.cc:1592] ClearIsolatedNodes] Some side effect nodes were eliminated by mistake. The node is:@5681_get_query_key_value_tensors_283:_{[0]: ValueNode<FuncGraph> 5701__tuple_getitem_by_number_284, [1]: CNode_285, [2]: ValueNode<Int64Imm> 1}
[WARNING] ANALYZER(266386,ffffab17e020,python):2026-09-11-21:32:19.189.689 [mindspore/ccsrc/frontend/jit/ps/static_analysis/auto_monad.cc:1592] ClearIsolatedNodes] Some side effect nodes were eliminated by mistake. The node is:@250_↻mindformers_parallel_core_training_graph_transformer_transformer_block_TransformerBlock_construct_286:context{[0]: ValueNode<FuncGraph> 5200__tuple_getitem_by_number_287, [1]: CNode_288, [2]: ValueNode<Int64Imm> 1}
[WARNING] ANALYZER(266386,ffffab17e020,python):2026-09-11-21:32:19.191.471 [mindspore/ccsrc/frontend/jit/ps/static_analysis/auto_monad.cc:1592] ClearIsolatedNodes] Some side effect nodes were eliminated by mistake. The node is:@5500_get_query_key_value_tensors_289:_{[0]: ValueNode<FuncGraph> 5520__tuple_getitem_by_number_290, [1]: CNode_291, [2]: ValueNode<Int64Imm> 1}
[WARNING] ANALYZER(266386,ffffab17e020,python):2026-09-11-21:32:19.193.843 [mindspore/ccsrc/frontend/jit/ps/static_analysis/auto_monad.cc:1592] ClearIsolatedNodes] Some side effect nodes were eliminated by mistake. The node is:@252_↻mindformers_parallel_core_training_graph_transformer_transformer_block_TransformerBlock_construct_292:context{[0]: ValueNode<FuncGraph> 5019__tuple_getitem_by_number_293, [1]: CNode_294, [2]: ValueNode<Int64Imm> 1}
[WARNING] ANALYZER(266386,ffffab17e020,python):2026-09-11-21:32:19.195.633 [mindspore/ccsrc/frontend/jit/ps/static_analysis/auto_monad.cc:1592] ClearIsolatedNodes] Some side effect nodes were eliminated by mistake. The node is:@5319_get_query_key_value_tensors_295:_{[0]: ValueNode<FuncGraph> 5339__tuple_getitem_by_number_296, [1]: CNode_297, [2]: ValueNode<Int64Imm> 1}
[WARNING] ANALYZER(266386,ffffab17e020,python):2026-09-11-21:32:19.197.959 [mindspore/ccsrc/frontend/jit/ps/static_analysis/auto_monad.cc:1592] ClearIsolatedNodes] Some side effect nodes were eliminated by mistake. The node is:@254_↻mindformers_parallel_core_training_graph_transformer_transformer_block_TransformerBlock_construct_298:context{[0]: ValueNode<FuncGraph> 4838__tuple_getitem_by_number_299, [1]: CNode_300, [2]: ValueNode<Int64Imm> 1}
[WARNING] ANALYZER(266386,ffffab17e020,python):2026-09-11-21:32:19.199.883 [mindspore/ccsrc/frontend/jit/ps/static_analysis/auto_monad.cc:1592] ClearIsolatedNodes] Some side effect nodes were eliminated by mistake. The node is:@5138_get_query_key_value_tensors_301:_{[0]: ValueNode<FuncGraph> 5158__tuple_getitem_by_number_302, [1]: CNode_303, [2]: ValueNode<Int64Imm> 1}
[WARNING] ANALYZER(266386,ffffab17e020,python):2026-09-11-21:32:19.202.371 [mindspore/ccsrc/frontend/jit/ps/static_analysis/auto_monad.cc:1592] ClearIsolatedNodes] Some side effect nodes were eliminated by mistake. The node is:@256_↻mindformers_parallel_core_training_graph_transformer_transformer_block_TransformerBlock_construct_304:context{[0]: ValueNode<FuncGraph> 4657__tuple_getitem_by_number_305, [1]: CNode_306, [2]: ValueNode<Int64Imm> 1}
[WARNING] ANALYZER(266386,ffffab17e020,python):2026-09-11-21:32:19.204.409 [mindspore/ccsrc/frontend/jit/ps/static_analysis/auto_monad.cc:1592] ClearIsolatedNodes] Some side effect nodes were eliminated by mistake. The node is:@4957_get_query_key_value_tensors_307:_{[0]: ValueNode<FuncGraph> 4977__tuple_getitem_by_number_308, [1]: CNode_309, [2]: ValueNode<Int64Imm> 1}
[WARNING] ANALYZER(266386,ffffab17e020,python):2026-09-11-21:32:19.207.116 [mindspore/ccsrc/frontend/jit/ps/static_analysis/auto_monad.cc:1592] ClearIsolatedNodes] Some side effect nodes were eliminated by mistake. The node is:@258_↻mindformers_parallel_core_training_graph_transformer_transformer_block_TransformerBlock_construct_310:context{[0]: ValueNode<FuncGraph> 4476__tuple_getitem_by_number_311, [1]: CNode_312, [2]: ValueNode<Int64Imm> 1}
[WARNING] ANALYZER(266386,ffffab17e020,python):2026-09-11-21:32:19.209.254 [mindspore/ccsrc/frontend/jit/ps/static_analysis/auto_monad.cc:1592] ClearIsolatedNodes] Some side effect nodes were eliminated by mistake. The node is:@4776_get_query_key_value_tensors_313:_{[0]: ValueNode<FuncGraph> 4796__tuple_getitem_by_number_314, [1]: CNode_315, [2]: ValueNode<Int64Imm> 1}
[WARNING] ANALYZER(266386,ffffab17e020,python):2026-09-11-21:32:19.211.913 [mindspore/ccsrc/frontend/jit/ps/static_analysis/auto_monad.cc:1592] ClearIsolatedNodes] Some side effect nodes were eliminated by mistake. The node is:@260_↻mindformers_parallel_core_training_graph_transformer_transformer_block_TransformerBlock_construct_316:context{[0]: ValueNode<FuncGraph> 4295__tuple_getitem_by_number_317, [1]: CNode_318, [2]: ValueNode<Int64Imm> 1}
[WARNING] ANALYZER(266386,ffffab17e020,python):2026-09-11-21:32:19.213.983 [mindspore/ccsrc/frontend/jit/ps/static_analysis/auto_monad.cc:1592] ClearIsolatedNodes] Some side effect nodes were eliminated by mistake. The node is:@4595_get_query_key_value_tensors_319:_{[0]: ValueNode<FuncGraph> 4615__tuple_getitem_by_number_320, [1]: CNode_321, [2]: ValueNode<Int64Imm> 1}
[WARNING] ANALYZER(266386,ffffab17e020,python):2026-09-11-21:32:19.216.520 [mindspore/ccsrc/frontend/jit/ps/static_analysis/auto_monad.cc:1592] ClearIsolatedNodes] Some side effect nodes were eliminated by mistake. The node is:@262_↻mindformers_parallel_core_training_graph_transformer_transformer_block_TransformerBlock_construct_322:context{[0]: ValueNode<FuncGraph> 4114__tuple_getitem_by_number_323, [1]: CNode_324, [2]: ValueNode<Int64Imm> 1}
[WARNING] ANALYZER(266386,ffffab17e020,python):2026-09-11-21:32:19.218.467 [mindspore/ccsrc/frontend/jit/ps/static_analysis/auto_monad.cc:1592] ClearIsolatedNodes] Some side effect nodes were eliminated by mistake. The node is:@4414_get_query_key_value_tensors_325:_{[0]: ValueNode<FuncGraph> 4434__tuple_getitem_by_number_326, [1]: CNode_327, [2]: ValueNode<Int64Imm> 1}
[WARNING] ANALYZER(266386,ffffab17e020,python):2026-09-11-21:32:19.220.968 [mindspore/ccsrc/frontend/jit/ps/static_analysis/auto_monad.cc:1592] ClearIsolatedNodes] Some side effect nodes were eliminated by mistake. The node is:@264_↻mindformers_parallel_core_training_graph_transformer_transformer_block_TransformerBlock_construct_328:context{[0]: ValueNode<FuncGraph> 3933__tuple_getitem_by_number_329, [1]: CNode_330, [2]: ValueNode<Int64Imm> 1}
[WARNING] ANALYZER(266386,ffffab17e020,python):2026-09-11-21:32:19.222.845 [mindspore/ccsrc/frontend/jit/ps/static_analysis/auto_monad.cc:1592] ClearIsolatedNodes] Some side effect nodes were eliminated by mistake. The node is:@4233_get_query_key_value_tensors_331:_{[0]: ValueNode<FuncGraph> 4253__tuple_getitem_by_number_332, [1]: CNode_333, [2]: ValueNode<Int64Imm> 1}
[WARNING] ANALYZER(266386,ffffab17e020,python):2026-09-11-21:32:19.225.254 [mindspore/ccsrc/frontend/jit/ps/static_analysis/auto_monad.cc:1592] ClearIsolatedNodes] Some side effect nodes were eliminated by mistake. The node is:@266_↻mindformers_parallel_core_training_graph_transformer_transformer_block_TransformerBlock_construct_334:context{[0]: ValueNode<FuncGraph> 3752__tuple_getitem_by_number_335, [1]: CNode_336, [2]: ValueNode<Int64Imm> 1}
[WARNING] ANALYZER(266386,ffffab17e020,python):2026-09-11-21:32:19.227.173 [mindspore/ccsrc/frontend/jit/ps/static_analysis/auto_monad.cc:1592] ClearIsolatedNodes] Some side effect nodes were eliminated by mistake. The node is:@4052_get_query_key_value_tensors_337:_{[0]: ValueNode<FuncGraph> 4072__tuple_getitem_by_number_338, [1]: CNode_339, [2]: ValueNode<Int64Imm> 1}
[WARNING] ANALYZER(266386,ffffab17e020,python):2026-09-11-21:32:19.229.762 [mindspore/ccsrc/frontend/jit/ps/static_analysis/auto_monad.cc:1592] ClearIsolatedNodes] Some side effect nodes were eliminated by mistake. The node is:@268_↻mindformers_parallel_core_training_graph_transformer_transformer_block_TransformerBlock_construct_340:context{[0]: ValueNode<FuncGraph> 3571__tuple_getitem_by_number_341, [1]: CNode_342, [2]: ValueNode<Int64Imm> 1}
[WARNING] ANALYZER(266386,ffffab17e020,python):2026-09-11-21:32:19.231.720 [mindspore/ccsrc/frontend/jit/ps/static_analysis/auto_monad.cc:1592] ClearIsolatedNodes] Some side effect nodes were eliminated by mistake. The node is:@3871_get_query_key_value_tensors_343:_{[0]: ValueNode<FuncGraph> 3891__tuple_getitem_by_number_344, [1]: CNode_345, [2]: ValueNode<Int64Imm> 1}
[WARNING] ANALYZER(266386,ffffab17e020,python):2026-09-11-21:32:19.234.193 [mindspore/ccsrc/frontend/jit/ps/static_analysis/auto_monad.cc:1592] ClearIsolatedNodes] Some side effect nodes were eliminated by mistake. The node is:@270_↻mindformers_parallel_core_training_graph_transformer_transformer_block_TransformerBlock_construct_346:context{[0]: ValueNode<FuncGraph> 3390__tuple_getitem_by_number_347, [1]: CNode_348, [2]: ValueNode<Int64Imm> 1}
[WARNING] ANALYZER(266386,ffffab17e020,python):2026-09-11-21:32:19.236.050 [mindspore/ccsrc/frontend/jit/ps/static_analysis/auto_monad.cc:1592] ClearIsolatedNodes] Some side effect nodes were eliminated by mistake. The node is:@3690_get_query_key_value_tensors_349:_{[0]: ValueNode<FuncGraph> 3710__tuple_getitem_by_number_350, [1]: CNode_351, [2]: ValueNode<Int64Imm> 1}
[WARNING] ANALYZER(266386,ffffab17e020,python):2026-09-11-21:32:19.238.363 [mindspore/ccsrc/frontend/jit/ps/static_analysis/auto_monad.cc:1592] ClearIsolatedNodes] Some side effect nodes were eliminated by mistake. The node is:@272_↻mindformers_parallel_core_training_graph_transformer_transformer_block_TransformerBlock_construct_352:context{[0]: ValueNode<FuncGraph> 3209__tuple_getitem_by_number_353, [1]: CNode_354, [2]: ValueNode<Int64Imm> 1}
[WARNING] ANALYZER(266386,ffffab17e020,python):2026-09-11-21:32:19.240.048 [mindspore/ccsrc/frontend/jit/ps/static_analysis/auto_monad.cc:1592] ClearIsolatedNodes] Some side effect nodes were eliminated by mistake. The node is:@3509_get_query_key_value_tensors_355:_{[0]: ValueNode<FuncGraph> 3529__tuple_getitem_by_number_356, [1]: CNode_357, [2]: ValueNode<Int64Imm> 1}
[WARNING] ANALYZER(266386,ffffab17e020,python):2026-09-11-21:32:19.242.273 [mindspore/ccsrc/frontend/jit/ps/static_analysis/auto_monad.cc:1592] ClearIsolatedNodes] Some side effect nodes were eliminated by mistake. The node is:@274_↻mindformers_parallel_core_training_graph_transformer_transformer_block_TransformerBlock_construct_358:context{[0]: ValueNode<FuncGraph> 3028__tuple_getitem_by_number_359, [1]: CNode_360, [2]: ValueNode<Int64Imm> 1}
[WARNING] ANALYZER(266386,ffffab17e020,python):2026-09-11-21:32:19.243.815 [mindspore/ccsrc/frontend/jit/ps/static_analysis/auto_monad.cc:1592] ClearIsolatedNodes] Some side effect nodes were eliminated by mistake. The node is:@3328_get_query_key_value_tensors_361:_{[0]: ValueNode<FuncGraph> 3348__tuple_getitem_by_number_362, [1]: CNode_363, [2]: ValueNode<Int64Imm> 1}
[WARNING] ANALYZER(266386,ffffab17e020,python):2026-09-11-21:32:19.245.825 [mindspore/ccsrc/frontend/jit/ps/static_analysis/auto_monad.cc:1592] ClearIsolatedNodes] Some side effect nodes were eliminated by mistake. The node is:@276_↻mindformers_parallel_core_training_graph_transformer_transformer_block_TransformerBlock_construct_364:context{[0]: ValueNode<FuncGraph> 2847__tuple_getitem_by_number_365, [1]: CNode_366, [2]: ValueNode<Int64Imm> 1}
[WARNING] ANALYZER(266386,ffffab17e020,python):2026-09-11-21:32:19.247.346 [mindspore/ccsrc/frontend/jit/ps/static_analysis/auto_monad.cc:1592] ClearIsolatedNodes] Some side effect nodes were eliminated by mistake. The node is:@3147_get_query_key_value_tensors_367:_{[0]: ValueNode<FuncGraph> 3167__tuple_getitem_by_number_368, [1]: CNode_369, [2]: ValueNode<Int64Imm> 1}
[WARNING] ANALYZER(266386,ffffab17e020,python):2026-09-11-21:32:19.249.368 [mindspore/ccsrc/frontend/jit/ps/static_analysis/auto_monad.cc:1592] ClearIsolatedNodes] Some side effect nodes were eliminated by mistake. The node is:@278_↻mindformers_parallel_core_training_graph_transformer_transformer_block_TransformerBlock_construct_370:context{[0]: ValueNode<FuncGraph> 2666__tuple_getitem_by_number_371, [1]: CNode_372, [2]: ValueNode<Int64Imm> 1}
[WARNING] ANALYZER(266386,ffffab17e020,python):2026-09-11-21:32:19.250.924 [mindspore/ccsrc/frontend/jit/ps/static_analysis/auto_monad.cc:1592] ClearIsolatedNodes] Some side effect nodes were eliminated by mistake. The node is:@2966_get_query_key_value_tensors_373:_{[0]: ValueNode<FuncGraph> 2986__tuple_getitem_by_number_374, [1]: CNode_375, [2]: ValueNode<Int64Imm> 1}
[WARNING] ANALYZER(266386,ffffab17e020,python):2026-09-11-21:32:19.253.000 [mindspore/ccsrc/frontend/jit/ps/static_analysis/auto_monad.cc:1592] ClearIsolatedNodes] Some side effect nodes were eliminated by mistake. The node is:@280_↻mindformers_parallel_core_training_graph_transformer_transformer_block_TransformerBlock_construct_376:context{[0]: ValueNode<FuncGraph> 2485__tuple_getitem_by_number_377, [1]: CNode_378, [2]: ValueNode<Int64Imm> 1}
[WARNING] ANALYZER(266386,ffffab17e020,python):2026-09-11-21:32:19.254.567 [mindspore/ccsrc/frontend/jit/ps/static_analysis/auto_monad.cc:1592] ClearIsolatedNodes] Some side effect nodes were eliminated by mistake. The node is:@2785_get_query_key_value_tensors_379:_{[0]: ValueNode<FuncGraph> 2805__tuple_getitem_by_number_380, [1]: CNode_381, [2]: ValueNode<Int64Imm> 1}
[WARNING] ANALYZER(266386,ffffab17e020,python):2026-09-11-21:32:19.260.138 [mindspore/ccsrc/frontend/jit/ps/static_analysis/auto_monad.cc:1592] ClearIsolatedNodes] Some side effect nodes were eliminated by mistake. The node is:@282_↻mindformers_parallel_core_training_graph_transformer_transformer_block_TransformerBlock_construct_382:context{[0]: ValueNode<FuncGraph> 2304__tuple_getitem_by_number_383, [1]: CNode_384, [2]: ValueNode<Int64Imm> 1}
[WARNING] ANALYZER(266386,ffffab17e020,python):2026-09-11-21:32:19.262.522 [mindspore/ccsrc/frontend/jit/ps/static_analysis/auto_monad.cc:1592] ClearIsolatedNodes] Some side effect nodes were eliminated by mistake. The node is:@2604_get_query_key_value_tensors_385:_{[0]: ValueNode<FuncGraph> 2624__tuple_getitem_by_number_386, [1]: CNode_387, [2]: ValueNode<Int64Imm> 1}
[WARNING] ANALYZER(266386,ffffab17e020,python):2026-09-11-21:32:19.265.508 [mindspore/ccsrc/frontend/jit/ps/static_analysis/auto_monad.cc:1592] ClearIsolatedNodes] Some side effect nodes were eliminated by mistake. The node is:@284_↻mindformers_parallel_core_training_graph_transformer_transformer_block_TransformerBlock_construct_388:context{[0]: ValueNode<FuncGraph> 2123__tuple_getitem_by_number_389, [1]: CNode_390, [2]: ValueNode<Int64Imm> 1}
[WARNING] ANALYZER(266386,ffffab17e020,python):2026-09-11-21:32:19.267.591 [mindspore/ccsrc/frontend/jit/ps/static_analysis/auto_monad.cc:1592] ClearIsolatedNodes] Some side effect nodes were eliminated by mistake. The node is:@2423_get_query_key_value_tensors_391:_{[0]: ValueNode<FuncGraph> 2443__tuple_getitem_by_number_392, [1]: CNode_393, [2]: ValueNode<Int64Imm> 1}
[WARNING] ANALYZER(266386,ffffab17e020,python):2026-09-11-21:32:19.270.207 [mindspore/ccsrc/frontend/jit/ps/static_analysis/auto_monad.cc:1592] ClearIsolatedNodes] Some side effect nodes were eliminated by mistake. The node is:@286_↻mindformers_parallel_core_training_graph_transformer_transformer_block_TransformerBlock_construct_394:context{[0]: ValueNode<FuncGraph> 1942__tuple_getitem_by_number_395, [1]: CNode_396, [2]: ValueNode<Int64Imm> 1}
[WARNING] ANALYZER(266386,ffffab17e020,python):2026-09-11-21:32:19.272.260 [mindspore/ccsrc/frontend/jit/ps/static_analysis/auto_monad.cc:1592] ClearIsolatedNodes] Some side effect nodes were eliminated by mistake. The node is:@2242_get_query_key_value_tensors_397:_{[0]: ValueNode<FuncGraph> 2262__tuple_getitem_by_number_398, [1]: CNode_399, [2]: ValueNode<Int64Imm> 1}
[WARNING] ANALYZER(266386,ffffab17e020,python):2026-09-11-21:32:19.274.661 [mindspore/ccsrc/frontend/jit/ps/static_analysis/auto_monad.cc:1592] ClearIsolatedNodes] Some side effect nodes were eliminated by mistake. The node is:@288_↻mindformers_parallel_core_training_graph_transformer_transformer_block_TransformerBlock_construct_400:context{[0]: ValueNode<FuncGraph> 1761__tuple_getitem_by_number_401, [1]: CNode_402, [2]: ValueNode<Int64Imm> 1}
[WARNING] ANALYZER(266386,ffffab17e020,python):2026-09-11-21:32:19.276.414 [mindspore/ccsrc/frontend/jit/ps/static_analysis/auto_monad.cc:1592] ClearIsolatedNodes] Some side effect nodes were eliminated by mistake. The node is:@2061_get_query_key_value_tensors_403:_{[0]: ValueNode<FuncGraph> 2081__tuple_getitem_by_number_404, [1]: CNode_405, [2]: ValueNode<Int64Imm> 1}
[WARNING] ANALYZER(266386,ffffab17e020,python):2026-09-11-21:32:19.278.800 [mindspore/ccsrc/frontend/jit/ps/static_analysis/auto_monad.cc:1592] ClearIsolatedNodes] Some side effect nodes were eliminated by mistake. The node is:@290_↻mindformers_parallel_core_training_graph_transformer_transformer_block_TransformerBlock_construct_406:context{[0]: ValueNode<FuncGraph> 1580__tuple_getitem_by_number_407, [1]: CNode_408, [2]: ValueNode<Int64Imm> 1}
[WARNING] ANALYZER(266386,ffffab17e020,python):2026-09-11-21:32:19.280.723 [mindspore/ccsrc/frontend/jit/ps/static_analysis/auto_monad.cc:1592] ClearIsolatedNodes] Some side effect nodes were eliminated by mistake. The node is:@1880_get_query_key_value_tensors_409:_{[0]: ValueNode<FuncGraph> 1900__tuple_getitem_by_number_410, [1]: CNode_411, [2]: ValueNode<Int64Imm> 1}
[WARNING] ANALYZER(266386,ffffab17e020,python):2026-09-11-21:32:19.283.077 [mindspore/ccsrc/frontend/jit/ps/static_analysis/auto_monad.cc:1592] ClearIsolatedNodes] Some side effect nodes were eliminated by mistake. The node is:@292_↻mindformers_parallel_core_training_graph_transformer_transformer_block_TransformerBlock_construct_412:context{[0]: ValueNode<FuncGraph> 1399__tuple_getitem_by_number_413, [1]: CNode_414, [2]: ValueNode<Int64Imm> 1}
[WARNING] ANALYZER(266386,ffffab17e020,python):2026-09-11-21:32:19.284.836 [mindspore/ccsrc/frontend/jit/ps/static_analysis/auto_monad.cc:1592] ClearIsolatedNodes] Some side effect nodes were eliminated by mistake. The node is:@1699_get_query_key_value_tensors_415:_{[0]: ValueNode<FuncGraph> 1719__tuple_getitem_by_number_416, [1]: CNode_417, [2]: ValueNode<Int64Imm> 1}
[WARNING] ANALYZER(266386,ffffab17e020,python):2026-09-11-21:32:19.287.266 [mindspore/ccsrc/frontend/jit/ps/static_analysis/auto_monad.cc:1592] ClearIsolatedNodes] Some side effect nodes were eliminated by mistake. The node is:@294_↻mindformers_parallel_core_training_graph_transformer_transformer_block_TransformerBlock_construct_418:context{[0]: ValueNode<FuncGraph> 1218__tuple_getitem_by_number_419, [1]: CNode_420, [2]: ValueNode<Int64Imm> 1}
[WARNING] ANALYZER(266386,ffffab17e020,python):2026-09-11-21:32:19.289.102 [mindspore/ccsrc/frontend/jit/ps/static_analysis/auto_monad.cc:1592] ClearIsolatedNodes] Some side effect nodes were eliminated by mistake. The node is:@1518_get_query_key_value_tensors_421:_{[0]: ValueNode<FuncGraph> 1538__tuple_getitem_by_number_422, [1]: CNode_423, [2]: ValueNode<Int64Imm> 1}
[WARNING] ANALYZER(266386,ffffab17e020,python):2026-09-11-21:32:19.291.497 [mindspore/ccsrc/frontend/jit/ps/static_analysis/auto_monad.cc:1592] ClearIsolatedNodes] Some side effect nodes were eliminated by mistake. The node is:@296_↻mindformers_parallel_core_training_graph_transformer_transformer_block_TransformerBlock_construct_424:context{[0]: ValueNode<FuncGraph> 1037__tuple_getitem_by_number_425, [1]: CNode_426, [2]: ValueNode<Int64Imm> 1}
[WARNING] ANALYZER(266386,ffffab17e020,python):2026-09-11-21:32:19.293.334 [mindspore/ccsrc/frontend/jit/ps/static_analysis/auto_monad.cc:1592] ClearIsolatedNodes] Some side effect nodes were eliminated by mistake. The node is:@1337_get_query_key_value_tensors_427:_{[0]: ValueNode<FuncGraph> 1357__tuple_getitem_by_number_428, [1]: CNode_429, [2]: ValueNode<Int64Imm> 1}
[WARNING] ANALYZER(266386,ffffab17e020,python):2026-09-11-21:32:19.295.875 [mindspore/ccsrc/frontend/jit/ps/static_analysis/auto_monad.cc:1592] ClearIsolatedNodes] Some side effect nodes were eliminated by mistake. The node is:@298_↻mindformers_parallel_core_training_graph_transformer_transformer_block_TransformerBlock_construct_430:context{[0]: ValueNode<FuncGraph> 856__tuple_getitem_by_number_431, [1]: CNode_432, [2]: ValueNode<Int64Imm> 1}
[WARNING] ANALYZER(266386,ffffab17e020,python):2026-09-11-21:32:19.297.720 [mindspore/ccsrc/frontend/jit/ps/static_analysis/auto_monad.cc:1592] ClearIsolatedNodes] Some side effect nodes were eliminated by mistake. The node is:@1156_get_query_key_value_tensors_433:_{[0]: ValueNode<FuncGraph> 1176__tuple_getitem_by_number_434, [1]: CNode_435, [2]: ValueNode<Int64Imm> 1}
[WARNING] ANALYZER(266386,ffffab17e020,python):2026-09-11-21:32:19.300.141 [mindspore/ccsrc/frontend/jit/ps/static_analysis/auto_monad.cc:1592] ClearIsolatedNodes] Some side effect nodes were eliminated by mistake. The node is:@300_↻mindformers_parallel_core_training_graph_transformer_transformer_block_TransformerBlock_construct_436:context{[0]: ValueNode<FuncGraph> 675__tuple_getitem_by_number_437, [1]: CNode_438, [2]: ValueNode<Int64Imm> 1}
[WARNING] ANALYZER(266386,ffffab17e020,python):2026-09-11-21:32:19.302.067 [mindspore/ccsrc/frontend/jit/ps/static_analysis/auto_monad.cc:1592] ClearIsolatedNodes] Some side effect nodes were eliminated by mistake. The node is:@975_get_query_key_value_tensors_439:_{[0]: ValueNode<FuncGraph> 995__tuple_getitem_by_number_440, [1]: CNode_441, [2]: ValueNode<Int64Imm> 1}
[WARNING] ANALYZER(266386,ffffab17e020,python):2026-09-11-21:32:19.304.615 [mindspore/ccsrc/frontend/jit/ps/static_analysis/auto_monad.cc:1592] ClearIsolatedNodes] Some side effect nodes were eliminated by mistake. The node is:@302_↻mindformers_parallel_core_training_graph_transformer_transformer_block_TransformerBlock_construct_442:context{[0]: ValueNode<FuncGraph> 494__tuple_getitem_by_number_443, [1]: CNode_444, [2]: ValueNode<Int64Imm> 1}
[WARNING] ANALYZER(266386,ffffab17e020,python):2026-09-11-21:32:19.306.488 [mindspore/ccsrc/frontend/jit/ps/static_analysis/auto_monad.cc:1592] ClearIsolatedNodes] Some side effect nodes were eliminated by mistake. The node is:@794_get_query_key_value_tensors_445:_{[0]: ValueNode<FuncGraph> 814__tuple_getitem_by_number_446, [1]: CNode_447, [2]: ValueNode<Int64Imm> 1}
[WARNING] ANALYZER(266386,ffffab17e020,python):2026-09-11-21:32:19.310.406 [mindspore/ccsrc/frontend/jit/ps/static_analysis/auto_monad.cc:1592] ClearIsolatedNodes] Some side effect nodes were eliminated by mistake. The node is:@613_get_query_key_value_tensors_448:_{[0]: ValueNode<FuncGraph> 633__tuple_getitem_by_number_449, [1]: CNode_450, [2]: ValueNode<Int64Imm> 1}
[WARNING] ANALYZER(266386,ffffab17e020,python):2026-09-11-21:32:19.314.230 [mindspore/ccsrc/frontend/jit/ps/static_analysis/auto_monad.cc:1592] ClearIsolatedNodes] Some side effect nodes were eliminated by mistake. The node is:@427_get_query_key_value_tensors_451:_{[0]: ValueNode<FuncGraph> 447__tuple_getitem_by_number_452, [1]: CNode_453, [2]: ValueNode<Int64Imm> 1}
[WARNING] PARALLEL(266386,ffffab17e020,python):2026-09-11-21:32:29.251.629 [mindspore/ccsrc/frontend/parallel/pipeline_transformer/pipeline_transformer.cc:259] MainGraph] Pipeline Parallel with no 'lazy_inline' is deprecated, '@lazy_inline' should be enabled
[WARNING] PARALLEL(266386,ffffab17e020,python):2026-09-11-21:32:30.788.031 [mindspore/ccsrc/frontend/parallel/ops_info/reduce_method_info.cc:353] CheckStrategy] ArgMaxWithValueInfo55 CheckStrategy for ArgMaxWithValueInfo, the strategy corresponding to axis is not one, real strategy is  4, the output index may be not compatible with the stand alone Primitive
[WARNING] PARALLEL(266386,ffffab17e020,python):2026-09-11-21:32:30.790.744 [mindspore/ccsrc/frontend/parallel/ops_info/self_define_shard_info.cc:104] CheckInputLayout] Use self define shard for SelfDefineShardInfo2828. User needs to ensure the accuracy and correctness of input/output layout, and framework will only do basic check.
[WARNING] PARALLEL(266386,ffffab17e020,python):2026-09-11-21:32:30.791.377 [mindspore/ccsrc/frontend/parallel/ops_info/self_define_shard_info.cc:104] CheckInputLayout] Use self define shard for SelfDefineShardInfo3333. User needs to ensure the accuracy and correctness of input/output layout, and framework will only do basic check.
[WARNING] PARALLEL(266386,ffffab17e020,python):2026-09-11-21:32:30.791.557 [mindspore/ccsrc/frontend/parallel/ops_info/self_define_shard_info.cc:104] CheckInputLayout] Use self define shard for SelfDefineShardInfo3434. User needs to ensure the accuracy and correctness of input/output layout, and framework will only do basic check.
[WARNING] PARALLEL(266386,ffffab17e020,python):2026-09-11-21:32:30.792.156 [mindspore/ccsrc/frontend/parallel/ops_info/self_define_shard_info.cc:104] CheckInputLayout] Use self define shard for SelfDefineShardInfo3838. User needs to ensure the accuracy and correctness of input/output layout, and framework will only do basic check.
[WARNING] PARALLEL(266386,ffffab17e020,python):2026-09-11-21:32:30.792.740 [mindspore/ccsrc/frontend/parallel/ops_info/self_define_shard_info.cc:104] CheckInputLayout] Use self define shard for SelfDefineShardInfo4242. User needs to ensure the accuracy and correctness of input/output layout, and framework will only do basic check.
[WARNING] PARALLEL(266386,ffffab17e020,python):2026-09-11-21:32:30.792.923 [mindspore/ccsrc/frontend/parallel/ops_info/self_define_shard_info.cc:104] CheckInputLayout] Use self define shard for SelfDefineShardInfo4343. User needs to ensure the accuracy and correctness of input/output layout, and framework will only do basic check.
[WARNING] PARALLEL(266386,ffffab17e020,python):2026-09-11-21:32:30.795.926 [mindspore/ccsrc/frontend/parallel/ops_info/self_define_shard_info.cc:104] CheckInputLayout] Use self define shard for SelfDefineShardInfo6868. User needs to ensure the accuracy and correctness of input/output layout, and framework will only do basic check.
[WARNING] PARALLEL(266386,ffffab17e020,python):2026-09-11-21:32:30.796.554 [mindspore/ccsrc/frontend/parallel/ops_info/self_define_shard_info.cc:104] CheckInputLayout] Use self define shard for SelfDefineShardInfo7373. User needs to ensure the accuracy and correctness of input/output layout, and framework will only do basic check.
[WARNING] PARALLEL(266386,ffffab17e020,python):2026-09-11-21:32:30.796.736 [mindspore/ccsrc/frontend/parallel/ops_info/self_define_shard_info.cc:104] CheckInputLayout] Use self define shard for SelfDefineShardInfo7474. User needs to ensure the accuracy and correctness of input/output layout, and framework will only do basic check.
[WARNING] PARALLEL(266386,ffffab17e020,python):2026-09-11-21:32:30.797.263 [mindspore/ccsrc/frontend/parallel/ops_info/self_define_shard_info.cc:104] CheckInputLayout] Use self define shard for SelfDefineShardInfo7878. User needs to ensure the accuracy and correctness of input/output layout, and framework will only do basic check.
[WARNING] PARALLEL(266386,ffffab17e020,python):2026-09-11-21:32:30.797.797 [mindspore/ccsrc/frontend/parallel/ops_info/self_define_shard_info.cc:104] CheckInputLayout] Use self define shard for SelfDefineShardInfo8282. User needs to ensure the accuracy and correctness of input/output layout, and framework will only do basic check.
[WARNING] PARALLEL(266386,ffffab17e020,python):2026-09-11-21:32:30.797.966 [mindspore/ccsrc/frontend/parallel/ops_info/self_define_shard_info.cc:104] CheckInputLayout] Use self define shard for SelfDefineShardInfo8383. User needs to ensure the accuracy and correctness of input/output layout, and framework will only do basic check.
[WARNING] PARALLEL(266386,ffffab17e020,python):2026-09-11-21:32:30.800.697 [mindspore/ccsrc/frontend/parallel/ops_info/self_define_shard_info.cc:104] CheckInputLayout] Use self define shard for SelfDefineShardInfo108108. User needs to ensure the accuracy and correctness of input/output layout, and framework will only do basic check.
[WARNING] PARALLEL(266386,ffffab17e020,python):2026-09-11-21:32:30.801.253 [mindspore/ccsrc/frontend/parallel/ops_info/self_define_shard_info.cc:104] CheckInputLayout] Use self define shard for SelfDefineShardInfo113113. User needs to ensure the accuracy and correctness of input/output layout, and framework will only do basic check.
[WARNING] PARALLEL(266386,ffffab17e020,python):2026-09-11-21:32:30.801.438 [mindspore/ccsrc/frontend/parallel/ops_info/self_define_shard_info.cc:104] CheckInputLayout] Use self define shard for SelfDefineShardInfo114114. User needs to ensure the accuracy and correctness of input/output layout, and framework will only do basic check.
[WARNING] PARALLEL(266386,ffffab17e020,python):2026-09-11-21:32:30.801.918 [mindspore/ccsrc/frontend/parallel/ops_info/self_define_shard_info.cc:104] CheckInputLayout] Use self define shard for SelfDefineShardInfo118118. User needs to ensure the accuracy and correctness of input/output layout, and framework will only do basic check.
[WARNING] PARALLEL(266386,ffffab17e020,python):2026-09-11-21:32:30.802.406 [mindspore/ccsrc/frontend/parallel/ops_info/self_define_shard_info.cc:104] CheckInputLayout] Use self define shard for SelfDefineShardInfo122122. User needs to ensure the accuracy and correctness of input/output layout, and framework will only do basic check.
[WARNING] PARALLEL(266386,ffffab17e020,python):2026-09-11-21:32:30.802.565 [mindspore/ccsrc/frontend/parallel/ops_info/self_define_shard_info.cc:104] CheckInputLayout] Use self define shard for SelfDefineShardInfo123123. User needs to ensure the accuracy and correctness of input/output layout, and framework will only do basic check.
[WARNING] PARALLEL(266386,ffffab17e020,python):2026-09-11-21:32:30.805.129 [mindspore/ccsrc/frontend/parallel/ops_info/self_define_shard_info.cc:104] CheckInputLayout] Use self define shard for SelfDefineShardInfo148148. User needs to ensure the accuracy and correctness of input/output layout, and framework will only do basic check.
[WARNING] PARALLEL(266386,ffffab17e020,python):2026-09-11-21:32:30.805.676 [mindspore/ccsrc/frontend/parallel/ops_info/self_define_shard_info.cc:104] CheckInputLayout] Use self define shard for SelfDefineShardInfo153153. User needs to ensure the accuracy and correctness of input/output layout, and framework will only do basic check.
[WARNING] PARALLEL(266386,ffffab17e020,python):2026-09-11-21:32:30.805.847 [mindspore/ccsrc/frontend/parallel/ops_info/self_define_shard_info.cc:104] CheckInputLayout] Use self define shard for SelfDefineShardInfo154154. User needs to ensure the accuracy and correctness of input/output layout, and framework will only do basic check.
[WARNING] PARALLEL(266386,ffffab17e020,python):2026-09-11-21:32:30.806.315 [mindspore/ccsrc/frontend/parallel/ops_info/self_define_shard_info.cc:104] CheckInputLayout] Use self define shard for SelfDefineShardInfo158158. User needs to ensure the accuracy and correctness of input/output layout, and framework will only do basic check.
[WARNING] PARALLEL(266386,ffffab17e020,python):2026-09-11-21:32:30.806.779 [mindspore/ccsrc/frontend/parallel/ops_info/self_define_shard_info.cc:104] CheckInputLayout] Use self define shard for SelfDefineShardInfo162162. User needs to ensure the accuracy and correctness of input/output layout, and framework will only do basic check.
[WARNING] PARALLEL(266386,ffffab17e020,python):2026-09-11-21:32:30.806.940 [mindspore/ccsrc/frontend/parallel/ops_info/self_define_shard_info.cc:104] CheckInputLayout] Use self define shard for SelfDefineShardInfo163163. User needs to ensure the accuracy and correctness of input/output layout, and framework will only do basic check.
[WARNING] PARALLEL(266386,ffffab17e020,python):2026-09-11-21:32:30.809.462 [mindspore/ccsrc/frontend/parallel/ops_info/self_define_shard_info.cc:104] CheckInputLayout] Use self define shard for SelfDefineShardInfo188188. User needs to ensure the accuracy and correctness of input/output layout, and framework will only do basic check.
[WARNING] PARALLEL(266386,ffffab17e020,python):2026-09-11-21:32:30.809.989 [mindspore/ccsrc/frontend/parallel/ops_info/self_define_shard_info.cc:104] CheckInputLayout] Use self define shard for SelfDefineShardInfo193193. User needs to ensure the accuracy and correctness of input/output layout, and framework will only do basic check.
[WARNING] PARALLEL(266386,ffffab17e020,python):2026-09-11-21:32:30.810.159 [mindspore/ccsrc/frontend/parallel/ops_info/self_define_shard_info.cc:104] CheckInputLayout] Use self define shard for SelfDefineShardInfo194194. User needs to ensure the accuracy and correctness of input/output layout, and framework will only do basic check.
[WARNING] PARALLEL(266386,ffffab17e020,python):2026-09-11-21:32:30.810.590 [mindspore/ccsrc/frontend/parallel/ops_info/self_define_shard_info.cc:104] CheckInputLayout] Use self define shard for SelfDefineShardInfo198198. User needs to ensure the accuracy and correctness of input/output layout, and framework will only do basic check.
[WARNING] PARALLEL(266386,ffffab17e020,python):2026-09-11-21:32:30.811.057 [mindspore/ccsrc/frontend/parallel/ops_info/self_define_shard_info.cc:104] CheckInputLayout] Use self define shard for SelfDefineShardInfo202202. User needs to ensure the accuracy and correctness of input/output layout, and framework will only do basic check.
[WARNING] PARALLEL(266386,ffffab17e020,python):2026-09-11-21:32:30.811.206 [mindspore/ccsrc/frontend/parallel/ops_info/self_define_shard_info.cc:104] CheckInputLayout] Use self define shard for SelfDefineShardInfo203203. User needs to ensure the accuracy and correctness of input/output layout, and framework will only do basic check.
[WARNING] PARALLEL(266386,ffffab17e020,python):2026-09-11-21:32:30.813.829 [mindspore/ccsrc/frontend/parallel/ops_info/self_define_shard_info.cc:104] CheckInputLayout] Use self define shard for SelfDefineShardInfo228228. User needs to ensure the accuracy and correctness of input/output layout, and framework will only do basic check.
[WARNING] PARALLEL(266386,ffffab17e020,python):2026-09-11-21:32:30.814.363 [mindspore/ccsrc/frontend/parallel/ops_info/self_define_shard_info.cc:104] CheckInputLayout] Use self define shard for SelfDefineShardInfo233233. User needs to ensure the accuracy and correctness of input/output layout, and framework will only do basic check.
[WARNING] PARALLEL(266386,ffffab17e020,python):2026-09-11-21:32:30.814.549 [mindspore/ccsrc/frontend/parallel/ops_info/self_define_shard_info.cc:104] CheckInputLayout] Use self define shard for SelfDefineShardInfo234234. User needs to ensure the accuracy and correctness of input/output layout, and framework will only do basic check.
[WARNING] PARALLEL(266386,ffffab17e020,python):2026-09-11-21:32:30.815.015 [mindspore/ccsrc/frontend/parallel/ops_info/self_define_shard_info.cc:104] CheckInputLayout] Use self define shard for SelfDefineShardInfo238238. User needs to ensure the accuracy and correctness of input/output layout, and framework will only do basic check.
[WARNING] PARALLEL(266386,ffffab17e020,python):2026-09-11-21:32:30.815.494 [mindspore/ccsrc/frontend/parallel/ops_info/self_define_shard_info.cc:104] CheckInputLayout] Use self define shard for SelfDefineShardInfo242242. User needs to ensure the accuracy and correctness of input/output layout, and framework will only do basic check.
[WARNING] PARALLEL(266386,ffffab17e020,python):2026-09-11-21:32:30.815.666 [mindspore/ccsrc/frontend/parallel/ops_info/self_define_shard_info.cc:104] CheckInputLayout] Use self define shard for SelfDefineShardInfo243243. User needs to ensure the accuracy and correctness of input/output layout, and framework will only do basic check.
[WARNING] PARALLEL(266386,ffffab17e020,python):2026-09-11-21:32:30.818.280 [mindspore/ccsrc/frontend/parallel/ops_info/self_define_shard_info.cc:104] CheckInputLayout] Use self define shard for SelfDefineShardInfo268268. User needs to ensure the accuracy and correctness of input/output layout, and framework will only do basic check.
[WARNING] PARALLEL(266386,ffffab17e020,python):2026-09-11-21:32:30.818.823 [mindspore/ccsrc/frontend/parallel/ops_info/self_define_shard_info.cc:104] CheckInputLayout] Use self define shard for SelfDefineShardInfo273273. User needs to ensure the accuracy and correctness of input/output layout, and framework will only do basic check.
[WARNING] PARALLEL(266386,ffffab17e020,python):2026-09-11-21:32:30.818.995 [mindspore/ccsrc/frontend/parallel/ops_info/self_define_shard_info.cc:104] CheckInputLayout] Use self define shard for SelfDefineShardInfo274274. User needs to ensure the accuracy and correctness of input/output layout, and framework will only do basic check.
[WARNING] PARALLEL(266386,ffffab17e020,python):2026-09-11-21:32:30.819.500 [mindspore/ccsrc/frontend/parallel/ops_info/self_define_shard_info.cc:104] CheckInputLayout] Use self define shard for SelfDefineShardInfo278278. User needs to ensure the accuracy and correctness of input/output layout, and framework will only do basic check.
[WARNING] PARALLEL(266386,ffffab17e020,python):2026-09-11-21:32:30.819.985 [mindspore/ccsrc/frontend/parallel/ops_info/self_define_shard_info.cc:104] CheckInputLayout] Use self define shard for SelfDefineShardInfo282282. User needs to ensure the accuracy and correctness of input/output layout, and framework will only do basic check.
[WARNING] PARALLEL(266386,ffffab17e020,python):2026-09-11-21:32:30.820.150 [mindspore/ccsrc/frontend/parallel/ops_info/self_define_shard_info.cc:104] CheckInputLayout] Use self define shard for SelfDefineShardInfo283283. User needs to ensure the accuracy and correctness of input/output layout, and framework will only do basic check.
[WARNING] PARALLEL(266386,ffffab17e020,python):2026-09-11-21:32:30.822.718 [mindspore/ccsrc/frontend/parallel/ops_info/self_define_shard_info.cc:104] CheckInputLayout] Use self define shard for SelfDefineShardInfo308308. User needs to ensure the accuracy and correctness of input/output layout, and framework will only do basic check.
[WARNING] PARALLEL(266386,ffffab17e020,python):2026-09-11-21:32:30.823.247 [mindspore/ccsrc/frontend/parallel/ops_info/self_define_shard_info.cc:104] CheckInputLayout] Use self define shard for SelfDefineShardInfo313313. User needs to ensure the accuracy and correctness of input/output layout, and framework will only do basic check.
[WARNING] PARALLEL(266386,ffffab17e020,python):2026-09-11-21:32:30.823.431 [mindspore/ccsrc/frontend/parallel/ops_info/self_define_shard_info.cc:104] CheckInputLayout] Use self define shard for SelfDefineShardInfo314314. User needs to ensure the accuracy and correctness of input/output layout, and framework will only do basic check.
[WARNING] PARALLEL(266386,ffffab17e020,python):2026-09-11-21:32:30.823.898 [mindspore/ccsrc/frontend/parallel/ops_info/self_define_shard_info.cc:104] CheckInputLayout] Use self define shard for SelfDefineShardInfo318318. User needs to ensure the accuracy and correctness of input/output layout, and framework will only do basic check.
[WARNING] PARALLEL(266386,ffffab17e020,python):2026-09-11-21:32:30.824.373 [mindspore/ccsrc/frontend/parallel/ops_info/self_define_shard_info.cc:104] CheckInputLayout] Use self define shard for SelfDefineShardInfo322322. User needs to ensure the accuracy and correctness of input/output layout, and framework will only do basic check.
[WARNING] PARALLEL(266386,ffffab17e020,python):2026-09-11-21:32:30.824.529 [mindspore/ccsrc/frontend/parallel/ops_info/self_define_shard_info.cc:104] CheckInputLayout] Use self define shard for SelfDefineShardInfo323323. User needs to ensure the accuracy and correctness of input/output layout, and framework will only do basic check.
[WARNING] PARALLEL(266386,ffffab17e020,python):2026-09-11-21:32:30.827.137 [mindspore/ccsrc/frontend/parallel/ops_info/self_define_shard_info.cc:104] CheckInputLayout] Use self define shard for SelfDefineShardInfo348348. User needs to ensure the accuracy and correctness of input/output layout, and framework will only do basic check.
[WARNING] PARALLEL(266386,ffffab17e020,python):2026-09-11-21:32:30.827.654 [mindspore/ccsrc/frontend/parallel/ops_info/self_define_shard_info.cc:104] CheckInputLayout] Use self define shard for SelfDefineShardInfo353353. User needs to ensure the accuracy and correctness of input/output layout, and framework will only do basic check.
[WARNING] PARALLEL(266386,ffffab17e020,python):2026-09-11-21:32:30.827.823 [mindspore/ccsrc/frontend/parallel/ops_info/self_define_shard_info.cc:104] CheckInputLayout] Use self define shard for SelfDefineShardInfo354354. User needs to ensure the accuracy and correctness of input/output layout, and framework will only do basic check.
[WARNING] PARALLEL(266386,ffffab17e020,python):2026-09-11-21:32:30.828.281 [mindspore/ccsrc/frontend/parallel/ops_info/self_define_shard_info.cc:104] CheckInputLayout] Use self define shard for SelfDefineShardInfo358358. User needs to ensure the accuracy and correctness of input/output layout, and framework will only do basic check.
[WARNING] PARALLEL(266386,ffffab17e020,python):2026-09-11-21:32:30.828.764 [mindspore/ccsrc/frontend/parallel/ops_info/self_define_shard_info.cc:104] CheckInputLayout] Use self define shard for SelfDefineShardInfo362362. User needs to ensure the accuracy and correctness of input/output layout, and framework will only do basic check.
[WARNING] PARALLEL(266386,ffffab17e020,python):2026-09-11-21:32:30.828.937 [mindspore/ccsrc/frontend/parallel/ops_info/self_define_shard_info.cc:104] CheckInputLayout] Use self define shard for SelfDefineShardInfo363363. User needs to ensure the accuracy and correctness of input/output layout, and framework will only do basic check.
[WARNING] PARALLEL(266386,ffffab17e020,python):2026-09-11-21:32:30.831.523 [mindspore/ccsrc/frontend/parallel/ops_info/self_define_shard_info.cc:104] CheckInputLayout] Use self define shard for SelfDefineShardInfo388388. User needs to ensure the accuracy and correctness of input/output layout, and framework will only do basic check.
[WARNING] PARALLEL(266386,ffffab17e020,python):2026-09-11-21:32:30.832.042 [mindspore/ccsrc/frontend/parallel/ops_info/self_define_shard_info.cc:104] CheckInputLayout] Use self define shard for SelfDefineShardInfo393393. User needs to ensure the accuracy and correctness of input/output layout, and framework will only do basic check.
[WARNING] PARALLEL(266386,ffffab17e020,python):2026-09-11-21:32:30.832.223 [mindspore/ccsrc/frontend/parallel/ops_info/self_define_shard_info.cc:104] CheckInputLayout] Use self define shard for SelfDefineShardInfo394394. User needs to ensure the accuracy and correctness of input/output layout, and framework will only do basic check.
[WARNING] PARALLEL(266386,ffffab17e020,python):2026-09-11-21:32:30.832.698 [mindspore/ccsrc/frontend/parallel/ops_info/self_define_shard_info.cc:104] CheckInputLayout] Use self define shard for SelfDefineShardInfo398398. User needs to ensure the accuracy and correctness of input/output layout, and framework will only do basic check.
[WARNING] PARALLEL(266386,ffffab17e020,python):2026-09-11-21:32:30.833.183 [mindspore/ccsrc/frontend/parallel/ops_info/self_define_shard_info.cc:104] CheckInputLayout] Use self define shard for SelfDefineShardInfo402402. User needs to ensure the accuracy and correctness of input/output layout, and framework will only do basic check.
[WARNING] PARALLEL(266386,ffffab17e020,python):2026-09-11-21:32:30.833.344 [mindspore/ccsrc/frontend/parallel/ops_info/self_define_shard_info.cc:104] CheckInputLayout] Use self define shard for SelfDefineShardInfo403403. User needs to ensure the accuracy and correctness of input/output layout, and framework will only do basic check.
[WARNING] PARALLEL(266386,ffffab17e020,python):2026-09-11-21:32:30.835.881 [mindspore/ccsrc/frontend/parallel/ops_info/self_define_shard_info.cc:104] CheckInputLayout] Use self define shard for SelfDefineShardInfo428428. User needs to ensure the accuracy and correctness of input/output layout, and framework will only do basic check.
[WARNING] PARALLEL(266386,ffffab17e020,python):2026-09-11-21:32:30.836.389 [mindspore/ccsrc/frontend/parallel/ops_info/self_define_shard_info.cc:104] CheckInputLayout] Use self define shard for SelfDefineShardInfo433433. User needs to ensure the accuracy and correctness of input/output layout, and framework will only do basic check.
[WARNING] PARALLEL(266386,ffffab17e020,python):2026-09-11-21:32:30.836.576 [mindspore/ccsrc/frontend/parallel/ops_info/self_define_shard_info.cc:104] CheckInputLayout] Use self define shard for SelfDefineShardInfo434434. User needs to ensure the accuracy and correctness of input/output layout, and framework will only do basic check.
[WARNING] PARALLEL(266386,ffffab17e020,python):2026-09-11-21:32:30.837.044 [mindspore/ccsrc/frontend/parallel/ops_info/self_define_shard_info.cc:104] CheckInputLayout] Use self define shard for SelfDefineShardInfo438438. User needs to ensure the accuracy and correctness of input/output layout, and framework will only do basic check.
[WARNING] PARALLEL(266386,ffffab17e020,python):2026-09-11-21:32:30.837.517 [mindspore/ccsrc/frontend/parallel/ops_info/self_define_shard_info.cc:104] CheckInputLayout] Use self define shard for SelfDefineShardInfo442442. User needs to ensure the accuracy and correctness of input/output layout, and framework will only do basic check.
[WARNING] PARALLEL(266386,ffffab17e020,python):2026-09-11-21:32:30.837.671 [mindspore/ccsrc/frontend/parallel/ops_info/self_define_shard_info.cc:104] CheckInputLayout] Use self define shard for SelfDefineShardInfo443443. User needs to ensure the accuracy and correctness of input/output layout, and framework will only do basic check.
[WARNING] PARALLEL(266386,ffffab17e020,python):2026-09-11-21:32:30.840.188 [mindspore/ccsrc/frontend/parallel/ops_info/self_define_shard_info.cc:104] CheckInputLayout] Use self define shard for SelfDefineShardInfo468468. User needs to ensure the accuracy and correctness of input/output layout, and framework will only do basic check.
[WARNING] PARALLEL(266386,ffffab17e020,python):2026-09-11-21:32:30.840.715 [mindspore/ccsrc/frontend/parallel/ops_info/self_define_shard_info.cc:104] CheckInputLayout] Use self define shard for SelfDefineShardInfo473473. User needs to ensure the accuracy and correctness of input/output layout, and framework will only do basic check.
[WARNING] PARALLEL(266386,ffffab17e020,python):2026-09-11-21:32:30.840.899 [mindspore/ccsrc/frontend/parallel/ops_info/self_define_shard_info.cc:104] CheckInputLayout] Use self define shard for SelfDefineShardInfo474474. User needs to ensure the accuracy and correctness of input/output layout, and framework will only do basic check.
[WARNING] PARALLEL(266386,ffffab17e020,python):2026-09-11-21:32:30.841.363 [mindspore/ccsrc/frontend/parallel/ops_info/self_define_shard_info.cc:104] CheckInputLayout] Use self define shard for SelfDefineShardInfo478478. User needs to ensure the accuracy and correctness of input/output layout, and framework will only do basic check.
[WARNING] PARALLEL(266386,ffffab17e020,python):2026-09-11-21:32:30.841.838 [mindspore/ccsrc/frontend/parallel/ops_info/self_define_shard_info.cc:104] CheckInputLayout] Use self define shard for SelfDefineShardInfo482482. User needs to ensure the accuracy and correctness of input/output layout, and framework will only do basic check.
[WARNING] PARALLEL(266386,ffffab17e020,python):2026-09-11-21:32:30.842.005 [mindspore/ccsrc/frontend/parallel/ops_info/self_define_shard_info.cc:104] CheckInputLayout] Use self define shard for SelfDefineShardInfo483483. User needs to ensure the accuracy and correctness of input/output layout, and framework will only do basic check.
[WARNING] PARALLEL(266386,ffffab17e020,python):2026-09-11-21:32:30.844.566 [mindspore/ccsrc/frontend/parallel/ops_info/self_define_shard_info.cc:104] CheckInputLayout] Use self define shard for SelfDefineShardInfo508508. User needs to ensure the accuracy and correctness of input/output layout, and framework will only do basic check.
[WARNING] PARALLEL(266386,ffffab17e020,python):2026-09-11-21:32:30.845.095 [mindspore/ccsrc/frontend/parallel/ops_info/self_define_shard_info.cc:104] CheckInputLayout] Use self define shard for SelfDefineShardInfo513513. User needs to ensure the accuracy and correctness of input/output layout, and framework will only do basic check.
[WARNING] PARALLEL(266386,ffffab17e020,python):2026-09-11-21:32:30.845.269 [mindspore/ccsrc/frontend/parallel/ops_info/self_define_shard_info.cc:104] CheckInputLayout] Use self define shard for SelfDefineShardInfo514514. User needs to ensure the accuracy and correctness of input/output layout, and framework will only do basic check.
[WARNING] PARALLEL(266386,ffffab17e020,python):2026-09-11-21:32:30.845.718 [mindspore/ccsrc/frontend/parallel/ops_info/self_define_shard_info.cc:104] CheckInputLayout] Use self define shard for SelfDefineShardInfo518518. User needs to ensure the accuracy and correctness of input/output layout, and framework will only do basic check.
[WARNING] PARALLEL(266386,ffffab17e020,python):2026-09-11-21:32:30.846.184 [mindspore/ccsrc/frontend/parallel/ops_info/self_define_shard_info.cc:104] CheckInputLayout] Use self define shard for SelfDefineShardInfo522522. User needs to ensure the accuracy and correctness of input/output layout, and framework will only do basic check.
[WARNING] PARALLEL(266386,ffffab17e020,python):2026-09-11-21:32:30.846.340 [mindspore/ccsrc/frontend/parallel/ops_info/self_define_shard_info.cc:104] CheckInputLayout] Use self define shard for SelfDefineShardInfo523523. User needs to ensure the accuracy and correctness of input/output layout, and framework will only do basic check.
[WARNING] PARALLEL(266386,ffffab17e020,python):2026-09-11-21:32:30.848.887 [mindspore/ccsrc/frontend/parallel/ops_info/self_define_shard_info.cc:104] CheckInputLayout] Use self define shard for SelfDefineShardInfo548548. User needs to ensure the accuracy and correctness of input/output layout, and framework will only do basic check.
[WARNING] PARALLEL(266386,ffffab17e020,python):2026-09-11-21:32:30.849.412 [mindspore/ccsrc/frontend/parallel/ops_info/self_define_shard_info.cc:104] CheckInputLayout] Use self define shard for SelfDefineShardInfo553553. User needs to ensure the accuracy and correctness of input/output layout, and framework will only do basic check.
[WARNING] PARALLEL(266386,ffffab17e020,python):2026-09-11-21:32:30.849.586 [mindspore/ccsrc/frontend/parallel/ops_info/self_define_shard_info.cc:104] CheckInputLayout] Use self define shard for SelfDefineShardInfo554554. User needs to ensure the accuracy and correctness of input/output layout, and framework will only do basic check.
[WARNING] PARALLEL(266386,ffffab17e020,python):2026-09-11-21:32:30.850.043 [mindspore/ccsrc/frontend/parallel/ops_info/self_define_shard_info.cc:104] CheckInputLayout] Use self define shard for SelfDefineShardInfo558558. User needs to ensure the accuracy and correctness of input/output layout, and framework will only do basic check.
[WARNING] PARALLEL(266386,ffffab17e020,python):2026-09-11-21:32:30.850.509 [mindspore/ccsrc/frontend/parallel/ops_info/self_define_shard_info.cc:104] CheckInputLayout] Use self define shard for SelfDefineShardInfo562562. User needs to ensure the accuracy and correctness of input/output layout, and framework will only do basic check.
[WARNING] PARALLEL(266386,ffffab17e020,python):2026-09-11-21:32:30.850.665 [mindspore/ccsrc/frontend/parallel/ops_info/self_define_shard_info.cc:104] CheckInputLayout] Use self define shard for SelfDefineShardInfo563563. User needs to ensure the accuracy and correctness of input/output layout, and framework will only do basic check.
[WARNING] PARALLEL(266386,ffffab17e020,python):2026-09-11-21:32:30.853.296 [mindspore/ccsrc/frontend/parallel/ops_info/self_define_shard_info.cc:104] CheckInputLayout] Use self define shard for SelfDefineShardInfo588588. User needs to ensure the accuracy and correctness of input/output layout, and framework will only do basic check.
[WARNING] PARALLEL(266386,ffffab17e020,python):2026-09-11-21:32:30.853.827 [mindspore/ccsrc/frontend/parallel/ops_info/self_define_shard_info.cc:104] CheckInputLayout] Use self define shard for SelfDefineShardInfo593593. User needs to ensure the accuracy and correctness of input/output layout, and framework will only do basic check.
[WARNING] PARALLEL(266386,ffffab17e020,python):2026-09-11-21:32:30.853.993 [mindspore/ccsrc/frontend/parallel/ops_info/self_define_shard_info.cc:104] CheckInputLayout] Use self define shard for SelfDefineShardInfo594594. User needs to ensure the accuracy and correctness of input/output layout, and framework will only do basic check.
[WARNING] PARALLEL(266386,ffffab17e020,python):2026-09-11-21:32:30.854.446 [mindspore/ccsrc/frontend/parallel/ops_info/self_define_shard_info.cc:104] CheckInputLayout] Use self define shard for SelfDefineShardInfo598598. User needs to ensure the accuracy and correctness of input/output layout, and framework will only do basic check.
[WARNING] PARALLEL(266386,ffffab17e020,python):2026-09-11-21:32:30.854.912 [mindspore/ccsrc/frontend/parallel/ops_info/self_define_shard_info.cc:104] CheckInputLayout] Use self define shard for SelfDefineShardInfo602602. User needs to ensure the accuracy and correctness of input/output layout, and framework will only do basic check.
[WARNING] PARALLEL(266386,ffffab17e020,python):2026-09-11-21:32:30.855.073 [mindspore/ccsrc/frontend/parallel/ops_info/self_define_shard_info.cc:104] CheckInputLayout] Use self define shard for SelfDefineShardInfo603603. User needs to ensure the accuracy and correctness of input/output layout, and framework will only do basic check.
[WARNING] PARALLEL(266386,ffffab17e020,python):2026-09-11-21:32:30.857.545 [mindspore/ccsrc/frontend/parallel/ops_info/self_define_shard_info.cc:104] CheckInputLayout] Use self define shard for SelfDefineShardInfo628628. User needs to ensure the accuracy and correctness of input/output layout, and framework will only do basic check.
[WARNING] PARALLEL(266386,ffffab17e020,python):2026-09-11-21:32:30.858.080 [mindspore/ccsrc/frontend/parallel/ops_info/self_define_shard_info.cc:104] CheckInputLayout] Use self define shard for SelfDefineShardInfo633633. User needs to ensure the accuracy and correctness of input/output layout, and framework will only do basic check.
[WARNING] PARALLEL(266386,ffffab17e020,python):2026-09-11-21:32:30.858.253 [mindspore/ccsrc/frontend/parallel/ops_info/self_define_shard_info.cc:104] CheckInputLayout] Use self define shard for SelfDefineShardInfo634634. User needs to ensure the accuracy and correctness of input/output layout, and framework will only do basic check.
[WARNING] PARALLEL(266386,ffffab17e020,python):2026-09-11-21:32:30.858.714 [mindspore/ccsrc/frontend/parallel/ops_info/self_define_shard_info.cc:104] CheckInputLayout] Use self define shard for SelfDefineShardInfo638638. User needs to ensure the accuracy and correctness of input/output layout, and framework will only do basic check.
[WARNING] PARALLEL(266386,ffffab17e020,python):2026-09-11-21:32:30.859.196 [mindspore/ccsrc/frontend/parallel/ops_info/self_define_shard_info.cc:104] CheckInputLayout] Use self define shard for SelfDefineShardInfo642642. User needs to ensure the accuracy and correctness of input/output layout, and framework will only do basic check.
[WARNING] PARALLEL(266386,ffffab17e020,python):2026-09-11-21:32:30.859.364 [mindspore/ccsrc/frontend/parallel/ops_info/self_define_shard_info.cc:104] CheckInputLayout] Use self define shard for SelfDefineShardInfo643643. User needs to ensure the accuracy and correctness of input/output layout, and framework will only do basic check.
[WARNING] PARALLEL(266386,ffffab17e020,python):2026-09-11-21:32:30.861.921 [mindspore/ccsrc/frontend/parallel/ops_info/self_define_shard_info.cc:104] CheckInputLayout] Use self define shard for SelfDefineShardInfo668668. User needs to ensure the accuracy and correctness of input/output layout, and framework will only do basic check.
[WARNING] PARALLEL(266386,ffffab17e020,python):2026-09-11-21:32:30.862.457 [mindspore/ccsrc/frontend/parallel/ops_info/self_define_shard_info.cc:104] CheckInputLayout] Use self define shard for SelfDefineShardInfo673673. User needs to ensure the accuracy and correctness of input/output layout, and framework will only do basic check.
[WARNING] PARALLEL(266386,ffffab17e020,python):2026-09-11-21:32:30.862.625 [mindspore/ccsrc/frontend/parallel/ops_info/self_define_shard_info.cc:104] CheckInputLayout] Use self define shard for SelfDefineShardInfo674674. User needs to ensure the accuracy and correctness of input/output layout, and framework will only do basic check.
[WARNING] PARALLEL(266386,ffffab17e020,python):2026-09-11-21:32:30.863.082 [mindspore/ccsrc/frontend/parallel/ops_info/self_define_shard_info.cc:104] CheckInputLayout] Use self define shard for SelfDefineShardInfo678678. User needs to ensure the accuracy and correctness of input/output layout, and framework will only do basic check.
[WARNING] PARALLEL(266386,ffffab17e020,python):2026-09-11-21:32:30.863.554 [mindspore/ccsrc/frontend/parallel/ops_info/self_define_shard_info.cc:104] CheckInputLayout] Use self define shard for SelfDefineShardInfo682682. User needs to ensure the accuracy and correctness of input/output layout, and framework will only do basic check.
[WARNING] PARALLEL(266386,ffffab17e020,python):2026-09-11-21:32:30.863.721 [mindspore/ccsrc/frontend/parallel/ops_info/self_define_shard_info.cc:104] CheckInputLayout] Use self define shard for SelfDefineShardInfo683683. User needs to ensure the accuracy and correctness of input/output layout, and framework will only do basic check.
[WARNING] PARALLEL(266386,ffffab17e020,python):2026-09-11-21:32:30.866.218 [mindspore/ccsrc/frontend/parallel/ops_info/self_define_shard_info.cc:104] CheckInputLayout] Use self define shard for SelfDefineShardInfo708708. User needs to ensure the accuracy and correctness of input/output layout, and framework will only do basic check.
[WARNING] PARALLEL(266386,ffffab17e020,python):2026-09-11-21:32:30.866.746 [mindspore/ccsrc/frontend/parallel/ops_info/self_define_shard_info.cc:104] CheckInputLayout] Use self define shard for SelfDefineShardInfo713713. User needs to ensure the accuracy and correctness of input/output layout, and framework will only do basic check.
[WARNING] PARALLEL(266386,ffffab17e020,python):2026-09-11-21:32:30.866.922 [mindspore/ccsrc/frontend/parallel/ops_info/self_define_shard_info.cc:104] CheckInputLayout] Use self define shard for SelfDefineShardInfo714714. User needs to ensure the accuracy and correctness of input/output layout, and framework will only do basic check.
[WARNING] PARALLEL(266386,ffffab17e020,python):2026-09-11-21:32:30.867.390 [mindspore/ccsrc/frontend/parallel/ops_info/self_define_shard_info.cc:104] CheckInputLayout] Use self define shard for SelfDefineShardInfo718718. User needs to ensure the accuracy and correctness of input/output layout, and framework will only do basic check.
[WARNING] PARALLEL(266386,ffffab17e020,python):2026-09-11-21:32:30.867.860 [mindspore/ccsrc/frontend/parallel/ops_info/self_define_shard_info.cc:104] CheckInputLayout] Use self define shard for SelfDefineShardInfo722722. User needs to ensure the accuracy and correctness of input/output layout, and framework will only do basic check.
[WARNING] PARALLEL(266386,ffffab17e020,python):2026-09-11-21:32:30.868.025 [mindspore/ccsrc/frontend/parallel/ops_info/self_define_shard_info.cc:104] CheckInputLayout] Use self define shard for SelfDefineShardInfo723723. User needs to ensure the accuracy and correctness of input/output layout, and framework will only do basic check.
[WARNING] PARALLEL(266386,ffffab17e020,python):2026-09-11-21:32:30.870.522 [mindspore/ccsrc/frontend/parallel/ops_info/self_define_shard_info.cc:104] CheckInputLayout] Use self define shard for SelfDefineShardInfo748748. User needs to ensure the accuracy and correctness of input/output layout, and framework will only do basic check.
[WARNING] PARALLEL(266386,ffffab17e020,python):2026-09-11-21:32:30.871.026 [mindspore/ccsrc/frontend/parallel/ops_info/self_define_shard_info.cc:104] CheckInputLayout] Use self define shard for SelfDefineShardInfo753753. User needs to ensure the accuracy and correctness of input/output layout, and framework will only do basic check.
[WARNING] PARALLEL(266386,ffffab17e020,python):2026-09-11-21:32:30.871.191 [mindspore/ccsrc/frontend/parallel/ops_info/self_define_shard_info.cc:104] CheckInputLayout] Use self define shard for SelfDefineShardInfo754754. User needs to ensure the accuracy and correctness of input/output layout, and framework will only do basic check.
[WARNING] PARALLEL(266386,ffffab17e020,python):2026-09-11-21:32:30.871.638 [mindspore/ccsrc/frontend/parallel/ops_info/self_define_shard_info.cc:104] CheckInputLayout] Use self define shard for SelfDefineShardInfo758758. User needs to ensure the accuracy and correctness of input/output layout, and framework will only do basic check.
[WARNING] PARALLEL(266386,ffffab17e020,python):2026-09-11-21:32:30.872.114 [mindspore/ccsrc/frontend/parallel/ops_info/self_define_shard_info.cc:104] CheckInputLayout] Use self define shard for SelfDefineShardInfo762762. User needs to ensure the accuracy and correctness of input/output layout, and framework will only do basic check.
[WARNING] PARALLEL(266386,ffffab17e020,python):2026-09-11-21:32:30.872.258 [mindspore/ccsrc/frontend/parallel/ops_info/self_define_shard_info.cc:104] CheckInputLayout] Use self define shard for SelfDefineShardInfo763763. User needs to ensure the accuracy and correctness of input/output layout, and framework will only do basic check.
[WARNING] PARALLEL(266386,ffffab17e020,python):2026-09-11-21:32:30.874.580 [mindspore/ccsrc/frontend/parallel/ops_info/self_define_shard_info.cc:104] CheckInputLayout] Use self define shard for SelfDefineShardInfo788788. User needs to ensure the accuracy and correctness of input/output layout, and framework will only do basic check.
[WARNING] PARALLEL(266386,ffffab17e020,python):2026-09-11-21:32:30.875.070 [mindspore/ccsrc/frontend/parallel/ops_info/self_define_shard_info.cc:104] CheckInputLayout] Use self define shard for SelfDefineShardInfo793793. User needs to ensure the accuracy and correctness of input/output layout, and framework will only do basic check.
[WARNING] PARALLEL(266386,ffffab17e020,python):2026-09-11-21:32:30.875.233 [mindspore/ccsrc/frontend/parallel/ops_info/self_define_shard_info.cc:104] CheckInputLayout] Use self define shard for SelfDefineShardInfo794794. User needs to ensure the accuracy and correctness of input/output layout, and framework will only do basic check.
[WARNING] PARALLEL(266386,ffffab17e020,python):2026-09-11-21:32:30.875.658 [mindspore/ccsrc/frontend/parallel/ops_info/self_define_shard_info.cc:104] CheckInputLayout] Use self define shard for SelfDefineShardInfo798798. User needs to ensure the accuracy and correctness of input/output layout, and framework will only do basic check.
[WARNING] PARALLEL(266386,ffffab17e020,python):2026-09-11-21:32:30.876.083 [mindspore/ccsrc/frontend/parallel/ops_info/self_define_shard_info.cc:104] CheckInputLayout] Use self define shard for SelfDefineShardInfo802802. User needs to ensure the accuracy and correctness of input/output layout, and framework will only do basic check.
[WARNING] PARALLEL(266386,ffffab17e020,python):2026-09-11-21:32:30.876.222 [mindspore/ccsrc/frontend/parallel/ops_info/self_define_shard_info.cc:104] CheckInputLayout] Use self define shard for SelfDefineShardInfo803803. User needs to ensure the accuracy and correctness of input/output layout, and framework will only do basic check.
[WARNING] PARALLEL(266386,ffffab17e020,python):2026-09-11-21:32:30.878.507 [mindspore/ccsrc/frontend/parallel/ops_info/self_define_shard_info.cc:104] CheckInputLayout] Use self define shard for SelfDefineShardInfo828828. User needs to ensure the accuracy and correctness of input/output layout, and framework will only do basic check.
[WARNING] PARALLEL(266386,ffffab17e020,python):2026-09-11-21:32:30.879.001 [mindspore/ccsrc/frontend/parallel/ops_info/self_define_shard_info.cc:104] CheckInputLayout] Use self define shard for SelfDefineShardInfo833833. User needs to ensure the accuracy and correctness of input/output layout, and framework will only do basic check.
[WARNING] PARALLEL(266386,ffffab17e020,python):2026-09-11-21:32:30.879.148 [mindspore/ccsrc/frontend/parallel/ops_info/self_define_shard_info.cc:104] CheckInputLayout] Use self define shard for SelfDefineShardInfo834834. User needs to ensure the accuracy and correctness of input/output layout, and framework will only do basic check.
[WARNING] PARALLEL(266386,ffffab17e020,python):2026-09-11-21:32:30.879.564 [mindspore/ccsrc/frontend/parallel/ops_info/self_define_shard_info.cc:104] CheckInputLayout] Use self define shard for SelfDefineShardInfo838838. User needs to ensure the accuracy and correctness of input/output layout, and framework will only do basic check.
[WARNING] PARALLEL(266386,ffffab17e020,python):2026-09-11-21:32:30.879.986 [mindspore/ccsrc/frontend/parallel/ops_info/self_define_shard_info.cc:104] CheckInputLayout] Use self define shard for SelfDefineShardInfo842842. User needs to ensure the accuracy and correctness of input/output layout, and framework will only do basic check.
[WARNING] PARALLEL(266386,ffffab17e020,python):2026-09-11-21:32:30.880.124 [mindspore/ccsrc/frontend/parallel/ops_info/self_define_shard_info.cc:104] CheckInputLayout] Use self define shard for SelfDefineShardInfo843843. User needs to ensure the accuracy and correctness of input/output layout, and framework will only do basic check.
[WARNING] PARALLEL(266386,ffffab17e020,python):2026-09-11-21:32:30.882.436 [mindspore/ccsrc/frontend/parallel/ops_info/self_define_shard_info.cc:104] CheckInputLayout] Use self define shard for SelfDefineShardInfo868868. User needs to ensure the accuracy and correctness of input/output layout, and framework will only do basic check.
[WARNING] PARALLEL(266386,ffffab17e020,python):2026-09-11-21:32:30.882.926 [mindspore/ccsrc/frontend/parallel/ops_info/self_define_shard_info.cc:104] CheckInputLayout] Use self define shard for SelfDefineShardInfo873873. User needs to ensure the accuracy and correctness of input/output layout, and framework will only do basic check.
[WARNING] PARALLEL(266386,ffffab17e020,python):2026-09-11-21:32:30.883.078 [mindspore/ccsrc/frontend/parallel/ops_info/self_define_shard_info.cc:104] CheckInputLayout] Use self define shard for SelfDefineShardInfo874874. User needs to ensure the accuracy and correctness of input/output layout, and framework will only do basic check.
[WARNING] PARALLEL(266386,ffffab17e020,python):2026-09-11-21:32:30.883.499 [mindspore/ccsrc/frontend/parallel/ops_info/self_define_shard_info.cc:104] CheckInputLayout] Use self define shard for SelfDefineShardInfo878878. User needs to ensure the accuracy and correctness of input/output layout, and framework will only do basic check.
[WARNING] PARALLEL(266386,ffffab17e020,python):2026-09-11-21:32:30.883.915 [mindspore/ccsrc/frontend/parallel/ops_info/self_define_shard_info.cc:104] CheckInputLayout] Use self define shard for SelfDefineShardInfo882882. User needs to ensure the accuracy and correctness of input/output layout, and framework will only do basic check.
[WARNING] PARALLEL(266386,ffffab17e020,python):2026-09-11-21:32:30.884.053 [mindspore/ccsrc/frontend/parallel/ops_info/self_define_shard_info.cc:104] CheckInputLayout] Use self define shard for SelfDefineShardInfo883883. User needs to ensure the accuracy and correctness of input/output layout, and framework will only do basic check.
[WARNING] PARALLEL(266386,ffffab17e020,python):2026-09-11-21:32:30.886.373 [mindspore/ccsrc/frontend/parallel/ops_info/self_define_shard_info.cc:104] CheckInputLayout] Use self define shard for SelfDefineShardInfo908908. User needs to ensure the accuracy and correctness of input/output layout, and framework will only do basic check.
[WARNING] PARALLEL(266386,ffffab17e020,python):2026-09-11-21:32:30.886.880 [mindspore/ccsrc/frontend/parallel/ops_info/self_define_shard_info.cc:104] CheckInputLayout] Use self define shard for SelfDefineShardInfo913913. User needs to ensure the accuracy and correctness of input/output layout, and framework will only do basic check.
[WARNING] PARALLEL(266386,ffffab17e020,python):2026-09-11-21:32:30.887.033 [mindspore/ccsrc/frontend/parallel/ops_info/self_define_shard_info.cc:104] CheckInputLayout] Use self define shard for SelfDefineShardInfo914914. User needs to ensure the accuracy and correctness of input/output layout, and framework will only do basic check.
[WARNING] PARALLEL(266386,ffffab17e020,python):2026-09-11-21:32:30.887.456 [mindspore/ccsrc/frontend/parallel/ops_info/self_define_shard_info.cc:104] CheckInputLayout] Use self define shard for SelfDefineShardInfo918918. User needs to ensure the accuracy and correctness of input/output layout, and framework will only do basic check.
[WARNING] PARALLEL(266386,ffffab17e020,python):2026-09-11-21:32:30.887.871 [mindspore/ccsrc/frontend/parallel/ops_info/self_define_shard_info.cc:104] CheckInputLayout] Use self define shard for SelfDefineShardInfo922922. User needs to ensure the accuracy and correctness of input/output layout, and framework will only do basic check.
[WARNING] PARALLEL(266386,ffffab17e020,python):2026-09-11-21:32:30.888.010 [mindspore/ccsrc/frontend/parallel/ops_info/self_define_shard_info.cc:104] CheckInputLayout] Use self define shard for SelfDefineShardInfo923923. User needs to ensure the accuracy and correctness of input/output layout, and framework will only do basic check.
[WARNING] PARALLEL(266386,ffffab17e020,python):2026-09-11-21:32:30.890.374 [mindspore/ccsrc/frontend/parallel/ops_info/self_define_shard_info.cc:104] CheckInputLayout] Use self define shard for SelfDefineShardInfo948948. User needs to ensure the accuracy and correctness of input/output layout, and framework will only do basic check.
[WARNING] PARALLEL(266386,ffffab17e020,python):2026-09-11-21:32:30.890.918 [mindspore/ccsrc/frontend/parallel/ops_info/self_define_shard_info.cc:104] CheckInputLayout] Use self define shard for SelfDefineShardInfo953953. User needs to ensure the accuracy and correctness of input/output layout, and framework will only do basic check.
[WARNING] PARALLEL(266386,ffffab17e020,python):2026-09-11-21:32:30.891.085 [mindspore/ccsrc/frontend/parallel/ops_info/self_define_shard_info.cc:104] CheckInputLayout] Use self define shard for SelfDefineShardInfo954954. User needs to ensure the accuracy and correctness of input/output layout, and framework will only do basic check.
[WARNING] PARALLEL(266386,ffffab17e020,python):2026-09-11-21:32:30.891.540 [mindspore/ccsrc/frontend/parallel/ops_info/self_define_shard_info.cc:104] CheckInputLayout] Use self define shard for SelfDefineShardInfo958958. User needs to ensure the accuracy and correctness of input/output layout, and framework will only do basic check.
[WARNING] PARALLEL(266386,ffffab17e020,python):2026-09-11-21:32:30.891.975 [mindspore/ccsrc/frontend/parallel/ops_info/self_define_shard_info.cc:104] CheckInputLayout] Use self define shard for SelfDefineShardInfo962962. User needs to ensure the accuracy and correctness of input/output layout, and framework will only do basic check.
[WARNING] PARALLEL(266386,ffffab17e020,python):2026-09-11-21:32:30.892.118 [mindspore/ccsrc/frontend/parallel/ops_info/self_define_shard_info.cc:104] CheckInputLayout] Use self define shard for SelfDefineShardInfo963963. User needs to ensure the accuracy and correctness of input/output layout, and framework will only do basic check.
[WARNING] PARALLEL(266386,ffffab17e020,python):2026-09-11-21:32:30.894.528 [mindspore/ccsrc/frontend/parallel/ops_info/self_define_shard_info.cc:104] CheckInputLayout] Use self define shard for SelfDefineShardInfo988988. User needs to ensure the accuracy and correctness of input/output layout, and framework will only do basic check.
[WARNING] PARALLEL(266386,ffffab17e020,python):2026-09-11-21:32:30.895.061 [mindspore/ccsrc/frontend/parallel/ops_info/self_define_shard_info.cc:104] CheckInputLayout] Use self define shard for SelfDefineShardInfo993993. User needs to ensure the accuracy and correctness of input/output layout, and framework will only do basic check.
[WARNING] PARALLEL(266386,ffffab17e020,python):2026-09-11-21:32:30.895.250 [mindspore/ccsrc/frontend/parallel/ops_info/self_define_shard_info.cc:104] CheckInputLayout] Use self define shard for SelfDefineShardInfo994994. User needs to ensure the accuracy and correctness of input/output layout, and framework will only do basic check.
[WARNING] PARALLEL(266386,ffffab17e020,python):2026-09-11-21:32:30.895.688 [mindspore/ccsrc/frontend/parallel/ops_info/self_define_shard_info.cc:104] CheckInputLayout] Use self define shard for SelfDefineShardInfo998998. User needs to ensure the accuracy and correctness of input/output layout, and framework will only do basic check.
[WARNING] PARALLEL(266386,ffffab17e020,python):2026-09-11-21:32:30.896.115 [mindspore/ccsrc/frontend/parallel/ops_info/self_define_shard_info.cc:104] CheckInputLayout] Use self define shard for SelfDefineShardInfo10021002. User needs to ensure the accuracy and correctness of input/output layout, and framework will only do basic check.
[WARNING] PARALLEL(266386,ffffab17e020,python):2026-09-11-21:32:30.896.260 [mindspore/ccsrc/frontend/parallel/ops_info/self_define_shard_info.cc:104] CheckInputLayout] Use self define shard for SelfDefineShardInfo10031003. User needs to ensure the accuracy and correctness of input/output layout, and framework will only do basic check.
[WARNING] PARALLEL(266386,ffffab17e020,python):2026-09-11-21:32:30.898.604 [mindspore/ccsrc/frontend/parallel/ops_info/self_define_shard_info.cc:104] CheckInputLayout] Use self define shard for SelfDefineShardInfo10281028. User needs to ensure the accuracy and correctness of input/output layout, and framework will only do basic check.
[WARNING] PARALLEL(266386,ffffab17e020,python):2026-09-11-21:32:30.899.143 [mindspore/ccsrc/frontend/parallel/ops_info/self_define_shard_info.cc:104] CheckInputLayout] Use self define shard for SelfDefineShardInfo10331033. User needs to ensure the accuracy and correctness of input/output layout, and framework will only do basic check.
[WARNING] PARALLEL(266386,ffffab17e020,python):2026-09-11-21:32:30.899.305 [mindspore/ccsrc/frontend/parallel/ops_info/self_define_shard_info.cc:104] CheckInputLayout] Use self define shard for SelfDefineShardInfo10341034. User needs to ensure the accuracy and correctness of input/output layout, and framework will only do basic check.
[WARNING] PARALLEL(266386,ffffab17e020,python):2026-09-11-21:32:30.899.751 [mindspore/ccsrc/frontend/parallel/ops_info/self_define_shard_info.cc:104] CheckInputLayout] Use self define shard for SelfDefineShardInfo10381038. User needs to ensure the accuracy and correctness of input/output layout, and framework will only do basic check.
[WARNING] PARALLEL(266386,ffffab17e020,python):2026-09-11-21:32:30.900.188 [mindspore/ccsrc/frontend/parallel/ops_info/self_define_shard_info.cc:104] CheckInputLayout] Use self define shard for SelfDefineShardInfo10421042. User needs to ensure the accuracy and correctness of input/output layout, and framework will only do basic check.
[WARNING] PARALLEL(266386,ffffab17e020,python):2026-09-11-21:32:30.900.327 [mindspore/ccsrc/frontend/parallel/ops_info/self_define_shard_info.cc:104] CheckInputLayout] Use self define shard for SelfDefineShardInfo10431043. User needs to ensure the accuracy and correctness of input/output layout, and framework will only do basic check.
[WARNING] PARALLEL(266386,ffffab17e020,python):2026-09-11-21:32:30.902.648 [mindspore/ccsrc/frontend/parallel/ops_info/self_define_shard_info.cc:104] CheckInputLayout] Use self define shard for SelfDefineShardInfo10681068. User needs to ensure the accuracy and correctness of input/output layout, and framework will only do basic check.
[WARNING] PARALLEL(266386,ffffab17e020,python):2026-09-11-21:32:30.903.172 [mindspore/ccsrc/frontend/parallel/ops_info/self_define_shard_info.cc:104] CheckInputLayout] Use self define shard for SelfDefineShardInfo10731073. User needs to ensure the accuracy and correctness of input/output layout, and framework will only do basic check.
[WARNING] PARALLEL(266386,ffffab17e020,python):2026-09-11-21:32:30.903.348 [mindspore/ccsrc/frontend/parallel/ops_info/self_define_shard_info.cc:104] CheckInputLayout] Use self define shard for SelfDefineShardInfo10741074. User needs to ensure the accuracy and correctness of input/output layout, and framework will only do basic check.
[WARNING] PARALLEL(266386,ffffab17e020,python):2026-09-11-21:32:30.903.781 [mindspore/ccsrc/frontend/parallel/ops_info/self_define_shard_info.cc:104] CheckInputLayout] Use self define shard for SelfDefineShardInfo10781078. User needs to ensure the accuracy and correctness of input/output layout, and framework will only do basic check.
[WARNING] PARALLEL(266386,ffffab17e020,python):2026-09-11-21:32:30.904.211 [mindspore/ccsrc/frontend/parallel/ops_info/self_define_shard_info.cc:104] CheckInputLayout] Use self define shard for SelfDefineShardInfo10821082. User needs to ensure the accuracy and correctness of input/output layout, and framework will only do basic check.
[WARNING] PARALLEL(266386,ffffab17e020,python):2026-09-11-21:32:30.904.351 [mindspore/ccsrc/frontend/parallel/ops_info/self_define_shard_info.cc:104] CheckInputLayout] Use self define shard for SelfDefineShardInfo10831083. User needs to ensure the accuracy and correctness of input/output layout, and framework will only do basic check.
[WARNING] PARALLEL(266386,ffffab17e020,python):2026-09-11-21:32:30.906.688 [mindspore/ccsrc/frontend/parallel/ops_info/self_define_shard_info.cc:104] CheckInputLayout] Use self define shard for SelfDefineShardInfo11081108. User needs to ensure the accuracy and correctness of input/output layout, and framework will only do basic check.
[WARNING] PARALLEL(266386,ffffab17e020,python):2026-09-11-21:32:30.907.224 [mindspore/ccsrc/frontend/parallel/ops_info/self_define_shard_info.cc:104] CheckInputLayout] Use self define shard for SelfDefineShardInfo11131113. User needs to ensure the accuracy and correctness of input/output layout, and framework will only do basic check.
[WARNING] PARALLEL(266386,ffffab17e020,python):2026-09-11-21:32:30.907.386 [mindspore/ccsrc/frontend/parallel/ops_info/self_define_shard_info.cc:104] CheckInputLayout] Use self define shard for SelfDefineShardInfo11141114. User needs to ensure the accuracy and correctness of input/output layout, and framework will only do basic check.
[WARNING] PARALLEL(266386,ffffab17e020,python):2026-09-11-21:32:30.907.818 [mindspore/ccsrc/frontend/parallel/ops_info/self_define_shard_info.cc:104] CheckInputLayout] Use self define shard for SelfDefineShardInfo11181118. User needs to ensure the accuracy and correctness of input/output layout, and framework will only do basic check.
[WARNING] PARALLEL(266386,ffffab17e020,python):2026-09-11-21:32:30.908.254 [mindspore/ccsrc/frontend/parallel/ops_info/self_define_shard_info.cc:104] CheckInputLayout] Use self define shard for SelfDefineShardInfo11221122. User needs to ensure the accuracy and correctness of input/output layout, and framework will only do basic check.
[WARNING] PARALLEL(266386,ffffab17e020,python):2026-09-11-21:32:30.908.394 [mindspore/ccsrc/frontend/parallel/ops_info/self_define_shard_info.cc:104] CheckInputLayout] Use self define shard for SelfDefineShardInfo11231123. User needs to ensure the accuracy and correctness of input/output layout, and framework will only do basic check.
[WARNING] PARALLEL(266386,ffffab17e020,python):2026-09-11-21:32:30.910.736 [mindspore/ccsrc/frontend/parallel/ops_info/self_define_shard_info.cc:104] CheckInputLayout] Use self define shard for SelfDefineShardInfo11481148. User needs to ensure the accuracy and correctness of input/output layout, and framework will only do basic check.
[WARNING] PARALLEL(266386,ffffab17e020,python):2026-09-11-21:32:30.911.266 [mindspore/ccsrc/frontend/parallel/ops_info/self_define_shard_info.cc:104] CheckInputLayout] Use self define shard for SelfDefineShardInfo11531153. User needs to ensure the accuracy and correctness of input/output layout, and framework will only do basic check.
[WARNING] PARALLEL(266386,ffffab17e020,python):2026-09-11-21:32:30.911.433 [mindspore/ccsrc/frontend/parallel/ops_info/self_define_shard_info.cc:104] CheckInputLayout] Use self define shard for SelfDefineShardInfo11541154. User needs to ensure the accuracy and correctness of input/output layout, and framework will only do basic check.
[WARNING] PARALLEL(266386,ffffab17e020,python):2026-09-11-21:32:30.911.878 [mindspore/ccsrc/frontend/parallel/ops_info/self_define_shard_info.cc:104] CheckInputLayout] Use self define shard for SelfDefineShardInfo11581158. User needs to ensure the accuracy and correctness of input/output layout, and framework will only do basic check.
[WARNING] PARALLEL(266386,ffffab17e020,python):2026-09-11-21:32:30.912.310 [mindspore/ccsrc/frontend/parallel/ops_info/self_define_shard_info.cc:104] CheckInputLayout] Use self define shard for SelfDefineShardInfo11621162. User needs to ensure the accuracy and correctness of input/output layout, and framework will only do basic check.
[WARNING] PARALLEL(266386,ffffab17e020,python):2026-09-11-21:32:30.912.456 [mindspore/ccsrc/frontend/parallel/ops_info/self_define_shard_info.cc:104] CheckInputLayout] Use self define shard for SelfDefineShardInfo11631163. User needs to ensure the accuracy and correctness of input/output layout, and framework will only do basic check.
[WARNING] PARALLEL(266386,ffffab17e020,python):2026-09-11-21:32:30.914.913 [mindspore/ccsrc/frontend/parallel/ops_info/self_define_shard_info.cc:104] CheckInputLayout] Use self define shard for SelfDefineShardInfo11881188. User needs to ensure the accuracy and correctness of input/output layout, and framework will only do basic check.
[WARNING] PARALLEL(266386,ffffab17e020,python):2026-09-11-21:32:30.915.466 [mindspore/ccsrc/frontend/parallel/ops_info/self_define_shard_info.cc:104] CheckInputLayout] Use self define shard for SelfDefineShardInfo11931193. User needs to ensure the accuracy and correctness of input/output layout, and framework will only do basic check.
[WARNING] PARALLEL(266386,ffffab17e020,python):2026-09-11-21:32:30.915.646 [mindspore/ccsrc/frontend/parallel/ops_info/self_define_shard_info.cc:104] CheckInputLayout] Use self define shard for SelfDefineShardInfo11941194. User needs to ensure the accuracy and correctness of input/output layout, and framework will only do basic check.
[WARNING] PARALLEL(266386,ffffab17e020,python):2026-09-11-21:32:30.916.090 [mindspore/ccsrc/frontend/parallel/ops_info/self_define_shard_info.cc:104] CheckInputLayout] Use self define shard for SelfDefineShardInfo11981198. User needs to ensure the accuracy and correctness of input/output layout, and framework will only do basic check.
[WARNING] PARALLEL(266386,ffffab17e020,python):2026-09-11-21:32:30.916.549 [mindspore/ccsrc/frontend/parallel/ops_info/self_define_shard_info.cc:104] CheckInputLayout] Use self define shard for SelfDefineShardInfo12021202. User needs to ensure the accuracy and correctness of input/output layout, and framework will only do basic check.
[WARNING] PARALLEL(266386,ffffab17e020,python):2026-09-11-21:32:30.916.701 [mindspore/ccsrc/frontend/parallel/ops_info/self_define_shard_info.cc:104] CheckInputLayout] Use self define shard for SelfDefineShardInfo12031203. User needs to ensure the accuracy and correctness of input/output layout, and framework will only do basic check.
[WARNING] PARALLEL(266386,ffffab17e020,python):2026-09-11-21:32:30.919.127 [mindspore/ccsrc/frontend/parallel/ops_info/self_define_shard_info.cc:104] CheckInputLayout] Use self define shard for SelfDefineShardInfo12281228. User needs to ensure the accuracy and correctness of input/output layout, and framework will only do basic check.
[WARNING] PARALLEL(266386,ffffab17e020,python):2026-09-11-21:32:30.919.686 [mindspore/ccsrc/frontend/parallel/ops_info/self_define_shard_info.cc:104] CheckInputLayout] Use self define shard for SelfDefineShardInfo12331233. User needs to ensure the accuracy and correctness of input/output layout, and framework will only do basic check.
[WARNING] PARALLEL(266386,ffffab17e020,python):2026-09-11-21:32:30.919.856 [mindspore/ccsrc/frontend/parallel/ops_info/self_define_shard_info.cc:104] CheckInputLayout] Use self define shard for SelfDefineShardInfo12341234. User needs to ensure the accuracy and correctness of input/output layout, and framework will only do basic check.
[WARNING] PARALLEL(266386,ffffab17e020,python):2026-09-11-21:32:30.920.303 [mindspore/ccsrc/frontend/parallel/ops_info/self_define_shard_info.cc:104] CheckInputLayout] Use self define shard for SelfDefineShardInfo12381238. User needs to ensure the accuracy and correctness of input/output layout, and framework will only do basic check.
[WARNING] PARALLEL(266386,ffffab17e020,python):2026-09-11-21:32:30.920.763 [mindspore/ccsrc/frontend/parallel/ops_info/self_define_shard_info.cc:104] CheckInputLayout] Use self define shard for SelfDefineShardInfo12421242. User needs to ensure the accuracy and correctness of input/output layout, and framework will only do basic check.
[WARNING] PARALLEL(266386,ffffab17e020,python):2026-09-11-21:32:30.920.918 [mindspore/ccsrc/frontend/parallel/ops_info/self_define_shard_info.cc:104] CheckInputLayout] Use self define shard for SelfDefineShardInfo12431243. User needs to ensure the accuracy and correctness of input/output layout, and framework will only do basic check.
[WARNING] PARALLEL(266386,ffffab17e020,python):2026-09-11-21:32:30.923.478 [mindspore/ccsrc/frontend/parallel/ops_info/self_define_shard_info.cc:104] CheckInputLayout] Use self define shard for SelfDefineShardInfo12681268. User needs to ensure the accuracy and correctness of input/output layout, and framework will only do basic check.
[WARNING] PARALLEL(266386,ffffab17e020,python):2026-09-11-21:32:30.924.032 [mindspore/ccsrc/frontend/parallel/ops_info/self_define_shard_info.cc:104] CheckInputLayout] Use self define shard for SelfDefineShardInfo12731273. User needs to ensure the accuracy and correctness of input/output layout, and framework will only do basic check.
[WARNING] PARALLEL(266386,ffffab17e020,python):2026-09-11-21:32:30.924.199 [mindspore/ccsrc/frontend/parallel/ops_info/self_define_shard_info.cc:104] CheckInputLayout] Use self define shard for SelfDefineShardInfo12741274. User needs to ensure the accuracy and correctness of input/output layout, and framework will only do basic check.
[WARNING] PARALLEL(266386,ffffab17e020,python):2026-09-11-21:32:30.924.667 [mindspore/ccsrc/frontend/parallel/ops_info/self_define_shard_info.cc:104] CheckInputLayout] Use self define shard for SelfDefineShardInfo12781278. User needs to ensure the accuracy and correctness of input/output layout, and framework will only do basic check.
[WARNING] PARALLEL(266386,ffffab17e020,python):2026-09-11-21:32:30.925.143 [mindspore/ccsrc/frontend/parallel/ops_info/self_define_shard_info.cc:104] CheckInputLayout] Use self define shard for SelfDefineShardInfo12821282. User needs to ensure the accuracy and correctness of input/output layout, and framework will only do basic check.
[WARNING] PARALLEL(266386,ffffab17e020,python):2026-09-11-21:32:30.925.287 [mindspore/ccsrc/frontend/parallel/ops_info/self_define_shard_info.cc:104] CheckInputLayout] Use self define shard for SelfDefineShardInfo12831283. User needs to ensure the accuracy and correctness of input/output layout, and framework will only do basic check.
[WARNING] PARALLEL(266386,ffffab17e020,python):2026-09-11-21:32:30.927.786 [mindspore/ccsrc/frontend/parallel/ops_info/self_define_shard_info.cc:104] CheckInputLayout] Use self define shard for SelfDefineShardInfo13081308. User needs to ensure the accuracy and correctness of input/output layout, and framework will only do basic check.
[WARNING] PARALLEL(266386,ffffab17e020,python):2026-09-11-21:32:30.928.327 [mindspore/ccsrc/frontend/parallel/ops_info/self_define_shard_info.cc:104] CheckInputLayout] Use self define shard for SelfDefineShardInfo13131313. User needs to ensure the accuracy and correctness of input/output layout, and framework will only do basic check.
[WARNING] PARALLEL(266386,ffffab17e020,python):2026-09-11-21:32:30.928.484 [mindspore/ccsrc/frontend/parallel/ops_info/self_define_shard_info.cc:104] CheckInputLayout] Use self define shard for SelfDefineShardInfo13141314. User needs to ensure the accuracy and correctness of input/output layout, and framework will only do basic check.
[WARNING] PARALLEL(266386,ffffab17e020,python):2026-09-11-21:32:30.928.962 [mindspore/ccsrc/frontend/parallel/ops_info/self_define_shard_info.cc:104] CheckInputLayout] Use self define shard for SelfDefineShardInfo13181318. User needs to ensure the accuracy and correctness of input/output layout, and framework will only do basic check.
[WARNING] PARALLEL(266386,ffffab17e020,python):2026-09-11-21:32:30.929.433 [mindspore/ccsrc/frontend/parallel/ops_info/self_define_shard_info.cc:104] CheckInputLayout] Use self define shard for SelfDefineShardInfo13221322. User needs to ensure the accuracy and correctness of input/output layout, and framework will only do basic check.
[WARNING] PARALLEL(266386,ffffab17e020,python):2026-09-11-21:32:30.929.573 [mindspore/ccsrc/frontend/parallel/ops_info/self_define_shard_info.cc:104] CheckInputLayout] Use self define shard for SelfDefineShardInfo13231323. User needs to ensure the accuracy and correctness of input/output layout, and framework will only do basic check.
[WARNING] PARALLEL(266386,ffffab17e020,python):2026-09-11-21:32:30.932.055 [mindspore/ccsrc/frontend/parallel/ops_info/self_define_shard_info.cc:104] CheckInputLayout] Use self define shard for SelfDefineShardInfo13481348. User needs to ensure the accuracy and correctness of input/output layout, and framework will only do basic check.
[WARNING] PARALLEL(266386,ffffab17e020,python):2026-09-11-21:32:30.932.601 [mindspore/ccsrc/frontend/parallel/ops_info/self_define_shard_info.cc:104] CheckInputLayout] Use self define shard for SelfDefineShardInfo13531353. User needs to ensure the accuracy and correctness of input/output layout, and framework will only do basic check.
[WARNING] PARALLEL(266386,ffffab17e020,python):2026-09-11-21:32:30.932.770 [mindspore/ccsrc/frontend/parallel/ops_info/self_define_shard_info.cc:104] CheckInputLayout] Use self define shard for SelfDefineShardInfo13541354. User needs to ensure the accuracy and correctness of input/output layout, and framework will only do basic check.
[WARNING] PARALLEL(266386,ffffab17e020,python):2026-09-11-21:32:30.933.234 [mindspore/ccsrc/frontend/parallel/ops_info/self_define_shard_info.cc:104] CheckInputLayout] Use self define shard for SelfDefineShardInfo13581358. User needs to ensure the accuracy and correctness of input/output layout, and framework will only do basic check.
[WARNING] PARALLEL(266386,ffffab17e020,python):2026-09-11-21:32:30.933.703 [mindspore/ccsrc/frontend/parallel/ops_info/self_define_shard_info.cc:104] CheckInputLayout] Use self define shard for SelfDefineShardInfo13621362. User needs to ensure the accuracy and correctness of input/output layout, and framework will only do basic check.
[WARNING] PARALLEL(266386,ffffab17e020,python):2026-09-11-21:32:30.933.854 [mindspore/ccsrc/frontend/parallel/ops_info/self_define_shard_info.cc:104] CheckInputLayout] Use self define shard for SelfDefineShardInfo13631363. User needs to ensure the accuracy and correctness of input/output layout, and framework will only do basic check.
[WARNING] PARALLEL(266386,ffffab17e020,python):2026-09-11-21:32:30.936.319 [mindspore/ccsrc/frontend/parallel/ops_info/self_define_shard_info.cc:104] CheckInputLayout] Use self define shard for SelfDefineShardInfo13881388. User needs to ensure the accuracy and correctness of input/output layout, and framework will only do basic check.
[WARNING] PARALLEL(266386,ffffab17e020,python):2026-09-11-21:32:30.936.864 [mindspore/ccsrc/frontend/parallel/ops_info/self_define_shard_info.cc:104] CheckInputLayout] Use self define shard for SelfDefineShardInfo13931393. User needs to ensure the accuracy and correctness of input/output layout, and framework will only do basic check.
[WARNING] PARALLEL(266386,ffffab17e020,python):2026-09-11-21:32:30.937.026 [mindspore/ccsrc/frontend/parallel/ops_info/self_define_shard_info.cc:104] CheckInputLayout] Use self define shard for SelfDefineShardInfo13941394. User needs to ensure the accuracy and correctness of input/output layout, and framework will only do basic check.
[WARNING] PARALLEL(266386,ffffab17e020,python):2026-09-11-21:32:30.937.484 [mindspore/ccsrc/frontend/parallel/ops_info/self_define_shard_info.cc:104] CheckInputLayout] Use self define shard for SelfDefineShardInfo13981398. User needs to ensure the accuracy and correctness of input/output layout, and framework will only do basic check.
[WARNING] PARALLEL(266386,ffffab17e020,python):2026-09-11-21:32:30.937.945 [mindspore/ccsrc/frontend/parallel/ops_info/self_define_shard_info.cc:104] CheckInputLayout] Use self define shard for SelfDefineShardInfo14021402. User needs to ensure the accuracy and correctness of input/output layout, and framework will only do basic check.
[WARNING] PARALLEL(266386,ffffab17e020,python):2026-09-11-21:32:30.938.095 [mindspore/ccsrc/frontend/parallel/ops_info/self_define_shard_info.cc:104] CheckInputLayout] Use self define shard for SelfDefineShardInfo14031403. User needs to ensure the accuracy and correctness of input/output layout, and framework will only do basic check.
[WARNING] PARALLEL(266386,ffffab17e020,python):2026-09-11-21:32:30.940.581 [mindspore/ccsrc/frontend/parallel/ops_info/self_define_shard_info.cc:104] CheckInputLayout] Use self define shard for SelfDefineShardInfo14281428. User needs to ensure the accuracy and correctness of input/output layout, and framework will only do basic check.
[WARNING] PARALLEL(266386,ffffab17e020,python):2026-09-11-21:32:30.941.114 [mindspore/ccsrc/frontend/parallel/ops_info/self_define_shard_info.cc:104] CheckInputLayout] Use self define shard for SelfDefineShardInfo14331433. User needs to ensure the accuracy and correctness of input/output layout, and framework will only do basic check.
[WARNING] PARALLEL(266386,ffffab17e020,python):2026-09-11-21:32:30.941.267 [mindspore/ccsrc/frontend/parallel/ops_info/self_define_shard_info.cc:104] CheckInputLayout] Use self define shard for SelfDefineShardInfo14341434. User needs to ensure the accuracy and correctness of input/output layout, and framework will only do basic check.
[WARNING] PARALLEL(266386,ffffab17e020,python):2026-09-11-21:32:30.941.722 [mindspore/ccsrc/frontend/parallel/ops_info/self_define_shard_info.cc:104] CheckInputLayout] Use self define shard for SelfDefineShardInfo14381438. User needs to ensure the accuracy and correctness of input/output layout, and framework will only do basic check.
[WARNING] PARALLEL(266386,ffffab17e020,python):2026-09-11-21:32:30.942.202 [mindspore/ccsrc/frontend/parallel/ops_info/self_define_shard_info.cc:104] CheckInputLayout] Use self define shard for SelfDefineShardInfo14421442. User needs to ensure the accuracy and correctness of input/output layout, and framework will only do basic check.
[WARNING] PARALLEL(266386,ffffab17e020,python):2026-09-11-21:32:30.942.622 [mindspore/ccsrc/frontend/parallel/ops_info/self_define_shard_info.cc:104] CheckInputLayout] Use self define shard for SelfDefineShardInfo14461446. User needs to ensure the accuracy and correctness of input/output layout, and framework will only do basic check.
[WARNING] PARALLEL(266386,ffffab17e020,python):2026-09-11-21:32:30.944.815 [mindspore/ccsrc/frontend/parallel/ops_info/self_define_shard_info.cc:104] CheckInputLayout] Use self define shard for SelfDefineShardInfo14661466. User needs to ensure the accuracy and correctness of input/output layout, and framework will only do basic check.
[WARNING] PARALLEL(266386,ffffab17e020,python):2026-09-11-21:32:30.944.972 [mindspore/ccsrc/frontend/parallel/ops_info/self_define_shard_info.cc:104] CheckInputLayout] Use self define shard for SelfDefineShardInfo14671467. User needs to ensure the accuracy and correctness of input/output layout, and framework will only do basic check.
[WARNING] PARALLEL(266386,ffffab17e020,python):2026-09-11-21:32:30.945.193 [mindspore/ccsrc/frontend/parallel/ops_info/self_define_shard_info.cc:104] CheckInputLayout] Use self define shard for SelfDefineShardInfo14681468. User needs to ensure the accuracy and correctness of input/output layout, and framework will only do basic check.
[WARNING] PARALLEL(266386,ffffab17e020,python):2026-09-11-21:32:30.945.398 [mindspore/ccsrc/frontend/parallel/ops_info/self_define_shard_info.cc:104] CheckInputLayout] Use self define shard for SelfDefineShardInfo14691469. User needs to ensure the accuracy and correctness of input/output layout, and framework will only do basic check.
[WARNING] PARALLEL(266386,ffffab17e020,python):2026-09-11-21:32:30.945.645 [mindspore/ccsrc/frontend/parallel/ops_info/self_define_shard_info.cc:104] CheckInputLayout] Use self define shard for SelfDefineShardInfo14701470. User needs to ensure the accuracy and correctness of input/output layout, and framework will only do basic check.
[WARNING] PARALLEL(266386,ffffab17e020,python):2026-09-11-21:32:30.945.838 [mindspore/ccsrc/frontend/parallel/ops_info/self_define_shard_info.cc:104] CheckInputLayout] Use self define shard for SelfDefineShardInfo14711471. User needs to ensure the accuracy and correctness of input/output layout, and framework will only do basic check.
[WARNING] PARALLEL(266386,ffffab17e020,python):2026-09-11-21:32:30.946.081 [mindspore/ccsrc/frontend/parallel/ops_info/self_define_shard_info.cc:104] CheckInputLayout] Use self define shard for SelfDefineShardInfo14721472. User needs to ensure the accuracy and correctness of input/output layout, and framework will only do basic check.
[WARNING] PARALLEL(266386,ffffab17e020,python):2026-09-11-21:32:30.946.285 [mindspore/ccsrc/frontend/parallel/ops_info/self_define_shard_info.cc:104] CheckInputLayout] Use self define shard for SelfDefineShardInfo14731473. User needs to ensure the accuracy and correctness of input/output layout, and framework will only do basic check.
[WARNING] PARALLEL(266386,ffffab17e020,python):2026-09-11-21:32:30.946.514 [mindspore/ccsrc/frontend/parallel/ops_info/self_define_shard_info.cc:104] CheckInputLayout] Use self define shard for SelfDefineShardInfo14741474. User needs to ensure the accuracy and correctness of input/output layout, and framework will only do basic check.
[WARNING] PARALLEL(266386,ffffab17e020,python):2026-09-11-21:32:30.946.710 [mindspore/ccsrc/frontend/parallel/ops_info/self_define_shard_info.cc:104] CheckInputLayout] Use self define shard for SelfDefineShardInfo14751475. User needs to ensure the accuracy and correctness of input/output layout, and framework will only do basic check.
[WARNING] PARALLEL(266386,ffffab17e020,python):2026-09-11-21:32:30.946.936 [mindspore/ccsrc/frontend/parallel/ops_info/self_define_shard_info.cc:104] CheckInputLayout] Use self define shard for SelfDefineShardInfo14761476. User needs to ensure the accuracy and correctness of input/output layout, and framework will only do basic check.
[WARNING] PARALLEL(266386,ffffab17e020,python):2026-09-11-21:32:30.947.148 [mindspore/ccsrc/frontend/parallel/ops_info/self_define_shard_info.cc:104] CheckInputLayout] Use self define shard for SelfDefineShardInfo14771477. User needs to ensure the accuracy and correctness of input/output layout, and framework will only do basic check.
[WARNING] PARALLEL(266386,ffffab17e020,python):2026-09-11-21:32:30.947.383 [mindspore/ccsrc/frontend/parallel/ops_info/self_define_shard_info.cc:104] CheckInputLayout] Use self define shard for SelfDefineShardInfo14781478. User needs to ensure the accuracy and correctness of input/output layout, and framework will only do basic check.
[WARNING] PARALLEL(266386,ffffab17e020,python):2026-09-11-21:32:30.947.573 [mindspore/ccsrc/frontend/parallel/ops_info/self_define_shard_info.cc:104] CheckInputLayout] Use self define shard for SelfDefineShardInfo14791479. User needs to ensure the accuracy and correctness of input/output layout, and framework will only do basic check.
[WARNING] PARALLEL(266386,ffffab17e020,python):2026-09-11-21:32:30.947.812 [mindspore/ccsrc/frontend/parallel/ops_info/self_define_shard_info.cc:104] CheckInputLayout] Use self define shard for SelfDefineShardInfo14801480. User needs to ensure the accuracy and correctness of input/output layout, and framework will only do basic check.
[WARNING] PARALLEL(266386,ffffab17e020,python):2026-09-11-21:32:30.948.018 [mindspore/ccsrc/frontend/parallel/ops_info/self_define_shard_info.cc:104] CheckInputLayout] Use self define shard for SelfDefineShardInfo14811481. User needs to ensure the accuracy and correctness of input/output layout, and framework will only do basic check.
[WARNING] PARALLEL(266386,ffffab17e020,python):2026-09-11-21:32:30.948.236 [mindspore/ccsrc/frontend/parallel/ops_info/self_define_shard_info.cc:104] CheckInputLayout] Use self define shard for SelfDefineShardInfo14821482. User needs to ensure the accuracy and correctness of input/output layout, and framework will only do basic check.
[WARNING] PARALLEL(266386,ffffab17e020,python):2026-09-11-21:32:30.948.423 [mindspore/ccsrc/frontend/parallel/ops_info/self_define_shard_info.cc:104] CheckInputLayout] Use self define shard for SelfDefineShardInfo14831483. User needs to ensure the accuracy and correctness of input/output layout, and framework will only do basic check.
[WARNING] PARALLEL(266386,ffffab17e020,python):2026-09-11-21:32:30.948.670 [mindspore/ccsrc/frontend/parallel/ops_info/self_define_shard_info.cc:104] CheckInputLayout] Use self define shard for SelfDefineShardInfo14841484. User needs to ensure the accuracy and correctness of input/output layout, and framework will only do basic check.
[WARNING] PARALLEL(266386,ffffab17e020,python):2026-09-11-21:32:30.948.875 [mindspore/ccsrc/frontend/parallel/ops_info/self_define_shard_info.cc:104] CheckInputLayout] Use self define shard for SelfDefineShardInfo14851485. User needs to ensure the accuracy and correctness of input/output layout, and framework will only do basic check.
[WARNING] PARALLEL(266386,ffffab17e020,python):2026-09-11-21:32:30.949.108 [mindspore/ccsrc/frontend/parallel/ops_info/self_define_shard_info.cc:104] CheckInputLayout] Use self define shard for SelfDefineShardInfo14861486. User needs to ensure the accuracy and correctness of input/output layout, and framework will only do basic check.
[WARNING] PARALLEL(266386,ffffab17e020,python):2026-09-11-21:32:30.949.306 [mindspore/ccsrc/frontend/parallel/ops_info/self_define_shard_info.cc:104] CheckInputLayout] Use self define shard for SelfDefineShardInfo14871487. User needs to ensure the accuracy and correctness of input/output layout, and framework will only do basic check.
[WARNING] PARALLEL(266386,ffffab17e020,python):2026-09-11-21:32:30.949.562 [mindspore/ccsrc/frontend/parallel/ops_info/self_define_shard_info.cc:104] CheckInputLayout] Use self define shard for SelfDefineShardInfo14881488. User needs to ensure the accuracy and correctness of input/output layout, and framework will only do basic check.
[WARNING] PARALLEL(266386,ffffab17e020,python):2026-09-11-21:32:30.949.759 [mindspore/ccsrc/frontend/parallel/ops_info/self_define_shard_info.cc:104] CheckInputLayout] Use self define shard for SelfDefineShardInfo14891489. User needs to ensure the accuracy and correctness of input/output layout, and framework will only do basic check.
[WARNING] PARALLEL(266386,ffffab17e020,python):2026-09-11-21:32:30.949.988 [mindspore/ccsrc/frontend/parallel/ops_info/self_define_shard_info.cc:104] CheckInputLayout] Use self define shard for SelfDefineShardInfo14901490. User needs to ensure the accuracy and correctness of input/output layout, and framework will only do basic check.
[WARNING] PARALLEL(266386,ffffab17e020,python):2026-09-11-21:32:30.950.186 [mindspore/ccsrc/frontend/parallel/ops_info/self_define_shard_info.cc:104] CheckInputLayout] Use self define shard for SelfDefineShardInfo14911491. User needs to ensure the accuracy and correctness of input/output layout, and framework will only do basic check.
[WARNING] PARALLEL(266386,ffffab17e020,python):2026-09-11-21:32:30.950.419 [mindspore/ccsrc/frontend/parallel/ops_info/self_define_shard_info.cc:104] CheckInputLayout] Use self define shard for SelfDefineShardInfo14921492. User needs to ensure the accuracy and correctness of input/output layout, and framework will only do basic check.
[WARNING] PARALLEL(266386,ffffab17e020,python):2026-09-11-21:32:30.950.604 [mindspore/ccsrc/frontend/parallel/ops_info/self_define_shard_info.cc:104] CheckInputLayout] Use self define shard for SelfDefineShardInfo14931493. User needs to ensure the accuracy and correctness of input/output layout, and framework will only do basic check.
[WARNING] PARALLEL(266386,ffffab17e020,python):2026-09-11-21:32:30.950.830 [mindspore/ccsrc/frontend/parallel/ops_info/self_define_shard_info.cc:104] CheckInputLayout] Use self define shard for SelfDefineShardInfo14941494. User needs to ensure the accuracy and correctness of input/output layout, and framework will only do basic check.
[WARNING] PARALLEL(266386,ffffab17e020,python):2026-09-11-21:32:30.951.026 [mindspore/ccsrc/frontend/parallel/ops_info/self_define_shard_info.cc:104] CheckInputLayout] Use self define shard for SelfDefineShardInfo14951495. User needs to ensure the accuracy and correctness of input/output layout, and framework will only do basic check.
[WARNING] PARALLEL(266386,ffffab17e020,python):2026-09-11-21:32:30.951.267 [mindspore/ccsrc/frontend/parallel/ops_info/self_define_shard_info.cc:104] CheckInputLayout] Use self define shard for SelfDefineShardInfo14961496. User needs to ensure the accuracy and correctness of input/output layout, and framework will only do basic check.
[WARNING] PARALLEL(266386,ffffab17e020,python):2026-09-11-21:32:30.951.465 [mindspore/ccsrc/frontend/parallel/ops_info/self_define_shard_info.cc:104] CheckInputLayout] Use self define shard for SelfDefineShardInfo14971497. User needs to ensure the accuracy and correctness of input/output layout, and framework will only do basic check.
[WARNING] PARALLEL(266386,ffffab17e020,python):2026-09-11-21:32:30.951.697 [mindspore/ccsrc/frontend/parallel/ops_info/self_define_shard_info.cc:104] CheckInputLayout] Use self define shard for SelfDefineShardInfo14981498. User needs to ensure the accuracy and correctness of input/output layout, and framework will only do basic check.
[WARNING] PARALLEL(266386,ffffab17e020,python):2026-09-11-21:32:30.951.896 [mindspore/ccsrc/frontend/parallel/ops_info/self_define_shard_info.cc:104] CheckInputLayout] Use self define shard for SelfDefineShardInfo14991499. User needs to ensure the accuracy and correctness of input/output layout, and framework will only do basic check.
[WARNING] PARALLEL(266386,ffffab17e020,python):2026-09-11-21:32:30.952.116 [mindspore/ccsrc/frontend/parallel/ops_info/self_define_shard_info.cc:104] CheckInputLayout] Use self define shard for SelfDefineShardInfo15001500. User needs to ensure the accuracy and correctness of input/output layout, and framework will only do basic check.
[WARNING] PARALLEL(266386,ffffab17e020,python):2026-09-11-21:32:30.952.323 [mindspore/ccsrc/frontend/parallel/ops_info/self_define_shard_info.cc:104] CheckInputLayout] Use self define shard for SelfDefineShardInfo15011501. User needs to ensure the accuracy and correctness of input/output layout, and framework will only do basic check.
[WARNING] PARALLEL(266386,ffffab17e020,python):2026-09-11-21:32:30.952.558 [mindspore/ccsrc/frontend/parallel/ops_info/self_define_shard_info.cc:104] CheckInputLayout] Use self define shard for SelfDefineShardInfo15021502. User needs to ensure the accuracy and correctness of input/output layout, and framework will only do basic check.
[WARNING] PARALLEL(266386,ffffab17e020,python):2026-09-11-21:32:30.952.765 [mindspore/ccsrc/frontend/parallel/ops_info/self_define_shard_info.cc:104] CheckInputLayout] Use self define shard for SelfDefineShardInfo15031503. User needs to ensure the accuracy and correctness of input/output layout, and framework will only do basic check.
[WARNING] PARALLEL(266386,ffffab17e020,python):2026-09-11-21:32:30.953.004 [mindspore/ccsrc/frontend/parallel/ops_info/self_define_shard_info.cc:104] CheckInputLayout] Use self define shard for SelfDefineShardInfo15041504. User needs to ensure the accuracy and correctness of input/output layout, and framework will only do basic check.
[WARNING] PARALLEL(266386,ffffab17e020,python):2026-09-11-21:32:30.953.203 [mindspore/ccsrc/frontend/parallel/ops_info/self_define_shard_info.cc:104] CheckInputLayout] Use self define shard for SelfDefineShardInfo15051505. User needs to ensure the accuracy and correctness of input/output layout, and framework will only do basic check.
[WARNING] PARALLEL(266386,ffffab17e020,python):2026-09-11-21:32:30.953.442 [mindspore/ccsrc/frontend/parallel/ops_info/self_define_shard_info.cc:104] CheckInputLayout] Use self define shard for SelfDefineShardInfo15061506. User needs to ensure the accuracy and correctness of input/output layout, and framework will only do basic check.
[WARNING] PARALLEL(266386,ffffab17e020,python):2026-09-11-21:32:30.953.651 [mindspore/ccsrc/frontend/parallel/ops_info/self_define_shard_info.cc:104] CheckInputLayout] Use self define shard for SelfDefineShardInfo15071507. User needs to ensure the accuracy and correctness of input/output layout, and framework will only do basic check.
[WARNING] PARALLEL(266386,ffffab17e020,python):2026-09-11-21:32:30.953.872 [mindspore/ccsrc/frontend/parallel/ops_info/self_define_shard_info.cc:104] CheckInputLayout] Use self define shard for SelfDefineShardInfo15081508. User needs to ensure the accuracy and correctness of input/output layout, and framework will only do basic check.
[WARNING] PARALLEL(266386,ffffab17e020,python):2026-09-11-21:32:30.954.062 [mindspore/ccsrc/frontend/parallel/ops_info/self_define_shard_info.cc:104] CheckInputLayout] Use self define shard for SelfDefineShardInfo15091509. User needs to ensure the accuracy and correctness of input/output layout, and framework will only do basic check.
[WARNING] PARALLEL(266386,ffffab17e020,python):2026-09-11-21:32:30.954.288 [mindspore/ccsrc/frontend/parallel/ops_info/self_define_shard_info.cc:104] CheckInputLayout] Use self define shard for SelfDefineShardInfo15101510. User needs to ensure the accuracy and correctness of input/output layout, and framework will only do basic check.
[WARNING] PARALLEL(266386,ffffab17e020,python):2026-09-11-21:32:30.954.500 [mindspore/ccsrc/frontend/parallel/ops_info/self_define_shard_info.cc:104] CheckInputLayout] Use self define shard for SelfDefineShardInfo15111511. User needs to ensure the accuracy and correctness of input/output layout, and framework will only do basic check.
[WARNING] PARALLEL(266386,ffffab17e020,python):2026-09-11-21:32:30.954.728 [mindspore/ccsrc/frontend/parallel/ops_info/self_define_shard_info.cc:104] CheckInputLayout] Use self define shard for SelfDefineShardInfo15121512. User needs to ensure the accuracy and correctness of input/output layout, and framework will only do basic check.
[WARNING] PARALLEL(266386,ffffab17e020,python):2026-09-11-21:32:30.954.920 [mindspore/ccsrc/frontend/parallel/ops_info/self_define_shard_info.cc:104] CheckInputLayout] Use self define shard for SelfDefineShardInfo15131513. User needs to ensure the accuracy and correctness of input/output layout, and framework will only do basic check.
[WARNING] PARALLEL(266386,ffffab17e020,python):2026-09-11-21:32:30.955.135 [mindspore/ccsrc/frontend/parallel/ops_info/self_define_shard_info.cc:104] CheckInputLayout] Use self define shard for SelfDefineShardInfo15141514. User needs to ensure the accuracy and correctness of input/output layout, and framework will only do basic check.
[WARNING] PARALLEL(266386,ffffab17e020,python):2026-09-11-21:32:30.955.331 [mindspore/ccsrc/frontend/parallel/ops_info/self_define_shard_info.cc:104] CheckInputLayout] Use self define shard for SelfDefineShardInfo15151515. User needs to ensure the accuracy and correctness of input/output layout, and framework will only do basic check.
[WARNING] PARALLEL(266386,ffffab17e020,python):2026-09-11-21:32:30.955.563 [mindspore/ccsrc/frontend/parallel/ops_info/self_define_shard_info.cc:104] CheckInputLayout] Use self define shard for SelfDefineShardInfo15161516. User needs to ensure the accuracy and correctness of input/output layout, and framework will only do basic check.
[WARNING] PARALLEL(266386,ffffab17e020,python):2026-09-11-21:32:30.955.771 [mindspore/ccsrc/frontend/parallel/ops_info/self_define_shard_info.cc:104] CheckInputLayout] Use self define shard for SelfDefineShardInfo15171517. User needs to ensure the accuracy and correctness of input/output layout, and framework will only do basic check.
[WARNING] PARALLEL(266386,ffffab17e020,python):2026-09-11-21:32:30.956.010 [mindspore/ccsrc/frontend/parallel/ops_info/self_define_shard_info.cc:104] CheckInputLayout] Use self define shard for SelfDefineShardInfo15181518. User needs to ensure the accuracy and correctness of input/output layout, and framework will only do basic check.
[WARNING] PARALLEL(266386,ffffab17e020,python):2026-09-11-21:32:30.956.220 [mindspore/ccsrc/frontend/parallel/ops_info/self_define_shard_info.cc:104] CheckInputLayout] Use self define shard for SelfDefineShardInfo15191519. User needs to ensure the accuracy and correctness of input/output layout, and framework will only do basic check.
[WARNING] PARALLEL(266386,ffffab17e020,python):2026-09-11-21:32:30.956.464 [mindspore/ccsrc/frontend/parallel/ops_info/self_define_shard_info.cc:104] CheckInputLayout] Use self define shard for SelfDefineShardInfo15201520. User needs to ensure the accuracy and correctness of input/output layout, and framework will only do basic check.
[WARNING] PARALLEL(266386,ffffab17e020,python):2026-09-11-21:32:30.956.680 [mindspore/ccsrc/frontend/parallel/ops_info/self_define_shard_info.cc:104] CheckInputLayout] Use self define shard for SelfDefineShardInfo15211521. User needs to ensure the accuracy and correctness of input/output layout, and framework will only do basic check.
[WARNING] PARALLEL(266386,ffffab17e020,python):2026-09-11-21:32:30.956.919 [mindspore/ccsrc/frontend/parallel/ops_info/self_define_shard_info.cc:104] CheckInputLayout] Use self define shard for SelfDefineShardInfo15221522. User needs to ensure the accuracy and correctness of input/output layout, and framework will only do basic check.
[WARNING] PARALLEL(266386,ffffab17e020,python):2026-09-11-21:32:30.957.129 [mindspore/ccsrc/frontend/parallel/ops_info/self_define_shard_info.cc:104] CheckInputLayout] Use self define shard for SelfDefineShardInfo15231523. User needs to ensure the accuracy and correctness of input/output layout, and framework will only do basic check.
[WARNING] PARALLEL(266386,ffffab17e020,python):2026-09-11-21:32:30.957.368 [mindspore/ccsrc/frontend/parallel/ops_info/self_define_shard_info.cc:104] CheckInputLayout] Use self define shard for SelfDefineShardInfo15241524. User needs to ensure the accuracy and correctness of input/output layout, and framework will only do basic check.
[WARNING] PARALLEL(266386,ffffab17e020,python):2026-09-11-21:32:30.957.572 [mindspore/ccsrc/frontend/parallel/ops_info/self_define_shard_info.cc:104] CheckInputLayout] Use self define shard for SelfDefineShardInfo15251525. User needs to ensure the accuracy and correctness of input/output layout, and framework will only do basic check.
[WARNING] PARALLEL(266386,ffffab17e020,python):2026-09-11-21:32:30.957.788 [mindspore/ccsrc/frontend/parallel/ops_info/self_define_shard_info.cc:104] CheckInputLayout] Use self define shard for SelfDefineShardInfo15261526. User needs to ensure the accuracy and correctness of input/output layout, and framework will only do basic check.
[WARNING] PARALLEL(266386,ffffab17e020,python):2026-09-11-21:32:30.957.985 [mindspore/ccsrc/frontend/parallel/ops_info/self_define_shard_info.cc:104] CheckInputLayout] Use self define shard for SelfDefineShardInfo15271527. User needs to ensure the accuracy and correctness of input/output layout, and framework will only do basic check.
[WARNING] PARALLEL(266386,ffffab17e020,python):2026-09-11-21:32:30.958.205 [mindspore/ccsrc/frontend/parallel/ops_info/self_define_shard_info.cc:104] CheckInputLayout] Use self define shard for SelfDefineShardInfo15281528. User needs to ensure the accuracy and correctness of input/output layout, and framework will only do basic check.
[WARNING] PARALLEL(266386,ffffab17e020,python):2026-09-11-21:32:30.958.400 [mindspore/ccsrc/frontend/parallel/ops_info/self_define_shard_info.cc:104] CheckInputLayout] Use self define shard for SelfDefineShardInfo15291529. User needs to ensure the accuracy and correctness of input/output layout, and framework will only do basic check.
[WARNING] PARALLEL(266386,ffffab17e020,python):2026-09-11-21:32:30.958.621 [mindspore/ccsrc/frontend/parallel/ops_info/self_define_shard_info.cc:104] CheckInputLayout] Use self define shard for SelfDefineShardInfo15301530. User needs to ensure the accuracy and correctness of input/output layout, and framework will only do basic check.
[WARNING] PARALLEL(266386,ffffab17e020,python):2026-09-11-21:32:30.958.820 [mindspore/ccsrc/frontend/parallel/ops_info/self_define_shard_info.cc:104] CheckInputLayout] Use self define shard for SelfDefineShardInfo15311531. User needs to ensure the accuracy and correctness of input/output layout, and framework will only do basic check.
[WARNING] PARALLEL(266386,ffffab17e020,python):2026-09-11-21:32:30.959.040 [mindspore/ccsrc/frontend/parallel/ops_info/self_define_shard_info.cc:104] CheckInputLayout] Use self define shard for SelfDefineShardInfo15321532. User needs to ensure the accuracy and correctness of input/output layout, and framework will only do basic check.
[WARNING] PARALLEL(266386,ffffab17e020,python):2026-09-11-21:32:30.959.239 [mindspore/ccsrc/frontend/parallel/ops_info/self_define_shard_info.cc:104] CheckInputLayout] Use self define shard for SelfDefineShardInfo15331533. User needs to ensure the accuracy and correctness of input/output layout, and framework will only do basic check.
[WARNING] PARALLEL(266386,ffffab17e020,python):2026-09-11-21:32:30.959.470 [mindspore/ccsrc/frontend/parallel/ops_info/self_define_shard_info.cc:104] CheckInputLayout] Use self define shard for SelfDefineShardInfo15341534. User needs to ensure the accuracy and correctness of input/output layout, and framework will only do basic check.
[WARNING] PARALLEL(266386,ffffab17e020,python):2026-09-11-21:32:30.959.666 [mindspore/ccsrc/frontend/parallel/ops_info/self_define_shard_info.cc:104] CheckInputLayout] Use self define shard for SelfDefineShardInfo15351535. User needs to ensure the accuracy and correctness of input/output layout, and framework will only do basic check.
[WARNING] PARALLEL(266386,ffffab17e020,python):2026-09-11-21:32:30.959.894 [mindspore/ccsrc/frontend/parallel/ops_info/self_define_shard_info.cc:104] CheckInputLayout] Use self define shard for SelfDefineShardInfo15361536. User needs to ensure the accuracy and correctness of input/output layout, and framework will only do basic check.
[WARNING] PARALLEL(266386,ffffab17e020,python):2026-09-11-21:32:30.960.104 [mindspore/ccsrc/frontend/parallel/ops_info/self_define_shard_info.cc:104] CheckInputLayout] Use self define shard for SelfDefineShardInfo15371537. User needs to ensure the accuracy and correctness of input/output layout, and framework will only do basic check.
[WARNING] PARALLEL(266386,ffffab17e020,python):2026-09-11-21:32:30.960.322 [mindspore/ccsrc/frontend/parallel/ops_info/self_define_shard_info.cc:104] CheckInputLayout] Use self define shard for SelfDefineShardInfo15381538. User needs to ensure the accuracy and correctness of input/output layout, and framework will only do basic check.
[WARNING] PARALLEL(266386,ffffab17e020,python):2026-09-11-21:32:30.960.543 [mindspore/ccsrc/frontend/parallel/ops_info/self_define_shard_info.cc:104] CheckInputLayout] Use self define shard for SelfDefineShardInfo15391539. User needs to ensure the accuracy and correctness of input/output layout, and framework will only do basic check.
[WARNING] PARALLEL(266386,ffffab17e020,python):2026-09-11-21:32:30.960.793 [mindspore/ccsrc/frontend/parallel/ops_info/self_define_shard_info.cc:104] CheckInputLayout] Use self define shard for SelfDefineShardInfo15401540. User needs to ensure the accuracy and correctness of input/output layout, and framework will only do basic check.
[WARNING] PARALLEL(266386,ffffab17e020,python):2026-09-11-21:32:30.961.006 [mindspore/ccsrc/frontend/parallel/ops_info/self_define_shard_info.cc:104] CheckInputLayout] Use self define shard for SelfDefineShardInfo15411541. User needs to ensure the accuracy and correctness of input/output layout, and framework will only do basic check.
[WARNING] PARALLEL(266386,ffffab17e020,python):2026-09-11-21:32:30.961.243 [mindspore/ccsrc/frontend/parallel/ops_info/self_define_shard_info.cc:104] CheckInputLayout] Use self define shard for SelfDefineShardInfo15421542. User needs to ensure the accuracy and correctness of input/output layout, and framework will only do basic check.
[WARNING] PARALLEL(266386,ffffab17e020,python):2026-09-11-21:32:30.961.436 [mindspore/ccsrc/frontend/parallel/ops_info/self_define_shard_info.cc:104] CheckInputLayout] Use self define shard for SelfDefineShardInfo15431543. User needs to ensure the accuracy and correctness of input/output layout, and framework will only do basic check.
[WARNING] PARALLEL(266386,ffffab17e020,python):2026-09-11-21:32:30.961.657 [mindspore/ccsrc/frontend/parallel/ops_info/self_define_shard_info.cc:104] CheckInputLayout] Use self define shard for SelfDefineShardInfo15441544. User needs to ensure the accuracy and correctness of input/output layout, and framework will only do basic check.
[WARNING] PARALLEL(266386,ffffab17e020,python):2026-09-11-21:32:30.961.856 [mindspore/ccsrc/frontend/parallel/ops_info/self_define_shard_info.cc:104] CheckInputLayout] Use self define shard for SelfDefineShardInfo15451545. User needs to ensure the accuracy and correctness of input/output layout, and framework will only do basic check.
[WARNING] PARALLEL(266386,ffffab17e020,python):2026-09-11-21:32:30.962.061 [mindspore/ccsrc/frontend/parallel/ops_info/self_define_shard_info.cc:104] CheckInputLayout] Use self define shard for SelfDefineShardInfo15461546. User needs to ensure the accuracy and correctness of input/output layout, and framework will only do basic check.
[WARNING] PARALLEL(266386,ffffab17e020,python):2026-09-11-21:32:30.962.261 [mindspore/ccsrc/frontend/parallel/ops_info/self_define_shard_info.cc:104] CheckInputLayout] Use self define shard for SelfDefineShardInfo15471547. User needs to ensure the accuracy and correctness of input/output layout, and framework will only do basic check.
[WARNING] PARALLEL(266386,ffffab17e020,python):2026-09-11-21:32:30.962.476 [mindspore/ccsrc/frontend/parallel/ops_info/self_define_shard_info.cc:104] CheckInputLayout] Use self define shard for SelfDefineShardInfo15481548. User needs to ensure the accuracy and correctness of input/output layout, and framework will only do basic check.
[WARNING] PARALLEL(266386,ffffab17e020,python):2026-09-11-21:32:30.962.671 [mindspore/ccsrc/frontend/parallel/ops_info/self_define_shard_info.cc:104] CheckInputLayout] Use self define shard for SelfDefineShardInfo15491549. User needs to ensure the accuracy and correctness of input/output layout, and framework will only do basic check.
[WARNING] PARALLEL(266386,ffffab17e020,python):2026-09-11-21:32:30.962.902 [mindspore/ccsrc/frontend/parallel/ops_info/self_define_shard_info.cc:104] CheckInputLayout] Use self define shard for SelfDefineShardInfo15501550. User needs to ensure the accuracy and correctness of input/output layout, and framework will only do basic check.
[WARNING] PARALLEL(266386,ffffab17e020,python):2026-09-11-21:32:30.963.121 [mindspore/ccsrc/frontend/parallel/ops_info/self_define_shard_info.cc:104] CheckInputLayout] Use self define shard for SelfDefineShardInfo15511551. User needs to ensure the accuracy and correctness of input/output layout, and framework will only do basic check.
[WARNING] PARALLEL(266386,ffffab17e020,python):2026-09-11-21:32:30.963.350 [mindspore/ccsrc/frontend/parallel/ops_info/self_define_shard_info.cc:104] CheckInputLayout] Use self define shard for SelfDefineShardInfo15521552. User needs to ensure the accuracy and correctness of input/output layout, and framework will only do basic check.
[WARNING] PARALLEL(266386,ffffab17e020,python):2026-09-11-21:32:30.963.545 [mindspore/ccsrc/frontend/parallel/ops_info/self_define_shard_info.cc:104] CheckInputLayout] Use self define shard for SelfDefineShardInfo15531553. User needs to ensure the accuracy and correctness of input/output layout, and framework will only do basic check.
[WARNING] PARALLEL(266386,ffffab17e020,python):2026-09-11-21:32:30.963.781 [mindspore/ccsrc/frontend/parallel/ops_info/self_define_shard_info.cc:104] CheckInputLayout] Use self define shard for SelfDefineShardInfo15541554. User needs to ensure the accuracy and correctness of input/output layout, and framework will only do basic check.
[WARNING] PARALLEL(266386,ffffab17e020,python):2026-09-11-21:32:30.963.982 [mindspore/ccsrc/frontend/parallel/ops_info/self_define_shard_info.cc:104] CheckInputLayout] Use self define shard for SelfDefineShardInfo15551555. User needs to ensure the accuracy and correctness of input/output layout, and framework will only do basic check.
[WARNING] PARALLEL(266386,ffffab17e020,python):2026-09-11-21:32:30.964.212 [mindspore/ccsrc/frontend/parallel/ops_info/self_define_shard_info.cc:104] CheckInputLayout] Use self define shard for SelfDefineShardInfo15561556. User needs to ensure the accuracy and correctness of input/output layout, and framework will only do basic check.
[WARNING] PARALLEL(266386,ffffab17e020,python):2026-09-11-21:32:30.964.410 [mindspore/ccsrc/frontend/parallel/ops_info/self_define_shard_info.cc:104] CheckInputLayout] Use self define shard for SelfDefineShardInfo15571557. User needs to ensure the accuracy and correctness of input/output layout, and framework will only do basic check.
[WARNING] PARALLEL(266386,ffffab17e020,python):2026-09-11-21:32:30.964.657 [mindspore/ccsrc/frontend/parallel/ops_info/self_define_shard_info.cc:104] CheckInputLayout] Use self define shard for SelfDefineShardInfo15581558. User needs to ensure the accuracy and correctness of input/output layout, and framework will only do basic check.
[WARNING] PARALLEL(266386,ffffab17e020,python):2026-09-11-21:32:30.964.876 [mindspore/ccsrc/frontend/parallel/ops_info/self_define_shard_info.cc:104] CheckInputLayout] Use self define shard for SelfDefineShardInfo15591559. User needs to ensure the accuracy and correctness of input/output layout, and framework will only do basic check.
[WARNING] PARALLEL(266386,ffffab17e020,python):2026-09-11-21:32:30.965.101 [mindspore/ccsrc/frontend/parallel/ops_info/self_define_shard_info.cc:104] CheckInputLayout] Use self define shard for SelfDefineShardInfo15601560. User needs to ensure the accuracy and correctness of input/output layout, and framework will only do basic check.
[WARNING] PARALLEL(266386,ffffab17e020,python):2026-09-11-21:32:30.965.311 [mindspore/ccsrc/frontend/parallel/ops_info/self_define_shard_info.cc:104] CheckInputLayout] Use self define shard for SelfDefineShardInfo15611561. User needs to ensure the accuracy and correctness of input/output layout, and framework will only do basic check.
[WARNING] PARALLEL(266386,ffffab17e020,python):2026-09-11-21:32:30.965.538 [mindspore/ccsrc/frontend/parallel/ops_info/self_define_shard_info.cc:104] CheckInputLayout] Use self define shard for SelfDefineShardInfo15621562. User needs to ensure the accuracy and correctness of input/output layout, and framework will only do basic check.
[WARNING] PARALLEL(266386,ffffab17e020,python):2026-09-11-21:32:30.965.747 [mindspore/ccsrc/frontend/parallel/ops_info/self_define_shard_info.cc:104] CheckInputLayout] Use self define shard for SelfDefineShardInfo15631563. User needs to ensure the accuracy and correctness of input/output layout, and framework will only do basic check.
[WARNING] PARALLEL(266386,ffffab17e020,python):2026-09-11-21:32:30.965.968 [mindspore/ccsrc/frontend/parallel/ops_info/self_define_shard_info.cc:104] CheckInputLayout] Use self define shard for SelfDefineShardInfo15641564. User needs to ensure the accuracy and correctness of input/output layout, and framework will only do basic check.
[WARNING] PARALLEL(266386,ffffab17e020,python):2026-09-11-21:32:30.966.172 [mindspore/ccsrc/frontend/parallel/ops_info/self_define_shard_info.cc:104] CheckInputLayout] Use self define shard for SelfDefineShardInfo15651565. User needs to ensure the accuracy and correctness of input/output layout, and framework will only do basic check.
[WARNING] PARALLEL(266386,ffffab17e020,python):2026-09-11-21:32:30.966.386 [mindspore/ccsrc/frontend/parallel/ops_info/self_define_shard_info.cc:104] CheckInputLayout] Use self define shard for SelfDefineShardInfo15661566. User needs to ensure the accuracy and correctness of input/output layout, and framework will only do basic check.
[WARNING] PARALLEL(266386,ffffab17e020,python):2026-09-11-21:32:30.966.591 [mindspore/ccsrc/frontend/parallel/ops_info/self_define_shard_info.cc:104] CheckInputLayout] Use self define shard for SelfDefineShardInfo15671567. User needs to ensure the accuracy and correctness of input/output layout, and framework will only do basic check.
[WARNING] PARALLEL(266386,ffffab17e020,python):2026-09-11-21:32:30.966.840 [mindspore/ccsrc/frontend/parallel/ops_info/self_define_shard_info.cc:104] CheckInputLayout] Use self define shard for SelfDefineShardInfo15681568. User needs to ensure the accuracy and correctness of input/output layout, and framework will only do basic check.
[WARNING] PARALLEL(266386,ffffab17e020,python):2026-09-11-21:32:30.967.035 [mindspore/ccsrc/frontend/parallel/ops_info/self_define_shard_info.cc:104] CheckInputLayout] Use self define shard for SelfDefineShardInfo15691569. User needs to ensure the accuracy and correctness of input/output layout, and framework will only do basic check.
[WARNING] PARALLEL(266386,ffffab17e020,python):2026-09-11-21:32:30.967.269 [mindspore/ccsrc/frontend/parallel/ops_info/self_define_shard_info.cc:104] CheckInputLayout] Use self define shard for SelfDefineShardInfo15701570. User needs to ensure the accuracy and correctness of input/output layout, and framework will only do basic check.
[WARNING] PARALLEL(266386,ffffab17e020,python):2026-09-11-21:32:30.967.487 [mindspore/ccsrc/frontend/parallel/ops_info/self_define_shard_info.cc:104] CheckInputLayout] Use self define shard for SelfDefineShardInfo15711571. User needs to ensure the accuracy and correctness of input/output layout, and framework will only do basic check.
[WARNING] PARALLEL(266386,ffffab17e020,python):2026-09-11-21:32:30.967.718 [mindspore/ccsrc/frontend/parallel/ops_info/self_define_shard_info.cc:104] CheckInputLayout] Use self define shard for SelfDefineShardInfo15721572. User needs to ensure the accuracy and correctness of input/output layout, and framework will only do basic check.
[WARNING] PARALLEL(266386,ffffab17e020,python):2026-09-11-21:32:30.967.913 [mindspore/ccsrc/frontend/parallel/ops_info/self_define_shard_info.cc:104] CheckInputLayout] Use self define shard for SelfDefineShardInfo15731573. User needs to ensure the accuracy and correctness of input/output layout, and framework will only do basic check.
[WARNING] PARALLEL(266386,ffffab17e020,python):2026-09-11-21:32:30.968.147 [mindspore/ccsrc/frontend/parallel/ops_info/self_define_shard_info.cc:104] CheckInputLayout] Use self define shard for SelfDefineShardInfo15741574. User needs to ensure the accuracy and correctness of input/output layout, and framework will only do basic check.
[WARNING] PARALLEL(266386,ffffab17e020,python):2026-09-11-21:32:30.968.344 [mindspore/ccsrc/frontend/parallel/ops_info/self_define_shard_info.cc:104] CheckInputLayout] Use self define shard for SelfDefineShardInfo15751575. User needs to ensure the accuracy and correctness of input/output layout, and framework will only do basic check.
[WARNING] PARALLEL(266386,ffffab17e020,python):2026-09-11-21:32:30.968.584 [mindspore/ccsrc/frontend/parallel/ops_info/self_define_shard_info.cc:104] CheckInputLayout] Use self define shard for SelfDefineShardInfo15761576. User needs to ensure the accuracy and correctness of input/output layout, and framework will only do basic check.
[WARNING] PARALLEL(266386,ffffab17e020,python):2026-09-11-21:32:30.968.802 [mindspore/ccsrc/frontend/parallel/ops_info/self_define_shard_info.cc:104] CheckInputLayout] Use self define shard for SelfDefineShardInfo15771577. User needs to ensure the accuracy and correctness of input/output layout, and framework will only do basic check.
[WARNING] PARALLEL(266386,ffffab17e020,python):2026-09-11-21:32:30.969.021 [mindspore/ccsrc/frontend/parallel/ops_info/self_define_shard_info.cc:104] CheckInputLayout] Use self define shard for SelfDefineShardInfo15781578. User needs to ensure the accuracy and correctness of input/output layout, and framework will only do basic check.
[WARNING] PARALLEL(266386,ffffab17e020,python):2026-09-11-21:32:30.969.221 [mindspore/ccsrc/frontend/parallel/ops_info/self_define_shard_info.cc:104] CheckInputLayout] Use self define shard for SelfDefineShardInfo15791579. User needs to ensure the accuracy and correctness of input/output layout, and framework will only do basic check.
[WARNING] PARALLEL(266386,ffffab17e020,python):2026-09-11-21:32:30.969.434 [mindspore/ccsrc/frontend/parallel/ops_info/self_define_shard_info.cc:104] CheckInputLayout] Use self define shard for SelfDefineShardInfo15801580. User needs to ensure the accuracy and correctness of input/output layout, and framework will only do basic check.
[WARNING] PARALLEL(266386,ffffab17e020,python):2026-09-11-21:32:30.969.630 [mindspore/ccsrc/frontend/parallel/ops_info/self_define_shard_info.cc:104] CheckInputLayout] Use self define shard for SelfDefineShardInfo15811581. User needs to ensure the accuracy and correctness of input/output layout, and framework will only do basic check.
[WARNING] PARALLEL(266386,ffffab17e020,python):2026-09-11-21:32:30.969.873 [mindspore/ccsrc/frontend/parallel/ops_info/self_define_shard_info.cc:104] CheckInputLayout] Use self define shard for SelfDefineShardInfo15821582. User needs to ensure the accuracy and correctness of input/output layout, and framework will only do basic check.
[WARNING] PARALLEL(266386,ffffab17e020,python):2026-09-11-21:32:30.970.080 [mindspore/ccsrc/frontend/parallel/ops_info/self_define_shard_info.cc:104] CheckInputLayout] Use self define shard for SelfDefineShardInfo15831583. User needs to ensure the accuracy and correctness of input/output layout, and framework will only do basic check.
[WARNING] PARALLEL(266386,ffffab17e020,python):2026-09-11-21:32:30.970.291 [mindspore/ccsrc/frontend/parallel/ops_info/self_define_shard_info.cc:104] CheckInputLayout] Use self define shard for SelfDefineShardInfo15841584. User needs to ensure the accuracy and correctness of input/output layout, and framework will only do basic check.
[WARNING] PARALLEL(266386,ffffab17e020,python):2026-09-11-21:32:30.970.489 [mindspore/ccsrc/frontend/parallel/ops_info/self_define_shard_info.cc:104] CheckInputLayout] Use self define shard for SelfDefineShardInfo15851585. User needs to ensure the accuracy and correctness of input/output layout, and framework will only do basic check.
[WARNING] PARALLEL(266386,ffffab17e020,python):2026-09-11-21:32:30.970.718 [mindspore/ccsrc/frontend/parallel/ops_info/self_define_shard_info.cc:104] CheckInputLayout] Use self define shard for SelfDefineShardInfo15861586. User needs to ensure the accuracy and correctness of input/output layout, and framework will only do basic check.
[WARNING] PARALLEL(266386,ffffab17e020,python):2026-09-11-21:32:30.970.935 [mindspore/ccsrc/frontend/parallel/ops_info/self_define_shard_info.cc:104] CheckInputLayout] Use self define shard for SelfDefineShardInfo15871587. User needs to ensure the accuracy and correctness of input/output layout, and framework will only do basic check.
[WARNING] PARALLEL(266386,ffffab17e020,python):2026-09-11-21:32:30.971.154 [mindspore/ccsrc/frontend/parallel/ops_info/self_define_shard_info.cc:104] CheckInputLayout] Use self define shard for SelfDefineShardInfo15881588. User needs to ensure the accuracy and correctness of input/output layout, and framework will only do basic check.
[WARNING] PARALLEL(266386,ffffab17e020,python):2026-09-11-21:32:30.971.352 [mindspore/ccsrc/frontend/parallel/ops_info/self_define_shard_info.cc:104] CheckInputLayout] Use self define shard for SelfDefineShardInfo15891589. User needs to ensure the accuracy and correctness of input/output layout, and framework will only do basic check.
[WARNING] PARALLEL(266386,ffffab17e020,python):2026-09-11-21:32:30.971.575 [mindspore/ccsrc/frontend/parallel/ops_info/self_define_shard_info.cc:104] CheckInputLayout] Use self define shard for SelfDefineShardInfo15901590. User needs to ensure the accuracy and correctness of input/output layout, and framework will only do basic check.
[WARNING] PARALLEL(266386,ffffab17e020,python):2026-09-11-21:32:30.971.773 [mindspore/ccsrc/frontend/parallel/ops_info/self_define_shard_info.cc:104] CheckInputLayout] Use self define shard for SelfDefineShardInfo15911591. User needs to ensure the accuracy and correctness of input/output layout, and framework will only do basic check.
[WARNING] PARALLEL(266386,ffffab17e020,python):2026-09-11-21:32:30.972.028 [mindspore/ccsrc/frontend/parallel/ops_info/self_define_shard_info.cc:104] CheckInputLayout] Use self define shard for SelfDefineShardInfo15921592. User needs to ensure the accuracy and correctness of input/output layout, and framework will only do basic check.
[WARNING] PARALLEL(266386,ffffab17e020,python):2026-09-11-21:32:30.972.232 [mindspore/ccsrc/frontend/parallel/ops_info/self_define_shard_info.cc:104] CheckInputLayout] Use self define shard for SelfDefineShardInfo15931593. User needs to ensure the accuracy and correctness of input/output layout, and framework will only do basic check.
[WARNING] PARALLEL(266386,ffffab17e020,python):2026-09-11-21:32:30.972.449 [mindspore/ccsrc/frontend/parallel/ops_info/self_define_shard_info.cc:104] CheckInputLayout] Use self define shard for SelfDefineShardInfo15941594. User needs to ensure the accuracy and correctness of input/output layout, and framework will only do basic check.
[WARNING] PARALLEL(266386,ffffab17e020,python):2026-09-11-21:32:30.972.664 [mindspore/ccsrc/frontend/parallel/ops_info/self_define_shard_info.cc:104] CheckInputLayout] Use self define shard for SelfDefineShardInfo15951595. User needs to ensure the accuracy and correctness of input/output layout, and framework will only do basic check.
[WARNING] PARALLEL(266386,ffffab17e020,python):2026-09-11-21:32:30.972.897 [mindspore/ccsrc/frontend/parallel/ops_info/self_define_shard_info.cc:104] CheckInputLayout] Use self define shard for SelfDefineShardInfo15961596. User needs to ensure the accuracy and correctness of input/output layout, and framework will only do basic check.
[WARNING] PARALLEL(266386,ffffab17e020,python):2026-09-11-21:32:30.973.095 [mindspore/ccsrc/frontend/parallel/ops_info/self_define_shard_info.cc:104] CheckInputLayout] Use self define shard for SelfDefineShardInfo15971597. User needs to ensure the accuracy and correctness of input/output layout, and framework will only do basic check.
[WARNING] PARALLEL(266386,ffffab17e020,python):2026-09-11-21:32:30.973.330 [mindspore/ccsrc/frontend/parallel/ops_info/self_define_shard_info.cc:104] CheckInputLayout] Use self define shard for SelfDefineShardInfo15981598. User needs to ensure the accuracy and correctness of input/output layout, and framework will only do basic check.
[WARNING] PARALLEL(266386,ffffab17e020,python):2026-09-11-21:32:30.973.545 [mindspore/ccsrc/frontend/parallel/ops_info/self_define_shard_info.cc:104] CheckInputLayout] Use self define shard for SelfDefineShardInfo15991599. User needs to ensure the accuracy and correctness of input/output layout, and framework will only do basic check.
[WARNING] PARALLEL(266386,ffffab17e020,python):2026-09-11-21:32:30.973.763 [mindspore/ccsrc/frontend/parallel/ops_info/self_define_shard_info.cc:104] CheckInputLayout] Use self define shard for SelfDefineShardInfo16001600. User needs to ensure the accuracy and correctness of input/output layout, and framework will only do basic check.
[WARNING] PARALLEL(266386,ffffab17e020,python):2026-09-11-21:32:30.973.953 [mindspore/ccsrc/frontend/parallel/ops_info/self_define_shard_info.cc:104] CheckInputLayout] Use self define shard for SelfDefineShardInfo16011601. User needs to ensure the accuracy and correctness of input/output layout, and framework will only do basic check.
[WARNING] PARALLEL(266386,ffffab17e020,python):2026-09-11-21:32:30.974.185 [mindspore/ccsrc/frontend/parallel/ops_info/self_define_shard_info.cc:104] CheckInputLayout] Use self define shard for SelfDefineShardInfo16021602. User needs to ensure the accuracy and correctness of input/output layout, and framework will only do basic check.
[WARNING] PARALLEL(266386,ffffab17e020,python):2026-09-11-21:32:30.974.387 [mindspore/ccsrc/frontend/parallel/ops_info/self_define_shard_info.cc:104] CheckInputLayout] Use self define shard for SelfDefineShardInfo16031603. User needs to ensure the accuracy and correctness of input/output layout, and framework will only do basic check.
[WARNING] PARALLEL(266386,ffffab17e020,python):2026-09-11-21:32:30.974.622 [mindspore/ccsrc/frontend/parallel/ops_info/self_define_shard_info.cc:104] CheckInputLayout] Use self define shard for SelfDefineShardInfo16041604. User needs to ensure the accuracy and correctness of input/output layout, and framework will only do basic check.
[WARNING] PARALLEL(266386,ffffab17e020,python):2026-09-11-21:32:30.974.831 [mindspore/ccsrc/frontend/parallel/ops_info/self_define_shard_info.cc:104] CheckInputLayout] Use self define shard for SelfDefineShardInfo16051605. User needs to ensure the accuracy and correctness of input/output layout, and framework will only do basic check.
[WARNING] PARALLEL(266386,ffffab17e020,python):2026-09-11-21:32:30.975.047 [mindspore/ccsrc/frontend/parallel/ops_info/self_define_shard_info.cc:104] CheckInputLayout] Use self define shard for SelfDefineShardInfo16061606. User needs to ensure the accuracy and correctness of input/output layout, and framework will only do basic check.
[WARNING] PARALLEL(266386,ffffab17e020,python):2026-09-11-21:32:30.975.265 [mindspore/ccsrc/frontend/parallel/ops_info/self_define_shard_info.cc:104] CheckInputLayout] Use self define shard for SelfDefineShardInfo16071607. User needs to ensure the accuracy and correctness of input/output layout, and framework will only do basic check.
[WARNING] PARALLEL(266386,ffffab17e020,python):2026-09-11-21:32:30.975.483 [mindspore/ccsrc/frontend/parallel/ops_info/self_define_shard_info.cc:104] CheckInputLayout] Use self define shard for SelfDefineShardInfo16081608. User needs to ensure the accuracy and correctness of input/output layout, and framework will only do basic check.
[WARNING] PARALLEL(266386,ffffab17e020,python):2026-09-11-21:32:30.975.686 [mindspore/ccsrc/frontend/parallel/ops_info/self_define_shard_info.cc:104] CheckInputLayout] Use self define shard for SelfDefineShardInfo16091609. User needs to ensure the accuracy and correctness of input/output layout, and framework will only do basic check.
[WARNING] PARALLEL(266386,ffffab17e020,python):2026-09-11-21:32:30.975.925 [mindspore/ccsrc/frontend/parallel/ops_info/self_define_shard_info.cc:104] CheckInputLayout] Use self define shard for SelfDefineShardInfo16101610. User needs to ensure the accuracy and correctness of input/output layout, and framework will only do basic check.
[WARNING] PARALLEL(266386,ffffab17e020,python):2026-09-11-21:32:30.976.130 [mindspore/ccsrc/frontend/parallel/ops_info/self_define_shard_info.cc:104] CheckInputLayout] Use self define shard for SelfDefineShardInfo16111611. User needs to ensure the accuracy and correctness of input/output layout, and framework will only do basic check.
[WARNING] PARALLEL(266386,ffffab17e020,python):2026-09-11-21:32:30.976.360 [mindspore/ccsrc/frontend/parallel/ops_info/self_define_shard_info.cc:104] CheckInputLayout] Use self define shard for SelfDefineShardInfo16121612. User needs to ensure the accuracy and correctness of input/output layout, and framework will only do basic check.
[WARNING] PARALLEL(266386,ffffab17e020,python):2026-09-11-21:32:30.976.577 [mindspore/ccsrc/frontend/parallel/ops_info/self_define_shard_info.cc:104] CheckInputLayout] Use self define shard for SelfDefineShardInfo16131613. User needs to ensure the accuracy and correctness of input/output layout, and framework will only do basic check.
[WARNING] PARALLEL(266386,ffffab17e020,python):2026-09-11-21:32:30.976.753 [mindspore/ccsrc/frontend/parallel/ops_info/self_define_shard_info.cc:104] CheckInputLayout] Use self define shard for SelfDefineShardInfo16141614. User needs to ensure the accuracy and correctness of input/output layout, and framework will only do basic check.
[WARNING] PARALLEL(266386,ffffab17e020,python):2026-09-11-21:32:30.993.410 [mindspore/ccsrc/frontend/parallel/parallel_preprocessor.cc:1249] InitReshapeOpInfo] FindNextLayout for recompute_Default/network-MFTrainOneStepCell/network-_VirtualDatasetCell/_backbone-DataOrderWrapperCell/network-TrainingQwen3ForCausalLM/model-GPTModel/decoder-TransformerBlock/layers-CellList/35-TransformerLayer/self_attention-SelfAttention/Reshape-op0 return nullptr, and is_next_reshape is 1. If reshape is not the last primitive, there must be some error.
[WARNING] PARALLEL(266386,ffffab17e020,python):2026-09-11-21:32:30.994.754 [mindspore/ccsrc/frontend/parallel/parallel_preprocessor.cc:1249] InitReshapeOpInfo] FindNextLayout for recompute_Default/network-MFTrainOneStepCell/network-_VirtualDatasetCell/_backbone-DataOrderWrapperCell/network-TrainingQwen3ForCausalLM/model-GPTModel/decoder-TransformerBlock/layers-CellList/34-TransformerLayer/self_attention-SelfAttention/Reshape-op0 return nullptr, and is_next_reshape is 1. If reshape is not the last primitive, there must be some error.
[WARNING] PARALLEL(266386,ffffab17e020,python):2026-09-11-21:32:30.996.081 [mindspore/ccsrc/frontend/parallel/parallel_preprocessor.cc:1249] InitReshapeOpInfo] FindNextLayout for recompute_Default/network-MFTrainOneStepCell/network-_VirtualDatasetCell/_backbone-DataOrderWrapperCell/network-TrainingQwen3ForCausalLM/model-GPTModel/decoder-TransformerBlock/layers-CellList/33-TransformerLayer/self_attention-SelfAttention/Reshape-op0 return nullptr, and is_next_reshape is 1. If reshape is not the last primitive, there must be some error.
[WARNING] PARALLEL(266386,ffffab17e020,python):2026-09-11-21:32:30.997.407 [mindspore/ccsrc/frontend/parallel/parallel_preprocessor.cc:1249] InitReshapeOpInfo] FindNextLayout for recompute_Default/network-MFTrainOneStepCell/network-_VirtualDatasetCell/_backbone-DataOrderWrapperCell/network-TrainingQwen3ForCausalLM/model-GPTModel/decoder-TransformerBlock/layers-CellList/32-TransformerLayer/self_attention-SelfAttention/Reshape-op0 return nullptr, and is_next_reshape is 1. If reshape is not the last primitive, there must be some error.
[WARNING] PARALLEL(266386,ffffab17e020,python):2026-09-11-21:32:30.998.715 [mindspore/ccsrc/frontend/parallel/parallel_preprocessor.cc:1249] InitReshapeOpInfo] FindNextLayout for recompute_Default/network-MFTrainOneStepCell/network-_VirtualDatasetCell/_backbone-DataOrderWrapperCell/network-TrainingQwen3ForCausalLM/model-GPTModel/decoder-TransformerBlock/layers-CellList/31-TransformerLayer/self_attention-SelfAttention/Reshape-op0 return nullptr, and is_next_reshape is 1. If reshape is not the last primitive, there must be some error.
[WARNING] PARALLEL(266386,ffffab17e020,python):2026-09-11-21:32:31.000.006 [mindspore/ccsrc/frontend/parallel/parallel_preprocessor.cc:1249] InitReshapeOpInfo] FindNextLayout for recompute_Default/network-MFTrainOneStepCell/network-_VirtualDatasetCell/_backbone-DataOrderWrapperCell/network-TrainingQwen3ForCausalLM/model-GPTModel/decoder-TransformerBlock/layers-CellList/30-TransformerLayer/self_attention-SelfAttention/Reshape-op0 return nullptr, and is_next_reshape is 1. If reshape is not the last primitive, there must be some error.
[WARNING] PARALLEL(266386,ffffab17e020,python):2026-09-11-21:32:31.001.324 [mindspore/ccsrc/frontend/parallel/parallel_preprocessor.cc:1249] InitReshapeOpInfo] FindNextLayout for recompute_Default/network-MFTrainOneStepCell/network-_VirtualDatasetCell/_backbone-DataOrderWrapperCell/network-TrainingQwen3ForCausalLM/model-GPTModel/decoder-TransformerBlock/layers-CellList/29-TransformerLayer/self_attention-SelfAttention/Reshape-op0 return nullptr, and is_next_reshape is 1. If reshape is not the last primitive, there must be some error.
[WARNING] PARALLEL(266386,ffffab17e020,python):2026-09-11-21:32:31.002.621 [mindspore/ccsrc/frontend/parallel/parallel_preprocessor.cc:1249] InitReshapeOpInfo] FindNextLayout for recompute_Default/network-MFTrainOneStepCell/network-_VirtualDatasetCell/_backbone-DataOrderWrapperCell/network-TrainingQwen3ForCausalLM/model-GPTModel/decoder-TransformerBlock/layers-CellList/28-TransformerLayer/self_attention-SelfAttention/Reshape-op0 return nullptr, and is_next_reshape is 1. If reshape is not the last primitive, there must be some error.
[WARNING] PARALLEL(266386,ffffab17e020,python):2026-09-11-21:32:31.003.882 [mindspore/ccsrc/frontend/parallel/parallel_preprocessor.cc:1249] InitReshapeOpInfo] FindNextLayout for recompute_Default/network-MFTrainOneStepCell/network-_VirtualDatasetCell/_backbone-DataOrderWrapperCell/network-TrainingQwen3ForCausalLM/model-GPTModel/decoder-TransformerBlock/layers-CellList/27-TransformerLayer/self_attention-SelfAttention/Reshape-op0 return nullptr, and is_next_reshape is 1. If reshape is not the last primitive, there must be some error.
[WARNING] PARALLEL(266386,ffffab17e020,python):2026-09-11-21:32:31.005.170 [mindspore/ccsrc/frontend/parallel/parallel_preprocessor.cc:1249] InitReshapeOpInfo] FindNextLayout for recompute_Default/network-MFTrainOneStepCell/network-_VirtualDatasetCell/_backbone-DataOrderWrapperCell/network-TrainingQwen3ForCausalLM/model-GPTModel/decoder-TransformerBlock/layers-CellList/26-TransformerLayer/self_attention-SelfAttention/Reshape-op0 return nullptr, and is_next_reshape is 1. If reshape is not the last primitive, there must be some error.
[WARNING] PARALLEL(266386,ffffab17e020,python):2026-09-11-21:32:31.006.444 [mindspore/ccsrc/frontend/parallel/parallel_preprocessor.cc:1249] InitReshapeOpInfo] FindNextLayout for recompute_Default/network-MFTrainOneStepCell/network-_VirtualDatasetCell/_backbone-DataOrderWrapperCell/network-TrainingQwen3ForCausalLM/model-GPTModel/decoder-TransformerBlock/layers-CellList/25-TransformerLayer/self_attention-SelfAttention/Reshape-op0 return nullptr, and is_next_reshape is 1. If reshape is not the last primitive, there must be some error.
[WARNING] PARALLEL(266386,ffffab17e020,python):2026-09-11-21:32:31.007.709 [mindspore/ccsrc/frontend/parallel/parallel_preprocessor.cc:1249] InitReshapeOpInfo] FindNextLayout for recompute_Default/network-MFTrainOneStepCell/network-_VirtualDatasetCell/_backbone-DataOrderWrapperCell/network-TrainingQwen3ForCausalLM/model-GPTModel/decoder-TransformerBlock/layers-CellList/24-TransformerLayer/self_attention-SelfAttention/Reshape-op0 return nullptr, and is_next_reshape is 1. If reshape is not the last primitive, there must be some error.
[WARNING] PARALLEL(266386,ffffab17e020,python):2026-09-11-21:32:31.008.980 [mindspore/ccsrc/frontend/parallel/parallel_preprocessor.cc:1249] InitReshapeOpInfo] FindNextLayout for recompute_Default/network-MFTrainOneStepCell/network-_VirtualDatasetCell/_backbone-DataOrderWrapperCell/network-TrainingQwen3ForCausalLM/model-GPTModel/decoder-TransformerBlock/layers-CellList/23-TransformerLayer/self_attention-SelfAttention/Reshape-op0 return nullptr, and is_next_reshape is 1. If reshape is not the last primitive, there must be some error.
[WARNING] PARALLEL(266386,ffffab17e020,python):2026-09-11-21:32:31.010.273 [mindspore/ccsrc/frontend/parallel/parallel_preprocessor.cc:1249] InitReshapeOpInfo] FindNextLayout for recompute_Default/network-MFTrainOneStepCell/network-_VirtualDatasetCell/_backbone-DataOrderWrapperCell/network-TrainingQwen3ForCausalLM/model-GPTModel/decoder-TransformerBlock/layers-CellList/22-TransformerLayer/self_attention-SelfAttention/Reshape-op0 return nullptr, and is_next_reshape is 1. If reshape is not the last primitive, there must be some error.
[WARNING] PARALLEL(266386,ffffab17e020,python):2026-09-11-21:32:31.011.529 [mindspore/ccsrc/frontend/parallel/parallel_preprocessor.cc:1249] InitReshapeOpInfo] FindNextLayout for recompute_Default/network-MFTrainOneStepCell/network-_VirtualDatasetCell/_backbone-DataOrderWrapperCell/network-TrainingQwen3ForCausalLM/model-GPTModel/decoder-TransformerBlock/layers-CellList/21-TransformerLayer/self_attention-SelfAttention/Reshape-op0 return nullptr, and is_next_reshape is 1. If reshape is not the last primitive, there must be some error.
[WARNING] PARALLEL(266386,ffffab17e020,python):2026-09-11-21:32:31.012.790 [mindspore/ccsrc/frontend/parallel/parallel_preprocessor.cc:1249] InitReshapeOpInfo] FindNextLayout for recompute_Default/network-MFTrainOneStepCell/network-_VirtualDatasetCell/_backbone-DataOrderWrapperCell/network-TrainingQwen3ForCausalLM/model-GPTModel/decoder-TransformerBlock/layers-CellList/20-TransformerLayer/self_attention-SelfAttention/Reshape-op0 return nullptr, and is_next_reshape is 1. If reshape is not the last primitive, there must be some error.
[WARNING] PARALLEL(266386,ffffab17e020,python):2026-09-11-21:32:31.014.040 [mindspore/ccsrc/frontend/parallel/parallel_preprocessor.cc:1249] InitReshapeOpInfo] FindNextLayout for recompute_Default/network-MFTrainOneStepCell/network-_VirtualDatasetCell/_backbone-DataOrderWrapperCell/network-TrainingQwen3ForCausalLM/model-GPTModel/decoder-TransformerBlock/layers-CellList/19-TransformerLayer/self_attention-SelfAttention/Reshape-op0 return nullptr, and is_next_reshape is 1. If reshape is not the last primitive, there must be some error.
[WARNING] PARALLEL(266386,ffffab17e020,python):2026-09-11-21:32:31.015.279 [mindspore/ccsrc/frontend/parallel/parallel_preprocessor.cc:1249] InitReshapeOpInfo] FindNextLayout for recompute_Default/network-MFTrainOneStepCell/network-_VirtualDatasetCell/_backbone-DataOrderWrapperCell/network-TrainingQwen3ForCausalLM/model-GPTModel/decoder-TransformerBlock/layers-CellList/18-TransformerLayer/self_attention-SelfAttention/Reshape-op0 return nullptr, and is_next_reshape is 1. If reshape is not the last primitive, there must be some error.
[WARNING] PARALLEL(266386,ffffab17e020,python):2026-09-11-21:32:31.016.501 [mindspore/ccsrc/frontend/parallel/parallel_preprocessor.cc:1249] InitReshapeOpInfo] FindNextLayout for recompute_Default/network-MFTrainOneStepCell/network-_VirtualDatasetCell/_backbone-DataOrderWrapperCell/network-TrainingQwen3ForCausalLM/model-GPTModel/decoder-TransformerBlock/layers-CellList/17-TransformerLayer/self_attention-SelfAttention/Reshape-op0 return nullptr, and is_next_reshape is 1. If reshape is not the last primitive, there must be some error.
[WARNING] PARALLEL(266386,ffffab17e020,python):2026-09-11-21:32:31.017.748 [mindspore/ccsrc/frontend/parallel/parallel_preprocessor.cc:1249] InitReshapeOpInfo] FindNextLayout for recompute_Default/network-MFTrainOneStepCell/network-_VirtualDatasetCell/_backbone-DataOrderWrapperCell/network-TrainingQwen3ForCausalLM/model-GPTModel/decoder-TransformerBlock/layers-CellList/16-TransformerLayer/self_attention-SelfAttention/Reshape-op0 return nullptr, and is_next_reshape is 1. If reshape is not the last primitive, there must be some error.
[WARNING] PARALLEL(266386,ffffab17e020,python):2026-09-11-21:32:31.018.973 [mindspore/ccsrc/frontend/parallel/parallel_preprocessor.cc:1249] InitReshapeOpInfo] FindNextLayout for recompute_Default/network-MFTrainOneStepCell/network-_VirtualDatasetCell/_backbone-DataOrderWrapperCell/network-TrainingQwen3ForCausalLM/model-GPTModel/decoder-TransformerBlock/layers-CellList/15-TransformerLayer/self_attention-SelfAttention/Reshape-op0 return nullptr, and is_next_reshape is 1. If reshape is not the last primitive, there must be some error.
[WARNING] PARALLEL(266386,ffffab17e020,python):2026-09-11-21:32:31.020.170 [mindspore/ccsrc/frontend/parallel/parallel_preprocessor.cc:1249] InitReshapeOpInfo] FindNextLayout for recompute_Default/network-MFTrainOneStepCell/network-_VirtualDatasetCell/_backbone-DataOrderWrapperCell/network-TrainingQwen3ForCausalLM/model-GPTModel/decoder-TransformerBlock/layers-CellList/14-TransformerLayer/self_attention-SelfAttention/Reshape-op0 return nullptr, and is_next_reshape is 1. If reshape is not the last primitive, there must be some error.
[WARNING] PARALLEL(266386,ffffab17e020,python):2026-09-11-21:32:31.021.393 [mindspore/ccsrc/frontend/parallel/parallel_preprocessor.cc:1249] InitReshapeOpInfo] FindNextLayout for recompute_Default/network-MFTrainOneStepCell/network-_VirtualDatasetCell/_backbone-DataOrderWrapperCell/network-TrainingQwen3ForCausalLM/model-GPTModel/decoder-TransformerBlock/layers-CellList/13-TransformerLayer/self_attention-SelfAttention/Reshape-op0 return nullptr, and is_next_reshape is 1. If reshape is not the last primitive, there must be some error.
[WARNING] PARALLEL(266386,ffffab17e020,python):2026-09-11-21:32:31.022.599 [mindspore/ccsrc/frontend/parallel/parallel_preprocessor.cc:1249] InitReshapeOpInfo] FindNextLayout for recompute_Default/network-MFTrainOneStepCell/network-_VirtualDatasetCell/_backbone-DataOrderWrapperCell/network-TrainingQwen3ForCausalLM/model-GPTModel/decoder-TransformerBlock/layers-CellList/12-TransformerLayer/self_attention-SelfAttention/Reshape-op0 return nullptr, and is_next_reshape is 1. If reshape is not the last primitive, there must be some error.
[WARNING] PARALLEL(266386,ffffab17e020,python):2026-09-11-21:32:31.023.688 [mindspore/ccsrc/frontend/parallel/parallel_preprocessor.cc:1249] InitReshapeOpInfo] FindNextLayout for recompute_Default/network-MFTrainOneStepCell/network-_VirtualDatasetCell/_backbone-DataOrderWrapperCell/network-TrainingQwen3ForCausalLM/model-GPTModel/decoder-TransformerBlock/layers-CellList/11-TransformerLayer/self_attention-SelfAttention/Reshape-op0 return nullptr, and is_next_reshape is 1. If reshape is not the last primitive, there must be some error.
[WARNING] PARALLEL(266386,ffffab17e020,python):2026-09-11-21:32:31.024.749 [mindspore/ccsrc/frontend/parallel/parallel_preprocessor.cc:1249] InitReshapeOpInfo] FindNextLayout for recompute_Default/network-MFTrainOneStepCell/network-_VirtualDatasetCell/_backbone-DataOrderWrapperCell/network-TrainingQwen3ForCausalLM/model-GPTModel/decoder-TransformerBlock/layers-CellList/10-TransformerLayer/self_attention-SelfAttention/Reshape-op0 return nullptr, and is_next_reshape is 1. If reshape is not the last primitive, there must be some error.
[WARNING] PARALLEL(266386,ffffab17e020,python):2026-09-11-21:32:31.025.827 [mindspore/ccsrc/frontend/parallel/parallel_preprocessor.cc:1249] InitReshapeOpInfo] FindNextLayout for recompute_Default/network-MFTrainOneStepCell/network-_VirtualDatasetCell/_backbone-DataOrderWrapperCell/network-TrainingQwen3ForCausalLM/model-GPTModel/decoder-TransformerBlock/layers-CellList/9-TransformerLayer/self_attention-SelfAttention/Reshape-op0 return nullptr, and is_next_reshape is 1. If reshape is not the last primitive, there must be some error.
[WARNING] PARALLEL(266386,ffffab17e020,python):2026-09-11-21:32:31.026.876 [mindspore/ccsrc/frontend/parallel/parallel_preprocessor.cc:1249] InitReshapeOpInfo] FindNextLayout for recompute_Default/network-MFTrainOneStepCell/network-_VirtualDatasetCell/_backbone-DataOrderWrapperCell/network-TrainingQwen3ForCausalLM/model-GPTModel/decoder-TransformerBlock/layers-CellList/8-TransformerLayer/self_attention-SelfAttention/Reshape-op0 return nullptr, and is_next_reshape is 1. If reshape is not the last primitive, there must be some error.
[WARNING] PARALLEL(266386,ffffab17e020,python):2026-09-11-21:32:31.027.938 [mindspore/ccsrc/frontend/parallel/parallel_preprocessor.cc:1249] InitReshapeOpInfo] FindNextLayout for recompute_Default/network-MFTrainOneStepCell/network-_VirtualDatasetCell/_backbone-DataOrderWrapperCell/network-TrainingQwen3ForCausalLM/model-GPTModel/decoder-TransformerBlock/layers-CellList/7-TransformerLayer/self_attention-SelfAttention/Reshape-op0 return nullptr, and is_next_reshape is 1. If reshape is not the last primitive, there must be some error.
[WARNING] PARALLEL(266386,ffffab17e020,python):2026-09-11-21:32:31.029.001 [mindspore/ccsrc/frontend/parallel/parallel_preprocessor.cc:1249] InitReshapeOpInfo] FindNextLayout for recompute_Default/network-MFTrainOneStepCell/network-_VirtualDatasetCell/_backbone-DataOrderWrapperCell/network-TrainingQwen3ForCausalLM/model-GPTModel/decoder-TransformerBlock/layers-CellList/6-TransformerLayer/self_attention-SelfAttention/Reshape-op0 return nullptr, and is_next_reshape is 1. If reshape is not the last primitive, there must be some error.
[WARNING] PARALLEL(266386,ffffab17e020,python):2026-09-11-21:32:31.030.067 [mindspore/ccsrc/frontend/parallel/parallel_preprocessor.cc:1249] InitReshapeOpInfo] FindNextLayout for recompute_Default/network-MFTrainOneStepCell/network-_VirtualDatasetCell/_backbone-DataOrderWrapperCell/network-TrainingQwen3ForCausalLM/model-GPTModel/decoder-TransformerBlock/layers-CellList/5-TransformerLayer/self_attention-SelfAttention/Reshape-op0 return nullptr, and is_next_reshape is 1. If reshape is not the last primitive, there must be some error.
[WARNING] PARALLEL(266386,ffffab17e020,python):2026-09-11-21:32:31.031.129 [mindspore/ccsrc/frontend/parallel/parallel_preprocessor.cc:1249] InitReshapeOpInfo] FindNextLayout for recompute_Default/network-MFTrainOneStepCell/network-_VirtualDatasetCell/_backbone-DataOrderWrapperCell/network-TrainingQwen3ForCausalLM/model-GPTModel/decoder-TransformerBlock/layers-CellList/4-TransformerLayer/self_attention-SelfAttention/Reshape-op0 return nullptr, and is_next_reshape is 1. If reshape is not the last primitive, there must be some error.
[WARNING] PARALLEL(266386,ffffab17e020,python):2026-09-11-21:32:31.032.175 [mindspore/ccsrc/frontend/parallel/parallel_preprocessor.cc:1249] InitReshapeOpInfo] FindNextLayout for recompute_Default/network-MFTrainOneStepCell/network-_VirtualDatasetCell/_backbone-DataOrderWrapperCell/network-TrainingQwen3ForCausalLM/model-GPTModel/decoder-TransformerBlock/layers-CellList/3-TransformerLayer/self_attention-SelfAttention/Reshape-op0 return nullptr, and is_next_reshape is 1. If reshape is not the last primitive, there must be some error.
[WARNING] PARALLEL(266386,ffffab17e020,python):2026-09-11-21:32:31.033.249 [mindspore/ccsrc/frontend/parallel/parallel_preprocessor.cc:1249] InitReshapeOpInfo] FindNextLayout for recompute_Default/network-MFTrainOneStepCell/network-_VirtualDatasetCell/_backbone-DataOrderWrapperCell/network-TrainingQwen3ForCausalLM/model-GPTModel/decoder-TransformerBlock/layers-CellList/2-TransformerLayer/self_attention-SelfAttention/Reshape-op0 return nullptr, and is_next_reshape is 1. If reshape is not the last primitive, there must be some error.
[WARNING] PARALLEL(266386,ffffab17e020,python):2026-09-11-21:32:31.034.322 [mindspore/ccsrc/frontend/parallel/parallel_preprocessor.cc:1249] InitReshapeOpInfo] FindNextLayout for recompute_Default/network-MFTrainOneStepCell/network-_VirtualDatasetCell/_backbone-DataOrderWrapperCell/network-TrainingQwen3ForCausalLM/model-GPTModel/decoder-TransformerBlock/layers-CellList/1-TransformerLayer/self_attention-SelfAttention/Reshape-op0 return nullptr, and is_next_reshape is 1. If reshape is not the last primitive, there must be some error.
[WARNING] PARALLEL(266386,ffffab17e020,python):2026-09-11-21:32:31.035.500 [mindspore/ccsrc/frontend/parallel/parallel_preprocessor.cc:1249] InitReshapeOpInfo] FindNextLayout for recompute_Default/network-MFTrainOneStepCell/network-_VirtualDatasetCell/_backbone-DataOrderWrapperCell/network-TrainingQwen3ForCausalLM/model-GPTModel/decoder-TransformerBlock/layers-CellList/0-TransformerLayer/self_attention-SelfAttention/Reshape-op0 return nullptr, and is_next_reshape is 1. If reshape is not the last primitive, there must be some error.
2026-09-11 21:34:55,547 - mindformers/models/npu_nvme_exp/user7-stack/qwen3-v13-restore-002/training/log[mindformers/checkpoint/utils.py:456] - INFO - Time spent compiling the model: 187.21 seconds
2026-09-11 21:34:55,885 - mindformers/models/npu_nvme_exp/user7-stack/qwen3-v13-restore-002/training/log[mindformers/utils/load_checkpoint_utils.py:447] - INFO - ......Start load checkpoint to model......
2026-09-11 21:34:55,888 - mindformers/models/npu_nvme_exp/user7-stack/qwen3-v13-restore-002/training/log[mindformers/utils/load_checkpoint_utils.py:451] - INFO - load checkpoint file: /models/npu_nvme_exp/user7-stack/qwen3-v13-source-002/training/checkpoint/rank_1/qwen3_rank_1-8_1.safetensors
2026-09-11 21:34:55,921 - mindformers/models/npu_nvme_exp/user7-stack/qwen3-v13-restore-002/training/log[mindformers/utils/load_checkpoint_utils.py:634] - WARNING - no metadata info in file.Please make sure remove_redundancy is consistent in file and config. 
2026-09-11 21:34:56,231 - mindformers/models/npu_nvme_exp/user7-stack/qwen3-v13-restore-002/training/log[mindformers/utils/load_checkpoint_utils.py:463] - INFO - ......Start load hyper param into optimizer......
2026-09-11 21:34:56,234 - mindformers/models/npu_nvme_exp/user7-stack/qwen3-v13-restore-002/training/log[mindformers/utils/load_checkpoint_utils.py:471] - INFO - Set global_step from 8 to: 8
[WARNING] ME(266386:281473552212000,MainProcess):2026-09-11-21:34:56.257.000 [mindspore/train/serialization.py:331] The type of Parameter#1689:Int64 in 'parameter_dict' is different from the type of it in 'net':Int32, then the type convert from Int64 to Int32 in the network. May consume additional memory and time
2026-09-11 21:34:56,278 - mindformers/models/npu_nvme_exp/user7-stack/qwen3-v13-restore-002/training/log[mindformers/trainer/base_trainer.py:1442] - INFO - .........Model Compiling, Please Wait a Moment...........
2026-09-11 21:34:56,279 - mindformers/models/npu_nvme_exp/user7-stack/qwen3-v13-restore-002/training/log[mindformers/trainer/base_trainer.py:1444] - INFO - .........train network delay initialize..........
2026-09-11 21:34:56,294 - mindformers/models/npu_nvme_exp/user7-stack/qwen3-v13-restore-002/training/log[mindformers/trainer/base_trainer.py:1447] - INFO - .........optimizer delay initialize..........
2026-09-11 21:34:56,309 - mindformers/models/npu_nvme_exp/user7-stack/qwen3-v13-restore-002/training/log[mindformers/trainer/base_trainer.py:1449] - INFO - .........Starting Training Model..........
[WARNING] ME(266386:281473552212000,MainProcess):2026-09-11-21:34:56.310.000 [mindspore/train/model.py:1383] For CheckpointMonitor callback, {'end', 'step_end'} methods may not be supported in later version, Use methods prefixed with 'on_train' or 'on_eval' instead when using customized callbacks.
[WARNING] ME(266386:281473552212000,MainProcess):2026-09-11-21:34:56.347.000 [mindspore/hal/stream.py:247] WARN_DEPRECATED: The usage of mindspore.hal.synchronize() is deprecated. Please use mindspore.runtime.synchronize()
.2026-09-11 21:35:59,070 - mindformers/models/npu_nvme_exp/user7-stack/qwen3-v13-restore-002/training/log[mindformers/core/callback/callback.py:470] - INFO - Full model flops is 1482065707008, Shard model flops is 1460322435072.
2026-09-11 21:35:59,071 - mindformers/models/npu_nvme_exp/user7-stack/qwen3-v13-restore-002/training/log[mindformers/core/callback/callback.py:544] - INFO - { Epoch:[  1/  1], step:[    9/   11], loss: 0.446992, per_step_time: 34554ms, lr: 1e-06, overflow cond: False, loss_scale: 1.0, global_norm: [9.610822], train_throughput_per_npu: 0.011T
2026-09-11 21:35:59,073 - mindformers/models/npu_nvme_exp/user7-stack/qwen3-v13-restore-002/training/log[mindformers/core/callback/callback.py:560] - INFO -   81.8% |████████████████████████████████████████          | 0.00723 samples/s/p  0:01:09 }
QWEN_TRAIN_STEP rank=1 step=9 loss=0.44699237
2026-09-11 21:36:01,084 - mindformers/models/npu_nvme_exp/user7-stack/qwen3-v13-restore-002/training/log[mindformers/core/callback/callback.py:544] - INFO - { Epoch:[  1/  1], step:[   10/   11], loss: 0.436722, per_step_time: 1256ms, lr: 1e-06, overflow cond: False, loss_scale: 1.0, global_norm: [9.395354], train_throughput_per_npu: 0.295T
2026-09-11 21:36:01,090 - mindformers/models/npu_nvme_exp/user7-stack/qwen3-v13-restore-002/training/log[mindformers/core/callback/callback.py:560] - INFO -   90.9% |█████████████████████████████████████████████     | 0.19890 samples/s/p  0:00:01 }
QWEN_TRAIN_STEP rank=1 step=10 loss=0.43672162
2026-09-11 21:36:01,720 - mindformers/models/npu_nvme_exp/user7-stack/qwen3-v13-restore-002/training/log[mindformers/core/callback/callback.py:544] - INFO - { Epoch:[  1/  1], step:[   11/   11], loss: 0.425019, per_step_time: 608ms, lr: 1e-06, overflow cond: False, loss_scale: 1.0, global_norm: [9.289402], train_throughput_per_npu: 0.609T
2026-09-11 21:36:01,721 - mindformers/models/npu_nvme_exp/user7-stack/qwen3-v13-restore-002/training/log[mindformers/core/callback/callback.py:560] - INFO -   100.0% |██████████████████████████████████████████████████| 0.41109 samples/s/p  0:00:00 }
QWEN_TRAIN_STEP rank=1 step=11 loss=0.42501888
2026-09-11 21:36:27,205 - mindformers/models/npu_nvme_exp/user7-stack/qwen3-v13-restore-002/training/log[mindformers/core/callback/callback.py:1435] - INFO - ......Saving ckpt......
2026-09-11 21:36:27,205 - mindformers/models/npu_nvme_exp/user7-stack/qwen3-v13-restore-002/training/log[mindformers/core/callback/callback.py:1494] - INFO - global_batch_size: 1
2026-09-11 21:36:27,206 - mindformers/models/npu_nvme_exp/user7-stack/qwen3-v13-restore-002/training/log[mindformers/core/callback/callback.py:1495] - INFO - epoch_num: 11
2026-09-11 21:36:27,206 - mindformers/models/npu_nvme_exp/user7-stack/qwen3-v13-restore-002/training/log[mindformers/core/callback/callback.py:1496] - INFO - step_num: 11
2026-09-11 21:36:27,206 - mindformers/models/npu_nvme_exp/user7-stack/qwen3-v13-restore-002/training/log[mindformers/core/callback/callback.py:1497] - INFO - global_step: 11
2026-09-11 21:36:55,211 - mindformers/models/npu_nvme_exp/user7-stack/qwen3-v13-restore-002/training/log[mindformers/core/callback/callback.py:1350] - INFO - Finish saving ckpt of epoch 3 step 1 using 26.859 seconds
2026-09-11 21:36:55,211 - mindformers/models/npu_nvme_exp/user7-stack/qwen3-v13-restore-002/training/log[mindformers/trainer/base_trainer.py:1458] - INFO - .........Training Over!.............
